name,src_file,src_line,total_ns,total_perc,counts,mean_ns,min_ns,max_ns,std_ns
system_commands{name="bevy_anti_alias::fxaa::prepare_fxaa_pipelines"},C:\Users\Antoi\.cargo\registry\src\index.crates.io-1949cf8c6b5b557f\bevy_ecs-0.18.1\src\system\function_system.rs,54,2342177,0.001821,27078,86,50,42537,259.357374
plugin build{plugin="bevy_app::propagate::HierarchyPropagatePlugin<bevy_ui::ui_node::ComputedUiTargetCamera>"},C:\Users\Antoi\.cargo\registry\src\index.crates.io-1949cf8c6b5b557f\bevy_app-0.18.1\src\app.rs,529,105477,0.000082,1,105477,105477,105477,0.000000
system{name="bevy_sprite_render::mesh2d::mesh::prepare_mesh2d_bind_group"},C:\Users\Antoi\.cargo\registry\src\index.crates.io-1949cf8c6b5b557f\bevy_ecs-0.18.1\src\system\function_system.rs,52,7387493,0.005742,27078,272,94,20765,212.125192
system_commands{name="bevy_pbr::deferred::insert_deferred_lighting_pass_id_component"},C:\Users\Antoi\.cargo\registry\src\index.crates.io-1949cf8c6b5b557f\bevy_ecs-0.18.1\src\system\function_system.rs,54,2306873,0.001793,27079,85,50,88763,727.338652
system{name="bevy_pbr::render::fog::prepare_fog"},C:\Users\Antoi\.cargo\registry\src\index.crates.io-1949cf8c6b5b557f\bevy_ecs-0.18.1\src\system\function_system.rs,52,356850517,0.277383,27078,13178,1981,240586,13935.518223
system{name="forgia_mode_roguelite::mushrooms::sys_init_mushroom_assets"},C:\Users\Antoi\.cargo\registry\src\index.crates.io-1949cf8c6b5b557f\bevy_ecs-0.18.1\src\system\function_system.rs,52,47080,0.000037,1,47080,47080,47080,0.000000
system{name="forgia_killfeed::draw_killfeed"},C:\Users\Antoi\.cargo\registry\src\index.crates.io-1949cf8c6b5b557f\bevy_ecs-0.18.1\src\system\function_system.rs,52,274865547,0.213655,27079,10150,99,154191,14021.600091
system{name="bevy_state::state::transitions::last_transition<forgia_core::states::WorldMode>"},C:\Users\Antoi\.cargo\registry\src\index.crates.io-1949cf8c6b5b557f\bevy_ecs-0.18.1\src\system\function_system.rs,52,7581986,0.005894,81240,93,53,86397,448.988872
system{name="forgia_mode_roguelite::enemy_scaling::sys_hot_reload_enemy_scaling"},C:\Users\Antoi\.cargo\registry\src\index.crates.io-1949cf8c6b5b557f\bevy_ecs-0.18.1\src\system\function_system.rs,52,11455304,0.008904,25752,444,87,84953,2682.052262
system{name="forgia_enemy_nameplate::sensor_write"},C:\Users\Antoi\.cargo\registry\src\index.crates.io-1949cf8c6b5b557f\bevy_ecs-0.18.1\src\system\function_system.rs,52,9310263,0.007237,27079,343,89,131121,1205.188361
system{name="forgia_mode_roguelite::audio::sys_sfx_on_combat_hit"},C:\Users\Antoi\.cargo\registry\src\index.crates.io-1949cf8c6b5b557f\bevy_ecs-0.18.1\src\system\function_system.rs,52,6648286,0.005168,25752,258,86,7520,174.460576
system{name="forgia_effects::hitmarker::draw_hitmarker"},C:\Users\Antoi\.cargo\registry\src\index.crates.io-1949cf8c6b5b557f\bevy_ecs-0.18.1\src\system\function_system.rs,52,6998763,0.005440,27079,258,62,51971,503.088200
system{name="bevy_rapier3d::plugin::systems::rigid_body::init_rigid_bodies"},C:\Users\Antoi\.cargo\registry\src\index.crates.io-1949cf8c6b5b557f\bevy_ecs-0.18.1\src\system\function_system.rs,52,7671898,0.005963,7925,968,155,61729,1066.417144
plugin cleanup{plugin="bevy_winit::cursor::WinitCursorPlugin"},C:\Users\Antoi\.cargo\registry\src\index.crates.io-1949cf8c6b5b557f\bevy_app-0.18.1\src\app.rs,292,56,0.000000,1,56,56,56,0.000000
system{name="bevy_asset::assets::Assets<bevy_gltf::assets::GltfNode>::asset_events"},C:\Users\Antoi\.cargo\registry\src\index.crates.io-1949cf8c6b5b557f\bevy_ecs-0.18.1\src\system\function_system.rs,52,62101,0.000048,16,3881,505,17693,5850.107594
plugin build{plugin="forgia_mode_roguelite::parcours_obstacles::ParcoursObstaclesPlugin"},C:\Users\Antoi\.cargo\registry\src\index.crates.io-1949cf8c6b5b557f\bevy_app-0.18.1\src\app.rs,529,37984,0.000030,1,37984,37984,37984,0.000000
system_commands{name="bevy_render::extract_component::extract_components<bevy_camera::camera::CameraMainTextureUsages>"},C:\Users\Antoi\.cargo\registry\src\index.crates.io-1949cf8c6b5b557f\bevy_ecs-0.18.1\src\system\function_system.rs,54,24397401,0.018964,27078,901,412,86038,774.637013
system{name="forgia_mode_roguelite::status_vfx::sys_detach_shock_vfx"},C:\Users\Antoi\.cargo\registry\src\index.crates.io-1949cf8c6b5b557f\bevy_ecs-0.18.1\src\system\function_system.rs,52,12033229,0.009354,25752,467,171,73533,728.381091
system_commands{name="forgia_mode_roguelite::element_vfx::sys_init_vfx_assets"},C:\Users\Antoi\.cargo\registry\src\index.crates.io-1949cf8c6b5b557f\bevy_ecs-0.18.1\src\system\function_system.rs,54,914,0.000001,1,914,914,914,0.000000
system{name="bevy_pbr::render::light::extract_shadow_filtering_method"},C:\Users\Antoi\.cargo\registry\src\index.crates.io-1949cf8c6b5b557f\bevy_ecs-0.18.1\src\system\function_system.rs,52,13802411,0.010729,27079,509,158,349237,2220.388754
asset loading{loader="bevy_image::image_loader::ImageLoader" asset="ui/menu_video/frame_0055.webp"},C:\Users\Antoi\.cargo\registry\src\index.crates.io-1949cf8c6b5b557f\bevy_asset-0.18.1\src\server\loaders.rs,332,15068763,0.011713,6,2511460,83,15036789,6136135.257929
asset loading{loader="bevy_image::image_loader::ImageLoader" asset="ui/menu_video/frame_0070.webp"},C:\Users\Antoi\.cargo\registry\src\index.crates.io-1949cf8c6b5b557f\bevy_asset-0.18.1\src\server\loaders.rs,332,15152728,0.011778,6,2525454,173,15093457,6157047.150779
system{name="forgia_viewmodel::calibration_sensor::viewmodel_calibration_sensor"},C:\Users\Antoi\.cargo\registry\src\index.crates.io-1949cf8c6b5b557f\bevy_ecs-0.18.1\src\system\function_system.rs,52,166966816,0.129785,27079,6165,300,368822,8821.069089
plugin build{plugin="bevy_animation::AnimationPlugin"},C:\Users\Antoi\.cargo\registry\src\index.crates.io-1949cf8c6b5b557f\bevy_app-0.18.1\src\app.rs,529,171453,0.000133,1,171453,171453,171453,0.000000
asset loading{loader="bevy_image::image_loader::ImageLoader" asset="ui/menu_video/frame_0053.webp"},C:\Users\Antoi\.cargo\registry\src\index.crates.io-1949cf8c6b5b557f\bevy_asset-0.18.1\src\server\loaders.rs,332,15284667,0.011881,6,2547444,114,15249171,6222552.291004
plugin finish{plugin="forgia_ui_lib::hud::wave_counter::WaveCounterPlugin"},C:\Users\Antoi\.cargo\registry\src\index.crates.io-1949cf8c6b5b557f\bevy_app-0.18.1\src\app.rs,272,54,0.000000,1,54,54,54,0.000000
system_commands{name="bevy_render::extract_component::extract_components<bevy_hanabi::EffectVisibilityClass>"},C:\Users\Antoi\.cargo\registry\src\index.crates.io-1949cf8c6b5b557f\bevy_ecs-0.18.1\src\system\function_system.rs,54,17153224,0.013333,27078,633,230,390085,2371.725199
asset loading{loader="bevy_image::image_loader::ImageLoader" asset="ui/menu_video/frame_0020.webp"},C:\Users\Antoi\.cargo\registry\src\index.crates.io-1949cf8c6b5b557f\bevy_asset-0.18.1\src\server\loaders.rs,332,13731948,0.010674,6,2288658,135,13704906,5592798.263866
plugin finish{plugin="bevy_render::extract_component::ExtractComponentPlugin<bevy_pbr::deferred::PbrDeferredLightingDepthId>"},C:\Users\Antoi\.cargo\registry\src\index.crates.io-1949cf8c6b5b557f\bevy_app-0.18.1\src\app.rs,272,124,0.000000,1,124,124,124,0.000000
plugin build{plugin="forgia_viewmodel::vm_camera::ForgiaViewmodelCameraPlugin"},C:\Users\Antoi\.cargo\registry\src\index.crates.io-1949cf8c6b5b557f\bevy_app-0.18.1\src\app.rs,529,25167,0.000020,1,25167,25167,25167,0.000000
plugin finish{plugin="bevy_render::mesh::MorphPlugin"},C:\Users\Antoi\.cargo\registry\src\index.crates.io-1949cf8c6b5b557f\bevy_app-0.18.1\src\app.rs,272,53,0.000000,1,53,53,53,0.000000
plugin cleanup{plugin="bevy_winit::accessibility::AccessKitPlugin"},C:\Users\Antoi\.cargo\registry\src\index.crates.io-1949cf8c6b5b557f\bevy_app-0.18.1\src\app.rs,292,70,0.000000,1,70,70,70,0.000000
plugin finish{plugin="forgia_village_loader::ForgiaVillageLoaderPlugin"},C:\Users\Antoi\.cargo\registry\src\index.crates.io-1949cf8c6b5b557f\bevy_app-0.18.1\src\app.rs,272,56,0.000000,1,56,56,56,0.000000
plugin build{plugin="bevy_render::extract_resource::ExtractResourcePlugin<bevy_egui::EguiUserTextures>"},C:\Users\Antoi\.cargo\registry\src\index.crates.io-1949cf8c6b5b557f\bevy_app-0.18.1\src\app.rs,529,30772,0.000024,1,30772,30772,30772,0.000000
system{name="bevy_picking::input::touch_pick_events"},C:\Users\Antoi\.cargo\registry\src\index.crates.io-1949cf8c6b5b557f\bevy_ecs-0.18.1\src\system\function_system.rs,52,12513429,0.009727,27079,462,67,79680,702.508882
system_commands{name="bevy_render::extract_component::extract_components<bevy_post_process::motion_blur::MotionBlur>"},C:\Users\Antoi\.cargo\registry\src\index.crates.io-1949cf8c6b5b557f\bevy_ecs-0.18.1\src\system\function_system.rs,54,22658838,0.017613,27078,836,193,27971,272.796963
plugin finish{plugin="forgia_auto_rig::ForgiaAutoRigPlugin"},C:\Users\Antoi\.cargo\registry\src\index.crates.io-1949cf8c6b5b557f\bevy_app-0.18.1\src\app.rs,272,58,0.000000,1,58,58,58,0.000000
system{name="forgia_observability::lifecycle_sensor::obs_arena_bot_removed"},C:\Users\Antoi\.cargo\registry\src\index.crates.io-1949cf8c6b5b557f\bevy_ecs-0.18.1\src\system\function_system.rs,52,1908,0.000001,26,73,55,143,23.716661
system{name="forgia_mode_roguelite::weapon_select::sys_hide_crosshair_at_lobby"},C:\Users\Antoi\.cargo\registry\src\index.crates.io-1949cf8c6b5b557f\bevy_ecs-0.18.1\src\system\function_system.rs,52,206,0.000000,1,206,206,206,0.000000
plugin cleanup{plugin="bevy_pbr::prepass::PrepassPlugin"},C:\Users\Antoi\.cargo\registry\src\index.crates.io-1949cf8c6b5b557f\bevy_app-0.18.1\src\app.rs,292,57,0.000000,1,57,57,57,0.000000
system{name="bevy_pbr::material::prepare_material_bind_groups"},C:\Users\Antoi\.cargo\registry\src\index.crates.io-1949cf8c6b5b557f\bevy_ecs-0.18.1\src\system\function_system.rs,52,8397888996,6.527746,27078,310136,176042,8444006,108180.739685
asset loading{loader="bevy_image::image_loader::ImageLoader" asset="ui/menu_video/frame_0129.webp"},C:\Users\Antoi\.cargo\registry\src\index.crates.io-1949cf8c6b5b557f\bevy_asset-0.18.1\src\server\loaders.rs,332,14638845,0.011379,7,2091263,172,14606042,5518499.993272
plugin finish{plugin="forgia_audio::ForgiaAudioCorePlugin"},C:\Users\Antoi\.cargo\registry\src\index.crates.io-1949cf8c6b5b557f\bevy_app-0.18.1\src\app.rs,272,60,0.000000,1,60,60,60,0.000000
plugin finish{plugin="bevy_render::extract_component::ExtractComponentPlugin<bevy_pbr::ssr::ScreenSpaceReflections>"},C:\Users\Antoi\.cargo\registry\src\index.crates.io-1949cf8c6b5b557f\bevy_app-0.18.1\src\app.rs,272,55,0.000000,1,55,55,55,0.000000
system_commands{name="forgia_mode_roguelite::poi::sys_reconcile_poi_anchors"},C:\Users\Antoi\.cargo\registry\src\index.crates.io-1949cf8c6b5b557f\bevy_ecs-0.18.1\src\system\function_system.rs,54,2825360,0.002196,25752,109,50,315913,2181.406456
system{name="bevy_render::camera::sort_cameras"},C:\Users\Antoi\.cargo\registry\src\index.crates.io-1949cf8c6b5b557f\bevy_ecs-0.18.1\src\system\function_system.rs,52,71648747,0.055693,27078,2646,1382,130584,1464.161019
plugin build{plugin="bevy_gizmos::aabb::AabbGizmoPlugin"},C:\Users\Antoi\.cargo\registry\src\index.crates.io-1949cf8c6b5b557f\bevy_app-0.18.1\src\app.rs,529,46541,0.000036,1,46541,46541,46541,0.000000
system{name="bevy_ui_render::ui_texture_slice_pipeline::extract_ui_texture_slices"},C:\Users\Antoi\.cargo\registry\src\index.crates.io-1949cf8c6b5b557f\bevy_ecs-0.18.1\src\system\function_system.rs,52,16425042,0.012767,27079,606,147,70627,541.706765
system{name="bevy_render::apply_extract_commands"},C:\Users\Antoi\.cargo\registry\src\index.crates.io-1949cf8c6b5b557f\bevy_ecs-0.18.1\src\system\function_system.rs,52,2979965602,2.316351,27078,110051,59990,3627352,33528.064084
system{name="forgia_ui_lib::hud::wave_counter::draw_wave_counter"},C:\Users\Antoi\.cargo\registry\src\index.crates.io-1949cf8c6b5b557f\bevy_ecs-0.18.1\src\system\function_system.rs,52,8104533,0.006300,26988,300,86,34817,259.811545
system{name="forgia_juice_lib::knockback::sys_tick_knockback"},C:\Users\Antoi\.cargo\registry\src\index.crates.io-1949cf8c6b5b557f\bevy_ecs-0.18.1\src\system\function_system.rs,52,14626890,0.011370,27079,540,131,78741,634.919484
plugin cleanup{plugin="bevy_core_pipeline::CorePipelinePlugin"},C:\Users\Antoi\.cargo\registry\src\index.crates.io-1949cf8c6b5b557f\bevy_app-0.18.1\src\app.rs,292,1133,0.000001,1,1133,1133,1133,0.000000
plugin finish{plugin="bevy_sprite_render::mesh2d::material::Material2dPlugin<bevy_sprite_render::mesh2d::color_material::ColorMaterial>"},C:\Users\Antoi\.cargo\registry\src\index.crates.io-1949cf8c6b5b557f\bevy_app-0.18.1\src\app.rs,272,116,0.000000,1,116,116,116,0.000000
system{name="bevy_asset::assets::Assets<forgia_genome_core::Genome<forgia_mode_fps_arena::ArenaBotsGenome>>::track_assets"},C:\Users\Antoi\.cargo\registry\src\index.crates.io-1949cf8c6b5b557f\bevy_ecs-0.18.1\src\system\function_system.rs,52,42781371,0.033254,27079,1579,156,1564236,15470.022946
system{name="forgia_mode_roguelite::reset_wave_resource"},C:\Users\Antoi\.cargo\registry\src\index.crates.io-1949cf8c6b5b557f\bevy_ecs-0.18.1\src\system\function_system.rs,52,175,0.000000,1,175,175,175,0.000000
system{name="bevy_asset::assets::Assets<bevy_sprite_render::mesh2d::color_material::ColorMaterial>::asset_events"},C:\Users\Antoi\.cargo\registry\src\index.crates.io-1949cf8c6b5b557f\bevy_ecs-0.18.1\src\system\function_system.rs,52,2214,0.000002,1,2214,2214,2214,0.000000
plugin build{plugin="bevy_diagnostic::entity_count_diagnostics_plugin::EntityCountDiagnosticsPlugin"},C:\Users\Antoi\.cargo\registry\src\index.crates.io-1949cf8c6b5b557f\bevy_app-0.18.1\src\app.rs,529,2187,0.000002,1,2187,2187,2187,0.000000
system{name="bevy_asset::assets::Assets<bevy_image::texture_atlas::TextureAtlasLayout>::asset_events"},C:\Users\Antoi\.cargo\registry\src\index.crates.io-1949cf8c6b5b557f\bevy_ecs-0.18.1\src\system\function_system.rs,52,7974,0.000006,14,569,396,989,159.789766
plugin cleanup{plugin="bevy_picking::InteractionPlugin"},C:\Users\Antoi\.cargo\registry\src\index.crates.io-1949cf8c6b5b557f\bevy_app-0.18.1\src\app.rs,292,52,0.000000,1,52,52,52,0.000000
plugin finish{plugin="forgia_observability::ForgiaObservabilityPlugin"},C:\Users\Antoi\.cargo\registry\src\index.crates.io-1949cf8c6b5b557f\bevy_app-0.18.1\src\app.rs,272,56,0.000000,1,56,56,56,0.000000
system{name="forgia_mode_roguelite::mushrooms::sys_reconcile_mushrooms"},C:\Users\Antoi\.cargo\registry\src\index.crates.io-1949cf8c6b5b557f\bevy_ecs-0.18.1\src\system\function_system.rs,52,19992906,0.015541,25752,776,331,221633,1821.372304
system_commands{name="bevy_post_process::bloom::prepare_bloom_bind_groups"},C:\Users\Antoi\.cargo\registry\src\index.crates.io-1949cf8c6b5b557f\bevy_ecs-0.18.1\src\system\function_system.rs,54,2605630,0.002025,27078,96,51,5418,48.096315
plugin build{plugin="bevy_app::terminal_ctrl_c_handler::TerminalCtrlCHandlerPlugin"},C:\Users\Antoi\.cargo\registry\src\index.crates.io-1949cf8c6b5b557f\bevy_app-0.18.1\src\app.rs,529,38107,0.000030,1,38107,38107,38107,0.000000
system{name="bevy_egui::render::systems::prepare_egui_render_target_data_system"},C:\Users\Antoi\.cargo\registry\src\index.crates.io-1949cf8c6b5b557f\bevy_ecs-0.18.1\src\system\function_system.rs,52,1930770358,1.500803,27078,71304,7263,3130773,40050.991368
system{name="bevy_pbr::ssr::add_screen_space_reflections_render_graph_edges"},C:\Users\Antoi\.cargo\registry\src\index.crates.io-1949cf8c6b5b557f\bevy_ecs-0.18.1\src\system\function_system.rs,52,21337,0.000017,1,21337,21337,21337,0.000000
system{name="forgia_killfeed::ingest_kill_events"},C:\Users\Antoi\.cargo\registry\src\index.crates.io-1949cf8c6b5b557f\bevy_ecs-0.18.1\src\system\function_system.rs,52,13956843,0.010849,27079,515,145,13576,287.088768
plugin finish{plugin="forgia_fps::score::ArenaScorePlugin"},C:\Users\Antoi\.cargo\registry\src\index.crates.io-1949cf8c6b5b557f\bevy_app-0.18.1\src\app.rs,272,55,0.000000,1,55,55,55,0.000000
system_commands{name="forgia_mode_roguelite::toon_config::sys_init_toon_genome"},C:\Users\Antoi\.cargo\registry\src\index.crates.io-1949cf8c6b5b557f\bevy_ecs-0.18.1\src\system\function_system.rs,54,5514,0.000004,1,5514,5514,5514,0.000000
system{name="forgia_enemy_nameplate::spawn_nameplate_for_targets"},C:\Users\Antoi\.cargo\registry\src\index.crates.io-1949cf8c6b5b557f\bevy_ecs-0.18.1\src\system\function_system.rs,52,35291444,0.027432,27079,1303,214,85033,1325.047393
system{name="bevy_anti_alias::taa::init_taa_pipeline"},C:\Users\Antoi\.cargo\registry\src\index.crates.io-1949cf8c6b5b557f\bevy_ecs-0.18.1\src\system\function_system.rs,52,118014,0.000092,1,118014,118014,118014,0.000000
plugin finish{plugin="bevy_render::extract_component::ExtractComponentPlugin<bevy_pbr::atmosphere::Atmosphere>"},C:\Users\Antoi\.cargo\registry\src\index.crates.io-1949cf8c6b5b557f\bevy_app-0.18.1\src\app.rs,272,61,0.000000,1,61,61,61,0.000000
system{name="forgia_mode_roguelite::hud::draw_active_boons"},C:\Users\Antoi\.cargo\registry\src\index.crates.io-1949cf8c6b5b557f\bevy_ecs-0.18.1\src\system\function_system.rs,52,182528348,0.141881,25661,7113,168,601510,5892.823747
plugin build{plugin="bevy_diagnostic::DiagnosticsPlugin"},C:\Users\Antoi\.cargo\registry\src\index.crates.io-1949cf8c6b5b557f\bevy_app-0.18.1\src\app.rs,529,179032906,0.139164,1,179032906,179032906,179032906,0.000000
plugin build{plugin="bevy_render::extract_instances::ExtractInstancesPlugin<bevy_pbr::light_probe::environment_map::EnvironmentMapIds>"},C:\Users\Antoi\.cargo\registry\src\index.crates.io-1949cf8c6b5b557f\bevy_app-0.18.1\src\app.rs,529,6115,0.000005,1,6115,6115,6115,0.000000
system_commands{name="bevy_render::render_asset::extract_render_asset<bevy_render::storage::GpuShaderStorageBuffer>"},C:\Users\Antoi\.cargo\registry\src\index.crates.io-1949cf8c6b5b557f\bevy_ecs-0.18.1\src\system\function_system.rs,54,21693239,0.016862,27078,801,362,82898,635.762626
asset loading{loader="bevy_image::image_loader::ImageLoader" asset="ui/menu_video/frame_0037.webp"},C:\Users\Antoi\.cargo\registry\src\index.crates.io-1949cf8c6b5b557f\bevy_asset-0.18.1\src\server\loaders.rs,332,15704117,0.012207,6,2617352,103,15672041,6395466.728596
asset loading{loader="bevy_gltf::loader::GltfLoader" asset="models/environment/inferno/Brazier_002.glb"},C:\Users\Antoi\.cargo\registry\src\index.crates.io-1949cf8c6b5b557f\bevy_asset-0.18.1\src\server\loaders.rs,332,6383226,0.004962,4,1595806,191,6367852,3181367.390498
plugin cleanup{plugin="bevy_render::diagnostic::RenderDiagnosticsPlugin"},C:\Users\Antoi\.cargo\registry\src\index.crates.io-1949cf8c6b5b557f\bevy_app-0.18.1\src\app.rs,292,53,0.000000,1,53,53,53,0.000000
plugin build{plugin="bevy_pbr::volumetric_fog::VolumetricFogPlugin"},C:\Users\Antoi\.cargo\registry\src\index.crates.io-1949cf8c6b5b557f\bevy_app-0.18.1\src\app.rs,529,123641,0.000096,1,123641,123641,123641,0.000000
plugin finish{plugin="forgia_fps::lenoir::ForgiaLenoirPlugin"},C:\Users\Antoi\.cargo\registry\src\index.crates.io-1949cf8c6b5b557f\bevy_app-0.18.1\src\app.rs,272,55,0.000000,1,55,55,55,0.000000
asset loading{loader="bevy_shader::shader::ShaderLoader" asset="embedded://bevy_sprite_render\\mesh2d\\color_material.wgsl"},C:\Users\Antoi\.cargo\registry\src\index.crates.io-1949cf8c6b5b557f\bevy_asset-0.18.1\src\server\loaders.rs,332,95171,0.000074,2,47585,57,95114,67215.449303
asset loading{loader="forgia_genome_core::GenomeLoader<forgia_rpg_data::boons::BoonsCatalogue>" asset="genomes/roguelite_boons.toml"},C:\Users\Antoi\.cargo\registry\src\index.crates.io-1949cf8c6b5b557f\bevy_asset-0.18.1\src\server\loaders.rs,332,265265,0.000206,4,66316,79,250498,122842.531805
plugin finish{plugin="bevy_pbr::ssao::ScreenSpaceAmbientOcclusionPlugin"},C:\Users\Antoi\.cargo\registry\src\index.crates.io-1949cf8c6b5b557f\bevy_app-0.18.1\src\app.rs,272,236608,0.000184,1,236608,236608,236608,0.000000
plugin build{plugin="forgia_debug::ForgiaDebugPlugin"},C:\Users\Antoi\.cargo\registry\src\index.crates.io-1949cf8c6b5b557f\bevy_app-0.18.1\src\app.rs,529,77417,0.000060,1,77417,77417,77417,0.000000
system_commands{name="forgia_fps::load_fps_tuning"},C:\Users\Antoi\.cargo\registry\src\index.crates.io-1949cf8c6b5b557f\bevy_ecs-0.18.1\src\system\function_system.rs,54,1613,0.000001,1,1613,1613,1613,0.000000
plugin cleanup{plugin="bevy_render::sync_component::SyncComponentPlugin<bevy_render::view::Hdr>"},C:\Users\Antoi\.cargo\registry\src\index.crates.io-1949cf8c6b5b557f\bevy_app-0.18.1\src\app.rs,292,53,0.000000,1,53,53,53,0.000000
system{name="forgia_observability::boons_sensor::sys_write_boons_sensor"},C:\Users\Antoi\.cargo\registry\src\index.crates.io-1949cf8c6b5b557f\bevy_ecs-0.18.1\src\system\function_system.rs,52,10295866,0.008003,27079,380,96,55963,542.050377
system{name="bevy_pbr::material::write_material_bind_group_buffers"},C:\Users\Antoi\.cargo\registry\src\index.crates.io-1949cf8c6b5b557f\bevy_ecs-0.18.1\src\system\function_system.rs,52,194263100,0.151002,27078,7174,155,248185,6061.330982
asset loading{loader="bevy_gltf::loader::GltfLoader" asset="models/kaykit/hexagon/red/building_blacksmith_red.gltf"},C:\Users\Antoi\.cargo\registry\src\index.crates.io-1949cf8c6b5b557f\bevy_asset-0.18.1\src\server\loaders.rs,332,258819,0.000201,7,36974,71,171554,62712.241688
schedule{name=FixedPostUpdate},C:\Users\Antoi\.cargo\registry\src\index.crates.io-1949cf8c6b5b557f\bevy_ecs-0.18.1\src\schedule\schedule.rs,532,149592983,0.116280,7925,18876,5439,475534,13462.056353
system{name="forgia_fps::ammo_systems::sync_ammo_slots_from_genome"},C:\Users\Antoi\.cargo\registry\src\index.crates.io-1949cf8c6b5b557f\bevy_ecs-0.18.1\src\system\function_system.rs,52,9946920,0.007732,27079,367,103,915548,6818.636169
system{name="bevy_sprite_render::render::init_sprite_pipeline"},C:\Users\Antoi\.cargo\registry\src\index.crates.io-1949cf8c6b5b557f\bevy_ecs-0.18.1\src\system\function_system.rs,52,25748,0.000020,1,25748,25748,25748,0.000000
system{name="bevy_asset::assets::Assets<bevy_mesh::mesh::Mesh>::asset_events_condition"},C:\Users\Antoi\.cargo\registry\src\index.crates.io-1949cf8c6b5b557f\bevy_ecs-0.18.1\src\system\function_system.rs,52,2649604,0.002060,27079,97,52,45526,327.350695
system{name="bevy_asset::assets::Assets<forgia_genome_core::Genome<forgia_ui_lib::hud::barks::BarkGenome>>::asset_events"},C:\Users\Antoi\.cargo\registry\src\index.crates.io-1949cf8c6b5b557f\bevy_ecs-0.18.1\src\system\function_system.rs,52,733,0.000001,1,733,733,733,0.000000
asset loading{loader="bevy_image::image_loader::ImageLoader" asset="ui/menu_video/frame_0029.webp"},C:\Users\Antoi\.cargo\registry\src\index.crates.io-1949cf8c6b5b557f\bevy_asset-0.18.1\src\server\loaders.rs,332,14745673,0.011462,7,2106524,115,14706277,5555970.746873
plugin cleanup{plugin="bevy_pbr::prepass::PrepassPipelinePlugin"},C:\Users\Antoi\.cargo\registry\src\index.crates.io-1949cf8c6b5b557f\bevy_app-0.18.1\src\app.rs,292,55,0.000000,1,55,55,55,0.000000
system{name="bevy_egui::begin_pass_system"},C:\Users\Antoi\.cargo\registry\src\index.crates.io-1949cf8c6b5b557f\bevy_ecs-0.18.1\src\system\function_system.rs,52,10645087,0.008275,27079,393,125,33142,249.668879
system{name="bevy_pbr::light_probe::generate::extract_generated_environment_map_entities"},C:\Users\Antoi\.cargo\registry\src\index.crates.io-1949cf8c6b5b557f\bevy_ecs-0.18.1\src\system\function_system.rs,52,12227242,0.009504,27079,451,123,13787,211.207392
plugin build{plugin="bevy_render::extract_component::ExtractComponentPlugin<bevy_hanabi::EffectVisibilityClass>"},C:\Users\Antoi\.cargo\registry\src\index.crates.io-1949cf8c6b5b557f\bevy_app-0.18.1\src\app.rs,529,46586,0.000036,1,46586,46586,46586,0.000000
system{name="forgia_ui::sys_menu_armes"},C:\Users\Antoi\.cargo\registry\src\index.crates.io-1949cf8c6b5b557f\bevy_ecs-0.18.1\src\system\function_system.rs,52,22784164,0.017710,27079,841,102,5560404,34123.326781
system{name="bevy_asset::assets::Assets<bevy_audio::audio_source::AudioSource>::asset_events_condition"},C:\Users\Antoi\.cargo\registry\src\index.crates.io-1949cf8c6b5b557f\bevy_ecs-0.18.1\src\system\function_system.rs,52,2461692,0.001913,27079,90,52,10150,84.511502
plugin build{plugin="bevy_core_pipeline::experimental::mip_generation::MipGenerationPlugin"},C:\Users\Antoi\.cargo\registry\src\index.crates.io-1949cf8c6b5b557f\bevy_app-0.18.1\src\app.rs,529,57261,0.000045,1,57261,57261,57261,0.000000
system{name="forgia_worldgen::spawn::sys_spawn_drain"},C:\Users\Antoi\.cargo\registry\src\index.crates.io-1949cf8c6b5b557f\bevy_ecs-0.18.1\src\system\function_system.rs,52,11182378,0.008692,27079,412,133,38859,322.645955
system{name="forgia_observability::vram_sensor::sys_write_vram_sensor"},C:\Users\Antoi\.cargo\registry\src\index.crates.io-1949cf8c6b5b557f\bevy_ecs-0.18.1\src\system\function_system.rs,52,15425271,0.011990,27079,569,77,531103,10199.709305
system{name="bevy_app::propagate::propagate_output<bevy_ui::ui_node::ComputedUiRenderTargetInfo, ()>"},C:\Users\Antoi\.cargo\registry\src\index.crates.io-1949cf8c6b5b557f\bevy_ecs-0.18.1\src\system\function_system.rs,52,11457604,0.008906,27079,423,133,32609,270.462851
system{name="forgia_mode_roguelite::run::sys_collect_soul_wisps"},C:\Users\Antoi\.cargo\registry\src\index.crates.io-1949cf8c6b5b557f\bevy_ecs-0.18.1\src\system\function_system.rs,52,19855849,0.015434,25752,771,370,110032,1325.913536
system_commands{name="bevy_core_pipeline::skybox::prepass::init_skybox_prepass_pipeline"},C:\Users\Antoi\.cargo\registry\src\index.crates.io-1949cf8c6b5b557f\bevy_ecs-0.18.1\src\system\function_system.rs,54,5240,0.000004,1,5240,5240,5240,0.000000
system_commands{name="bevy_core_pipeline::skybox::prepare_skybox_bind_groups"},C:\Users\Antoi\.cargo\registry\src\index.crates.io-1949cf8c6b5b557f\bevy_ecs-0.18.1\src\system\function_system.rs,54,60034344,0.046665,27078,2217,1041,59235,886.093766
asset loading{loader="bevy_gltf::loader::GltfLoader" asset="models/kaykit/hexagon/neutral/building_destroyed.gltf"},C:\Users\Antoi\.cargo\registry\src\index.crates.io-1949cf8c6b5b557f\bevy_asset-0.18.1\src\server\loaders.rs,332,237483,0.000185,7,33926,87,126162,51817.080998
system{name="bevy_text::pipeline::trim_cosmic_cache"},C:\Users\Antoi\.cargo\registry\src\index.crates.io-1949cf8c6b5b557f\bevy_ecs-0.18.1\src\system\function_system.rs,52,8210906,0.006382,27079,303,110,14400,179.425603
asset loading{loader="bevy_gltf::loader::GltfLoader" asset="models/environment/portal/portal_closed.glb"},C:\Users\Antoi\.cargo\registry\src\index.crates.io-1949cf8c6b5b557f\bevy_asset-0.18.1\src\server\loaders.rs,332,461023488,0.358357,4,115255872,81,461003263,230498260.854751
asset loading{loader="bevy_gltf::loader::GltfLoader" asset="models/kaykit/medieval_hexagon/buildings/red/building_home_B_red.gltf"},C:\Users\Antoi\.cargo\registry\src\index.crates.io-1949cf8c6b5b557f\bevy_asset-0.18.1\src\server\loaders.rs,332,506036,0.000393,10,50603,143,283360,88290.131060
plugin build{plugin="bevy_camera::projection::CameraProjectionPlugin"},C:\Users\Antoi\.cargo\registry\src\index.crates.io-1949cf8c6b5b557f\bevy_app-0.18.1\src\app.rs,529,36324,0.000028,1,36324,36324,36324,0.000000
detect_grounded_status_and_apply_friction,C:\Users\Antoi\.cargo\registry\src\index.crates.io-1949cf8c6b5b557f\rapier3d-0.31.0\src\control\character_controller.rs,457,108104187,0.084030,15286,7072,575,108506,6173.105030
system{name="bevy_sprite_render::mesh2d::mesh::init_mesh_2d_pipeline"},C:\Users\Antoi\.cargo\registry\src\index.crates.io-1949cf8c6b5b557f\bevy_ecs-0.18.1\src\system\function_system.rs,52,10477,0.000008,1,10477,10477,10477,0.000000
system{name="bevy_pbr::atmosphere::resources::write_atmosphere_buffer"},C:\Users\Antoi\.cargo\registry\src\index.crates.io-1949cf8c6b5b557f\bevy_ecs-0.18.1\src\system\function_system.rs,52,12195353,0.009480,27078,450,110,43757,350.967546
system{name="forgia_mode_roguelite::boucherie_rocket::sys_fly_rockets"},C:\Users\Antoi\.cargo\registry\src\index.crates.io-1949cf8c6b5b557f\bevy_ecs-0.18.1\src\system\function_system.rs,52,11843248,0.009206,25752,459,144,23191,295.367167
asset loading{loader="bevy_image::image_loader::ImageLoader" asset="ui/menu_video/frame_0010.webp"},C:\Users\Antoi\.cargo\registry\src\index.crates.io-1949cf8c6b5b557f\bevy_asset-0.18.1\src\server\loaders.rs,332,15520875,0.012064,7,2217267,171,15450676,5835418.337624
system{name="forgia_ai_arena_bot::bot_attack_cooldown"},C:\Users\Antoi\.cargo\registry\src\index.crates.io-1949cf8c6b5b557f\bevy_ecs-0.18.1\src\system\function_system.rs,52,12975735,0.010086,27079,479,83,44615,372.170125
system{name="forgia_mode_roguelite::render_quality::sys_apply_ssao"},C:\Users\Antoi\.cargo\registry\src\index.crates.io-1949cf8c6b5b557f\bevy_ecs-0.18.1\src\system\function_system.rs,52,14118329,0.010974,25752,548,200,97075,704.139958
system{name="forgia_observability::lifecycle_sensor::obs_target_cube_removed"},C:\Users\Antoi\.cargo\registry\src\index.crates.io-1949cf8c6b5b557f\bevy_ecs-0.18.1\src\system\function_system.rs,52,3967,0.000003,26,152,80,298,64.747201
plugin build{plugin="forgia_fps::pepin::ForgiaPepinPlugin"},C:\Users\Antoi\.cargo\registry\src\index.crates.io-1949cf8c6b5b557f\bevy_app-0.18.1\src\app.rs,529,130918,0.000102,1,130918,130918,130918,0.000000
system{name="bevy_render::extract_component::extract_components<bevy_post_process::motion_blur::MotionBlur>"},C:\Users\Antoi\.cargo\registry\src\index.crates.io-1949cf8c6b5b557f\bevy_ecs-0.18.1\src\system\function_system.rs,52,7022492,0.005459,27079,259,99,15738,198.550455
system{name="bevy_render::extract_component::extract_components<bevy_pbr::fog::DistanceFog>"},C:\Users\Antoi\.cargo\registry\src\index.crates.io-1949cf8c6b5b557f\bevy_ecs-0.18.1\src\system\function_system.rs,52,19793531,0.015386,27079,730,89,24963,414.778367
plugin build{plugin="forgia_ai_arena_bot::ForgiaAiArenaBotPlugin"},C:\Users\Antoi\.cargo\registry\src\index.crates.io-1949cf8c6b5b557f\bevy_app-0.18.1\src\app.rs,529,126155,0.000098,1,126155,126155,126155,0.000000
system{name="forgia_mode_roguelite::forge_shop::sys_animate_gobli"},C:\Users\Antoi\.cargo\registry\src\index.crates.io-1949cf8c6b5b557f\bevy_ecs-0.18.1\src\system\function_system.rs,52,18176631,0.014129,25752,705,292,129684,1176.645007
system{name="forgia_player::track_player_speed"},C:\Users\Antoi\.cargo\registry\src\index.crates.io-1949cf8c6b5b557f\bevy_ecs-0.18.1\src\system\function_system.rs,52,3542356,0.002754,7533,470,117,8815,183.525756
system{name="forgia_stage::layout_sensor::write_layout_sensor"},C:\Users\Antoi\.cargo\registry\src\index.crates.io-1949cf8c6b5b557f\bevy_ecs-0.18.1\src\system\function_system.rs,52,17757952,0.013803,27079,655,165,98437,968.286290
system{name="forgia_rpg_data::loot_tables::sys_collect_pickups"},C:\Users\Antoi\.cargo\registry\src\index.crates.io-1949cf8c6b5b557f\bevy_ecs-0.18.1\src\system\function_system.rs,52,20391548,0.015851,27079,753,120,27136,411.910751
plugin finish{plugin="forgia_player::ForgiaPlayerPlugin"},C:\Users\Antoi\.cargo\registry\src\index.crates.io-1949cf8c6b5b557f\bevy_app-0.18.1\src\app.rs,272,56,0.000000,1,56,56,56,0.000000
plugin build{plugin="forgia_rpg_data::ForgiaRpgDataPlugin"},C:\Users\Antoi\.cargo\registry\src\index.crates.io-1949cf8c6b5b557f\bevy_app-0.18.1\src\app.rs,529,206566,0.000161,1,206566,206566,206566,0.000000
system{name="bevy_asset::assets::Assets<bevy_animation::AnimationClip>::track_assets"},C:\Users\Antoi\.cargo\registry\src\index.crates.io-1949cf8c6b5b557f\bevy_ecs-0.18.1\src\system\function_system.rs,52,25925975,0.020152,27079,957,182,473342,6105.216847
system{name="bevy_asset::assets::Assets<forgia_genome_core::Genome<forgia_ui_lib::damage_direction::tuning::DamageDirTuning>>::asset_events"},C:\Users\Antoi\.cargo\registry\src\index.crates.io-1949cf8c6b5b557f\bevy_ecs-0.18.1\src\system\function_system.rs,52,430,0.000000,1,430,430,430,0.000000
plugin cleanup{plugin="bevy_pbr::render::mesh::MeshRenderPlugin"},C:\Users\Antoi\.cargo\registry\src\index.crates.io-1949cf8c6b5b557f\bevy_app-0.18.1\src\app.rs,292,58,0.000000,1,58,58,58,0.000000
system{name="forgia_mode_roguelite::trempe::sys_apply_temper"},C:\Users\Antoi\.cargo\registry\src\index.crates.io-1949cf8c6b5b557f\bevy_ecs-0.18.1\src\system\function_system.rs,52,7196780,0.005594,25752,279,84,8747,133.036968
plugin cleanup{plugin="forgia_rpg_data::quests::ForgiaQuestsPlugin"},C:\Users\Antoi\.cargo\registry\src\index.crates.io-1949cf8c6b5b557f\bevy_app-0.18.1\src\app.rs,292,55,0.000000,1,55,55,55,0.000000
system{name="leafwing_input_manager::user_input::updating::input_is_enabled<bevy_input::keyboard::KeyCode>"},C:\Users\Antoi\.cargo\registry\src\index.crates.io-1949cf8c6b5b557f\bevy_ecs-0.18.1\src\system\function_system.rs,52,2000553,0.001555,27079,73,52,30139,194.282266
asset loading{loader="bevy_gltf::loader::GltfLoader" asset="models/kaykit/dungeon/floor.glb"},C:\Users\Antoi\.cargo\registry\src\index.crates.io-1949cf8c6b5b557f\bevy_asset-0.18.1\src\server\loaders.rs,332,4475408,0.003479,4,1118852,107,4461484,2228430.301658
solve_constraints,C:\Users\Antoi\.cargo\registry\src\index.crates.io-1949cf8c6b5b557f\rapier3d-0.31.0\src\dynamics\solver\velocity_solver.rs,149,112068804,0.087112,7925,14141,11235,173109,4717.785032
system_commands{name="forgia_stage::floor_merge::sys_drain_merge_spawn_queue"},C:\Users\Antoi\.cargo\registry\src\index.crates.io-1949cf8c6b5b557f\bevy_ecs-0.18.1\src\system\function_system.rs,54,2639467,0.002052,27079,97,50,72787,642.387099
system{name="bevy_core_pipeline::oit::resolve::prepare_oit_resolve_bind_group"},C:\Users\Antoi\.cargo\registry\src\index.crates.io-1949cf8c6b5b557f\bevy_ecs-0.18.1\src\system\function_system.rs,52,350697658,0.272600,27078,12951,3142,748190,12689.940153
asset loading{loader="forgia_genome_core::GenomeLoader<forgia_viewmodel::genome::ViewmodelGenome>" asset="genomes/viewmodel_arena.toml"},C:\Users\Antoi\.cargo\registry\src\index.crates.io-1949cf8c6b5b557f\bevy_asset-0.18.1\src\server\loaders.rs,332,227338,0.000177,4,56834,58,219330,108360.289396
plugin finish{plugin="forgia_ui::ForgiaUiPlugin"},C:\Users\Antoi\.cargo\registry\src\index.crates.io-1949cf8c6b5b557f\bevy_app-0.18.1\src\app.rs,272,55,0.000000,1,55,55,55,0.000000
asset loading{loader="bevy_image::image_loader::ImageLoader" asset="ui/menu_video/frame_0134.webp"},C:\Users\Antoi\.cargo\registry\src\index.crates.io-1949cf8c6b5b557f\bevy_asset-0.18.1\src\server\loaders.rs,332,14695434,0.011423,7,2099347,110,14653398,5535820.766975
system{name="bevy_asset::assets::Assets<bevy_image::image::Image>::asset_events_condition"},C:\Users\Antoi\.cargo\registry\src\index.crates.io-1949cf8c6b5b557f\bevy_ecs-0.18.1\src\system\function_system.rs,52,2816882,0.002190,27079,104,53,17440,141.207134
check_conditions{name="bevy_gizmos::end_gizmo_context<bevy_gizmos::config::DefaultGizmoConfigGroup, bevy_time::fixed::Fixed>"},C:\Users\Antoi\.cargo\registry\src\index.crates.io-1949cf8c6b5b557f\bevy_ecs-0.18.1\src\schedule\executor\single_threaded.rs,83,1851128,0.001439,27079,68,55,1582,22.099704
system{name="bevy_egui::input::write_non_window_touch_messages_system"},C:\Users\Antoi\.cargo\registry\src\index.crates.io-1949cf8c6b5b557f\bevy_ecs-0.18.1\src\system\function_system.rs,52,10357583,0.008051,27079,382,128,87613,761.501003
asset loading{loader="bevy_shader::shader::ShaderLoader" asset="embedded://bevy_pbr\\render/parallax_mapping.wgsl"},C:\Users\Antoi\.cargo\registry\src\index.crates.io-1949cf8c6b5b557f\bevy_asset-0.18.1\src\server\loaders.rs,332,292365,0.000227,2,146182,54,292311,206656.906550
system_commands{name="bevy_ui_render::extract_text_shadows"},C:\Users\Antoi\.cargo\registry\src\index.crates.io-1949cf8c6b5b557f\bevy_ecs-0.18.1\src\system\function_system.rs,54,3070278,0.002387,27078,113,51,3596,40.222992
plugin build{plugin="forgia_ui_lib::hud::wave_counter::WaveCounterPlugin"},C:\Users\Antoi\.cargo\registry\src\index.crates.io-1949cf8c6b5b557f\bevy_app-0.18.1\src\app.rs,529,26319,0.000020,1,26319,26319,26319,0.000000
plugin finish{plugin="forgia_assets::ForgiaAssetsPlugin"},C:\Users\Antoi\.cargo\registry\src\index.crates.io-1949cf8c6b5b557f\bevy_app-0.18.1\src\app.rs,272,57,0.000000,1,57,57,57,0.000000
asset loading{loader="bevy_shader::shader::ShaderLoader" asset="embedded://bevy_pbr\\render/pbr_prepass_functions.wgsl"},C:\Users\Antoi\.cargo\registry\src\index.crates.io-1949cf8c6b5b557f\bevy_asset-0.18.1\src\server\loaders.rs,332,174086,0.000135,2,87043,55,174031,123019.609364
system_commands{name="bevy_render::erased_render_asset::extract_erased_render_asset<bevy_pbr::mesh_material::MeshMaterial3d<bevy_pbr::extended_material::ExtendedMaterial<bevy_pbr::pbr_material::StandardMaterial, bevy_pbr::decal::forward::ForwardDecalMaterialExt>>>"},C:\Users\Antoi\.cargo\registry\src\index.crates.io-1949cf8c6b5b557f\bevy_ecs-0.18.1\src\system\function_system.rs,54,26247962,0.020403,27078,969,260,83202,790.358648
plugin cleanup{plugin="bevy_text::TextPlugin"},C:\Users\Antoi\.cargo\registry\src\index.crates.io-1949cf8c6b5b557f\bevy_app-0.18.1\src\app.rs,292,55,0.000000,1,55,55,55,0.000000
plugin cleanup{plugin="forgia_ui_lib::quest_journal::ForgiaUiQuestPlugin"},C:\Users\Antoi\.cargo\registry\src\index.crates.io-1949cf8c6b5b557f\bevy_app-0.18.1\src\app.rs,292,53,0.000000,1,53,53,53,0.000000
system_commands{name="bevy_pbr::light_probe::prepare_environment_uniform_buffer"},C:\Users\Antoi\.cargo\registry\src\index.crates.io-1949cf8c6b5b557f\bevy_ecs-0.18.1\src\system\function_system.rs,54,68680564,0.053386,27078,2536,1272,85077,1123.296607
system{name="bevy_pbr::material::extract_entities_needs_specialization<bevy_pbr::pbr_material::StandardMaterial>"},C:\Users\Antoi\.cargo\registry\src\index.crates.io-1949cf8c6b5b557f\bevy_ecs-0.18.1\src\system\function_system.rs,52,18675970,0.014517,27079,689,77,31775,587.187744
system{name="bevy_render::globals::extract_frame_count"},C:\Users\Antoi\.cargo\registry\src\index.crates.io-1949cf8c6b5b557f\bevy_ecs-0.18.1\src\system\function_system.rs,52,5801837,0.004510,27079,214,73,61082,402.907357
system{name="bevy_pbr::volumetric_fog::render::init_volumetric_fog_pipeline"},C:\Users\Antoi\.cargo\registry\src\index.crates.io-1949cf8c6b5b557f\bevy_ecs-0.18.1\src\system\function_system.rs,52,37024,0.000029,1,37024,37024,37024,0.000000
plugin cleanup{plugin="bevy_render::extract_component::ExtractComponentPlugin<bevy_core_pipeline::oit::OrderIndependentTransparencySettings>"},C:\Users\Antoi\.cargo\registry\src\index.crates.io-1949cf8c6b5b557f\bevy_app-0.18.1\src\app.rs,292,121,0.000000,1,121,121,121,0.000000
plugin build{plugin="forgia_ui_lib::quest_journal::ForgiaUiQuestPlugin"},C:\Users\Antoi\.cargo\registry\src\index.crates.io-1949cf8c6b5b557f\bevy_app-0.18.1\src\app.rs,529,12658,0.000010,1,12658,12658,12658,0.000000
system_commands{name="forgia_player::load_skybox"},C:\Users\Antoi\.cargo\registry\src\index.crates.io-1949cf8c6b5b557f\bevy_ecs-0.18.1\src\system\function_system.rs,54,3835,0.000003,1,3835,3835,3835,0.000000
system{name="forgia_anim_debug::write_sensor_and_health"},C:\Users\Antoi\.cargo\registry\src\index.crates.io-1949cf8c6b5b557f\bevy_ecs-0.18.1\src\system\function_system.rs,52,7359714,0.005721,27079,271,91,36153,399.194593
system{name="forgia_mode_roguelite::waves::sys_wave_orchestrator"},C:\Users\Antoi\.cargo\registry\src\index.crates.io-1949cf8c6b5b557f\bevy_ecs-0.18.1\src\system\function_system.rs,52,15094971,0.011733,25752,586,224,234988,2413.489900
system{name="forgia_stage::write_stage_sensor"},C:\Users\Antoi\.cargo\registry\src\index.crates.io-1949cf8c6b5b557f\bevy_ecs-0.18.1\src\system\function_system.rs,52,14174135,0.011018,27079,523,132,57159,634.934306
asset loading{loader="bevy_image::image_loader::ImageLoader" asset="ui/menu_video/frame_0087.webp"},C:\Users\Antoi\.cargo\registry\src\index.crates.io-1949cf8c6b5b557f\bevy_asset-0.18.1\src\server\loaders.rs,332,13926230,0.010825,8,1740778,171,13891259,4909537.964067
system{name="bevy_camera::visibility::range::check_visibility_ranges"},C:\Users\Antoi\.cargo\registry\src\index.crates.io-1949cf8c6b5b557f\bevy_ecs-0.18.1\src\system\function_system.rs,52,19748687,0.015351,27079,729,305,194078,1337.109031
plugins{tag="on_begin_pass"},C:\Users\Antoi\.cargo\registry\src\index.crates.io-1949cf8c6b5b557f\egui-0.33.3\src\plugin.rs,151,251273312,0.195317,27079,9279,4792,165930,5911.131717
schedule{name=OnExit(Lobby)},C:\Users\Antoi\.cargo\registry\src\index.crates.io-1949cf8c6b5b557f\bevy_ecs-0.18.1\src\schedule\schedule.rs,532,341656,0.000266,1,341656,341656,341656,0.000000
asset loading{loader="bevy_kira_audio::source::ogg_loader::OggLoader" asset="audio/roguelite/weapons/pepin.ogg"},C:\Users\Antoi\.cargo\registry\src\index.crates.io-1949cf8c6b5b557f\bevy_asset-0.18.1\src\server\loaders.rs,332,577681,0.000449,4,144420,70,558391,276084.123019
system{name="bevy_gizmos::update_gizmo_meshes<bevy_gizmos::config::DefaultGizmoConfigGroup>"},C:\Users\Antoi\.cargo\registry\src\index.crates.io-1949cf8c6b5b557f\bevy_ecs-0.18.1\src\system\function_system.rs,52,14907961,0.011588,27079,550,195,50761,580.785954
plugin cleanup{plugin="bevy_ui_render::color_space::ColorSpacePlugin"},C:\Users\Antoi\.cargo\registry\src\index.crates.io-1949cf8c6b5b557f\bevy_app-0.18.1\src\app.rs,292,54,0.000000,1,54,54,54,0.000000
asset loading{loader="bevy_shader::shader::ShaderLoader" asset="embedded://bevy_pbr\\render\\reset_indirect_batch_sets.wgsl"},C:\Users\Antoi\.cargo\registry\src\index.crates.io-1949cf8c6b5b557f\bevy_asset-0.18.1\src\server\loaders.rs,332,41983,0.000033,2,20991,53,41930,29611.510684
plugin cleanup{plugin="bevy_render::extract_component::UniformComponentPlugin<bevy_pbr::deferred::PbrDeferredLightingDepthId>"},C:\Users\Antoi\.cargo\registry\src\index.crates.io-1949cf8c6b5b557f\bevy_app-0.18.1\src\app.rs,292,103,0.000000,1,103,103,103,0.000000
system{name="bevy_asset::assets::Assets<forgia_genome_core::Genome<forgia_stage::RoguelitePoisGenome>>::asset_events_condition"},C:\Users\Antoi\.cargo\registry\src\index.crates.io-1949cf8c6b5b557f\bevy_ecs-0.18.1\src\system\function_system.rs,52,3095943,0.002407,27079,114,53,60149,370.378135
system{name="forgia_ui_lib::damage_direction::ingest_damage_for_player"},C:\Users\Antoi\.cargo\registry\src\index.crates.io-1949cf8c6b5b557f\bevy_ecs-0.18.1\src\system\function_system.rs,52,20269258,0.015755,27079,748,185,33525,377.033311
system{name="forgia_ai_arena_bot::tick_respawns"},C:\Users\Antoi\.cargo\registry\src\index.crates.io-1949cf8c6b5b557f\bevy_ecs-0.18.1\src\system\function_system.rs,52,7919484,0.006156,27079,292,122,31061,268.761970
system{name="bevy_asset::assets::Assets<bevy_image::image::Image>::track_assets"},C:\Users\Antoi\.cargo\registry\src\index.crates.io-1949cf8c6b5b557f\bevy_ecs-0.18.1\src\system\function_system.rs,52,32665699,0.025391,27079,1206,96,1622697,15048.593349
system_commands{name="forgia_mode_roguelite::run::sys_collect_soul_wisps"},C:\Users\Antoi\.cargo\registry\src\index.crates.io-1949cf8c6b5b557f\bevy_ecs-0.18.1\src\system\function_system.rs,54,2151004,0.001672,25752,83,51,32077,234.990560
system_commands{name="bevy_hanabi::render::allocate_parent_child_infos"},C:\Users\Antoi\.cargo\registry\src\index.crates.io-1949cf8c6b5b557f\bevy_ecs-0.18.1\src\system\function_system.rs,54,4088648,0.003178,27078,150,54,14861,125.233285
system{name="bevy_asset::assets::Assets<forgia_genome_core::Genome<forgia_viewmodel::genome::ViewmodelGenome>>::asset_events"},C:\Users\Antoi\.cargo\registry\src\index.crates.io-1949cf8c6b5b557f\bevy_ecs-0.18.1\src\system\function_system.rs,52,2972,0.000002,1,2972,2972,2972,0.000000
plugin finish{plugin="bevy_core_pipeline::experimental::mip_generation::MipGenerationPlugin"},C:\Users\Antoi\.cargo\registry\src\index.crates.io-1949cf8c6b5b557f\bevy_app-0.18.1\src\app.rs,272,70,0.000000,1,70,70,70,0.000000
par_for_each{query="(&bevy_mesh::components::Mesh3d, &mut bevy_camera::primitives::Aabb)" filter="(bevy_ecs::query::filter::Or<(bevy_asset::asset_changed::AssetChanged<bevy_mesh::components::Mesh3d>, bevy_ecs::query::filter::Changed<bevy_mesh::components::Mesh3d>)>, bevy_ecs::query::filter::Without<bevy_camera::visibility::NoFrustumCulling>, bevy_ecs::query::filter::Without<bevy_camera::visibility::NoAutoAabb>)"},C:\Users\Antoi\.cargo\registry\src\index.crates.io-1949cf8c6b5b557f\bevy_ecs-0.18.1\src\query\state.rs,246,8902915816,6.920307,1627178,5471,58,364095,20735.172378
system_commands{name="bevy_pbr::atmosphere::resources::prepare_atmosphere_uniforms"},C:\Users\Antoi\.cargo\registry\src\index.crates.io-1949cf8c6b5b557f\bevy_ecs-0.18.1\src\system\function_system.rs,54,5317166,0.004133,27078,196,59,13589,170.533036
system_commands{name="forgia_mode_roguelite::boucherie_rocket::sys_spawn_rockets"},C:\Users\Antoi\.cargo\registry\src\index.crates.io-1949cf8c6b5b557f\bevy_ecs-0.18.1\src\system\function_system.rs,54,2279437,0.001772,25752,88,50,82907,919.793631
system_commands{name="bevy_pbr::ssr::init_screen_space_reflections_pipeline"},C:\Users\Antoi\.cargo\registry\src\index.crates.io-1949cf8c6b5b557f\bevy_ecs-0.18.1\src\system\function_system.rs,54,2131,0.000002,1,2131,2131,2131,0.000000
plugin build{plugin="bevy_render::mesh::allocator::MeshAllocatorPlugin"},C:\Users\Antoi\.cargo\registry\src\index.crates.io-1949cf8c6b5b557f\bevy_app-0.18.1\src\app.rs,529,4022,0.000003,1,4022,4022,4022,0.000000
schedule{name=PreStartup},C:\Users\Antoi\.cargo\registry\src\index.crates.io-1949cf8c6b5b557f\bevy_ecs-0.18.1\src\schedule\schedule.rs,532,280009,0.000218,1,280009,280009,280009,0.000000
plugin finish{plugin="bevy_render::extract_resource::ExtractResourcePlugin<bevy_render::texture::manual_texture_view::ManualTextureViews>"},C:\Users\Antoi\.cargo\registry\src\index.crates.io-1949cf8c6b5b557f\bevy_app-0.18.1\src\app.rs,272,67,0.000000,1,67,67,67,0.000000
system_commands{name="forgia_fps::despawn_dead_cubes"},C:\Users\Antoi\.cargo\registry\src\index.crates.io-1949cf8c6b5b557f\bevy_ecs-0.18.1\src\system\function_system.rs,54,8114731,0.006308,25752,315,69,347134,4375.849450
plugin finish{plugin="bevy_post_process::motion_blur::MotionBlurPlugin"},C:\Users\Antoi\.cargo\registry\src\index.crates.io-1949cf8c6b5b557f\bevy_app-0.18.1\src\app.rs,272,64,0.000000,1,64,64,64,0.000000
system{name="bevy_render::batching::gpu_preprocessing::batch_and_prepare_sorted_render_phase<bevy_core_pipeline::core_3d::Transmissive3d, bevy_pbr::render::mesh::MeshPipeline>"},C:\Users\Antoi\.cargo\registry\src\index.crates.io-1949cf8c6b5b557f\bevy_ecs-0.18.1\src\system\function_system.rs,52,39331669,0.030573,27078,1452,394,145467,1597.145278
system{name="forgia_ui_lib::pause_menu::apply_fov_to_camera"},C:\Users\Antoi\.cargo\registry\src\index.crates.io-1949cf8c6b5b557f\bevy_ecs-0.18.1\src\system\function_system.rs,52,4027277,0.003130,27079,148,59,93930,578.307889
plugin build{plugin="bevy_text::TextPlugin"},C:\Users\Antoi\.cargo\registry\src\index.crates.io-1949cf8c6b5b557f\bevy_app-0.18.1\src\app.rs,529,191202,0.000149,1,191202,191202,191202,0.000000
plugin cleanup{plugin="bevy_render::extract_component::ExtractComponentPlugin<bevy_pbr::atmosphere::Atmosphere>"},C:\Users\Antoi\.cargo\registry\src\index.crates.io-1949cf8c6b5b557f\bevy_app-0.18.1\src\app.rs,292,104,0.000000,1,104,104,104,0.000000
system{name="bevy_render::extract_component::prepare_uniform_components<bevy_post_process::dof::DepthOfFieldUniform>"},C:\Users\Antoi\.cargo\registry\src\index.crates.io-1949cf8c6b5b557f\bevy_ecs-0.18.1\src\system\function_system.rs,52,10171098,0.007906,27078,375,113,15804,258.654388
asset loading{loader="bevy_shader::shader::ShaderLoader" asset="embedded://bevy_pbr\\render\\morph.wgsl"},C:\Users\Antoi\.cargo\registry\src\index.crates.io-1949cf8c6b5b557f\bevy_asset-0.18.1\src\server\loaders.rs,332,86718,0.000067,2,43359,84,86634,61200.091912
system{name="bevy_core_pipeline::tonemapping::init_tonemapping_pipeline"},C:\Users\Antoi\.cargo\registry\src\index.crates.io-1949cf8c6b5b557f\bevy_ecs-0.18.1\src\system\function_system.rs,52,39542,0.000031,1,39542,39542,39542,0.000000
plugin finish{plugin="forgia_game::color_grading::ColorGradingPlugin"},C:\Users\Antoi\.cargo\registry\src\index.crates.io-1949cf8c6b5b557f\bevy_app-0.18.1\src\app.rs,272,55,0.000000,1,55,55,55,0.000000
plugin build{plugin="bevy_render::sync_component::SyncComponentPlugin<bevy_light::volumetric::FogVolume>"},C:\Users\Antoi\.cargo\registry\src\index.crates.io-1949cf8c6b5b557f\bevy_app-0.18.1\src\app.rs,529,12843,0.000010,1,12843,12843,12843,0.000000
system{name="bevy_pbr::render::light::extract_lights"},C:\Users\Antoi\.cargo\registry\src\index.crates.io-1949cf8c6b5b557f\bevy_ecs-0.18.1\src\system\function_system.rs,52,742331938,0.577021,27079,27413,1478,828952,12008.957301
check_conditions{name="leafwing_input_manager::systems::swap_to_update<forgia_input::PlayerAction>"},C:\Users\Antoi\.cargo\registry\src\index.crates.io-1949cf8c6b5b557f\bevy_ecs-0.18.1\src\schedule\executor\single_threaded.rs,83,2227496,0.001731,27079,82,56,88425,590.255950
asset loading{loader="bevy_gltf::loader::GltfLoader" asset="models/environment/inferno/Crag_001.glb"},C:\Users\Antoi\.cargo\registry\src\index.crates.io-1949cf8c6b5b557f\bevy_asset-0.18.1\src\server\loaders.rs,332,6334358,0.004924,5,1266871,94,6315060,2822028.452427
node{name="bevy_render::render_graph::node::ViewNodeRunner<bevy_anti_alias::smaa::SmaaNode>"},C:\Users\Antoi\.cargo\registry\src\index.crates.io-1949cf8c6b5b557f\bevy_render-0.18.1\src\renderer\graph_runner.rs,240,9085179,0.007062,81234,111,53,9764,76.129915
system_commands{name="bevy_ui_render::prepare_uinodes"},C:\Users\Antoi\.cargo\registry\src\index.crates.io-1949cf8c6b5b557f\bevy_ecs-0.18.1\src\system\function_system.rs,54,15543024,0.012082,27078,574,246,28349,263.015572
system{name="bevy_audio::audio_output::play_queued_audio_system<bevy_audio::audio_source::AudioSource>"},C:\Users\Antoi\.cargo\registry\src\index.crates.io-1949cf8c6b5b557f\bevy_ecs-0.18.1\src\system\function_system.rs,52,20860599,0.016215,27079,770,190,91637,839.100339
plugin finish{plugin="forgia_juice_lib::recoil::ForgiaJuiceRecoilPlugin"},C:\Users\Antoi\.cargo\registry\src\index.crates.io-1949cf8c6b5b557f\bevy_app-0.18.1\src\app.rs,272,56,0.000000,1,56,56,56,0.000000
asset loading{loader="bevy_shader::shader::ShaderLoader" asset="embedded://bevy_pbr\\deferred/pbr_deferred_types.wgsl"},C:\Users\Antoi\.cargo\registry\src\index.crates.io-1949cf8c6b5b557f\bevy_asset-0.18.1\src\server\loaders.rs,332,197442,0.000153,2,98721,80,197362,139499.440006
system{name="forgia_mode_roguelite::elements::sys_sync_weapon_affinities"},C:\Users\Antoi\.cargo\registry\src\index.crates.io-1949cf8c6b5b557f\bevy_ecs-0.18.1\src\system\function_system.rs,52,7856367,0.006107,25752,305,95,13156,171.917306
pass{tag="0"},C:\Users\Antoi\.cargo\registry\src\index.crates.io-1949cf8c6b5b557f\egui-0.33.3\src\context.rs,800,11258915741,8.751645,27079,415780,192041,6485944,122299.599247
plugin build{plugin="bevy_render::sync_component::SyncComponentPlugin<bevy_light::cluster::ClusteredDecal>"},C:\Users\Antoi\.cargo\registry\src\index.crates.io-1949cf8c6b5b557f\bevy_app-0.18.1\src\app.rs,529,6600,0.000005,1,6600,6600,6600,0.000000
plugin finish{plugin="bevy_render::sync_component::SyncComponentPlugin<bevy_pbr::fog::DistanceFog>"},C:\Users\Antoi\.cargo\registry\src\index.crates.io-1949cf8c6b5b557f\bevy_app-0.18.1\src\app.rs,272,71,0.000000,1,71,71,71,0.000000
tessellator::tessellate_shapes,C:\Users\Antoi\.cargo\registry\src\index.crates.io-1949cf8c6b5b557f\egui-0.33.3\src\context.rs,2679,3369745075,2.619330,27079,124441,11101,1506139,38850.846531
system{name="forgia_mode_roguelite::boons_apply::sys_sync_player_health_guard"},C:\Users\Antoi\.cargo\registry\src\index.crates.io-1949cf8c6b5b557f\bevy_ecs-0.18.1\src\system\function_system.rs,52,16323315,0.012688,25752,633,254,90346,837.571732
system{name="bevy_ui_render::queue_uinodes"},C:\Users\Antoi\.cargo\registry\src\index.crates.io-1949cf8c6b5b557f\bevy_ecs-0.18.1\src\system\function_system.rs,52,18762129,0.014584,27078,692,251,54014,596.969981
system{name="forgia_mode_roguelite::sys_spin_coins"},C:\Users\Antoi\.cargo\registry\src\index.crates.io-1949cf8c6b5b557f\bevy_ecs-0.18.1\src\system\function_system.rs,52,17092129,0.013286,25752,663,202,74170,608.543992
system{name="bevy_kira_audio::audio_output::play_dynamic_channels"},C:\Users\Antoi\.cargo\registry\src\index.crates.io-1949cf8c6b5b557f\bevy_ecs-0.18.1\src\system\function_system.rs,52,7904880,0.006145,27079,291,105,126233,1142.466190
system{name="forgia_fps::fire_weapon_minimal"},C:\Users\Antoi\.cargo\registry\src\index.crates.io-1949cf8c6b5b557f\bevy_ecs-0.18.1\src\system\function_system.rs,52,23108715,0.017963,7214,3203,297,96900,3967.561289
system{name="forgia_effects::emissive_fade_tick"},C:\Users\Antoi\.cargo\registry\src\index.crates.io-1949cf8c6b5b557f\bevy_ecs-0.18.1\src\system\function_system.rs,52,10402440,0.008086,27079,384,105,90030,834.904266
node{name="bevy_hanabi::render::VfxSimulateNode"},C:\Users\Antoi\.cargo\registry\src\index.crates.io-1949cf8c6b5b557f\bevy_render-0.18.1\src\renderer\graph_runner.rs,240,462914758,0.359827,27078,17095,873,349638,6592.970809
system{name="bevy_ui::accessibility::button_changed"},C:\Users\Antoi\.cargo\registry\src\index.crates.io-1949cf8c6b5b557f\bevy_ecs-0.18.1\src\system\function_system.rs,52,11948136,0.009287,27079,441,106,73947,702.583795
plugin build{plugin="forgia_fps::score::ArenaScorePlugin"},C:\Users\Antoi\.cargo\registry\src\index.crates.io-1949cf8c6b5b557f\bevy_app-0.18.1\src\app.rs,529,16549,0.000013,1,16549,16549,16549,0.000000
system{name="bevy_pbr::medium::init_scattering_medium_sampler"},C:\Users\Antoi\.cargo\registry\src\index.crates.io-1949cf8c6b5b557f\bevy_ecs-0.18.1\src\system\function_system.rs,52,2231,0.000002,1,2231,2231,2231,0.000000
asset loading{loader="bevy_image::image_loader::ImageLoader" asset="ui/menu_video/frame_0064.webp"},C:\Users\Antoi\.cargo\registry\src\index.crates.io-1949cf8c6b5b557f\bevy_asset-0.18.1\src\server\loaders.rs,332,14784636,0.011492,6,2464106,80,14748693,6018197.051991
system{name="bevy_asset::assets::Assets<bevy_image::image::Image>::asset_events"},C:\Users\Antoi\.cargo\registry\src\index.crates.io-1949cf8c6b5b557f\bevy_ecs-0.18.1\src\system\function_system.rs,52,1574543,0.001224,3318,474,239,4736,178.374786
system{name="bevy_render::render_phase::sweep_old_entities<bevy_pbr::render::light::Shadow>"},C:\Users\Antoi\.cargo\registry\src\index.crates.io-1949cf8c6b5b557f\bevy_ecs-0.18.1\src\system\function_system.rs,52,25435162,0.019771,27078,939,93,84731,2408.924513
plugin cleanup{plugin="bevy_render::sync_component::SyncComponentPlugin<bevy_anti_alias::smaa::Smaa>"},C:\Users\Antoi\.cargo\registry\src\index.crates.io-1949cf8c6b5b557f\bevy_app-0.18.1\src\app.rs,292,58,0.000000,1,58,58,58,0.000000
system{name="bevy_asset::assets::Assets<forgia_genome_core::Genome<forgia_stage::authored::ArenaLayoutsGenome>>::asset_events"},C:\Users\Antoi\.cargo\registry\src\index.crates.io-1949cf8c6b5b557f\bevy_ecs-0.18.1\src\system\function_system.rs,52,332,0.000000,1,332,332,332,0.000000
system{name="forgia_juice_lib::knockback::sys_init_knockback_genome"},C:\Users\Antoi\.cargo\registry\src\index.crates.io-1949cf8c6b5b557f\bevy_ecs-0.18.1\src\system\function_system.rs,52,4417027,0.003433,1,4417027,4417027,4417027,0.000000
system{name="bevy_anti_alias::smaa::prepare_smaa_textures"},C:\Users\Antoi\.cargo\registry\src\index.crates.io-1949cf8c6b5b557f\bevy_ecs-0.18.1\src\system\function_system.rs,52,14793672,0.011499,27078,546,167,68922,633.595623
system{name="forgia_mode_roguelite::enemy_anim::sys_hot_reload_enemy_anim_genome"},C:\Users\Antoi\.cargo\registry\src\index.crates.io-1949cf8c6b5b557f\bevy_ecs-0.18.1\src\system\function_system.rs,52,13044837,0.010140,25752,506,77,194095,4654.069743
system{name="forgia_mode_roguelite::mushrooms::sys_hot_reload_mushroom_genome"},C:\Users\Antoi\.cargo\registry\src\index.crates.io-1949cf8c6b5b557f\bevy_ecs-0.18.1\src\system\function_system.rs,52,10717144,0.008331,25752,416,83,80688,2584.776086
plugin finish{plugin="forgia_ui_lib::shop_panel::ForgiaUiShopPlugin"},C:\Users\Antoi\.cargo\registry\src\index.crates.io-1949cf8c6b5b557f\bevy_app-0.18.1\src\app.rs,272,51,0.000000,1,51,51,51,0.000000
system{name="forgia_mode_roguelite::render_quality::sys_hot_reload_render_genome"},C:\Users\Antoi\.cargo\registry\src\index.crates.io-1949cf8c6b5b557f\bevy_ecs-0.18.1\src\system\function_system.rs,52,10937058,0.008501,25752,424,86,65093,2481.425140
system{name="bevy_pbr::render::light::init_shadow_samplers"},C:\Users\Antoi\.cargo\registry\src\index.crates.io-1949cf8c6b5b557f\bevy_ecs-0.18.1\src\system\function_system.rs,52,88475,0.000069,1,88475,88475,88475,0.000000
system{name="bevy_asset::assets::Assets<bevy_scene::dynamic_scene::DynamicScene>::asset_events_condition"},C:\Users\Antoi\.cargo\registry\src\index.crates.io-1949cf8c6b5b557f\bevy_ecs-0.18.1\src\system\function_system.rs,52,3264556,0.002538,27079,120,55,94480,577.757783
plugin finish{plugin="forgia_viewmodel::ForgiaViewmodelPlugin"},C:\Users\Antoi\.cargo\registry\src\index.crates.io-1949cf8c6b5b557f\bevy_app-0.18.1\src\app.rs,272,53,0.000000,1,53,53,53,0.000000
system{name="bevy_pbr::material::extract_entities_needs_specialization<bevy_pbr::extended_material::ExtendedMaterial<bevy_pbr::pbr_material::StandardMaterial, bevy_water::water::material::WaterMaterial>>"},C:\Users\Antoi\.cargo\registry\src\index.crates.io-1949cf8c6b5b557f\bevy_ecs-0.18.1\src\system\function_system.rs,52,21529316,0.016735,27079,795,282,57535,570.245557
node{name="bevy_ui_render::RunUiSubgraphOnUiViewNode"},C:\Users\Antoi\.cargo\registry\src\index.crates.io-1949cf8c6b5b557f\bevy_render-0.18.1\src\renderer\graph_runner.rs,240,643141801,0.499919,81234,7917,2129,133479,4389.530442
system_commands{name="bevy_pbr::atmosphere::resources::prepare_atmosphere_transforms"},C:\Users\Antoi\.cargo\registry\src\index.crates.io-1949cf8c6b5b557f\bevy_ecs-0.18.1\src\system\function_system.rs,54,2567026,0.001995,27078,94,50,1308,38.411782
asset loading{loader="bevy_image::image_loader::ImageLoader" asset="ui/menu_video/frame_0066.webp"},C:\Users\Antoi\.cargo\registry\src\index.crates.io-1949cf8c6b5b557f\bevy_asset-0.18.1\src\server\loaders.rs,332,14684110,0.011414,6,2447351,95,14649959,5978034.850035
system{name="bevy_render::render_phase::sort_phase_system<bevy_core_pipeline::core_2d::Transparent2d>"},C:\Users\Antoi\.cargo\registry\src\index.crates.io-1949cf8c6b5b557f\bevy_ecs-0.18.1\src\system\function_system.rs,52,10620331,0.008255,27078,392,88,61788,695.719366
system{name="bevy_asset::assets::Assets<forgia_genome_core::Genome<forgia_ui_lib::hud_ammo::tuning::AmmoHudTuning>>::asset_events_condition"},C:\Users\Antoi\.cargo\registry\src\index.crates.io-1949cf8c6b5b557f\bevy_ecs-0.18.1\src\system\function_system.rs,52,3306739,0.002570,27079,122,57,3322,58.889681
system{name="bevy_render::view::window::need_surface_configuration"},C:\Users\Antoi\.cargo\registry\src\index.crates.io-1949cf8c6b5b557f\bevy_ecs-0.18.1\src\system\function_system.rs,52,10992965,0.008545,27078,405,115,60933,513.516973
system{name="forgia_mode_roguelite::decor::sys_calibrate_decor"},C:\Users\Antoi\.cargo\registry\src\index.crates.io-1949cf8c6b5b557f\bevy_ecs-0.18.1\src\system\function_system.rs,52,8974297,0.006976,25752,348,127,84164,779.375583
plugin finish{plugin="forgia_postprocess::toon::ForgiaPpToonPlugin"},C:\Users\Antoi\.cargo\registry\src\index.crates.io-1949cf8c6b5b557f\bevy_app-0.18.1\src\app.rs,272,73,0.000000,1,73,73,73,0.000000
plugin cleanup{plugin="forgia_player::skybox_genome::SkyboxGenomePlugin"},C:\Users\Antoi\.cargo\registry\src\index.crates.io-1949cf8c6b5b557f\bevy_app-0.18.1\src\app.rs,292,70,0.000000,1,70,70,70,0.000000
plugin build{plugin="bevy_camera::visibility::range::VisibilityRangePlugin"},C:\Users\Antoi\.cargo\registry\src\index.crates.io-1949cf8c6b5b557f\bevy_app-0.18.1\src\app.rs,529,8409,0.000007,1,8409,8409,8409,0.000000
asset loading{loader="bevy_shader::shader::ShaderLoader" asset="embedded://bevy_ui_render\\gradient.wgsl"},C:\Users\Antoi\.cargo\registry\src\index.crates.io-1949cf8c6b5b557f\bevy_asset-0.18.1\src\server\loaders.rs,332,366688,0.000285,2,183344,72,366616,259185.748003
plugin finish{plugin="bevy_render::extract_instances::ExtractInstancesPlugin<bevy_pbr::light_probe::environment_map::EnvironmentMapIds>"},C:\Users\Antoi\.cargo\registry\src\index.crates.io-1949cf8c6b5b557f\bevy_app-0.18.1\src\app.rs,272,61,0.000000,1,61,61,61,0.000000
system{name="forgia_rpg::register_sample_quests"},C:\Users\Antoi\.cargo\registry\src\index.crates.io-1949cf8c6b5b557f\bevy_ecs-0.18.1\src\system\function_system.rs,52,15709,0.000012,1,15709,15709,15709,0.000000
system_commands{name="bevy_egui::render::systems::queue_bind_groups_system"},C:\Users\Antoi\.cargo\registry\src\index.crates.io-1949cf8c6b5b557f\bevy_ecs-0.18.1\src\system\function_system.rs,54,60429685,0.046972,27078,2231,926,1441465,8922.100630
plugin finish{plugin="forgia_effects::damage_numbers::ForgiaDamageNumbersPlugin"},C:\Users\Antoi\.cargo\registry\src\index.crates.io-1949cf8c6b5b557f\bevy_app-0.18.1\src\app.rs,272,55,0.000000,1,55,55,55,0.000000
plugin cleanup{plugin="forgia_ui_lib::damage_direction::ForgiaUiDamageDirectionPlugin"},C:\Users\Antoi\.cargo\registry\src\index.crates.io-1949cf8c6b5b557f\bevy_app-0.18.1\src\app.rs,292,71,0.000000,1,71,71,71,0.000000
asset loading{loader="bevy_kira_audio::source::ogg_loader::OggLoader" asset="audio/roguelite/sfx/weakspot.ogg"},C:\Users\Antoi\.cargo\registry\src\index.crates.io-1949cf8c6b5b557f\bevy_asset-0.18.1\src\server\loaders.rs,332,823645,0.000640,5,164729,120,803352,357074.777380
asset loading{loader="bevy_image::image_loader::ImageLoader" asset="ui/menu_video/frame_0012.webp"},C:\Users\Antoi\.cargo\registry\src\index.crates.io-1949cf8c6b5b557f\bevy_asset-0.18.1\src\server\loaders.rs,332,30606736,0.023791,8,3825842,140,15826611,7077188.905857
system{name="bevy_asset::assets::Assets<forgia_genome_core::Genome<forgia_rpg_data::boons::BoonsCatalogue>>::asset_events_condition"},C:\Users\Antoi\.cargo\registry\src\index.crates.io-1949cf8c6b5b557f\bevy_ecs-0.18.1\src\system\function_system.rs,52,2666771,0.002073,27079,98,53,12629,105.155039
plugin build{plugin="forgia_viewmodel::ForgiaViewmodelPlugin"},C:\Users\Antoi\.cargo\registry\src\index.crates.io-1949cf8c6b5b557f\bevy_app-0.18.1\src\app.rs,529,296694,0.000231,1,296694,296694,296694,0.000000
system{name="forgia_observability::inventory_sensor::sys_write_inventory_sensor"},C:\Users\Antoi\.cargo\registry\src\index.crates.io-1949cf8c6b5b557f\bevy_ecs-0.18.1\src\system\function_system.rs,52,12112615,0.009415,27079,447,118,79105,583.429844
plugin build{plugin="bevy_camera::CameraPlugin"},C:\Users\Antoi\.cargo\registry\src\index.crates.io-1949cf8c6b5b557f\bevy_app-0.18.1\src\app.rs,529,164376,0.000128,1,164376,164376,164376,0.000000
system{name="bevy_post_process::dof::prepare_depth_of_field_global_bind_group"},C:\Users\Antoi\.cargo\registry\src\index.crates.io-1949cf8c6b5b557f\bevy_ecs-0.18.1\src\system\function_system.rs,52,6260778,0.004867,27078,231,90,70039,615.675694
system{name="bevy_state::state::transitions::run_exit<forgia_core::states::WorldMode>"},C:\Users\Antoi\.cargo\registry\src\index.crates.io-1949cf8c6b5b557f\bevy_ecs-0.18.1\src\system\function_system.rs,52,3562207,0.002769,27080,131,55,95854,867.504718
plugin cleanup{plugin="bevy_render::extract_component::ExtractComponentPlugin<bevy_post_process::effect_stack::ChromaticAberration>"},C:\Users\Antoi\.cargo\registry\src\index.crates.io-1949cf8c6b5b557f\bevy_app-0.18.1\src\app.rs,292,58,0.000000,1,58,58,58,0.000000
plugin cleanup{plugin="bevy_render::extract_component::ExtractComponentPlugin<bevy_render::gpu_readback::Readback>"},C:\Users\Antoi\.cargo\registry\src\index.crates.io-1949cf8c6b5b557f\bevy_app-0.18.1\src\app.rs,292,104,0.000000,1,104,104,104,0.000000
system_commands{name="forgia_mode_roguelite::element_vfx::sys_spawn_reaction_vfx"},C:\Users\Antoi\.cargo\registry\src\index.crates.io-1949cf8c6b5b557f\bevy_ecs-0.18.1\src\system\function_system.rs,54,1733515,0.001347,25752,67,50,80217,516.002666
plugin finish{plugin="bevy_input::InputPlugin"},C:\Users\Antoi\.cargo\registry\src\index.crates.io-1949cf8c6b5b557f\bevy_app-0.18.1\src\app.rs,272,58,0.000000,1,58,58,58,0.000000
plugin build{plugin="bevy_pbr::deferred::DeferredPbrLightingPlugin"},C:\Users\Antoi\.cargo\registry\src\index.crates.io-1949cf8c6b5b557f\bevy_app-0.18.1\src\app.rs,529,44202,0.000034,1,44202,44202,44202,0.000000
plugin finish{plugin="bevy_core_pipeline::core_3d::Core3dPlugin"},C:\Users\Antoi\.cargo\registry\src\index.crates.io-1949cf8c6b5b557f\bevy_app-0.18.1\src\app.rs,272,54,0.000000,1,54,54,54,0.000000
plugin cleanup{plugin="bevy_pbr::decal::clustered::ClusteredDecalPlugin"},C:\Users\Antoi\.cargo\registry\src\index.crates.io-1949cf8c6b5b557f\bevy_app-0.18.1\src\app.rs,292,55,0.000000,1,55,55,55,0.000000
plugin finish{plugin="bevy_render::sync_world::SyncWorldPlugin"},C:\Users\Antoi\.cargo\registry\src\index.crates.io-1949cf8c6b5b557f\bevy_app-0.18.1\src\app.rs,272,121,0.000000,1,121,121,121,0.000000
asset loading{loader="bevy_shader::shader::ShaderLoader" asset="embedded://bevy_pbr\\lightmap\\lightmap.wgsl"},C:\Users\Antoi\.cargo\registry\src\index.crates.io-1949cf8c6b5b557f\bevy_asset-0.18.1\src\server\loaders.rs,332,147770,0.000115,2,73885,122,147648,104316.635001
plugin cleanup{plugin="bevy_pbr::material::MaterialPlugin<bevy_pbr::extended_material::ExtendedMaterial<bevy_pbr::pbr_material::StandardMaterial, bevy_water::water::material::WaterMaterial>>"},C:\Users\Antoi\.cargo\registry\src\index.crates.io-1949cf8c6b5b557f\bevy_app-0.18.1\src\app.rs,292,112,0.000000,1,112,112,112,0.000000
system{name="forgia_mode_roguelite::enemy_anim::sys_write_enemy_anim_sensor"},C:\Users\Antoi\.cargo\registry\src\index.crates.io-1949cf8c6b5b557f\bevy_ecs-0.18.1\src\system\function_system.rs,52,8035709,0.006246,25752,312,118,12247,227.369488
system{name="forgia_combat::ultimate::sys_write_ultimate_sensor"},C:\Users\Antoi\.cargo\registry\src\index.crates.io-1949cf8c6b5b557f\bevy_ecs-0.18.1\src\system\function_system.rs,52,5094716,0.003960,27079,188,66,91867,658.043498
system{name="bevy_ecs::schedule::condition::common_conditions::resource_changed<bevy_water::water::WaterSettings>"},C:\Users\Antoi\.cargo\registry\src\index.crates.io-1949cf8c6b5b557f\bevy_ecs-0.18.1\src\system\function_system.rs,52,5626089,0.004373,54158,103,53,93316,712.630892
plugin build{plugin="forgia_mode_roguelite::ForgiaModeRoguelitePlugin"},C:\Users\Antoi\.cargo\registry\src\index.crates.io-1949cf8c6b5b557f\bevy_app-0.18.1\src\app.rs,529,14443169,0.011227,1,14443169,14443169,14443169,0.000000
asset loading{loader="bevy_image::image_loader::ImageLoader" asset="ui/menu_video/frame_0032.webp"},C:\Users\Antoi\.cargo\registry\src\index.crates.io-1949cf8c6b5b557f\bevy_asset-0.18.1\src\server\loaders.rs,332,15109053,0.011744,7,2158436,132,15077446,5696749.284388
plugin build{plugin="bevy_render::view::window::WindowRenderPlugin"},C:\Users\Antoi\.cargo\registry\src\index.crates.io-1949cf8c6b5b557f\bevy_app-0.18.1\src\app.rs,529,111087,0.000086,1,111087,111087,111087,0.000000
system{name="bevy_sprite_render::mesh2d::material::extract_entities_needs_specialization<bevy_sprite_render::tilemap_chunk::tilemap_chunk_material::TilemapChunkMaterial>"},C:\Users\Antoi\.cargo\registry\src\index.crates.io-1949cf8c6b5b557f\bevy_ecs-0.18.1\src\system\function_system.rs,52,15370577,0.011948,27079,567,92,47237,457.611269
plugin cleanup{plugin="bevy_post_process::msaa_writeback::MsaaWritebackPlugin"},C:\Users\Antoi\.cargo\registry\src\index.crates.io-1949cf8c6b5b557f\bevy_app-0.18.1\src\app.rs,292,53,0.000000,1,53,53,53,0.000000
plugin build{plugin="bevy_pbr::decal::forward::ForwardDecalPlugin"},C:\Users\Antoi\.cargo\registry\src\index.crates.io-1949cf8c6b5b557f\bevy_app-0.18.1\src\app.rs,529,130273,0.000101,1,130273,130273,130273,0.000000
plugin cleanup{plugin="bevy_sprite_render::mesh2d::material::Material2dPlugin<bevy_sprite_render::tilemap_chunk::tilemap_chunk_material::TilemapChunkMaterial>"},C:\Users\Antoi\.cargo\registry\src\index.crates.io-1949cf8c6b5b557f\bevy_app-0.18.1\src\app.rs,292,57,0.000000,1,57,57,57,0.000000
system{name="forgia_worldgen::streaming::sys_stream_city"},C:\Users\Antoi\.cargo\registry\src\index.crates.io-1949cf8c6b5b557f\bevy_ecs-0.18.1\src\system\function_system.rs,52,11755485,0.009138,25752,456,165,134396,1026.839131
system{name="leafwing_input_manager::systems::swap_to_fixed_update<forgia_input::PlayerAction>"},C:\Users\Antoi\.cargo\registry\src\index.crates.io-1949cf8c6b5b557f\bevy_ecs-0.18.1\src\system\function_system.rs,52,18199925,0.014147,27079,672,85,173966,1288.849317
plugin finish{plugin="bevy_render::extract_component::ExtractComponentPlugin<bevy_core_pipeline::skybox::Skybox>"},C:\Users\Antoi\.cargo\registry\src\index.crates.io-1949cf8c6b5b557f\bevy_app-0.18.1\src\app.rs,272,103,0.000000,1,103,103,103,0.000000
system{name="bevy_core_pipeline::experimental::mip_generation::create_downsample_depth_pipelines"},C:\Users\Antoi\.cargo\registry\src\index.crates.io-1949cf8c6b5b557f\bevy_ecs-0.18.1\src\system\function_system.rs,52,6290304,0.004890,27078,232,83,149136,998.541742
system{name="forgia_observability::input_sensor::sys_track_input_accum"},C:\Users\Antoi\.cargo\registry\src\index.crates.io-1949cf8c6b5b557f\bevy_ecs-0.18.1\src\system\function_system.rs,52,21419239,0.016649,27079,790,137,83979,845.992118
system{name="bevy_render::render_asset::reset_render_asset_bytes_per_frame"},C:\Users\Antoi\.cargo\registry\src\index.crates.io-1949cf8c6b5b557f\bevy_ecs-0.18.1\src\system\function_system.rs,52,4521652,0.003515,27078,166,80,11114,172.782450
plugin build{plugin="forgia_effects::arena_feedback::ArenaFeedbackPlugin"},C:\Users\Antoi\.cargo\registry\src\index.crates.io-1949cf8c6b5b557f\bevy_app-0.18.1\src\app.rs,529,6513,0.000005,1,6513,6513,6513,0.000000
asset loading{loader="bevy_image::image_loader::ImageLoader" asset="ui/menu_video/frame_0092.webp"},C:\Users\Antoi\.cargo\registry\src\index.crates.io-1949cf8c6b5b557f\bevy_asset-0.18.1\src\server\loaders.rs,332,14035261,0.010910,6,2339210,158,14002588,5713867.113179
system{name="bevy_hanabi::render::allocate_metadata"},C:\Users\Antoi\.cargo\registry\src\index.crates.io-1949cf8c6b5b557f\bevy_ecs-0.18.1\src\system\function_system.rs,52,16005518,0.012441,27078,591,213,84857,654.739119
system{name="bevy_winit::accessibility::should_update_accessibility_nodes"},C:\Users\Antoi\.cargo\registry\src\index.crates.io-1949cf8c6b5b557f\bevy_ecs-0.18.1\src\system\function_system.rs,52,9272407,0.007208,27079,342,102,98926,875.285698
plugin cleanup{plugin="forgia_ui_lib::hud_ammo::ForgiaUiHudAmmoPlugin"},C:\Users\Antoi\.cargo\registry\src\index.crates.io-1949cf8c6b5b557f\bevy_app-0.18.1\src\app.rs,292,54,0.000000,1,54,54,54,0.000000
system_commands{name="bevy_pbr::atmosphere::environment::init_atmosphere_probe_layout"},C:\Users\Antoi\.cargo\registry\src\index.crates.io-1949cf8c6b5b557f\bevy_ecs-0.18.1\src\system\function_system.rs,54,2391,0.000002,1,2391,2391,2391,0.000000
asset loading{loader="bevy_shader::shader::ShaderLoader" asset="embedded://bevy_pbr\\ssao\\preprocess_depth.wgsl"},C:\Users\Antoi\.cargo\registry\src\index.crates.io-1949cf8c6b5b557f\bevy_asset-0.18.1\src\server\loaders.rs,332,210725,0.000164,2,105362,75,210650,148899.010450
plugin finish{plugin="bevy_picking::PickingPlugin"},C:\Users\Antoi\.cargo\registry\src\index.crates.io-1949cf8c6b5b557f\bevy_app-0.18.1\src\app.rs,272,60,0.000000,1,60,60,60,0.000000
plugin build{plugin="bevy_state::app::StatesPlugin"},C:\Users\Antoi\.cargo\registry\src\index.crates.io-1949cf8c6b5b557f\bevy_app-0.18.1\src\app.rs,529,50135,0.000039,1,50135,50135,50135,0.000000
system{name="bevy_picking::hover::update_is_hovered"},C:\Users\Antoi\.cargo\registry\src\index.crates.io-1949cf8c6b5b557f\bevy_ecs-0.18.1\src\system\function_system.rs,52,7066495,0.005493,27079,260,107,12482,143.705703
system{name="bevy_pbr::material::sweep_entities_needing_specialization<bevy_pbr::pbr_material::StandardMaterial>"},C:\Users\Antoi\.cargo\registry\src\index.crates.io-1949cf8c6b5b557f\bevy_ecs-0.18.1\src\system\function_system.rs,52,8057699,0.006263,27078,297,71,38865,437.531117
plugin build{plugin="forgia_ui_lib::hud::energy::EnergyOverlayPlugin"},C:\Users\Antoi\.cargo\registry\src\index.crates.io-1949cf8c6b5b557f\bevy_app-0.18.1\src\app.rs,529,28366,0.000022,1,28366,28366,28366,0.000000
run_graph{name="SubGraphUi"},C:\Users\Antoi\.cargo\registry\src\index.crates.io-1949cf8c6b5b557f\bevy_render-0.18.1\src\renderer\graph_runner.rs,121,219223112,0.170404,81234,2698,1062,99255,1339.044062
system{name="bevy_core_pipeline::skybox::prepass::prepare_skybox_prepass_pipelines"},C:\Users\Antoi\.cargo\registry\src\index.crates.io-1949cf8c6b5b557f\bevy_ecs-0.18.1\src\system\function_system.rs,52,6582843,0.005117,27078,243,84,35035,291.412662
plugin build{plugin="forgia_qa_replay::plugin::ForgiaQaReplayPlugin"},C:\Users\Antoi\.cargo\registry\src\index.crates.io-1949cf8c6b5b557f\bevy_app-0.18.1\src\app.rs,529,40136,0.000031,1,40136,40136,40136,0.000000
system{name="bevy_core_pipeline::fullscreen_material::extract_on_add<forgia_postprocess::toon::ToonSettings>"},C:\Users\Antoi\.cargo\registry\src\index.crates.io-1949cf8c6b5b557f\bevy_ecs-0.18.1\src\system\function_system.rs,52,246165192,0.191346,27078,9090,4438,298388,4577.044243
system{name="bevy_asset::assets::Assets<bevy_scene::dynamic_scene::DynamicScene>::track_assets"},C:\Users\Antoi\.cargo\registry\src\index.crates.io-1949cf8c6b5b557f\bevy_ecs-0.18.1\src\system\function_system.rs,52,23860951,0.018547,27079,881,222,271924,2799.235212
system{name="forgia_streaming::load_streaming_genome"},C:\Users\Antoi\.cargo\registry\src\index.crates.io-1949cf8c6b5b557f\bevy_ecs-0.18.1\src\system\function_system.rs,52,5458078,0.004243,1,5458078,5458078,5458078,0.000000
system{name="bevy_gizmos::aabb::draw_aabbs"},C:\Users\Antoi\.cargo\registry\src\index.crates.io-1949cf8c6b5b557f\bevy_ecs-0.18.1\src\system\function_system.rs,52,19463680,0.015129,27079,718,219,3370711,20483.557698
plugin finish{plugin="bevy_render::sync_component::SyncComponentPlugin<bevy_camera::camera::CameraMainTextureUsages>"},C:\Users\Antoi\.cargo\registry\src\index.crates.io-1949cf8c6b5b557f\bevy_app-0.18.1\src\app.rs,272,55,0.000000,1,55,55,55,0.000000
system_commands{name="bevy_post_process::bloom::downsampling_pipeline::init_bloom_downsampling_pipeline"},C:\Users\Antoi\.cargo\registry\src\index.crates.io-1949cf8c6b5b557f\bevy_ecs-0.18.1\src\system\function_system.rs,54,539,0.000000,1,539,539,539,0.000000
plugin cleanup{plugin="bevy_app::main_schedule::MainSchedulePlugin"},C:\Users\Antoi\.cargo\registry\src\index.crates.io-1949cf8c6b5b557f\bevy_app-0.18.1\src\app.rs,292,69,0.000000,1,69,69,69,0.000000
asset loading{loader="bevy_image::image_loader::ImageLoader" asset="textures/vfx/kenney/muzzle_01.png"},C:\Users\Antoi\.cargo\registry\src\index.crates.io-1949cf8c6b5b557f\bevy_asset-0.18.1\src\server\loaders.rs,332,738816,0.000574,4,184704,93,505479,240339.219197
system_commands{name="bevy_pbr::deferred::prepare_deferred_lighting_pipelines"},C:\Users\Antoi\.cargo\registry\src\index.crates.io-1949cf8c6b5b557f\bevy_ecs-0.18.1\src\system\function_system.rs,54,28360416,0.022045,27078,1047,398,161527,1295.905655
system_commands{name="bevy_pbr::cluster::init_global_clusterable_object_meta"},C:\Users\Antoi\.cargo\registry\src\index.crates.io-1949cf8c6b5b557f\bevy_ecs-0.18.1\src\system\function_system.rs,54,913,0.000001,1,913,913,913,0.000000
asset loading{loader="bevy_kira_audio::source::ogg_loader::OggLoader" asset="audio/roguelite/sfx/ding_gold.ogg"},C:\Users\Antoi\.cargo\registry\src\index.crates.io-1949cf8c6b5b557f\bevy_asset-0.18.1\src\server\loaders.rs,332,1403566,0.001091,4,350891,215,1389419,692371.695371
system{name="forgia_mode_roguelite::head_hitbox::sys_track_head_proxies"},C:\Users\Antoi\.cargo\registry\src\index.crates.io-1949cf8c6b5b557f\bevy_ecs-0.18.1\src\system\function_system.rs,52,14102462,0.010962,25752,547,103,191248,1369.804900
plugin cleanup{plugin="forgia_rpg_data::xp_curves::ForgiaXpCurvesPlugin"},C:\Users\Antoi\.cargo\registry\src\index.crates.io-1949cf8c6b5b557f\bevy_app-0.18.1\src\app.rs,292,52,0.000000,1,52,52,52,0.000000
plugin build{plugin="bevy_anti_alias::smaa::SmaaPlugin"},C:\Users\Antoi\.cargo\registry\src\index.crates.io-1949cf8c6b5b557f\bevy_app-0.18.1\src\app.rs,529,97505,0.000076,1,97505,97505,97505,0.000000
plugin finish{plugin="bevy_app::task_pool_plugin::TaskPoolPlugin"},C:\Users\Antoi\.cargo\registry\src\index.crates.io-1949cf8c6b5b557f\bevy_app-0.18.1\src\app.rs,272,662,0.000001,1,662,662,662,0.000000
system{name="bevy_hanabi::render::allocate_effects"},C:\Users\Antoi\.cargo\registry\src\index.crates.io-1949cf8c6b5b557f\bevy_ecs-0.18.1\src\system\function_system.rs,52,28063406,0.021814,27078,1036,358,3507692,21435.299593
check_conditions{name="forgia_fps::track_left_mouse_state"},C:\Users\Antoi\.cargo\registry\src\index.crates.io-1949cf8c6b5b557f\bevy_ecs-0.18.1\src\schedule\executor\single_threaded.rs,83,43891893,0.034118,27079,1620,755,140034,2155.237437
plugin finish{plugin="bevy_anti_alias::contrast_adaptive_sharpening::CasPlugin"},C:\Users\Antoi\.cargo\registry\src\index.crates.io-1949cf8c6b5b557f\bevy_app-0.18.1\src\app.rs,272,55,0.000000,1,55,55,55,0.000000
plugin build{plugin="forgia_player::ForgiaPlayerPlugin"},C:\Users\Antoi\.cargo\registry\src\index.crates.io-1949cf8c6b5b557f\bevy_app-0.18.1\src\app.rs,529,288609,0.000224,1,288609,288609,288609,0.000000
system{name="bevy_ui::stack::ui_stack_system"},C:\Users\Antoi\.cargo\registry\src\index.crates.io-1949cf8c6b5b557f\bevy_ecs-0.18.1\src\system\function_system.rs,52,34835309,0.027078,27079,1286,450,40676,641.870920
system{name="forgia_mode_roguelite::shockwave::sys_shockwave_input"},C:\Users\Antoi\.cargo\registry\src\index.crates.io-1949cf8c6b5b557f\bevy_ecs-0.18.1\src\system\function_system.rs,52,14104854,0.010964,25752,547,192,91610,709.858274
system{name="bevy_sprite_render::text2d::extract_text2d_sprite"},C:\Users\Antoi\.cargo\registry\src\index.crates.io-1949cf8c6b5b557f\bevy_ecs-0.18.1\src\system\function_system.rs,52,40381540,0.031389,27079,1491,435,349808,2454.162247
system{name="forgia_foliage::material_override::preload_bark_textures"},C:\Users\Antoi\.cargo\registry\src\index.crates.io-1949cf8c6b5b557f\bevy_ecs-0.18.1\src\system\function_system.rs,52,26616,0.000021,1,26616,26616,26616,0.000000
system{name="forgia_effects::hitmarker::draw_cartoon_stars"},C:\Users\Antoi\.cargo\registry\src\index.crates.io-1949cf8c6b5b557f\bevy_ecs-0.18.1\src\system\function_system.rs,52,9456946,0.007351,27079,349,65,21146,398.635756
system_commands{name="bevy_rapier3d::plugin::systems::character_controller::update_character_controls"},C:\Users\Antoi\.cargo\registry\src\index.crates.io-1949cf8c6b5b557f\bevy_ecs-0.18.1\src\system\function_system.rs,54,1445452,0.001124,7925,182,61,78444,1084.842872
system{name="bevy_pbr::light_probe::generate::initialize_generated_environment_map_resources"},C:\Users\Antoi\.cargo\registry\src\index.crates.io-1949cf8c6b5b557f\bevy_ecs-0.18.1\src\system\function_system.rs,52,80985,0.000063,1,80985,80985,80985,0.000000
system_commands{name="bevy_pbr::lightmap::init_render_lightmaps"},C:\Users\Antoi\.cargo\registry\src\index.crates.io-1949cf8c6b5b557f\bevy_ecs-0.18.1\src\system\function_system.rs,54,846,0.000001,1,846,846,846,0.000000
system{name="forgia_qa_replay::recorder::capture_keyboard_input_system"},C:\Users\Antoi\.cargo\registry\src\index.crates.io-1949cf8c6b5b557f\bevy_ecs-0.18.1\src\system\function_system.rs,52,6932848,0.005389,27079,256,96,16593,173.917057
system{name="bevy_input::mouse::mouse_button_input_system"},C:\Users\Antoi\.cargo\registry\src\index.crates.io-1949cf8c6b5b557f\bevy_ecs-0.18.1\src\system\function_system.rs,52,9820116,0.007633,27079,362,107,29390,303.194375
asset loading{loader="bevy_shader::shader::ShaderLoader" asset="embedded://bevy_pbr\\deferred/pbr_deferred_functions.wgsl"},C:\Users\Antoi\.cargo\registry\src\index.crates.io-1949cf8c6b5b557f\bevy_asset-0.18.1\src\server\loaders.rs,332,295409,0.000230,2,147704,65,295344,208793.783243
system{name="bevy_pbr::prepass::queue_prepass_material_meshes"},C:\Users\Antoi\.cargo\registry\src\index.crates.io-1949cf8c6b5b557f\bevy_ecs-0.18.1\src\system\function_system.rs,52,22991648,0.017872,27078,849,408,90521,1128.948565
function_scope{epaint::text::text_layout::layout},C:\Users\Antoi\.cargo\registry\src\index.crates.io-1949cf8c6b5b557f\epaint-0.33.3\src\text\text_layout.rs,79,207189290,0.161050,44632,4642,306,3363071,30506.828478
plugin build{plugin="bevy_render::render_phase::BinnedRenderPhasePlugin<bevy_core_pipeline::core_3d::AlphaMask3d, bevy_pbr::render::mesh::MeshPipeline>"},C:\Users\Antoi\.cargo\registry\src\index.crates.io-1949cf8c6b5b557f\bevy_app-0.18.1\src\app.rs,529,40792,0.000032,1,40792,40792,40792,0.000000
plugin cleanup{plugin="bevy_render::extract_component::UniformComponentPlugin<forgia_postprocess::toon::ToonSettings>"},C:\Users\Antoi\.cargo\registry\src\index.crates.io-1949cf8c6b5b557f\bevy_app-0.18.1\src\app.rs,292,54,0.000000,1,54,54,54,0.000000
plugin build{plugin="bevy_image::texture_atlas::TextureAtlasPlugin"},C:\Users\Antoi\.cargo\registry\src\index.crates.io-1949cf8c6b5b557f\bevy_app-0.18.1\src\app.rs,529,50823,0.000040,1,50823,50823,50823,0.000000
system_commands{name="forgia_enemy_nameplate::promote_anchored_to_permanent"},C:\Users\Antoi\.cargo\registry\src\index.crates.io-1949cf8c6b5b557f\bevy_ecs-0.18.1\src\system\function_system.rs,54,2290213,0.001780,27079,84,51,74621,607.709563
system{name="bevy_asset::server::publish_asset_server_diagnostics"},C:\Users\Antoi\.cargo\registry\src\index.crates.io-1949cf8c6b5b557f\bevy_ecs-0.18.1\src\system\function_system.rs,52,34582351,0.026881,27079,1277,268,1380410,10181.350017
system_commands{name="bevy_render::extract_component::extract_components<bevy_pbr::atmosphere::Atmosphere>"},C:\Users\Antoi\.cargo\registry\src\index.crates.io-1949cf8c6b5b557f\bevy_ecs-0.18.1\src\system\function_system.rs,54,12395838,0.009635,27078,457,183,86988,613.386430
system{name="bevy_core_pipeline::skybox::init_skybox_pipeline"},C:\Users\Antoi\.cargo\registry\src\index.crates.io-1949cf8c6b5b557f\bevy_ecs-0.18.1\src\system\function_system.rs,52,14943,0.000012,1,14943,14943,14943,0.000000
plugin finish{plugin="bevy_render::sync_component::SyncComponentPlugin<bevy_pbr::atmosphere::environment::AtmosphereEnvironmentMap>"},C:\Users\Antoi\.cargo\registry\src\index.crates.io-1949cf8c6b5b557f\bevy_app-0.18.1\src\app.rs,272,56,0.000000,1,56,56,56,0.000000
system{name="bevy_asset::assets::Assets<bevy_pbr::extended_material::ExtendedMaterial<bevy_pbr::pbr_material::StandardMaterial, bevy_water::water::material::WaterMaterial>>::asset_events"},C:\Users\Antoi\.cargo\registry\src\index.crates.io-1949cf8c6b5b557f\bevy_ecs-0.18.1\src\system\function_system.rs,52,29424369,0.022872,27079,1086,515,211500,1372.130171
system{name="bevy_render::extract_component::extract_components<bevy_camera::components::Camera2d>"},C:\Users\Antoi\.cargo\registry\src\index.crates.io-1949cf8c6b5b557f\bevy_ecs-0.18.1\src\system\function_system.rs,52,15724298,0.012223,27079,580,231,41188,484.362026
system{name="forgia_fps::despawn_dead_cubes"},C:\Users\Antoi\.cargo\registry\src\index.crates.io-1949cf8c6b5b557f\bevy_ecs-0.18.1\src\system\function_system.rs,52,15794356,0.012277,25752,613,157,82482,1015.795091
system_commands{name="forgia_mode_roguelite::render_quality::sys_apply_bloom"},C:\Users\Antoi\.cargo\registry\src\index.crates.io-1949cf8c6b5b557f\bevy_ecs-0.18.1\src\system\function_system.rs,54,2685606,0.002088,25752,104,51,39296,386.570136
system{name="forgia_fps::bourrasque::sys_write_bourrasque_sensor"},C:\Users\Antoi\.cargo\registry\src\index.crates.io-1949cf8c6b5b557f\bevy_ecs-0.18.1\src\system\function_system.rs,52,6450143,0.005014,27079,238,85,50481,402.852190
plugin finish{plugin="forgia_streaming::ForgiaStreamingPlugin"},C:\Users\Antoi\.cargo\registry\src\index.crates.io-1949cf8c6b5b557f\bevy_app-0.18.1\src\app.rs,272,55,0.000000,1,55,55,55,0.000000
system{name="forgia_mode_roguelite::decor::sys_decor_build_hull_colliders"},C:\Users\Antoi\.cargo\registry\src\index.crates.io-1949cf8c6b5b557f\bevy_ecs-0.18.1\src\system\function_system.rs,52,85757927,0.066660,25752,3330,147,11346092,138879.361636
system{name="bevy_asset::assets::Assets<forgia_genome_core::Genome<forgia_mode_fps_arena::ArenaBotsGenome>>::asset_events"},C:\Users\Antoi\.cargo\registry\src\index.crates.io-1949cf8c6b5b557f\bevy_ecs-0.18.1\src\system\function_system.rs,52,3312,0.000003,1,3312,3312,3312,0.000000
schedule{name=FixedMain},C:\Users\Antoi\.cargo\registry\src\index.crates.io-1949cf8c6b5b557f\bevy_ecs-0.18.1\src\schedule\schedule.rs,532,4382618147,3.406644,7925,553011,201928,20770963,321781.484344
compute_contacts,C:\Users\Antoi\.cargo\registry\src\index.crates.io-1949cf8c6b5b557f\rapier3d-0.31.0\src\geometry\narrow_phase.rs,806,26477184,0.020581,7925,3340,53,649822,7548.861075
system{name="forgia_mode_roguelite::poi::sys_clear_poi_on_run_start"},C:\Users\Antoi\.cargo\registry\src\index.crates.io-1949cf8c6b5b557f\bevy_ecs-0.18.1\src\system\function_system.rs,52,13848325,0.010764,25752,537,173,64566,625.084320
system{name="forgia_observability::npcs_sensor::sys_write_npcs_sensor"},C:\Users\Antoi\.cargo\registry\src\index.crates.io-1949cf8c6b5b557f\bevy_ecs-0.18.1\src\system\function_system.rs,52,20225618,0.015722,27079,746,201,88885,762.408744
system{name="bevy_egui::render::systems::queue_pipelines_system"},C:\Users\Antoi\.cargo\registry\src\index.crates.io-1949cf8c6b5b557f\bevy_ecs-0.18.1\src\system\function_system.rs,52,39424566,0.030645,27078,1455,603,82688,860.980331
system{name="leafwing_input_manager::systems::update_action_state<forgia_input::PlayerAction>"},C:\Users\Antoi\.cargo\registry\src\index.crates.io-1949cf8c6b5b557f\bevy_ecs-0.18.1\src\system\function_system.rs,52,817578974,0.635511,54158,15096,107,480182,6634.016170
plugin build{plugin="bevy_gizmos::light::LightGizmoPlugin"},C:\Users\Antoi\.cargo\registry\src\index.crates.io-1949cf8c6b5b557f\bevy_app-0.18.1\src\app.rs,529,40429,0.000031,1,40429,40429,40429,0.000000
plugin build{plugin="bevy_render::render_phase::SortedRenderPhasePlugin<bevy_core_pipeline::core_3d::Transmissive3d, bevy_pbr::render::mesh::MeshPipeline>"},C:\Users\Antoi\.cargo\registry\src\index.crates.io-1949cf8c6b5b557f\bevy_app-0.18.1\src\app.rs,529,22303,0.000017,1,22303,22303,22303,0.000000
system{name="bevy_render::render_phase::sort_phase_system<bevy_core_pipeline::core_3d::Transmissive3d>"},C:\Users\Antoi\.cargo\registry\src\index.crates.io-1949cf8c6b5b557f\bevy_ecs-0.18.1\src\system\function_system.rs,52,8262720,0.006423,27078,305,101,116847,740.703084
plugin cleanup{plugin="bevy_image::texture_atlas::TextureAtlasPlugin"},C:\Users\Antoi\.cargo\registry\src\index.crates.io-1949cf8c6b5b557f\bevy_app-0.18.1\src\app.rs,292,55,0.000000,1,55,55,55,0.000000
system_commands{name="forgia_worldgen::sys_load_kit"},C:\Users\Antoi\.cargo\registry\src\index.crates.io-1949cf8c6b5b557f\bevy_ecs-0.18.1\src\system\function_system.rs,54,7971,0.000006,1,7971,7971,7971,0.000000
asset loading{loader="bevy_gltf::loader::GltfLoader" asset="models/environment/inferno/Mound_008.glb"},C:\Users\Antoi\.cargo\registry\src\index.crates.io-1949cf8c6b5b557f\bevy_asset-0.18.1\src\server\loaders.rs,332,6326791,0.004918,4,1581697,183,6318124,3157618.448499
system_commands{name="forgia_mode_roguelite::status_vfx::sys_init_status_vfx_pool"},C:\Users\Antoi\.cargo\registry\src\index.crates.io-1949cf8c6b5b557f\bevy_ecs-0.18.1\src\system\function_system.rs,54,68456,0.000053,1,68456,68456,68456,0.000000
system{name="bevy_gizmos_render::pipeline_3d::queue_line_joint_gizmos_3d"},C:\Users\Antoi\.cargo\registry\src\index.crates.io-1949cf8c6b5b557f\bevy_ecs-0.18.1\src\system\function_system.rs,52,28274614,0.021978,27078,1044,479,86609,1012.966350
system{name="bevy_input::gamepad::gamepad_connection_system"},C:\Users\Antoi\.cargo\registry\src\index.crates.io-1949cf8c6b5b557f\bevy_ecs-0.18.1\src\system\function_system.rs,52,11012250,0.008560,27079,406,133,34125,245.793123
system{name="forgia_juice_screen_flash::draw_screen_flash"},C:\Users\Antoi\.cargo\registry\src\index.crates.io-1949cf8c6b5b557f\bevy_ecs-0.18.1\src\system\function_system.rs,52,25046271,0.019469,27079,924,193,86457,1149.272934
system{name="bevy_asset::assets::Assets<forgia_genome_core::Genome<forgia_killfeed::tuning::KillfeedTuning>>::track_assets"},C:\Users\Antoi\.cargo\registry\src\index.crates.io-1949cf8c6b5b557f\bevy_ecs-0.18.1\src\system\function_system.rs,52,27442660,0.021331,27079,1013,164,365160,5869.061712
system{name="bevy_ui_render::gradient::extract_gradients"},C:\Users\Antoi\.cargo\registry\src\index.crates.io-1949cf8c6b5b557f\bevy_ecs-0.18.1\src\system\function_system.rs,52,22636687,0.017596,27079,835,238,40261,489.325333
plugin finish{plugin="bevy_render::mesh::MeshRenderAssetPlugin"},C:\Users\Antoi\.cargo\registry\src\index.crates.io-1949cf8c6b5b557f\bevy_app-0.18.1\src\app.rs,272,60,0.000000,1,60,60,60,0.000000
system{name="forgia_mode_roguelite::hub::lobby_show_gameplay_hud"},C:\Users\Antoi\.cargo\registry\src\index.crates.io-1949cf8c6b5b557f\bevy_ecs-0.18.1\src\system\function_system.rs,52,144,0.000000,1,144,144,144,0.000000
system{name="bevy_ui_render::box_shadow::init_box_shadow_pipeline"},C:\Users\Antoi\.cargo\registry\src\index.crates.io-1949cf8c6b5b557f\bevy_ecs-0.18.1\src\system\function_system.rs,52,33509,0.000026,1,33509,33509,33509,0.000000
plugin cleanup{plugin="bevy_gizmos_render::pipeline_2d::LineGizmo2dPlugin"},C:\Users\Antoi\.cargo\registry\src\index.crates.io-1949cf8c6b5b557f\bevy_app-0.18.1\src\app.rs,292,55,0.000000,1,55,55,55,0.000000
system{name="forgia_mode_roguelite::sensor::sys_update_roguelite_telemetry"},C:\Users\Antoi\.cargo\registry\src\index.crates.io-1949cf8c6b5b557f\bevy_ecs-0.18.1\src\system\function_system.rs,52,8865185,0.006891,27079,327,118,86914,587.766115
plugin cleanup{plugin="bevy_post_process::PostProcessPlugin"},C:\Users\Antoi\.cargo\registry\src\index.crates.io-1949cf8c6b5b557f\bevy_app-0.18.1\src\app.rs,292,56,0.000000,1,56,56,56,0.000000
asset loading{loader="bevy_gltf::loader::GltfLoader" asset="models/environment/inferno/Gear_001.glb"},C:\Users\Antoi\.cargo\registry\src\index.crates.io-1949cf8c6b5b557f\bevy_asset-0.18.1\src\server\loaders.rs,332,6387228,0.004965,4,1596807,121,6368561,3181173.167637
asset loading{loader="forgia_genome_core::GenomeLoader<forgia_stage::RoguelitePoisGenome>" asset="genomes/roguelite_pois.toml"},C:\Users\Antoi\.cargo\registry\src\index.crates.io-1949cf8c6b5b557f\bevy_asset-0.18.1\src\server\loaders.rs,332,79122,0.000062,4,19780,177,72827,35440.166958
plugin build{plugin="forgia_player::skybox_genome::SkyboxGenomePlugin"},C:\Users\Antoi\.cargo\registry\src\index.crates.io-1949cf8c6b5b557f\bevy_app-0.18.1\src\app.rs,529,61511,0.000048,1,61511,61511,61511,0.000000
asset loading{loader="bevy_gltf::loader::GltfLoader" asset="models/environment/inferno/RockMid_003.glb"},C:\Users\Antoi\.cargo\registry\src\index.crates.io-1949cf8c6b5b557f\bevy_asset-0.18.1\src\server\loaders.rs,332,6530453,0.005076,4,1632613,171,6520226,3258409.968589
system_commands{name="bevy_core_pipeline::deferred::copy_lighting_id::init_copy_deferred_lighting_id_pipeline"},C:\Users\Antoi\.cargo\registry\src\index.crates.io-1949cf8c6b5b557f\bevy_ecs-0.18.1\src\system\function_system.rs,54,3937,0.000003,1,3937,3937,3937,0.000000
plugin finish{plugin="bevy_pbr::medium::ScatteringMediumPlugin"},C:\Users\Antoi\.cargo\registry\src\index.crates.io-1949cf8c6b5b557f\bevy_app-0.18.1\src\app.rs,272,55,0.000000,1,55,55,55,0.000000
system_commands{name="bevy_post_process::dof::init_dof_global_bind_group_layout"},C:\Users\Antoi\.cargo\registry\src\index.crates.io-1949cf8c6b5b557f\bevy_ecs-0.18.1\src\system\function_system.rs,54,3613,0.000003,1,3613,3613,3613,0.000000
system{name="forgia_viewmodel::arms_sensor::write_arms_sensor"},C:\Users\Antoi\.cargo\registry\src\index.crates.io-1949cf8c6b5b557f\bevy_ecs-0.18.1\src\system\function_system.rs,52,11742953,0.009128,25752,456,130,85707,905.108560
{shadow_directional_light_1_cascade_2},C:\Users\Antoi\.cargo\registry\src\index.crates.io-1949cf8c6b5b557f\bevy_pbr-0.18.1\src\render\light.rs,2326,2150647331,1.671715,25749,83523,15748,1606644,26570.865363
plugin cleanup{plugin="bevy_app::propagate::HierarchyPropagatePlugin<bevy_ui::ui_node::ComputedUiRenderTargetInfo>"},C:\Users\Antoi\.cargo\registry\src\index.crates.io-1949cf8c6b5b557f\bevy_app-0.18.1\src\app.rs,292,69,0.000000,1,69,69,69,0.000000
system{name="bevy_gilrs::gilrs_system::gilrs_event_system"},C:\Users\Antoi\.cargo\registry\src\index.crates.io-1949cf8c6b5b557f\bevy_ecs-0.18.1\src\system\function_system.rs,52,42575038,0.033094,27079,1572,653,75477,878.968028
system_commands{name="bevy_render::extract_component::prepare_uniform_components<bevy_pbr::atmosphere::GpuAtmosphereSettings>"},C:\Users\Antoi\.cargo\registry\src\index.crates.io-1949cf8c6b5b557f\bevy_ecs-0.18.1\src\system\function_system.rs,54,2267871,0.001763,27078,83,50,3136,36.483774
plugin finish{plugin="bevy_core_pipeline::CorePipelinePlugin"},C:\Users\Antoi\.cargo\registry\src\index.crates.io-1949cf8c6b5b557f\bevy_app-0.18.1\src\app.rs,272,56,0.000000,1,56,56,56,0.000000
schedule{name=PostUpdate},C:\Users\Antoi\.cargo\registry\src\index.crates.io-1949cf8c6b5b557f\bevy_ecs-0.18.1\src\schedule\schedule.rs,532,50189223376,39.012482,27079,1853437,868515,82089354,1284689.064994
plugin cleanup{plugin="bevy_render::extract_resource::ExtractResourcePlugin<bevy_egui::EguiUserTextures>"},C:\Users\Antoi\.cargo\registry\src\index.crates.io-1949cf8c6b5b557f\bevy_app-0.18.1\src\app.rs,292,123,0.000000,1,123,123,123,0.000000
plugin build{plugin="bevy_ui::picking_backend::UiPickingPlugin"},C:\Users\Antoi\.cargo\registry\src\index.crates.io-1949cf8c6b5b557f\bevy_app-0.18.1\src\app.rs,529,15752,0.000012,1,15752,15752,15752,0.000000
asset loading{loader="bevy_image::image_loader::ImageLoader" asset="ui/menu_video/frame_0050.webp"},C:\Users\Antoi\.cargo\registry\src\index.crates.io-1949cf8c6b5b557f\bevy_asset-0.18.1\src\server\loaders.rs,332,15252799,0.011856,7,2178971,171,15217516,5749460.448383
system{name="bevy_pbr::light_probe::upload_light_probes"},C:\Users\Antoi\.cargo\registry\src\index.crates.io-1949cf8c6b5b557f\bevy_ecs-0.18.1\src\system\function_system.rs,52,492148794,0.382551,27078,18175,3374,1166225,18299.471054
system_commands{name="bevy_render::extract_component::extract_components<bevy_camera::components::Camera2d>"},C:\Users\Antoi\.cargo\registry\src\index.crates.io-1949cf8c6b5b557f\bevy_ecs-0.18.1\src\system\function_system.rs,54,18690126,0.014528,27078,690,277,43291,463.875403
check_conditions{name="bevy_gizmos::end_gizmo_context<bevy_gizmos::aabb::AabbGizmoConfigGroup, bevy_time::fixed::Fixed>"},C:\Users\Antoi\.cargo\registry\src\index.crates.io-1949cf8c6b5b557f\bevy_ecs-0.18.1\src\schedule\executor\single_threaded.rs,83,2815742,0.002189,27079,103,56,72897,684.025942
system{name="bevy_render::globals::extract_time"},C:\Users\Antoi\.cargo\registry\src\index.crates.io-1949cf8c6b5b557f\bevy_ecs-0.18.1\src\system\function_system.rs,52,7495946,0.005827,27079,276,83,3139,117.688140
system_commands{name="forgia_mode_roguelite::boons_apply::sys_sync_player_health_guard"},C:\Users\Antoi\.cargo\registry\src\index.crates.io-1949cf8c6b5b557f\bevy_ecs-0.18.1\src\system\function_system.rs,54,1979983,0.001539,25752,76,50,29421,185.876481
system_commands{name="forgia_stage::authored::sys_collide_authored_pieces"},C:\Users\Antoi\.cargo\registry\src\index.crates.io-1949cf8c6b5b557f\bevy_ecs-0.18.1\src\system\function_system.rs,54,3092409,0.002404,27079,114,51,98958,945.969690
system{name="bevy_asset::assets::Assets<bevy_sprite_render::mesh2d::color_material::ColorMaterial>::track_assets"},C:\Users\Antoi\.cargo\registry\src\index.crates.io-1949cf8c6b5b557f\bevy_ecs-0.18.1\src\system\function_system.rs,52,30580793,0.023771,27079,1129,166,1556920,11707.303010
plugin finish{plugin="bevy_diagnostic::DiagnosticsPlugin"},C:\Users\Antoi\.cargo\registry\src\index.crates.io-1949cf8c6b5b557f\bevy_app-0.18.1\src\app.rs,272,59,0.000000,1,59,59,59,0.000000
plugin finish{plugin="forgia_ui_lib::hud::ForgiaUiHudPlugin"},C:\Users\Antoi\.cargo\registry\src\index.crates.io-1949cf8c6b5b557f\bevy_app-0.18.1\src\app.rs,272,62,0.000000,1,62,62,62,0.000000
plugin finish{plugin="bevy_render::extract_component::ExtractComponentPlugin<bevy_camera::components::Camera3d>"},C:\Users\Antoi\.cargo\registry\src\index.crates.io-1949cf8c6b5b557f\bevy_app-0.18.1\src\app.rs,272,53,0.000000,1,53,53,53,0.000000
plugin cleanup{plugin="bevy_render::sync_component::SyncComponentPlugin<bevy_light::volumetric::FogVolume>"},C:\Users\Antoi\.cargo\registry\src\index.crates.io-1949cf8c6b5b557f\bevy_app-0.18.1\src\app.rs,292,121,0.000000,1,121,121,121,0.000000
system_commands{name="bevy_pbr::render::light::extract_ambient_light_resource"},C:\Users\Antoi\.cargo\registry\src\index.crates.io-1949cf8c6b5b557f\bevy_ecs-0.18.1\src\system\function_system.rs,54,2385145,0.001854,27078,88,52,4011,32.079157
system{name="bevy_picking::hover::update_is_directly_hovered"},C:\Users\Antoi\.cargo\registry\src\index.crates.io-1949cf8c6b5b557f\bevy_ecs-0.18.1\src\system\function_system.rs,52,9879049,0.007679,27079,364,85,51886,463.899828
system{name="bevy_render::batching::gpu_preprocessing::batch_and_prepare_sorted_render_phase<bevy_core_pipeline::core_3d::Transparent3d, bevy_pbr::render::mesh::MeshPipeline>"},C:\Users\Antoi\.cargo\registry\src\index.crates.io-1949cf8c6b5b557f\bevy_ecs-0.18.1\src\system\function_system.rs,52,57223096,0.044480,27078,2113,396,85455,1206.860833
system{name="forgia_ui_lib::hud_ammo::draw_slot_strip"},C:\Users\Antoi\.cargo\registry\src\index.crates.io-1949cf8c6b5b557f\bevy_ecs-0.18.1\src\system\function_system.rs,52,9884602,0.007683,26988,366,93,137755,854.588137
plugin cleanup{plugin="bevy_render::sync_component::SyncComponentPlugin<forgia_postprocess::toon::ToonSettings>"},C:\Users\Antoi\.cargo\registry\src\index.crates.io-1949cf8c6b5b557f\bevy_app-0.18.1\src\app.rs,292,69,0.000000,1,69,69,69,0.000000
plugin build{plugin="forgia_combat::ForgiaCombatPlugin"},C:\Users\Antoi\.cargo\registry\src\index.crates.io-1949cf8c6b5b557f\bevy_app-0.18.1\src\app.rs,529,199306,0.000155,1,199306,199306,199306,0.000000
plugin finish{plugin="bevy_ui_render::UiRenderPlugin"},C:\Users\Antoi\.cargo\registry\src\index.crates.io-1949cf8c6b5b557f\bevy_app-0.18.1\src\app.rs,272,53,0.000000,1,53,53,53,0.000000
asset loading{loader="bevy_image::image_loader::ImageLoader" asset="ui/menu_video/frame_0085.webp"},C:\Users\Antoi\.cargo\registry\src\index.crates.io-1949cf8c6b5b557f\bevy_asset-0.18.1\src\server\loaders.rs,332,14102279,0.010962,6,2350379,125,14066623,5739765.812132
system_commands{name="bevy_pbr::atmosphere::resources::prepare_atmosphere_textures"},C:\Users\Antoi\.cargo\registry\src\index.crates.io-1949cf8c6b5b557f\bevy_ecs-0.18.1\src\system\function_system.rs,54,2285652,0.001777,27078,84,52,48349,295.983062
plugin finish{plugin="bevy_pbr::render::fog::FogPlugin"},C:\Users\Antoi\.cargo\registry\src\index.crates.io-1949cf8c6b5b557f\bevy_app-0.18.1\src\app.rs,272,52,0.000000,1,52,52,52,0.000000
system_commands{name="bevy_gizmos_render::prepare_line_gizmo_bind_group"},C:\Users\Antoi\.cargo\registry\src\index.crates.io-1949cf8c6b5b557f\bevy_ecs-0.18.1\src\system\function_system.rs,54,2325266,0.001807,27078,85,52,16259,108.653121
plugin cleanup{plugin="forgia_fps::lenoir::ForgiaLenoirPlugin"},C:\Users\Antoi\.cargo\registry\src\index.crates.io-1949cf8c6b5b557f\bevy_app-0.18.1\src\app.rs,292,55,0.000000,1,55,55,55,0.000000
plugin build{plugin="bevy_render::erased_render_asset::ErasedRenderAssetPlugin<bevy_pbr::mesh_material::MeshMaterial3d<bevy_pbr::extended_material::ExtendedMaterial<bevy_pbr::pbr_material::StandardMaterial, bevy_pbr::decal::forward::ForwardDecalMaterialExt>>>"},C:\Users\Antoi\.cargo\registry\src\index.crates.io-1949cf8c6b5b557f\bevy_app-0.18.1\src\app.rs,529,10863,0.000008,1,10863,10863,10863,0.000000
system{name="bevy_picking::pointer::PointerInput::receive"},C:\Users\Antoi\.cargo\registry\src\index.crates.io-1949cf8c6b5b557f\bevy_ecs-0.18.1\src\system\function_system.rs,52,14265487,0.011089,27079,526,202,42702,486.409423
system_commands{name="forgia_juice_lib::knockback::sys_tick_knockback"},C:\Users\Antoi\.cargo\registry\src\index.crates.io-1949cf8c6b5b557f\bevy_ecs-0.18.1\src\system\function_system.rs,54,2391767,0.001859,27079,88,50,92478,723.461088
system{name="bevy_egui::update_ui_size_and_scale_system"},C:\Users\Antoi\.cargo\registry\src\index.crates.io-1949cf8c6b5b557f\bevy_ecs-0.18.1\src\system\function_system.rs,52,21359547,0.016603,27080,788,383,33593,348.855357
system{name="forgia_mode_roguelite::hub::lobby_hide_gameplay_hud"},C:\Users\Antoi\.cargo\registry\src\index.crates.io-1949cf8c6b5b557f\bevy_ecs-0.18.1\src\system\function_system.rs,52,184,0.000000,1,184,184,184,0.000000
system{name="bevy_light::directional_light::update_directional_light_frusta"},C:\Users\Antoi\.cargo\registry\src\index.crates.io-1949cf8c6b5b557f\bevy_ecs-0.18.1\src\system\function_system.rs,52,68421726,0.053185,27079,2526,280,155162,1647.380771
calculate conflicting systems,C:\Users\Antoi\.cargo\registry\src\index.crates.io-1949cf8c6b5b557f\bevy_ecs-0.18.1\src\schedule\executor\multi_threaded.rs,188,5192143,0.004036,25,207685,214,3739754,751022.191986
system_commands{name="forgia_mode_roguelite::trempe::sys_init_trempe"},C:\Users\Antoi\.cargo\registry\src\index.crates.io-1949cf8c6b5b557f\bevy_ecs-0.18.1\src\system\function_system.rs,54,1474,0.000001,1,1474,1474,1474,0.000000
system{name="forgia_stage::authored::sys_collide_authored_pieces"},C:\Users\Antoi\.cargo\registry\src\index.crates.io-1949cf8c6b5b557f\bevy_ecs-0.18.1\src\system\function_system.rs,52,26654812,0.020719,27079,984,215,5550577,35501.194813
system{name="bevy_diagnostic::frame_time_diagnostics_plugin::FrameTimeDiagnosticsPlugin::diagnostic_system"},C:\Users\Antoi\.cargo\registry\src\index.crates.io-1949cf8c6b5b557f\bevy_ecs-0.18.1\src\system\function_system.rs,52,23459865,0.018236,27079,866,310,644609,3971.363329
plugin cleanup{plugin="bevy_render::view::ViewPlugin"},C:\Users\Antoi\.cargo\registry\src\index.crates.io-1949cf8c6b5b557f\bevy_app-0.18.1\src\app.rs,292,55,0.000000,1,55,55,55,0.000000
plugin cleanup{plugin="bevy_diagnostic::frame_count_diagnostics_plugin::FrameCountPlugin"},C:\Users\Antoi\.cargo\registry\src\index.crates.io-1949cf8c6b5b557f\bevy_app-0.18.1\src\app.rs,292,54,0.000000,1,54,54,54,0.000000
system{name="forgia_mode_roguelite::kill_popup::draw_kill_popups"},C:\Users\Antoi\.cargo\registry\src\index.crates.io-1949cf8c6b5b557f\bevy_ecs-0.18.1\src\system\function_system.rs,52,12520252,0.009732,27079,462,154,115319,795.419430
plugin build{plugin="leafwing_input_manager::plugin::InputManagerPlugin<forgia_input::PlayerAction>"},C:\Users\Antoi\.cargo\registry\src\index.crates.io-1949cf8c6b5b557f\bevy_app-0.18.1\src\app.rs,529,338113,0.000263,1,338113,338113,338113,0.000000
system{name="forgia_killfeed::write_killfeed_sensor"},C:\Users\Antoi\.cargo\registry\src\index.crates.io-1949cf8c6b5b557f\bevy_ecs-0.18.1\src\system\function_system.rs,52,8285670,0.006441,27079,305,84,11326,262.378619
system_commands{name="bevy_picking::hover::update_interactions"},C:\Users\Antoi\.cargo\registry\src\index.crates.io-1949cf8c6b5b557f\bevy_ecs-0.18.1\src\system\function_system.rs,54,4393805,0.003415,27079,162,59,26731,244.962846
plugin build{plugin="forgia_crosshair::ForgiaCrosshairPlugin"},C:\Users\Antoi\.cargo\registry\src\index.crates.io-1949cf8c6b5b557f\bevy_app-0.18.1\src\app.rs,529,35290,0.000027,1,35290,35290,35290,0.000000
system{name="forgia_worldgen::sys_load_registry"},C:\Users\Antoi\.cargo\registry\src\index.crates.io-1949cf8c6b5b557f\bevy_ecs-0.18.1\src\system\function_system.rs,52,1034911,0.000804,1,1034911,1034911,1034911,0.000000
asset loading{loader="forgia_genome_core::GenomeLoader<forgia_fps::pepin::PepinTuning>" asset="genomes/roguelite/pepin_confidence.toml"},C:\Users\Antoi\.cargo\registry\src\index.crates.io-1949cf8c6b5b557f\bevy_asset-0.18.1\src\server\loaders.rs,332,89069,0.000069,4,22267,130,82319,40118.072748
system_commands{name="bevy_pbr::prepass::update_previous_view_data"},C:\Users\Antoi\.cargo\registry\src\index.crates.io-1949cf8c6b5b557f\bevy_ecs-0.18.1\src\system\function_system.rs,54,53538530,0.041616,27079,1977,84,100226,1645.330800
system_commands{name="forgia_mode_roguelite::defense::sys_attach_player_defense"},C:\Users\Antoi\.cargo\registry\src\index.crates.io-1949cf8c6b5b557f\bevy_ecs-0.18.1\src\system\function_system.rs,54,2285124,0.001776,25752,88,50,60300,510.916278
system{name="bevy_asset::assets::Assets<forgia_genome_core::Genome<forgia_juice_screen_flash::ScreenFlashTuning>>::asset_events_condition"},C:\Users\Antoi\.cargo\registry\src\index.crates.io-1949cf8c6b5b557f\bevy_ecs-0.18.1\src\system\function_system.rs,52,2471673,0.001921,27079,91,52,3923,52.726296
system{name="bevy_render::erased_render_asset::extract_erased_render_asset<bevy_pbr::mesh_material::MeshMaterial3d<bevy_pbr::pbr_material::StandardMaterial>>"},C:\Users\Antoi\.cargo\registry\src\index.crates.io-1949cf8c6b5b557f\bevy_ecs-0.18.1\src\system\function_system.rs,52,147539953,0.114684,27079,5448,386,78416,4200.245947
system{name="bevy_hanabi::render::fixup_parents"},C:\Users\Antoi\.cargo\registry\src\index.crates.io-1949cf8c6b5b557f\bevy_ecs-0.18.1\src\system\function_system.rs,52,14279754,0.011100,27078,527,174,77209,612.418518
system{name="forgia_ui_lib::pause_menu::apply_window_settings"},C:\Users\Antoi\.cargo\registry\src\index.crates.io-1949cf8c6b5b557f\bevy_ecs-0.18.1\src\system\function_system.rs,52,17905048,0.013918,27079,661,213,150473,1120.951832
system{name="bevy_sprite_render::mesh2d::material::init_material_2d_pipeline<bevy_sprite_render::tilemap_chunk::tilemap_chunk_material::TilemapChunkMaterial>"},C:\Users\Antoi\.cargo\registry\src\index.crates.io-1949cf8c6b5b557f\bevy_ecs-0.18.1\src\system\function_system.rs,52,8170,0.000006,1,8170,8170,8170,0.000000
node{name="bevy_core_pipeline::experimental::mip_generation::DownsampleDepthNode"},C:\Users\Antoi\.cargo\registry\src\index.crates.io-1949cf8c6b5b557f\bevy_render-0.18.1\src\renderer\graph_runner.rs,240,16025014,0.012456,108312,147,56,20435,127.537898
plugin build{plugin="bevy_pbr::material::MaterialPlugin<bevy_pbr::extended_material::ExtendedMaterial<bevy_pbr::pbr_material::StandardMaterial, bevy_pbr::decal::forward::ForwardDecalMaterialExt>>"},C:\Users\Antoi\.cargo\registry\src\index.crates.io-1949cf8c6b5b557f\bevy_app-0.18.1\src\app.rs,529,65695,0.000051,1,65695,65695,65695,0.000000
plugin finish{plugin="bevy_water::water::WaterPlugin"},C:\Users\Antoi\.cargo\registry\src\index.crates.io-1949cf8c6b5b557f\bevy_app-0.18.1\src\app.rs,272,55,0.000000,1,55,55,55,0.000000
node{name="bevy_render::render_graph::node::ViewNodeRunner<bevy_post_process::motion_blur::node::MotionBlurNode>"},C:\Users\Antoi\.cargo\registry\src\index.crates.io-1949cf8c6b5b557f\bevy_render-0.18.1\src\renderer\graph_runner.rs,240,11048109,0.008588,54156,204,55,29326,179.676244
node{name="bevy_pbr::atmosphere::environment::EnvironmentNode"},C:\Users\Antoi\.cargo\registry\src\index.crates.io-1949cf8c6b5b557f\bevy_render-0.18.1\src\renderer\graph_runner.rs,240,25203928,0.019591,54156,465,94,87074,519.655138
system{name="bevy_egui::input::write_pointer_button_messages_system"},C:\Users\Antoi\.cargo\registry\src\index.crates.io-1949cf8c6b5b557f\bevy_ecs-0.18.1\src\system\function_system.rs,52,15737820,0.012233,27079,581,206,23506,237.029040
asset loading{loader="bevy_shader::shader::ShaderLoader" asset="embedded://bevy_gizmos_render\\line_joints.wgsl"},C:\Users\Antoi\.cargo\registry\src\index.crates.io-1949cf8c6b5b557f\bevy_asset-0.18.1\src\server\loaders.rs,332,324207,0.000252,2,162103,58,324149,229166.943823
system{name="bevy_pbr::atmosphere::environment::prepare_atmosphere_probe_bind_groups"},C:\Users\Antoi\.cargo\registry\src\index.crates.io-1949cf8c6b5b557f\bevy_ecs-0.18.1\src\system\function_system.rs,52,13930153,0.010828,27078,514,116,57573,503.410191
system_commands{name="forgia_mode_roguelite::pipeline_warmup::sys_drain_warmup_queue"},C:\Users\Antoi\.cargo\registry\src\index.crates.io-1949cf8c6b5b557f\bevy_ecs-0.18.1\src\system\function_system.rs,54,1518694,0.001180,91,16688,52,94539,27747.689159
asset loading{loader="bevy_shader::shader::ShaderLoader" asset="embedded://bevy_pbr\\render\\mesh_view_bindings.wgsl"},C:\Users\Antoi\.cargo\registry\src\index.crates.io-1949cf8c6b5b557f\bevy_asset-0.18.1\src\server\loaders.rs,332,166602,0.000130,2,83301,77,166525,117696.509515
system{name="bevy_anti_alias::taa::extract_taa_settings"},C:\Users\Antoi\.cargo\registry\src\index.crates.io-1949cf8c6b5b557f\bevy_ecs-0.18.1\src\system\function_system.rs,52,242326280,0.188362,27078,8949,3840,264360,3053.224950
transparent_main_pass_2d,C:\Users\Antoi\.cargo\registry\src\index.crates.io-1949cf8c6b5b557f\bevy_core_pipeline-0.18.1\src\core_2d\main_transparent_pass_2d_node.rs,86,31140732,0.024206,6435,4839,2289,106454,2260.466299
system{name="bevy_kira_audio::audio_output::update_instance_states<forgia_audio::SfxChannel>"},C:\Users\Antoi\.cargo\registry\src\index.crates.io-1949cf8c6b5b557f\bevy_ecs-0.18.1\src\system\function_system.rs,52,6128685,0.004764,27079,226,69,89907,568.979504
system{name="forgia_effects::lifetime_tick"},C:\Users\Antoi\.cargo\registry\src\index.crates.io-1949cf8c6b5b557f\bevy_ecs-0.18.1\src\system\function_system.rs,52,8746536,0.006799,27079,323,71,48465,607.337341
plugin finish{plugin="bevy_sprite_render::mesh2d::color_material::ColorMaterialPlugin"},C:\Users\Antoi\.cargo\registry\src\index.crates.io-1949cf8c6b5b557f\bevy_app-0.18.1\src\app.rs,272,137,0.000000,1,137,137,137,0.000000
system_commands{name="forgia_effects::weapon_vfx::sys_hot_reload_vfx_genome"},C:\Users\Antoi\.cargo\registry\src\index.crates.io-1949cf8c6b5b557f\bevy_ecs-0.18.1\src\system\function_system.rs,54,2283207,0.001775,27079,84,50,83811,515.831350
system_commands{name="bevy_ui_render::extract_uinode_borders"},C:\Users\Antoi\.cargo\registry\src\index.crates.io-1949cf8c6b5b557f\bevy_ecs-0.18.1\src\system\function_system.rs,54,2520289,0.001959,27078,93,50,2445,27.046200
plugin cleanup{plugin="forgia_mode_roguelite::loot_room::RogueliteLootRoomPlugin"},C:\Users\Antoi\.cargo\registry\src\index.crates.io-1949cf8c6b5b557f\bevy_app-0.18.1\src\app.rs,292,53,0.000000,1,53,53,53,0.000000
system_commands{name="forgia_effects::mesh_fader::clone_material_on_fader_add"},C:\Users\Antoi\.cargo\registry\src\index.crates.io-1949cf8c6b5b557f\bevy_ecs-0.18.1\src\system\function_system.rs,54,2285683,0.001777,27079,84,51,31280,192.426485
plugin cleanup{plugin="bevy_render::extract_component::ExtractComponentPlugin<bevy_post_process::motion_blur::MotionBlur>"},C:\Users\Antoi\.cargo\registry\src\index.crates.io-1949cf8c6b5b557f\bevy_app-0.18.1\src\app.rs,292,61,0.000000,1,61,61,61,0.000000
plugin build{plugin="forgia_terrain::ForgiaTerrainPlugin"},C:\Users\Antoi\.cargo\registry\src\index.crates.io-1949cf8c6b5b557f\bevy_app-0.18.1\src\app.rs,529,70499,0.000055,1,70499,70499,70499,0.000000
system{name="bevy_anti_alias::smaa::prepare_smaa_bind_groups"},C:\Users\Antoi\.cargo\registry\src\index.crates.io-1949cf8c6b5b557f\bevy_ecs-0.18.1\src\system\function_system.rs,52,19308340,0.015009,27078,713,261,114958,1085.978992
system{name="forgia_mode_roguelite::loot_room::sys_collide_demo_incremental"},C:\Users\Antoi\.cargo\registry\src\index.crates.io-1949cf8c6b5b557f\bevy_ecs-0.18.1\src\system\function_system.rs,52,12132196,0.009430,25752,471,139,79108,612.191539
plugin build{plugin="bevy_core_pipeline::upscaling::UpscalingPlugin"},C:\Users\Antoi\.cargo\registry\src\index.crates.io-1949cf8c6b5b557f\bevy_app-0.18.1\src\app.rs,529,6732,0.000005,1,6732,6732,6732,0.000000
plugin cleanup{plugin="bevy_render::extract_component::ExtractComponentPlugin<bevy_core_pipeline::skybox::Skybox>"},C:\Users\Antoi\.cargo\registry\src\index.crates.io-1949cf8c6b5b557f\bevy_app-0.18.1\src\app.rs,292,107,0.000000,1,107,107,107,0.000000
system_commands{name="bevy_gilrs::gilrs_system::gilrs_event_system"},C:\Users\Antoi\.cargo\registry\src\index.crates.io-1949cf8c6b5b557f\bevy_ecs-0.18.1\src\system\function_system.rs,54,4259276,0.003311,27079,157,56,81331,525.415027
system_commands{name="bevy_picking::hover::update_is_hovered"},C:\Users\Antoi\.cargo\registry\src\index.crates.io-1949cf8c6b5b557f\bevy_ecs-0.18.1\src\system\function_system.rs,54,4131115,0.003211,27079,152,59,88911,543.230050
system_commands{name="bevy_audio::audio_output::cleanup_finished_audio<bevy_audio::pitch::Pitch>"},C:\Users\Antoi\.cargo\registry\src\index.crates.io-1949cf8c6b5b557f\bevy_ecs-0.18.1\src\system\function_system.rs,54,2516692,0.001956,27079,92,50,7904,67.140388
asset loading{loader="bevy_gltf::loader::GltfLoader" asset="models/kaykit/medieval_hexagon/buildings/red/building_tavern_red.gltf"},C:\Users\Antoi\.cargo\registry\src\index.crates.io-1949cf8c6b5b557f\bevy_asset-0.18.1\src\server\loaders.rs,332,469269,0.000365,8,58658,110,318108,106480.187330
asset loading{loader="bevy_image::image_loader::ImageLoader" asset="ui/menu_video/frame_0025.webp"},C:\Users\Antoi\.cargo\registry\src\index.crates.io-1949cf8c6b5b557f\bevy_asset-0.18.1\src\server\loaders.rs,332,14286188,0.011105,6,2381031,106,14256184,5817614.482131
system_commands{name="forgia_rpg_data::shop::close_shop_sessions"},C:\Users\Antoi\.cargo\registry\src\index.crates.io-1949cf8c6b5b557f\bevy_ecs-0.18.1\src\system\function_system.rs,54,2159369,0.001678,27079,79,51,14592,106.993600
node{name="bevy_render::render_graph::node::ViewNodeRunner<bevy_anti_alias::fxaa::node::FxaaNode>"},C:\Users\Antoi\.cargo\registry\src\index.crates.io-1949cf8c6b5b557f\bevy_render-0.18.1\src\renderer\graph_runner.rs,240,13085201,0.010171,81234,161,55,41223,219.728063
plugin build{plugin="forgia_mode_roguelite::render_quality::ForgiaRogueliteRenderPlugin"},C:\Users\Antoi\.cargo\registry\src\index.crates.io-1949cf8c6b5b557f\bevy_app-0.18.1\src\app.rs,529,49245,0.000038,1,49245,49245,49245,0.000000
plugin finish{plugin="bevy_core_pipeline::deferred::copy_lighting_id::CopyDeferredLightingIdPlugin"},C:\Users\Antoi\.cargo\registry\src\index.crates.io-1949cf8c6b5b557f\bevy_app-0.18.1\src\app.rs,272,53,0.000000,1,53,53,53,0.000000
node{name="bevy_pbr::light_probe::generate::DownsamplingNode"},C:\Users\Antoi\.cargo\registry\src\index.crates.io-1949cf8c6b5b557f\bevy_render-0.18.1\src\renderer\graph_runner.rs,240,21857763,0.016990,54156,403,102,101718,568.024673
system{name="forgia_mode_roguelite::merchant::sys_merchant_keyboard"},C:\Users\Antoi\.cargo\registry\src\index.crates.io-1949cf8c6b5b557f\bevy_ecs-0.18.1\src\system\function_system.rs,52,6319790,0.004912,25752,245,77,49010,339.821166
system{name="forgia_effects::mesh_fader::mesh_fader_debug_sensor"},C:\Users\Antoi\.cargo\registry\src\index.crates.io-1949cf8c6b5b557f\bevy_ecs-0.18.1\src\system\function_system.rs,52,14702913,0.011429,27079,542,218,82297,776.014790
plugin cleanup{plugin="bevy_gizmos::light::LightGizmoPlugin"},C:\Users\Antoi\.cargo\registry\src\index.crates.io-1949cf8c6b5b557f\bevy_app-0.18.1\src\app.rs,292,55,0.000000,1,55,55,55,0.000000
plugin build{plugin="bevy_render::extract_component::UniformComponentPlugin<bevy_post_process::dof::DepthOfFieldUniform>"},C:\Users\Antoi\.cargo\registry\src\index.crates.io-1949cf8c6b5b557f\bevy_app-0.18.1\src\app.rs,529,2437,0.000002,1,2437,2437,2437,0.000000
system{name="bevy_sprite_render::mesh2d::material::extract_entities_needs_specialization<bevy_sprite_render::mesh2d::color_material::ColorMaterial>"},C:\Users\Antoi\.cargo\registry\src\index.crates.io-1949cf8c6b5b557f\bevy_ecs-0.18.1\src\system\function_system.rs,52,12155370,0.009448,27079,448,89,6631,252.587149
plugin finish{plugin="bevy_render::sync_component::SyncComponentPlugin<bevy_pbr::deferred::PbrDeferredLightingDepthId>"},C:\Users\Antoi\.cargo\registry\src\index.crates.io-1949cf8c6b5b557f\bevy_app-0.18.1\src\app.rs,272,69,0.000000,1,69,69,69,0.000000
system_commands{name="bevy_ui_render::extract_viewport_nodes"},C:\Users\Antoi\.cargo\registry\src\index.crates.io-1949cf8c6b5b557f\bevy_ecs-0.18.1\src\system\function_system.rs,54,3774677,0.002934,27078,139,55,9821,74.981831
plugin build{plugin="bevy_ui_render::ui_texture_slice_pipeline::UiTextureSlicerPlugin"},C:\Users\Antoi\.cargo\registry\src\index.crates.io-1949cf8c6b5b557f\bevy_app-0.18.1\src\app.rs,529,41637,0.000032,1,41637,41637,41637,0.000000
plugin finish{plugin="bevy_pbr::deferred::DeferredPbrLightingPlugin"},C:\Users\Antoi\.cargo\registry\src\index.crates.io-1949cf8c6b5b557f\bevy_app-0.18.1\src\app.rs,272,68,0.000000,1,68,68,68,0.000000
system{name="bevy_pbr::ssao::prepare_ssao_pipelines"},C:\Users\Antoi\.cargo\registry\src\index.crates.io-1949cf8c6b5b557f\bevy_ecs-0.18.1\src\system\function_system.rs,52,9087937,0.007064,27078,335,91,70909,806.462836
asset loading{loader="bevy_image::image_loader::ImageLoader" asset="ui/menu_video/frame_0024.webp"},C:\Users\Antoi\.cargo\registry\src\index.crates.io-1949cf8c6b5b557f\bevy_asset-0.18.1\src\server\loaders.rs,332,14654049,0.011391,6,2442341,79,14622143,5966861.485092
plugin finish{plugin="bevy_render::globals::GlobalsPlugin"},C:\Users\Antoi\.cargo\registry\src\index.crates.io-1949cf8c6b5b557f\bevy_app-0.18.1\src\app.rs,272,55,0.000000,1,55,55,55,0.000000
plugin finish{plugin="bevy_render::render_phase::BinnedRenderPhasePlugin<bevy_core_pipeline::core_3d::Opaque3d, bevy_pbr::render::mesh::MeshPipeline>"},C:\Users\Antoi\.cargo\registry\src\index.crates.io-1949cf8c6b5b557f\bevy_app-0.18.1\src\app.rs,272,144,0.000000,1,144,144,144,0.000000
system{name="forgia_rpg_data::boons::sys_handle_coffre_pick"},C:\Users\Antoi\.cargo\registry\src\index.crates.io-1949cf8c6b5b557f\bevy_ecs-0.18.1\src\system\function_system.rs,52,8876501,0.006900,27079,327,128,299161,2187.973608
plugin build{plugin="bevy_core_pipeline::CorePipelinePlugin"},C:\Users\Antoi\.cargo\registry\src\index.crates.io-1949cf8c6b5b557f\bevy_app-0.18.1\src\app.rs,529,11028155,0.008572,1,11028155,11028155,11028155,0.000000
system{name="forgia_mode_roguelite::waves::sys_boss_enrage"},C:\Users\Antoi\.cargo\registry\src\index.crates.io-1949cf8c6b5b557f\bevy_ecs-0.18.1\src\system\function_system.rs,52,17593955,0.013676,25752,683,209,83522,856.605003
system{name="bevy_app::propagate::on_r_inserted<bevy_ui::ui_node::ComputedUiTargetCamera, (), bevy_ecs::hierarchy::ChildOf>"},C:\Users\Antoi\.cargo\registry\src\index.crates.io-1949cf8c6b5b557f\bevy_ecs-0.18.1\src\system\function_system.rs,52,359742,0.000280,3940,91,58,3714,131.910384
plugin cleanup{plugin="forgia_audio::biome::ForgiaAudioBiomePlugin"},C:\Users\Antoi\.cargo\registry\src\index.crates.io-1949cf8c6b5b557f\bevy_app-0.18.1\src\app.rs,292,52,0.000000,1,52,52,52,0.000000
plugin cleanup{plugin="forgia_mode_roguelite::ForgiaModeRoguelitePlugin"},C:\Users\Antoi\.cargo\registry\src\index.crates.io-1949cf8c6b5b557f\bevy_app-0.18.1\src\app.rs,292,55,0.000000,1,55,55,55,0.000000
plugin cleanup{plugin="forgia_level_presets::ForgiaLevelPresetsPlugin"},C:\Users\Antoi\.cargo\registry\src\index.crates.io-1949cf8c6b5b557f\bevy_app-0.18.1\src\app.rs,292,52,0.000000,1,52,52,52,0.000000
plugin build{plugin="bevy_render::extract_component::ExtractComponentPlugin<bevy_render::view::Hdr>"},C:\Users\Antoi\.cargo\registry\src\index.crates.io-1949cf8c6b5b557f\bevy_app-0.18.1\src\app.rs,529,13289,0.000010,1,13289,13289,13289,0.000000
system_commands{name="bevy_ui_render::box_shadow::init_box_shadow_pipeline"},C:\Users\Antoi\.cargo\registry\src\index.crates.io-1949cf8c6b5b557f\bevy_ecs-0.18.1\src\system\function_system.rs,54,2470,0.000002,1,2470,2470,2470,0.000000
system{name="bevy_pbr::material::check_entities_needing_specialization<bevy_pbr::extended_material::ExtendedMaterial<bevy_pbr::pbr_material::StandardMaterial, bevy_pbr::decal::forward::ForwardDecalMaterialExt>>"},C:\Users\Antoi\.cargo\registry\src\index.crates.io-1949cf8c6b5b557f\bevy_ecs-0.18.1\src\system\function_system.rs,52,36564091,0.028422,27079,1350,433,74599,888.256632
init_and_solve,C:\Users\Antoi\.cargo\registry\src\index.crates.io-1949cf8c6b5b557f\rapier3d-0.31.0\src\dynamics\solver\island_solver.rs,31,136921062,0.106430,7925,17277,12050,176822,5190.980295
plugin cleanup{plugin="bevy_pbr::decal::forward::ForwardDecalPlugin"},C:\Users\Antoi\.cargo\registry\src\index.crates.io-1949cf8c6b5b557f\bevy_app-0.18.1\src\app.rs,292,52,0.000000,1,52,52,52,0.000000
system{name="forgia_mode_roguelite::enemy_anim::sys_update_enemy_anim"},C:\Users\Antoi\.cargo\registry\src\index.crates.io-1949cf8c6b5b557f\bevy_ecs-0.18.1\src\system\function_system.rs,52,22408890,0.017419,25752,870,194,126950,1702.355726
system{name="bevy_asset::assets::Assets<bevy_kira_audio::instance::AudioInstance>::asset_events"},C:\Users\Antoi\.cargo\registry\src\index.crates.io-1949cf8c6b5b557f\bevy_ecs-0.18.1\src\system\function_system.rs,52,94088,0.000073,143,657,453,3738,296.089430
system{name="bevy_pbr::material::early_sweep_material_instances<bevy_pbr::extended_material::ExtendedMaterial<bevy_pbr::pbr_material::StandardMaterial, bevy_water::water::material::WaterMaterial>>"},C:\Users\Antoi\.cargo\registry\src\index.crates.io-1949cf8c6b5b557f\bevy_ecs-0.18.1\src\system\function_system.rs,52,6153711,0.004783,27079,227,76,34635,273.557284
system_commands{name="bevy_core_pipeline::tonemapping::prepare_view_tonemapping_pipelines"},C:\Users\Antoi\.cargo\registry\src\index.crates.io-1949cf8c6b5b557f\bevy_ecs-0.18.1\src\system\function_system.rs,54,29380409,0.022838,27078,1085,435,283606,1969.080445
system{name="bevy_asset::assets::Assets<forgia_genome_core::Genome<forgia_stage::RoguelitePoisGenome>>::asset_events"},C:\Users\Antoi\.cargo\registry\src\index.crates.io-1949cf8c6b5b557f\bevy_ecs-0.18.1\src\system\function_system.rs,52,325,0.000000,1,325,325,325,0.000000
plugin cleanup{plugin="bevy_post_process::bloom::BloomPlugin"},C:\Users\Antoi\.cargo\registry\src\index.crates.io-1949cf8c6b5b557f\bevy_app-0.18.1\src\app.rs,292,52,0.000000,1,52,52,52,0.000000
system{name="bevy_state::state::transitions::run_exit<forgia_core::states::GameMode>"},C:\Users\Antoi\.cargo\registry\src\index.crates.io-1949cf8c6b5b557f\bevy_ecs-0.18.1\src\system\function_system.rs,52,2355862,0.001831,27080,86,57,5308,57.589568
plugin cleanup{plugin="bevy_render::sync_component::SyncComponentPlugin<bevy_light::probe::GeneratedEnvironmentMapLight>"},C:\Users\Antoi\.cargo\registry\src\index.crates.io-1949cf8c6b5b557f\bevy_app-0.18.1\src\app.rs,292,110,0.000000,1,110,110,110,0.000000
system{name="bevy_winit::cursor::update_cursors"},C:\Users\Antoi\.cargo\registry\src\index.crates.io-1949cf8c6b5b557f\bevy_ecs-0.18.1\src\system\function_system.rs,52,16811884,0.013068,27079,620,193,102405,717.089917
system_commands{name="bevy_post_process::msaa_writeback::prepare_msaa_writeback_pipelines"},C:\Users\Antoi\.cargo\registry\src\index.crates.io-1949cf8c6b5b557f\bevy_ecs-0.18.1\src\system\function_system.rs,54,46151348,0.035874,27078,1704,350,936063,5816.229064
system{name="bevy_ui::widget::image::update_image_content_size_system"},C:\Users\Antoi\.cargo\registry\src\index.crates.io-1949cf8c6b5b557f\bevy_ecs-0.18.1\src\system\function_system.rs,52,11321817,0.008801,27079,418,130,87416,551.366584
system_commands{name="bevy_egui::render::systems::queue_pipelines_system"},C:\Users\Antoi\.cargo\registry\src\index.crates.io-1949cf8c6b5b557f\bevy_ecs-0.18.1\src\system\function_system.rs,54,20561122,0.015982,27078,759,311,313818,1944.367418
system{name="bevy_render::render_phase::sweep_old_entities<bevy_core_pipeline::core_3d::AlphaMask3d>"},C:\Users\Antoi\.cargo\registry\src\index.crates.io-1949cf8c6b5b557f\bevy_ecs-0.18.1\src\system\function_system.rs,52,8622884,0.006703,27078,318,107,46010,299.220538
system{name="bevy_asset::assets::Assets<bevy_sprite_render::tilemap_chunk::tilemap_chunk_material::TilemapChunkMaterial>::track_assets"},C:\Users\Antoi\.cargo\registry\src\index.crates.io-1949cf8c6b5b557f\bevy_ecs-0.18.1\src\system\function_system.rs,52,23237884,0.018063,27079,858,93,1620490,12140.141982
system{name="bevy_render::batching::no_gpu_preprocessing::clear_batched_cpu_instance_buffers<bevy_sprite_render::mesh2d::mesh::Mesh2dPipeline>"},C:\Users\Antoi\.cargo\registry\src\index.crates.io-1949cf8c6b5b557f\bevy_ecs-0.18.1\src\system\function_system.rs,52,7081564,0.005505,27078,261,84,41179,346.778249
system_commands{name="bevy_rapier3d::plugin::systems::joint::init_joints"},C:\Users\Antoi\.cargo\registry\src\index.crates.io-1949cf8c6b5b557f\bevy_ecs-0.18.1\src\system\function_system.rs,54,1295765,0.001007,7925,163,59,84464,1062.116044
asset loading{loader="bevy_image::image_loader::ImageLoader" asset="ui/menu_video/frame_0144.webp"},C:\Users\Antoi\.cargo\registry\src\index.crates.io-1949cf8c6b5b557f\bevy_asset-0.18.1\src\server\loaders.rs,332,15173045,0.011794,6,2528840,91,15140199,6178281.421182
asset loading{loader="bevy_shader::shader::ShaderLoader" asset="embedded://bevy_render\\globals.wgsl"},C:\Users\Antoi\.cargo\registry\src\index.crates.io-1949cf8c6b5b557f\bevy_asset-0.18.1\src\server\loaders.rs,332,4366179,0.003394,2,2183089,83,4366096,3087237.399049
plugin build{plugin="bevy_render::render_phase::BinnedRenderPhasePlugin<bevy_core_pipeline::prepass::Opaque3dPrepass, bevy_pbr::render::mesh::MeshPipeline>"},C:\Users\Antoi\.cargo\registry\src\index.crates.io-1949cf8c6b5b557f\bevy_app-0.18.1\src\app.rs,529,21720,0.000017,1,21720,21720,21720,0.000000
system{name="forgia_mode_roguelite::loot_room::sys_collect_level_items"},C:\Users\Antoi\.cargo\registry\src\index.crates.io-1949cf8c6b5b557f\bevy_ecs-0.18.1\src\system\function_system.rs,52,13034826,0.010132,25752,506,173,68041,665.986061
asset loading{loader="bevy_shader::shader::ShaderLoader" asset="embedded://bevy_pbr\\render/pbr_ambient.wgsl"},C:\Users\Antoi\.cargo\registry\src\index.crates.io-1949cf8c6b5b557f\bevy_asset-0.18.1\src\server\loaders.rs,332,50841,0.000040,2,25420,53,50788,35875.062550
plugin finish{plugin="forgia_ui_lib::hud::confidence::ConfidenceHudPlugin"},C:\Users\Antoi\.cargo\registry\src\index.crates.io-1949cf8c6b5b557f\bevy_app-0.18.1\src\app.rs,272,52,0.000000,1,52,52,52,0.000000
system{name="bevy_anti_alias::taa::prepare_taa_pipelines"},C:\Users\Antoi\.cargo\registry\src\index.crates.io-1949cf8c6b5b557f\bevy_ecs-0.18.1\src\system\function_system.rs,52,6962615,0.005412,27078,257,82,27504,259.538977
system{name="forgia_mode_roguelite::status_vfx::sys_detach_burn_vfx"},C:\Users\Antoi\.cargo\registry\src\index.crates.io-1949cf8c6b5b557f\bevy_ecs-0.18.1\src\system\function_system.rs,52,14192386,0.011032,25752,551,190,135162,1385.408983
bodies_attached_with_enabled_joint,C:\Users\Antoi\.cargo\registry\src\index.crates.io-1949cf8c6b5b557f\rapier3d-0.31.0\src\dynamics\joint\multibody_joint\multibody_joint_set.rs,447,1807916,0.001405,31510,57,46,13893,84.605715
function_scope{egui::interaction::interact},C:\Users\Antoi\.cargo\registry\src\index.crates.io-1949cf8c6b5b557f\egui-0.33.3\src\interaction.rs,116,16094426,0.012510,27079,594,184,136889,1157.740403
plugin cleanup{plugin="bevy_camera::visibility::range::VisibilityRangePlugin"},C:\Users\Antoi\.cargo\registry\src\index.crates.io-1949cf8c6b5b557f\bevy_app-0.18.1\src\app.rs,292,55,0.000000,1,55,55,55,0.000000
system{name="bevy_pbr::render::morph::no_automatic_morph_batching"},C:\Users\Antoi\.cargo\registry\src\index.crates.io-1949cf8c6b5b557f\bevy_ecs-0.18.1\src\system\function_system.rs,52,7148825,0.005557,27079,263,76,29916,250.866060
system{name="forgia_fps::drain_left_click_edge"},C:\Users\Antoi\.cargo\registry\src\index.crates.io-1949cf8c6b5b557f\bevy_ecs-0.18.1\src\system\function_system.rs,52,1681901,0.001307,7533,223,75,86590,998.051617
system{name="bevy_render::batching::sort_binned_render_phase<bevy_core_pipeline::core_3d::Opaque3d>"},C:\Users\Antoi\.cargo\registry\src\index.crates.io-1949cf8c6b5b557f\bevy_ecs-0.18.1\src\system\function_system.rs,52,28736341,0.022337,27078,1061,300,132055,1320.897047
system{name="bevy_egui::run_egui_context_pass_loop_system"},C:\Users\Antoi\.cargo\registry\src\index.crates.io-1949cf8c6b5b557f\bevy_ecs-0.18.1\src\system\function_system.rs,52,12059681137,9.374086,27079,445351,211596,6524731,125122.069269
asset loading{loader="bevy_gltf::loader::GltfLoader" asset="models/kaykit/dungeon/chest.glb"},C:\Users\Antoi\.cargo\registry\src\index.crates.io-1949cf8c6b5b557f\bevy_asset-0.18.1\src\server\loaders.rs,332,10415144,0.008096,8,1301893,134,4829938,2074139.223922
system{name="forgia_anim_debug::reset_stats_each_frame"},C:\Users\Antoi\.cargo\registry\src\index.crates.io-1949cf8c6b5b557f\bevy_ecs-0.18.1\src\system\function_system.rs,52,3516074,0.002733,27079,129,55,5038,79.048017
plugin build{plugin="forgia_effects::ForgiaEffectsPlugin"},C:\Users\Antoi\.cargo\registry\src\index.crates.io-1949cf8c6b5b557f\bevy_app-0.18.1\src\app.rs,529,138551,0.000108,1,138551,138551,138551,0.000000
plugin finish{plugin="bevy_a11y::AccessibilityPlugin"},C:\Users\Antoi\.cargo\registry\src\index.crates.io-1949cf8c6b5b557f\bevy_app-0.18.1\src\app.rs,272,54,0.000000,1,54,54,54,0.000000
plugin finish{plugin="bevy_render::sync_component::SyncComponentPlugin<bevy_render::view::Hdr>"},C:\Users\Antoi\.cargo\registry\src\index.crates.io-1949cf8c6b5b557f\bevy_app-0.18.1\src\app.rs,272,55,0.000000,1,55,55,55,0.000000
system{name="bevy_hanabi::render::propagate_ready_state"},C:\Users\Antoi\.cargo\registry\src\index.crates.io-1949cf8c6b5b557f\bevy_ecs-0.18.1\src\system\function_system.rs,52,524668967,0.407829,27078,19376,9802,348773,11147.633872
update,C:\Users\Antoi\.cargo\registry\src\index.crates.io-1949cf8c6b5b557f\bevy_app-0.18.1\src\sub_app.rs,513,121433376703,94.391128,27078,4484577,2302757,255692433,2544965.759314
system{name="bevy_pbr::cluster::extract_clusters"},C:\Users\Antoi\.cargo\registry\src\index.crates.io-1949cf8c6b5b557f\bevy_ecs-0.18.1\src\system\function_system.rs,52,1774137171,1.379051,27079,65517,22314,1170047,24037.537031
system{name="bevy_asset::assets::Assets<forgia_genome_core::Genome<forgia_stage::RogueliteStagesGenome>>::asset_events_condition"},C:\Users\Antoi\.cargo\registry\src\index.crates.io-1949cf8c6b5b557f\bevy_ecs-0.18.1\src\system\function_system.rs,52,2726151,0.002119,27079,100,53,45304,353.160885
system{name="forgia_juice_lib::knockback::sys_hot_reload_knockback_genome"},C:\Users\Antoi\.cargo\registry\src\index.crates.io-1949cf8c6b5b557f\bevy_ecs-0.18.1\src\system\function_system.rs,52,13364842,0.010389,27079,493,81,121741,3683.411557
system{name="bevy_pbr::decal::clustered::prepare_decals"},C:\Users\Antoi\.cargo\registry\src\index.crates.io-1949cf8c6b5b557f\bevy_ecs-0.18.1\src\system\function_system.rs,52,8865159,0.006891,27078,327,114,91246,688.691285
system_commands{name="bevy_render::view::cleanup_view_targets_for_resize"},C:\Users\Antoi\.cargo\registry\src\index.crates.io-1949cf8c6b5b557f\bevy_ecs-0.18.1\src\system\function_system.rs,54,2635249,0.002048,27078,97,51,80644,490.935484
asset loading{loader="bevy_image::image_loader::ImageLoader" asset="ui/menu_video/frame_0119.webp"},C:\Users\Antoi\.cargo\registry\src\index.crates.io-1949cf8c6b5b557f\bevy_asset-0.18.1\src\server\loaders.rs,332,15798844,0.012281,6,2633140,83,15757858,6429775.107069
system_commands{name="bevy_pbr::atmosphere::environment::prepare_probe_textures"},C:\Users\Antoi\.cargo\registry\src\index.crates.io-1949cf8c6b5b557f\bevy_ecs-0.18.1\src\system\function_system.rs,54,3317235,0.002579,27078,122,51,6556,55.370940
system_commands{name="forgia_viewmodel::attach::ensure_camera_shake_component"},C:\Users\Antoi\.cargo\registry\src\index.crates.io-1949cf8c6b5b557f\bevy_ecs-0.18.1\src\system\function_system.rs,54,2214563,0.001721,25752,85,50,100856,822.480882
system{name="forgia_mode_roguelite::defense::sys_regen_defense"},C:\Users\Antoi\.cargo\registry\src\index.crates.io-1949cf8c6b5b557f\bevy_ecs-0.18.1\src\system\function_system.rs,52,6091485,0.004735,7533,808,232,89888,1103.089429
system{name="forgia_auto_rig::debug_gizmos::draw_rig_gizmos"},C:\Users\Antoi\.cargo\registry\src\index.crates.io-1949cf8c6b5b557f\bevy_ecs-0.18.1\src\system\function_system.rs,52,98274506,0.076390,27079,3629,471,603099,27067.361370
system{name="bevy_text::text::detect_text_needs_rerender<bevy_sprite::text2d::Text2d>"},C:\Users\Antoi\.cargo\registry\src\index.crates.io-1949cf8c6b5b557f\bevy_ecs-0.18.1\src\system\function_system.rs,52,35844909,0.027863,27079,1323,455,37587,547.443422
plugin cleanup{plugin="forgia_village_loader::ForgiaVillageLoaderPlugin"},C:\Users\Antoi\.cargo\registry\src\index.crates.io-1949cf8c6b5b557f\bevy_app-0.18.1\src\app.rs,292,67,0.000000,1,67,67,67,0.000000
system_commands{name="bevy_pbr::prepass::update_mesh_previous_global_transforms"},C:\Users\Antoi\.cargo\registry\src\index.crates.io-1949cf8c6b5b557f\bevy_ecs-0.18.1\src\system\function_system.rs,54,4357732,0.003387,27079,160,51,219752,1958.232148
asset loading{loader="bevy_shader::shader::ShaderLoader" asset="embedded://bevy_anti_alias\\taa\\taa.wgsl"},C:\Users\Antoi\.cargo\registry\src\index.crates.io-1949cf8c6b5b557f\bevy_asset-0.18.1\src\server\loaders.rs,332,303764,0.000236,2,151882,59,303705,214710.145680
asset loading{loader="bevy_image::image_loader::ImageLoader" asset="ui/menu_video/frame_0049.webp"},C:\Users\Antoi\.cargo\registry\src\index.crates.io-1949cf8c6b5b557f\bevy_asset-0.18.1\src\server\loaders.rs,332,15517563,0.012062,6,2586260,189,15485701,6319412.076938
plugin build{plugin="bevy_sprite_render::tilemap_chunk::tilemap_chunk_material::TilemapChunkMaterialPlugin"},C:\Users\Antoi\.cargo\registry\src\index.crates.io-1949cf8c6b5b557f\bevy_app-0.18.1\src\app.rs,529,91194,0.000071,1,91194,91194,91194,0.000000
plugin build{plugin="forgia_mode_roguelite::boss_portal::BossPortalPlugin"},C:\Users\Antoi\.cargo\registry\src\index.crates.io-1949cf8c6b5b557f\bevy_app-0.18.1\src\app.rs,529,22978,0.000018,1,22978,22978,22978,0.000000
asset loading{loader="bevy_shader::shader::ShaderLoader" asset="embedded://bevy_pbr\\light_probe\\light_probe.wgsl"},C:\Users\Antoi\.cargo\registry\src\index.crates.io-1949cf8c6b5b557f\bevy_asset-0.18.1\src\server\loaders.rs,332,286893,0.000223,2,143446,60,286833,202779.132962
system{name="forgia_viewmodel::attach::attach_viewmodel_to_camera"},C:\Users\Antoi\.cargo\registry\src\index.crates.io-1949cf8c6b5b557f\bevy_ecs-0.18.1\src\system\function_system.rs,52,22183575,0.017243,25752,861,273,405570,2697.314364
plugin build{plugin="forgia_camera_orbit::ForgiaCameraOrbitPlugin"},C:\Users\Antoi\.cargo\registry\src\index.crates.io-1949cf8c6b5b557f\bevy_app-0.18.1\src\app.rs,529,57414,0.000045,1,57414,57414,57414,0.000000
system{name="bevy_egui::input::write_window_pointer_moved_messages_system"},C:\Users\Antoi\.cargo\registry\src\index.crates.io-1949cf8c6b5b557f\bevy_ecs-0.18.1\src\system\function_system.rs,52,12313129,0.009571,27079,454,173,50303,474.025379
asset loading{loader="bevy_gltf::loader::GltfLoader" asset="models/kaykit/medieval_hexagon/walls/wall_straight.gltf"},C:\Users\Antoi\.cargo\registry\src\index.crates.io-1949cf8c6b5b557f\bevy_asset-0.18.1\src\server\loaders.rs,332,361781,0.000281,9,40197,121,177202,58224.557216
main_transmissive_pass_3d,C:\Users\Antoi\.cargo\registry\src\index.crates.io-1949cf8c6b5b557f\bevy_core_pipeline-0.18.1\src\core_3d\main_transmissive_pass_3d_node.rs,72,4744417,0.003688,54156,87,47,56352,252.622669
plugin build{plugin="bevy_render::view::visibility::range::RenderVisibilityRangePlugin"},C:\Users\Antoi\.cargo\registry\src\index.crates.io-1949cf8c6b5b557f\bevy_app-0.18.1\src\app.rs,529,11299,0.000009,1,11299,11299,11299,0.000000
plugin finish{plugin="forgia_worldgen::ForgiaWorldgenPlugin"},C:\Users\Antoi\.cargo\registry\src\index.crates.io-1949cf8c6b5b557f\bevy_app-0.18.1\src\app.rs,272,54,0.000000,1,54,54,54,0.000000
system{name="bevy_asset::assets::Assets<forgia_genome_core::Genome<forgia_ui_lib::hud_ammo::tuning::AmmoHudTuning>>::asset_events"},C:\Users\Antoi\.cargo\registry\src\index.crates.io-1949cf8c6b5b557f\bevy_ecs-0.18.1\src\system\function_system.rs,52,357,0.000000,1,357,357,357,0.000000
plugin cleanup{plugin="forgia_anchor::ForgiaAnchorPlugin"},C:\Users\Antoi\.cargo\registry\src\index.crates.io-1949cf8c6b5b557f\bevy_app-0.18.1\src\app.rs,292,55,0.000000,1,55,55,55,0.000000
system{name="bevy_hanabi::render::queue_init_indirect_workgroup_update"},C:\Users\Antoi\.cargo\registry\src\index.crates.io-1949cf8c6b5b557f\bevy_ecs-0.18.1\src\system\function_system.rs,52,6048177,0.004701,27078,223,67,8737,141.249735
node{name="bevy_render::render_graph::node::ViewNodeRunner<bevy_core_pipeline::deferred::copy_lighting_id::CopyDeferredLightingIdNode>"},C:\Users\Antoi\.cargo\registry\src\index.crates.io-1949cf8c6b5b557f\bevy_render-0.18.1\src\renderer\graph_runner.rs,240,11695711,0.009091,54156,215,55,22664,195.277981
plugin finish{plugin="bevy_mesh::MeshPlugin"},C:\Users\Antoi\.cargo\registry\src\index.crates.io-1949cf8c6b5b557f\bevy_app-0.18.1\src\app.rs,272,55,0.000000,1,55,55,55,0.000000
system{name="bevy_pbr::atmosphere::resources::queue_render_sky_pipelines"},C:\Users\Antoi\.cargo\registry\src\index.crates.io-1949cf8c6b5b557f\bevy_ecs-0.18.1\src\system\function_system.rs,52,7616877,0.005921,27078,281,103,58855,380.791232
asset loading{loader="bevy_shader::shader::ShaderLoader" asset="embedded://bevy_pbr\\decal\\forward_decal.wgsl"},C:\Users\Antoi\.cargo\registry\src\index.crates.io-1949cf8c6b5b557f\bevy_asset-0.18.1\src\server\loaders.rs,332,85967,0.000067,2,42983,68,85899,60691.682140
schedule{name=OnEnter(Menu)},C:\Users\Antoi\.cargo\registry\src\index.crates.io-1949cf8c6b5b557f\bevy_ecs-0.18.1\src\schedule\schedule.rs,532,1774276,0.001379,1,1774276,1774276,1774276,0.000000
system{name="forgia_ui_lib::pause_menu::load_user_settings_at_boot"},C:\Users\Antoi\.cargo\registry\src\index.crates.io-1949cf8c6b5b557f\bevy_ecs-0.18.1\src\system\function_system.rs,52,4975228,0.003867,1,4975228,4975228,4975228,0.000000
plugin build{plugin="forgia_mode_roguelite::audio::RogueliteAudioPlugin"},C:\Users\Antoi\.cargo\registry\src\index.crates.io-1949cf8c6b5b557f\bevy_app-0.18.1\src\app.rs,529,10416154,0.008097,1,10416154,10416154,10416154,0.000000
system{name="forgia_ai_arena_bot::on_bot_death"},C:\Users\Antoi\.cargo\registry\src\index.crates.io-1949cf8c6b5b557f\bevy_ecs-0.18.1\src\system\function_system.rs,52,43764,0.000034,26,1683,226,19698,3749.057652
system{name="bevy_gizmos::propagate_gizmos<bevy_gizmos::light::LightGizmoConfigGroup, bevy_time::fixed::Fixed>"},C:\Users\Antoi\.cargo\registry\src\index.crates.io-1949cf8c6b5b557f\bevy_ecs-0.18.1\src\system\function_system.rs,52,5469261,0.004251,27079,201,59,41974,289.788251
plugin build{plugin="bevy_render::sync_world::SyncWorldPlugin"},C:\Users\Antoi\.cargo\registry\src\index.crates.io-1949cf8c6b5b557f\bevy_app-0.18.1\src\app.rs,529,42895,0.000033,1,42895,42895,42895,0.000000
run_graph{name="Core3d" debug_group="Camera -1 (81v0)"},C:\Users\Antoi\.cargo\registry\src\index.crates.io-1949cf8c6b5b557f\bevy_render-0.18.1\src\renderer\graph_runner.rs,119,205786715,0.159960,1327,155076,130309,377186,31170.208905
plugin build{plugin="bevy_pbr::material::MaterialPlugin<bevy_pbr::extended_material::ExtendedMaterial<bevy_pbr::pbr_material::StandardMaterial, bevy_water::water::material::WaterMaterial>>"},C:\Users\Antoi\.cargo\registry\src\index.crates.io-1949cf8c6b5b557f\bevy_app-0.18.1\src\app.rs,529,189070,0.000147,1,189070,189070,189070,0.000000
system{name="bevy_pbr::render::mesh::extract_meshes_for_gpu_building"},C:\Users\Antoi\.cargo\registry\src\index.crates.io-1949cf8c6b5b557f\bevy_ecs-0.18.1\src\system\function_system.rs,52,1182110149,0.918864,27078,43655,15749,6752524,94927.540139
system{name="bevy_anti_alias::taa::prepare_taa_jitter"},C:\Users\Antoi\.cargo\registry\src\index.crates.io-1949cf8c6b5b557f\bevy_ecs-0.18.1\src\system\function_system.rs,52,7778275,0.006046,27078,287,88,114732,987.432088
schedule{name=FixedLast},C:\Users\Antoi\.cargo\registry\src\index.crates.io-1949cf8c6b5b557f\bevy_ecs-0.18.1\src\schedule\schedule.rs,532,141525949,0.110009,7925,17858,4333,895458,17574.940722
system{name="bevy_render::extract_component::extract_components<bevy_render::view::Msaa>"},C:\Users\Antoi\.cargo\registry\src\index.crates.io-1949cf8c6b5b557f\bevy_ecs-0.18.1\src\system\function_system.rs,52,19976793,0.015528,27079,737,241,24903,385.953100
plugin cleanup{plugin="bevy_render::render_phase::BinnedRenderPhasePlugin<bevy_core_pipeline::core_3d::Opaque3d, bevy_pbr::render::mesh::MeshPipeline>"},C:\Users\Antoi\.cargo\registry\src\index.crates.io-1949cf8c6b5b557f\bevy_app-0.18.1\src\app.rs,292,54,0.000000,1,54,54,54,0.000000
plugin cleanup{plugin="forgia_mode_roguelite::audio::RogueliteAudioPlugin"},C:\Users\Antoi\.cargo\registry\src\index.crates.io-1949cf8c6b5b557f\bevy_app-0.18.1\src\app.rs,292,55,0.000000,1,55,55,55,0.000000
system{name="bevy_sprite_render::mesh2d::material::check_entities_needing_specialization<bevy_sprite_render::mesh2d::color_material::ColorMaterial>"},C:\Users\Antoi\.cargo\registry\src\index.crates.io-1949cf8c6b5b557f\bevy_ecs-0.18.1\src\system\function_system.rs,52,36751013,0.028567,27079,1357,292,122341,1069.264627
system{name="forgia_observability::entities_sensor::sys_write_entities_sensor"},C:\Users\Antoi\.cargo\registry\src\index.crates.io-1949cf8c6b5b557f\bevy_ecs-0.18.1\src\system\function_system.rs,52,11977654,0.009310,27079,442,130,37106,386.209234
system{name="bevy_core_pipeline::skybox::prepass::prepare_skybox_prepass_bind_groups"},C:\Users\Antoi\.cargo\registry\src\index.crates.io-1949cf8c6b5b557f\bevy_ecs-0.18.1\src\system\function_system.rs,52,6456476,0.005019,27078,238,85,136979,1133.194922
system_commands{name="bevy_hanabi::render::clear_transient_batch_inputs"},C:\Users\Antoi\.cargo\registry\src\index.crates.io-1949cf8c6b5b557f\bevy_ecs-0.18.1\src\system\function_system.rs,54,312758554,0.243110,27078,11550,78,648120,7009.073425
plugin cleanup{plugin="bevy_render::sync_component::SyncComponentPlugin<bevy_post_process::dof::DepthOfField>"},C:\Users\Antoi\.cargo\registry\src\index.crates.io-1949cf8c6b5b557f\bevy_app-0.18.1\src\app.rs,292,54,0.000000,1,54,54,54,0.000000
plugin finish{plugin="forgia_viewmodel::arms::ForgiaViewmodelArmsPlugin"},C:\Users\Antoi\.cargo\registry\src\index.crates.io-1949cf8c6b5b557f\bevy_app-0.18.1\src\app.rs,272,56,0.000000,1,56,56,56,0.000000
plugin build{plugin="bevy_ui_render::color_space::ColorSpacePlugin"},C:\Users\Antoi\.cargo\registry\src\index.crates.io-1949cf8c6b5b557f\bevy_app-0.18.1\src\app.rs,529,8661,0.000007,1,8661,8661,8661,0.000000
system{name="bevy_asset::assets::Assets<bevy_gltf::assets::GltfPrimitive>::track_assets"},C:\Users\Antoi\.cargo\registry\src\index.crates.io-1949cf8c6b5b557f\bevy_ecs-0.18.1\src\system\function_system.rs,52,24385056,0.018955,27079,900,98,412111,6241.073835
plugin cleanup{plugin="forgia_effects::damage_numbers::ForgiaDamageNumbersPlugin"},C:\Users\Antoi\.cargo\registry\src\index.crates.io-1949cf8c6b5b557f\bevy_app-0.18.1\src\app.rs,292,52,0.000000,1,52,52,52,0.000000
schedule{name=ExtractSchedule},C:\Users\Antoi\.cargo\registry\src\index.crates.io-1949cf8c6b5b557f\bevy_ecs-0.18.1\src\schedule\schedule.rs,532,13092110918,10.176602,27078,483496,198255,61729720,712987.537890
plugin cleanup{plugin="bevy_core_pipeline::upscaling::UpscalingPlugin"},C:\Users\Antoi\.cargo\registry\src\index.crates.io-1949cf8c6b5b557f\bevy_app-0.18.1\src\app.rs,292,52,0.000000,1,52,52,52,0.000000
system_commands{name="forgia_viewmodel::attach::load_weapon_models"},C:\Users\Antoi\.cargo\registry\src\index.crates.io-1949cf8c6b5b557f\bevy_ecs-0.18.1\src\system\function_system.rs,54,4224,0.000003,1,4224,4224,4224,0.000000
plugin finish{plugin="bevy_picking::InteractionPlugin"},C:\Users\Antoi\.cargo\registry\src\index.crates.io-1949cf8c6b5b557f\bevy_app-0.18.1\src\app.rs,272,55,0.000000,1,55,55,55,0.000000
system{name="bevy_render::render_phase::sweep_old_entities<bevy_core_pipeline::deferred::Opaque3dDeferred>"},C:\Users\Antoi\.cargo\registry\src\index.crates.io-1949cf8c6b5b557f\bevy_ecs-0.18.1\src\system\function_system.rs,52,5055268,0.003929,27078,186,58,64026,414.974998
system{name="bevy_render::extract_component::extract_components<bevy_anti_alias::contrast_adaptive_sharpening::ContrastAdaptiveSharpening>"},C:\Users\Antoi\.cargo\registry\src\index.crates.io-1949cf8c6b5b557f\bevy_ecs-0.18.1\src\system\function_system.rs,52,15043385,0.011693,27079,555,184,91162,714.971172
plugin build{plugin="bevy_render::sync_component::SyncComponentPlugin<bevy_light::point_light::PointLight>"},C:\Users\Antoi\.cargo\registry\src\index.crates.io-1949cf8c6b5b557f\bevy_app-0.18.1\src\app.rs,529,6709,0.000005,1,6709,6709,6709,0.000000
system_commands{name="bevy_core_pipeline::core_3d::prepare_core_3d_depth_textures"},C:\Users\Antoi\.cargo\registry\src\index.crates.io-1949cf8c6b5b557f\bevy_ecs-0.18.1\src\system\function_system.rs,54,20398541,0.015856,27078,753,319,63870,669.972295
system{name="bevy_asset::assets::Assets<forgia_genome_core::Genome<forgia_viewmodel::genome::ViewmodelGenome>>::track_assets"},C:\Users\Antoi\.cargo\registry\src\index.crates.io-1949cf8c6b5b557f\bevy_ecs-0.18.1\src\system\function_system.rs,52,28534771,0.022180,27079,1053,175,1408567,10208.530451
opaque_main_pass_3d,C:\Users\Antoi\.cargo\registry\src\index.crates.io-1949cf8c6b5b557f\bevy_core_pipeline-0.18.1\src\core_3d\main_opaque_pass_3d_node.rs,104,553667664,0.430370,54146,10225,1490,534159,6445.946493
system_commands{name="bevy_hanabi::render::property::allocate_properties"},C:\Users\Antoi\.cargo\registry\src\index.crates.io-1949cf8c6b5b557f\bevy_ecs-0.18.1\src\system\function_system.rs,54,2335376,0.001815,27078,86,50,1160,32.866464
plugin finish{plugin="bevy_pbr::prepass::PrepassPlugin"},C:\Users\Antoi\.cargo\registry\src\index.crates.io-1949cf8c6b5b557f\bevy_app-0.18.1\src\app.rs,272,55,0.000000,1,55,55,55,0.000000
asset loading{loader="bevy_shader::shader::ShaderLoader" asset="embedded://bevy_pbr\\ssao\\spatial_denoise.wgsl"},C:\Users\Antoi\.cargo\registry\src\index.crates.io-1949cf8c6b5b557f\bevy_asset-0.18.1\src\server\loaders.rs,332,179786,0.000140,2,89893,114,179672,126966.679416
plugin build{plugin="bevy_asset::AssetPlugin"},C:\Users\Antoi\.cargo\registry\src\index.crates.io-1949cf8c6b5b557f\bevy_app-0.18.1\src\app.rs,529,190254209,0.147886,1,190254209,190254209,190254209,0.000000
system{name="bevy_light::spot_light::update_spot_light_frusta"},C:\Users\Antoi\.cargo\registry\src\index.crates.io-1949cf8c6b5b557f\bevy_ecs-0.18.1\src\system\function_system.rs,52,17091496,0.013285,27079,631,208,28239,283.181803
system{name="forgia_mode_roguelite::hud::draw_currency_counters"},C:\Users\Antoi\.cargo\registry\src\index.crates.io-1949cf8c6b5b557f\bevy_ecs-0.18.1\src\system\function_system.rs,52,223895631,0.174036,25661,8725,93,197648,3264.616983
system_commands{name="bevy_post_process::effect_stack::prepare_post_processing_uniforms"},C:\Users\Antoi\.cargo\registry\src\index.crates.io-1949cf8c6b5b557f\bevy_ecs-0.18.1\src\system\function_system.rs,54,2275049,0.001768,27078,84,50,3437,34.240353
system_commands{name="bevy_render::erased_render_asset::extract_erased_render_asset<bevy_pbr::mesh_material::MeshMaterial3d<bevy_pbr::pbr_material::StandardMaterial>>"},C:\Users\Antoi\.cargo\registry\src\index.crates.io-1949cf8c6b5b557f\bevy_ecs-0.18.1\src\system\function_system.rs,54,36467798,0.028347,27078,1346,379,62295,697.009163
system{name="bevy_post_process::dof::configure_depth_of_field_view_targets"},C:\Users\Antoi\.cargo\registry\src\index.crates.io-1949cf8c6b5b557f\bevy_ecs-0.18.1\src\system\function_system.rs,52,9504441,0.007388,27078,351,81,148363,995.373939
asset loading{loader="bevy_shader::shader::ShaderLoader" asset="embedded://bevy_pbr\\render/shadows.wgsl"},C:\Users\Antoi\.cargo\registry\src\index.crates.io-1949cf8c6b5b557f\bevy_asset-0.18.1\src\server\loaders.rs,332,453938,0.000353,2,226969,141,453797,320783.233926
asset loading{loader="bevy_image::image_loader::ImageLoader" asset="ui/menu_video/frame_0142.webp"},C:\Users\Antoi\.cargo\registry\src\index.crates.io-1949cf8c6b5b557f\bevy_asset-0.18.1\src\server\loaders.rs,332,16065141,0.012488,7,2295020,177,15982860,6035778.496426
system_commands{name="bevy_ui_render::ui_texture_slice_pipeline::prepare_ui_slices"},C:\Users\Antoi\.cargo\registry\src\index.crates.io-1949cf8c6b5b557f\bevy_ecs-0.18.1\src\system\function_system.rs,54,13926209,0.010825,27078,514,210,13003,181.291016
schedule{name=RenderStartup},C:\Users\Antoi\.cargo\registry\src\index.crates.io-1949cf8c6b5b557f\bevy_ecs-0.18.1\src\schedule\schedule.rs,532,1177839,0.000916,1,1177839,1177839,1177839,0.000000
system_commands{name="forgia_mode_roguelite::poi::sys_init_poi_genome"},C:\Users\Antoi\.cargo\registry\src\index.crates.io-1949cf8c6b5b557f\bevy_ecs-0.18.1\src\system\function_system.rs,54,4221,0.000003,1,4221,4221,4221,0.000000
system{name="forgia_mode_roguelite::weapon_select::sys_clear_lobby_preview"},C:\Users\Antoi\.cargo\registry\src\index.crates.io-1949cf8c6b5b557f\bevy_ecs-0.18.1\src\system\function_system.rs,52,2156,0.000002,1,2156,2156,2156,0.000000
system{name="bevy_post_process::bloom::downsampling_pipeline::init_bloom_downsampling_pipeline"},C:\Users\Antoi\.cargo\registry\src\index.crates.io-1949cf8c6b5b557f\bevy_ecs-0.18.1\src\system\function_system.rs,52,66778,0.000052,1,66778,66778,66778,0.000000
system{name="bevy_sprite_render::mesh2d::material::check_entities_needing_specialization<bevy_sprite_render::tilemap_chunk::tilemap_chunk_material::TilemapChunkMaterial>"},C:\Users\Antoi\.cargo\registry\src\index.crates.io-1949cf8c6b5b557f\bevy_ecs-0.18.1\src\system\function_system.rs,52,52652150,0.040927,27079,1944,359,155368,1244.265085
plugin cleanup{plugin="bevy_render::extract_component::UniformComponentPlugin<bevy_post_process::dof::DepthOfFieldUniform>"},C:\Users\Antoi\.cargo\registry\src\index.crates.io-1949cf8c6b5b557f\bevy_app-0.18.1\src\app.rs,292,58,0.000000,1,58,58,58,0.000000
system{name="forgia_killfeed::draw_multikill_banner"},C:\Users\Antoi\.cargo\registry\src\index.crates.io-1949cf8c6b5b557f\bevy_ecs-0.18.1\src\system\function_system.rs,52,89786414,0.069792,27079,3315,89,3061469,23757.261601
system{name="forgia_ui::release_cursor"},C:\Users\Antoi\.cargo\registry\src\index.crates.io-1949cf8c6b5b557f\bevy_ecs-0.18.1\src\system\function_system.rs,52,613834,0.000477,3,204611,78316,346159,134571.332075
system{name="forgia_mode_roguelite::parcours_obstacles::sys_swing_hammers"},C:\Users\Antoi\.cargo\registry\src\index.crates.io-1949cf8c6b5b557f\bevy_ecs-0.18.1\src\system\function_system.rs,52,9779017,0.007601,25752,379,87,126230,824.197177
system_commands{name="forgia_viewmodel::genome::load_viewmodel_genome"},C:\Users\Antoi\.cargo\registry\src\index.crates.io-1949cf8c6b5b557f\bevy_ecs-0.18.1\src\system\function_system.rs,54,2968,0.000002,1,2968,2968,2968,0.000000
plugin finish{plugin="forgia_mode_roguelite::kill_popup::RogueliteKillPopupPlugin"},C:\Users\Antoi\.cargo\registry\src\index.crates.io-1949cf8c6b5b557f\bevy_app-0.18.1\src\app.rs,272,58,0.000000,1,58,58,58,0.000000
plugin build{plugin="forgia_rpg_data::shop::ForgiaShopPlugin"},C:\Users\Antoi\.cargo\registry\src\index.crates.io-1949cf8c6b5b557f\bevy_app-0.18.1\src\app.rs,529,24156,0.000019,1,24156,24156,24156,0.000000
plugin cleanup{plugin="forgia_juice_lib::camera_shake::ForgiaJuiceCameraShakePlugin"},C:\Users\Antoi\.cargo\registry\src\index.crates.io-1949cf8c6b5b557f\bevy_app-0.18.1\src\app.rs,292,56,0.000000,1,56,56,56,0.000000
system{name="forgia_stage::spawn_stage_arena_on_request"},C:\Users\Antoi\.cargo\registry\src\index.crates.io-1949cf8c6b5b557f\bevy_ecs-0.18.1\src\system\function_system.rs,52,22816150,0.017735,27079,842,195,945556,7357.037541
plugin finish{plugin="bevy_render::extract_component::ExtractComponentPlugin<bevy_anti_alias::contrast_adaptive_sharpening::ContrastAdaptiveSharpening>"},C:\Users\Antoi\.cargo\registry\src\index.crates.io-1949cf8c6b5b557f\bevy_app-0.18.1\src\app.rs,272,122,0.000000,1,122,122,122,0.000000
system{name="forgia_ui_lib::hud_ammo::tuning::load_ammo_hud_tuning"},C:\Users\Antoi\.cargo\registry\src\index.crates.io-1949cf8c6b5b557f\bevy_ecs-0.18.1\src\system\function_system.rs,52,6138,0.000005,1,6138,6138,6138,0.000000
plugin cleanup{plugin="bevy_render::sync_component::SyncComponentPlugin<bevy_pbr::atmosphere::Atmosphere>"},C:\Users\Antoi\.cargo\registry\src\index.crates.io-1949cf8c6b5b557f\bevy_app-0.18.1\src\app.rs,292,55,0.000000,1,55,55,55,0.000000
asset loading{loader="forgia_genome_core::GenomeLoader<forgia_damage::HitFeedbackTuning>" asset="genomes/damage_feedback/hit_feedback.toml"},C:\Users\Antoi\.cargo\registry\src\index.crates.io-1949cf8c6b5b557f\bevy_asset-0.18.1\src\server\loaders.rs,332,83141,0.000065,5,16628,66,68523,29166.156050
system{name="forgia_player::dash::dash_motion_system"},C:\Users\Antoi\.cargo\registry\src\index.crates.io-1949cf8c6b5b557f\bevy_ecs-0.18.1\src\system\function_system.rs,52,5014762,0.003898,7533,665,101,97914,1136.451586
plugin finish{plugin="bevy_app::propagate::HierarchyPropagatePlugin<bevy_ui::ui_node::ComputedUiTargetCamera>"},C:\Users\Antoi\.cargo\registry\src\index.crates.io-1949cf8c6b5b557f\bevy_app-0.18.1\src\app.rs,272,121,0.000000,1,121,121,121,0.000000
plugin finish{plugin="bevy_render::view::window::WindowRenderPlugin"},C:\Users\Antoi\.cargo\registry\src\index.crates.io-1949cf8c6b5b557f\bevy_app-0.18.1\src\app.rs,272,139,0.000000,1,139,139,139,0.000000
plugin build{plugin="forgia_enemy_nameplate::ForgiaEnemyNameplatePlugin"},C:\Users\Antoi\.cargo\registry\src\index.crates.io-1949cf8c6b5b557f\bevy_app-0.18.1\src\app.rs,529,148399,0.000115,1,148399,148399,148399,0.000000
plugin cleanup{plugin="bevy_post_process::dof::DepthOfFieldPlugin"},C:\Users\Antoi\.cargo\registry\src\index.crates.io-1949cf8c6b5b557f\bevy_app-0.18.1\src\app.rs,292,54,0.000000,1,54,54,54,0.000000
system{name="bevy_audio::audio_output::play_queued_audio_system<bevy_audio::pitch::Pitch>"},C:\Users\Antoi\.cargo\registry\src\index.crates.io-1949cf8c6b5b557f\bevy_ecs-0.18.1\src\system\function_system.rs,52,20821791,0.016185,27079,768,204,25698,336.858823
system_commands{name="bevy_pbr::volumetric_fog::render::init_volumetric_fog_pipeline"},C:\Users\Antoi\.cargo\registry\src\index.crates.io-1949cf8c6b5b557f\bevy_ecs-0.18.1\src\system\function_system.rs,54,4284,0.000003,1,4284,4284,4284,0.000000
plugin build{plugin="bevy_pbr::render::gpu_preprocess::GpuMeshPreprocessPlugin"},C:\Users\Antoi\.cargo\registry\src\index.crates.io-1949cf8c6b5b557f\bevy_app-0.18.1\src\app.rs,529,9432,0.000007,1,9432,9432,9432,0.000000
system{name="forgia_mode_roguelite::shockwave::sys_tick_shockwave_cooldown"},C:\Users\Antoi\.cargo\registry\src\index.crates.io-1949cf8c6b5b557f\bevy_ecs-0.18.1\src\system\function_system.rs,52,6191683,0.004813,25752,240,86,131571,839.142792
plugin cleanup{plugin="bevy_render::erased_render_asset::ErasedRenderAssetPlugin<bevy_pbr::mesh_material::MeshMaterial3d<bevy_pbr::extended_material::ExtendedMaterial<bevy_pbr::pbr_material::StandardMaterial, bevy_pbr::decal::forward::ForwardDecalMaterialExt>>>"},C:\Users\Antoi\.cargo\registry\src\index.crates.io-1949cf8c6b5b557f\bevy_app-0.18.1\src\app.rs,292,162,0.000000,1,162,162,162,0.000000
plugin cleanup{plugin="forgia_debug::ForgiaDebugPlugin"},C:\Users\Antoi\.cargo\registry\src\index.crates.io-1949cf8c6b5b557f\bevy_app-0.18.1\src\app.rs,292,72,0.000000,1,72,72,72,0.000000
asset loading{loader="bevy_gltf::loader::GltfLoader" asset="models/arms/fps_arm_R.glb"},C:\Users\Antoi\.cargo\registry\src\index.crates.io-1949cf8c6b5b557f\bevy_asset-0.18.1\src\server\loaders.rs,332,2031813,0.001579,4,507953,139,2008887,1000674.713920
plugin build{plugin="forgia_audio::ForgiaAudioCorePlugin"},C:\Users\Antoi\.cargo\registry\src\index.crates.io-1949cf8c6b5b557f\bevy_app-0.18.1\src\app.rs,529,10325737,0.008026,1,10325737,10325737,10325737,0.000000
plugin finish{plugin="forgia_game::cyber_city::CyberCityDemoPlugin"},C:\Users\Antoi\.cargo\registry\src\index.crates.io-1949cf8c6b5b557f\bevy_app-0.18.1\src\app.rs,272,54,0.000000,1,54,54,54,0.000000
system{name="forgia_mode_roguelite::identity::draw_identity_panel"},C:\Users\Antoi\.cargo\registry\src\index.crates.io-1949cf8c6b5b557f\bevy_ecs-0.18.1\src\system\function_system.rs,52,9560144,0.007431,27079,353,78,127510,1991.458916
system{name="bevy_water::water::apply_wave_direction"},C:\Users\Antoi\.cargo\registry\src\index.crates.io-1949cf8c6b5b557f\bevy_ecs-0.18.1\src\system\function_system.rs,52,40321978,0.031343,27079,1489,487,82761,875.616157
asset loading{loader="bevy_gltf::loader::GltfLoader" asset="models/environment/inferno/RockBig_003.glb"},C:\Users\Antoi\.cargo\registry\src\index.crates.io-1949cf8c6b5b557f\bevy_asset-0.18.1\src\server\loaders.rs,332,6457661,0.005020,4,1614415,160,6423673,3206181.826451
system_commands{name="forgia_ai_arena_bot::setup_bot_fireball_assets"},C:\Users\Antoi\.cargo\registry\src\index.crates.io-1949cf8c6b5b557f\bevy_ecs-0.18.1\src\system\function_system.rs,54,1959,0.000002,1,1959,1959,1959,0.000000
system{name="bevy_asset::assets::Assets<forgia_genome_core::Genome<forgia_fps::FpsTuning>>::asset_events"},C:\Users\Antoi\.cargo\registry\src\index.crates.io-1949cf8c6b5b557f\bevy_ecs-0.18.1\src\system\function_system.rs,52,371,0.000000,1,371,371,371,0.000000
asset loading{loader="bevy_image::image_loader::ImageLoader" asset="textures/pbr/jolcham_oak_bark_01/jolcham_oak_bark_01_diff_2k.ktx2"},C:\Users\Antoi\.cargo\registry\src\index.crates.io-1949cf8c6b5b557f\bevy_asset-0.18.1\src\server\loaders.rs,332,108623623,0.084434,4,27155905,1142,108605643,54299825.101486
asset loading{loader="bevy_gltf::loader::GltfLoader" asset="models/kaykit/hexagon/red/building_mine_red.gltf"},C:\Users\Antoi\.cargo\registry\src\index.crates.io-1949cf8c6b5b557f\bevy_asset-0.18.1\src\server\loaders.rs,332,313778,0.000244,7,44825,65,147332,67118.863502
plugin cleanup{plugin="bevy_render::extract_component::ExtractComponentPlugin<bevy_camera::components::Camera3d>"},C:\Users\Antoi\.cargo\registry\src\index.crates.io-1949cf8c6b5b557f\bevy_app-0.18.1\src\app.rs,292,53,0.000000,1,53,53,53,0.000000
system{name="bevy_ui_render::ui_texture_slice_pipeline::prepare_ui_slices"},C:\Users\Antoi\.cargo\registry\src\index.crates.io-1949cf8c6b5b557f\bevy_ecs-0.18.1\src\system\function_system.rs,52,370136602,0.287710,27078,13669,2548,404490,13510.647554
asset loading{loader="bevy_image::image_loader::ImageLoader" asset="ui/menu_video/frame_0001.webp"},C:\Users\Antoi\.cargo\registry\src\index.crates.io-1949cf8c6b5b557f\bevy_asset-0.18.1\src\server\loaders.rs,332,17130749,0.013316,4,4282687,116,17117043,8556238.520547
system{name="forgia_observability::player_state_sensor::sys_write_player_state_sensor"},C:\Users\Antoi\.cargo\registry\src\index.crates.io-1949cf8c6b5b557f\bevy_ecs-0.18.1\src\system\function_system.rs,52,6837095,0.005315,27079,252,75,112246,722.793196
node{name="bevy_anti_alias::contrast_adaptive_sharpening::node::CasNode"},C:\Users\Antoi\.cargo\registry\src\index.crates.io-1949cf8c6b5b557f\bevy_render-0.18.1\src\renderer\graph_runner.rs,240,27778624,0.021593,81234,341,76,89788,447.791186
system{name="forgia_combat::sensor::sys_write_combat_sensor"},C:\Users\Antoi\.cargo\registry\src\index.crates.io-1949cf8c6b5b557f\bevy_ecs-0.18.1\src\system\function_system.rs,52,15730730,0.012228,27079,580,183,101837,808.963836
system{name="bevy_render::batching::gpu_preprocessing::collect_buffers_for_phase<bevy_core_pipeline::deferred::Opaque3dDeferred, bevy_pbr::render::mesh::MeshPipeline>"},C:\Users\Antoi\.cargo\registry\src\index.crates.io-1949cf8c6b5b557f\bevy_ecs-0.18.1\src\system\function_system.rs,52,24287288,0.018879,27078,896,280,71968,685.849148
system{name="bevy_ui::accessibility::label_changed"},C:\Users\Antoi\.cargo\registry\src\index.crates.io-1949cf8c6b5b557f\bevy_ecs-0.18.1\src\system\function_system.rs,52,13493691,0.010489,27079,498,118,34095,306.917087
system{name="bevy_rapier3d::render::debug_render_scene"},C:\Users\Antoi\.cargo\registry\src\index.crates.io-1949cf8c6b5b557f\bevy_ecs-0.18.1\src\system\function_system.rs,52,31214863,0.024264,27079,1152,424,78546,646.519738
plugin cleanup{plugin="bevy_ui_render::UiRenderPlugin"},C:\Users\Antoi\.cargo\registry\src\index.crates.io-1949cf8c6b5b557f\bevy_app-0.18.1\src\app.rs,292,53,0.000000,1,53,53,53,0.000000
plugin cleanup{plugin="bevy_render::extract_component::ExtractComponentPlugin<bevy_pbr::atmosphere::environment::AtmosphereEnvironmentMap>"},C:\Users\Antoi\.cargo\registry\src\index.crates.io-1949cf8c6b5b557f\bevy_app-0.18.1\src\app.rs,292,55,0.000000,1,55,55,55,0.000000
system_commands{name="bevy_anti_alias::smaa::prepare_smaa_bind_groups"},C:\Users\Antoi\.cargo\registry\src\index.crates.io-1949cf8c6b5b557f\bevy_ecs-0.18.1\src\system\function_system.rs,54,2387356,0.001856,27078,88,50,10370,93.243994
system{name="bevy_picking::input::deactivate_touch_pointers"},C:\Users\Antoi\.cargo\registry\src\index.crates.io-1949cf8c6b5b557f\bevy_ecs-0.18.1\src\system\function_system.rs,52,15468066,0.012023,27079,571,162,154080,1109.194349
plugin build{plugin="bevy_render::RenderPlugin"},C:\Users\Antoi\.cargo\registry\src\index.crates.io-1949cf8c6b5b557f\bevy_app-0.18.1\src\app.rs,529,320751889,0.249323,1,320751889,320751889,320751889,0.000000
plugin finish{plugin="bevy_render::extract_component::ExtractComponentPlugin<bevy_hanabi::EffectVisibilityClass>"},C:\Users\Antoi\.cargo\registry\src\index.crates.io-1949cf8c6b5b557f\bevy_app-0.18.1\src\app.rs,272,389,0.000000,1,389,389,389,0.000000
system{name="forgia_viewmodel::arms::update_support_hand_visibility"},C:\Users\Antoi\.cargo\registry\src\index.crates.io-1949cf8c6b5b557f\bevy_ecs-0.18.1\src\system\function_system.rs,52,24954295,0.019397,25752,969,311,91783,850.571947
system{name="bevy_ui_render::box_shadow::queue_shadows"},C:\Users\Antoi\.cargo\registry\src\index.crates.io-1949cf8c6b5b557f\bevy_ecs-0.18.1\src\system\function_system.rs,52,14171379,0.011016,27078,523,145,25686,346.327360
asset loading{loader="bevy_image::image_loader::ImageLoader" asset="ui/menu_video/frame_0008.webp"},C:\Users\Antoi\.cargo\registry\src\index.crates.io-1949cf8c6b5b557f\bevy_asset-0.18.1\src\server\loaders.rs,332,16520168,0.012841,4,4130042,121,16513020,8255318.946859
system_commands{name="forgia_streaming::load_streaming_genome"},C:\Users\Antoi\.cargo\registry\src\index.crates.io-1949cf8c6b5b557f\bevy_ecs-0.18.1\src\system\function_system.rs,54,1399,0.000001,1,1399,1399,1399,0.000000
system{name="bevy_asset::assets::Assets<bevy_audio::pitch::Pitch>::track_assets"},C:\Users\Antoi\.cargo\registry\src\index.crates.io-1949cf8c6b5b557f\bevy_ecs-0.18.1\src\system\function_system.rs,52,21725562,0.016887,27079,802,110,511826,6291.605095
plugin finish{plugin="forgia_mode_roguelite::merchant::MerchantPlugin"},C:\Users\Antoi\.cargo\registry\src\index.crates.io-1949cf8c6b5b557f\bevy_app-0.18.1\src\app.rs,272,55,0.000000,1,55,55,55,0.000000
system{name="bevy_ui_render::extract_ui_camera_view"},C:\Users\Antoi\.cargo\registry\src\index.crates.io-1949cf8c6b5b557f\bevy_ecs-0.18.1\src\system\function_system.rs,52,37603639,0.029230,27079,1388,593,87036,980.412495
plugin cleanup{plugin="bevy_core_pipeline::blit::BlitPlugin"},C:\Users\Antoi\.cargo\registry\src\index.crates.io-1949cf8c6b5b557f\bevy_app-0.18.1\src\app.rs,292,52,0.000000,1,52,52,52,0.000000
function_scope{epaint::text::text_layout_types::Galley::concat},C:\Users\Antoi\.cargo\registry\src\index.crates.io-1949cf8c6b5b557f\epaint-0.33.3\src\text\text_layout_types.rs,846,52589,0.000041,22,2390,1454,3194,424.737846
asset loading{loader="bevy_image::image_loader::ImageLoader" asset="ui/menu_video/frame_0057.webp"},C:\Users\Antoi\.cargo\registry\src\index.crates.io-1949cf8c6b5b557f\bevy_asset-0.18.1\src\server\loaders.rs,332,15140653,0.011769,6,2523442,101,15106382,6164358.759394
system{name="forgia_ai_arena_bot::bot_tracer_lifetime"},C:\Users\Antoi\.cargo\registry\src\index.crates.io-1949cf8c6b5b557f\bevy_ecs-0.18.1\src\system\function_system.rs,52,7094226,0.005514,27079,261,97,35942,323.030253
asset loading{loader="bevy_shader::shader::ShaderLoader" asset="embedded://bevy_render\\view\\window\\screenshot.wgsl"},C:\Users\Antoi\.cargo\registry\src\index.crates.io-1949cf8c6b5b557f\bevy_asset-0.18.1\src\server\loaders.rs,332,24748,0.000019,2,12374,53,24695,17424.525302
system{name="bevy_asset::assets::Assets<bevy_pbr::extended_material::ExtendedMaterial<bevy_pbr::pbr_material::StandardMaterial, bevy_water::water::material::WaterMaterial>>::asset_events_condition"},C:\Users\Antoi\.cargo\registry\src\index.crates.io-1949cf8c6b5b557f\bevy_ecs-0.18.1\src\system\function_system.rs,52,2566938,0.001995,27079,94,56,11147,103.199933
system{name="forgia_mode_roguelite::run::sys_spawn_roguelite_scene"},C:\Users\Antoi\.cargo\registry\src\index.crates.io-1949cf8c6b5b557f\bevy_ecs-0.18.1\src\system\function_system.rs,52,46041,0.000036,1,46041,46041,46041,0.000000
plugin build{plugin="forgia_stage::graph::ForgiaStageGraphPlugin"},C:\Users\Antoi\.cargo\registry\src\index.crates.io-1949cf8c6b5b557f\bevy_app-0.18.1\src\app.rs,529,395131,0.000307,1,395131,395131,395131,0.000000
plugin finish{plugin="bevy_diagnostic::entity_count_diagnostics_plugin::EntityCountDiagnosticsPlugin"},C:\Users\Antoi\.cargo\registry\src\index.crates.io-1949cf8c6b5b557f\bevy_app-0.18.1\src\app.rs,272,62,0.000000,1,62,62,62,0.000000
plugin finish{plugin="bevy_render::extract_component::ExtractComponentPlugin<bevy_core_pipeline::tonemapping::DebandDither>"},C:\Users\Antoi\.cargo\registry\src\index.crates.io-1949cf8c6b5b557f\bevy_app-0.18.1\src\app.rs,272,52,0.000000,1,52,52,52,0.000000
asset loading{loader="forgia_genome_core::GenomeLoader<forgia_skeleton_template::SkeletonTemplate>" asset="genomes/skeleton_humanoid.toml"},C:\Users\Antoi\.cargo\registry\src\index.crates.io-1949cf8c6b5b557f\bevy_asset-0.18.1\src\server\loaders.rs,332,244315,0.000190,4,61078,82,164479,78209.386519
asset loading{loader="bevy_image::image_loader::ImageLoader" asset="ui/menu_video/frame_0048.webp"},C:\Users\Antoi\.cargo\registry\src\index.crates.io-1949cf8c6b5b557f\bevy_asset-0.18.1\src\server\loaders.rs,332,15088284,0.011728,6,2514714,162,15054481,6143208.599495
plugin finish{plugin="bevy_winit::WinitPlugin"},C:\Users\Antoi\.cargo\registry\src\index.crates.io-1949cf8c6b5b557f\bevy_app-0.18.1\src\app.rs,272,56,0.000000,1,56,56,56,0.000000
asset loading{loader="bevy_image::image_loader::ImageLoader" asset="ui/menu_video/frame_0137.webp"},C:\Users\Antoi\.cargo\registry\src\index.crates.io-1949cf8c6b5b557f\bevy_asset-0.18.1\src\server\loaders.rs,332,14808990,0.011511,6,2468165,175,14769769,6026533.048293
system{name="forgia_player::player_movement"},C:\Users\Antoi\.cargo\registry\src\index.crates.io-1949cf8c6b5b557f\bevy_ecs-0.18.1\src\system\function_system.rs,52,9818463,0.007632,7533,1303,288,31262,539.538378
plugin finish{plugin="bevy_ui_render::gradient::GradientPlugin"},C:\Users\Antoi\.cargo\registry\src\index.crates.io-1949cf8c6b5b557f\bevy_app-0.18.1\src\app.rs,272,53,0.000000,1,53,53,53,0.000000
system_commands{name="forgia_ui::weapon_preview::sys_despawn_previews"},C:\Users\Antoi\.cargo\registry\src\index.crates.io-1949cf8c6b5b557f\bevy_ecs-0.18.1\src\system\function_system.rs,54,114810,0.000089,1,114810,114810,114810,0.000000
system{name="bevy_pbr::material::extract_entities_needs_specialization<bevy_pbr::extended_material::ExtendedMaterial<bevy_pbr::pbr_material::StandardMaterial, bevy_pbr::decal::forward::ForwardDecalMaterialExt>>"},C:\Users\Antoi\.cargo\registry\src\index.crates.io-1949cf8c6b5b557f\bevy_ecs-0.18.1\src\system\function_system.rs,52,10916025,0.008485,27079,403,98,17918,470.858819
system{name="bevy_ecs::schedule::condition::common_conditions::resource_exists<bevy_render::batching::gpu_preprocessing::BatchedInstanceBuffers<bevy_pbr::render::mesh::MeshUniform, bevy_pbr::render::mesh::MeshInputUniform>>"},C:\Users\Antoi\.cargo\registry\src\index.crates.io-1949cf8c6b5b557f\bevy_ecs-0.18.1\src\system\function_system.rs,52,47713268,0.037088,514482,92,52,112601,265.189510
plugin cleanup{plugin="forgia_player::ForgiaPlayerPlugin"},C:\Users\Antoi\.cargo\registry\src\index.crates.io-1949cf8c6b5b557f\bevy_app-0.18.1\src\app.rs,292,54,0.000000,1,54,54,54,0.000000
system{name="bevy_pbr::prepass::check_prepass_views_need_specialization"},C:\Users\Antoi\.cargo\registry\src\index.crates.io-1949cf8c6b5b557f\bevy_ecs-0.18.1\src\system\function_system.rs,52,29207236,0.022703,27078,1078,289,86907,1000.092004
plugin build{plugin="forgia_ui_lib::hud::coffre_forgeron::CoffreForgeronPlugin"},C:\Users\Antoi\.cargo\registry\src\index.crates.io-1949cf8c6b5b557f\bevy_app-0.18.1\src\app.rs,529,11975,0.000009,1,11975,11975,11975,0.000000
plugin finish{plugin="forgia_camera_orbit::ForgiaCameraOrbitPlugin"},C:\Users\Antoi\.cargo\registry\src\index.crates.io-1949cf8c6b5b557f\bevy_app-0.18.1\src\app.rs,272,53,0.000000,1,53,53,53,0.000000
asset loading{loader="bevy_image::image_loader::ImageLoader" asset="ui/menu_video/frame_0120.webp"},C:\Users\Antoi\.cargo\registry\src\index.crates.io-1949cf8c6b5b557f\bevy_asset-0.18.1\src\server\loaders.rs,332,15257697,0.011860,6,2542949,109,15219531,6210233.172627
plugin cleanup{plugin="forgia_water::ForgiaWaterPlugin"},C:\Users\Antoi\.cargo\registry\src\index.crates.io-1949cf8c6b5b557f\bevy_app-0.18.1\src\app.rs,292,58,0.000000,1,58,58,58,0.000000
system{name="bevy_post_process::effect_stack::prepare_post_processing_pipelines"},C:\Users\Antoi\.cargo\registry\src\index.crates.io-1949cf8c6b5b557f\bevy_ecs-0.18.1\src\system\function_system.rs,52,10547372,0.008199,27078,389,95,87469,606.290705
system_commands{name="bevy_app::propagate::propagate_output<bevy_ui::ui_node::ComputedUiTargetCamera, ()>"},C:\Users\Antoi\.cargo\registry\src\index.crates.io-1949cf8c6b5b557f\bevy_ecs-0.18.1\src\system\function_system.rs,54,4168824,0.003240,27079,153,56,81237,501.359746
asset loading{loader="bevy_gltf::loader::GltfLoader" asset="models/environment/inferno/StairsMiddle_001.glb"},C:\Users\Antoi\.cargo\registry\src\index.crates.io-1949cf8c6b5b557f\bevy_asset-0.18.1\src\server\loaders.rs,332,7317707,0.005688,5,1463541,136,7296600,3260780.531473
system_commands{name="bevy_render::extract_component::extract_components<bevy_pbr::deferred::PbrDeferredLightingDepthId>"},C:\Users\Antoi\.cargo\registry\src\index.crates.io-1949cf8c6b5b557f\bevy_ecs-0.18.1\src\system\function_system.rs,54,15502439,0.012050,27078,572,178,27895,286.164828
asset loading{loader="forgia_genome_core::GenomeLoader<forgia_mode_fps_arena::ArenaBotsGenome>" asset="genomes/arena_bots.toml"},C:\Users\Antoi\.cargo\registry\src\index.crates.io-1949cf8c6b5b557f\bevy_asset-0.18.1\src\server\loaders.rs,332,280187,0.000218,4,70046,154,266171,130853.067620
system{name="forgia_fps::pepin::sync_pepin_tuning"},C:\Users\Antoi\.cargo\registry\src\index.crates.io-1949cf8c6b5b557f\bevy_ecs-0.18.1\src\system\function_system.rs,52,14936623,0.011610,27079,551,160,146646,1657.336110
plugin cleanup{plugin="bevy_render::extract_component::ExtractComponentPlugin<bevy_pbr::ssr::ScreenSpaceReflections>"},C:\Users\Antoi\.cargo\registry\src\index.crates.io-1949cf8c6b5b557f\bevy_app-0.18.1\src\app.rs,292,104,0.000000,1,104,104,104,0.000000
system_commands{name="bevy_sprite_render::render::init_sprite_pipeline"},C:\Users\Antoi\.cargo\registry\src\index.crates.io-1949cf8c6b5b557f\bevy_ecs-0.18.1\src\system\function_system.rs,54,2970,0.000002,1,2970,2970,2970,0.000000
system_commands{name="forgia_effects::prespawn_hanabi_dummies"},C:\Users\Antoi\.cargo\registry\src\index.crates.io-1949cf8c6b5b557f\bevy_ecs-0.18.1\src\system\function_system.rs,54,16231,0.000013,1,16231,16231,16231,0.000000
system{name="bevy_anti_alias::smaa::prepare_smaa_uniforms"},C:\Users\Antoi\.cargo\registry\src\index.crates.io-1949cf8c6b5b557f\bevy_ecs-0.18.1\src\system\function_system.rs,52,11628761,0.009039,27078,429,161,143202,1063.392021
system_commands{name="bevy_egui::input::write_window_touch_messages_system"},C:\Users\Antoi\.cargo\registry\src\index.crates.io-1949cf8c6b5b557f\bevy_ecs-0.18.1\src\system\function_system.rs,54,1803599,0.001402,27079,66,50,89676,646.133597
asset loading{loader="bevy_shader::shader::ShaderLoader" asset="embedded://bevy_pbr\\render\\mesh_preprocess.wgsl"},C:\Users\Antoi\.cargo\registry\src\index.crates.io-1949cf8c6b5b557f\bevy_asset-0.18.1\src\server\loaders.rs,332,674306,0.000524,2,337153,75,674231,476700.279178
plugin cleanup{plugin="bevy_input::InputPlugin"},C:\Users\Antoi\.cargo\registry\src\index.crates.io-1949cf8c6b5b557f\bevy_app-0.18.1\src\app.rs,292,57,0.000000,1,57,57,57,0.000000
par_for_each{query="(&mut bevy_animation::AnimationPlayer, &bevy_animation::graph::AnimationGraphHandle)" filter="()"},C:\Users\Antoi\.cargo\registry\src\index.crates.io-1949cf8c6b5b557f\bevy_ecs-0.18.1\src\query\state.rs,246,19151957,0.014887,23054,830,66,38146,566.604480
system{name="bevy_render::batching::gpu_preprocessing::batch_and_prepare_binned_render_phase<bevy_core_pipeline::prepass::AlphaMask3dPrepass, bevy_pbr::render::mesh::MeshPipeline>"},C:\Users\Antoi\.cargo\registry\src\index.crates.io-1949cf8c6b5b557f\bevy_ecs-0.18.1\src\system\function_system.rs,52,14879364,0.011566,27078,549,217,140741,1082.487974
function_scope{<egui::plugin::CallbackPlugin as egui::plugin::Plugin>::on_end_pass},C:\Users\Antoi\.cargo\registry\src\index.crates.io-1949cf8c6b5b557f\egui-0.33.3\src\plugin.rs,240,9863907,0.007667,27079,364,70,10245,353.339520
system{name="bevy_state::state::transitions::run_enter<forgia_core::states::WorldMode>"},C:\Users\Antoi\.cargo\registry\src\index.crates.io-1949cf8c6b5b557f\bevy_ecs-0.18.1\src\system\function_system.rs,52,2193443,0.001705,27080,80,58,3712,40.586915
system{name="bevy_kira_audio::audio_output::play_audio_channel<forgia_audio::SfxChannel>"},C:\Users\Antoi\.cargo\registry\src\index.crates.io-1949cf8c6b5b557f\bevy_ecs-0.18.1\src\system\function_system.rs,52,8064417,0.006269,27079,297,96,128505,1613.393197
system_commands{name="forgia_mode_roguelite::status_vfx::sys_attach_shock_vfx"},C:\Users\Antoi\.cargo\registry\src\index.crates.io-1949cf8c6b5b557f\bevy_ecs-0.18.1\src\system\function_system.rs,54,3081374,0.002395,25752,119,50,127436,976.811601
system{name="forgia_observability::fps_feel_sensor::sys_write_fps_feel_sensor"},C:\Users\Antoi\.cargo\registry\src\index.crates.io-1949cf8c6b5b557f\bevy_ecs-0.18.1\src\system\function_system.rs,52,6004565,0.004667,27079,221,73,41103,330.269192
asset loading{loader="bevy_gltf::loader::GltfLoader" asset="models/environment/inferno/Vase_002.glb"},C:\Users\Antoi\.cargo\registry\src\index.crates.io-1949cf8c6b5b557f\bevy_asset-0.18.1\src\server\loaders.rs,332,61193097,0.047566,5,12238619,91,61141599,27337599.843844
system_commands{name="bevy_render::extract_component::extract_components<bevy_anti_alias::fxaa::Fxaa>"},C:\Users\Antoi\.cargo\registry\src\index.crates.io-1949cf8c6b5b557f\bevy_ecs-0.18.1\src\system\function_system.rs,54,14590933,0.011342,27078,538,140,138893,956.582214
system{name="bevy_render::extract_component::extract_components<bevy_camera::components::Camera3d>"},C:\Users\Antoi\.cargo\registry\src\index.crates.io-1949cf8c6b5b557f\bevy_ecs-0.18.1\src\system\function_system.rs,52,18933155,0.014717,27079,699,243,71570,743.838444
plugin build{plugin="bevy_anti_alias::taa::TemporalAntiAliasPlugin"},C:\Users\Antoi\.cargo\registry\src\index.crates.io-1949cf8c6b5b557f\bevy_app-0.18.1\src\app.rs,529,59376,0.000046,1,59376,59376,59376,0.000000
plugin finish{plugin="forgia_effects::ForgiaEffectsPlugin"},C:\Users\Antoi\.cargo\registry\src\index.crates.io-1949cf8c6b5b557f\bevy_app-0.18.1\src\app.rs,272,55,0.000000,1,55,55,55,0.000000
plugin finish{plugin="bevy_render::sync_component::SyncComponentPlugin<bevy_light::ambient_light::AmbientLight>"},C:\Users\Antoi\.cargo\registry\src\index.crates.io-1949cf8c6b5b557f\bevy_app-0.18.1\src\app.rs,272,60,0.000000,1,60,60,60,0.000000
system{name="forgia_mode_roguelite::pipeline_warmup::sys_spawn_warmup_diorama"},C:\Users\Antoi\.cargo\registry\src\index.crates.io-1949cf8c6b5b557f\bevy_ecs-0.18.1\src\system\function_system.rs,52,238449,0.000185,92,2591,180,209880,21850.438728
plugin finish{plugin="bevy_app::propagate::HierarchyPropagatePlugin<bevy_ui::ui_node::ComputedUiRenderTargetInfo>"},C:\Users\Antoi\.cargo\registry\src\index.crates.io-1949cf8c6b5b557f\bevy_app-0.18.1\src\app.rs,272,62,0.000000,1,62,62,62,0.000000
system{name="forgia_mode_roguelite::boons_apply::sys_recompute_boon_mods"},C:\Users\Antoi\.cargo\registry\src\index.crates.io-1949cf8c6b5b557f\bevy_ecs-0.18.1\src\system\function_system.rs,52,19070315,0.014824,25752,740,199,155093,1727.183950
system_commands{name="bevy_anti_alias::taa::prepare_taa_history_textures"},C:\Users\Antoi\.cargo\registry\src\index.crates.io-1949cf8c6b5b557f\bevy_ecs-0.18.1\src\system\function_system.rs,54,2385354,0.001854,27078,88,50,69874,427.009253
plugin finish{plugin="bevy_time::TimePlugin"},C:\Users\Antoi\.cargo\registry\src\index.crates.io-1949cf8c6b5b557f\bevy_app-0.18.1\src\app.rs,272,53,0.000000,1,53,53,53,0.000000
plugin cleanup{plugin="forgia_qa_replay::plugin::ForgiaQaReplayPlugin"},C:\Users\Antoi\.cargo\registry\src\index.crates.io-1949cf8c6b5b557f\bevy_app-0.18.1\src\app.rs,292,970,0.000001,1,970,970,970,0.000000
system_commands{name="forgia_rpg_data::loot_tables::sys_tick_pickup_lifetime"},C:\Users\Antoi\.cargo\registry\src\index.crates.io-1949cf8c6b5b557f\bevy_ecs-0.18.1\src\system\function_system.rs,54,2366326,0.001839,27079,87,51,69225,486.449966
system{name="<forgia_core::states::GameMode as bevy_state::state::state_set::StateSet>::register_sub_state_systems_in_schedule<forgia_mode_roguelite::run::RunState>::{{closure}}"},C:\Users\Antoi\.cargo\registry\src\index.crates.io-1949cf8c6b5b557f\bevy_ecs-0.18.1\src\system\function_system.rs,52,7937171,0.006170,27080,293,122,69000,470.926845
solve_single_character_collision_impulse,C:\Users\Antoi\.cargo\registry\src\index.crates.io-1949cf8c6b5b557f\rapier3d-0.31.0\src\control\character_controller.rs,847,248119,0.000193,229,1083,576,1967,229.407092
system{name="bevy_hanabi::compile_effects"},C:\Users\Antoi\.cargo\registry\src\index.crates.io-1949cf8c6b5b557f\bevy_ecs-0.18.1\src\system\function_system.rs,52,1048166871,0.814748,27079,38707,24038,13695977,84011.028136
plugin build{plugin="bevy_pbr::light_probe::LightProbePlugin"},C:\Users\Antoi\.cargo\registry\src\index.crates.io-1949cf8c6b5b557f\bevy_app-0.18.1\src\app.rs,529,48298,0.000038,1,48298,48298,48298,0.000000
system{name="bevy_pbr::material::init_material_pipeline"},C:\Users\Antoi\.cargo\registry\src\index.crates.io-1949cf8c6b5b557f\bevy_ecs-0.18.1\src\system\function_system.rs,52,8150,0.000006,1,8150,8150,8150,0.000000
system{name="forgia_mode_roguelite::pipeline_warmup::sys_drain_warmup_queue"},C:\Users\Antoi\.cargo\registry\src\index.crates.io-1949cf8c6b5b557f\bevy_ecs-0.18.1\src\system\function_system.rs,52,49090,0.000038,91,539,198,3032,503.004407
plugin finish{plugin="bevy_render::sync_component::SyncComponentPlugin<bevy_anti_alias::contrast_adaptive_sharpening::ContrastAdaptiveSharpening>"},C:\Users\Antoi\.cargo\registry\src\index.crates.io-1949cf8c6b5b557f\bevy_app-0.18.1\src\app.rs,272,57,0.000000,1,57,57,57,0.000000
plugin build{plugin="forgia_rpg::ForgiaRpgPlugin"},C:\Users\Antoi\.cargo\registry\src\index.crates.io-1949cf8c6b5b557f\bevy_app-0.18.1\src\app.rs,529,499609,0.000388,1,499609,499609,499609,0.000000
plugin cleanup{plugin="bevy_render::sync_component::SyncComponentPlugin<bevy_light::ambient_light::AmbientLight>"},C:\Users\Antoi\.cargo\registry\src\index.crates.io-1949cf8c6b5b557f\bevy_app-0.18.1\src\app.rs,292,55,0.000000,1,55,55,55,0.000000
asset loading{loader="bevy_shader::shader::ShaderLoader" asset="embedded://bevy_core_pipeline\\tonemapping\\tonemapping.wgsl"},C:\Users\Antoi\.cargo\registry\src\index.crates.io-1949cf8c6b5b557f\bevy_asset-0.18.1\src\server\loaders.rs,332,118564,0.000092,2,59282,117,118447,83671.945418
plugin finish{plugin="bevy_render::extract_resource::ExtractResourcePlugin<bevy_camera::clear_color::ClearColor>"},C:\Users\Antoi\.cargo\registry\src\index.crates.io-1949cf8c6b5b557f\bevy_app-0.18.1\src\app.rs,272,150,0.000000,1,150,150,150,0.000000
system{name="bevy_ui::layout::ui_layout_system"},C:\Users\Antoi\.cargo\registry\src\index.crates.io-1949cf8c6b5b557f\bevy_ecs-0.18.1\src\system\function_system.rs,52,29037842,0.022571,27079,1072,396,93918,709.687507
system{name="forgia_mode_roguelite::loot_room::sys_mark_demo_meshes"},C:\Users\Antoi\.cargo\registry\src\index.crates.io-1949cf8c6b5b557f\bevy_ecs-0.18.1\src\system\function_system.rs,52,11990814,0.009321,25752,465,181,35812,370.941085
system{name="forgia_mode_roguelite::pipeline_warmup::sys_tick_warmup"},C:\Users\Antoi\.cargo\registry\src\index.crates.io-1949cf8c6b5b557f\bevy_ecs-0.18.1\src\system\function_system.rs,52,134245,0.000104,91,1475,197,97915,10229.270829
system{name="bevy_transform::systems::mark_dirty_trees"},C:\Users\Antoi\.cargo\registry\src\index.crates.io-1949cf8c6b5b557f\bevy_ecs-0.18.1\src\system\function_system.rs,52,485925058,0.377713,27080,17944,2162,1643189,11965.106820
system{name="bevy_gizmos::clear_gizmo_context<bevy_gizmos::config::DefaultGizmoConfigGroup, bevy_time::fixed::Fixed>"},C:\Users\Antoi\.cargo\registry\src\index.crates.io-1949cf8c6b5b557f\bevy_ecs-0.18.1\src\system\function_system.rs,52,1350917,0.001050,7925,170,59,5882,99.642693
plugin finish{plugin="forgia_player::skybox_genome::SkyboxGenomePlugin"},C:\Users\Antoi\.cargo\registry\src\index.crates.io-1949cf8c6b5b557f\bevy_app-0.18.1\src\app.rs,272,61,0.000000,1,61,61,61,0.000000
system{name="bevy_asset::assets::Assets<bevy_gltf::assets::GltfMesh>::track_assets"},C:\Users\Antoi\.cargo\registry\src\index.crates.io-1949cf8c6b5b557f\bevy_ecs-0.18.1\src\system\function_system.rs,52,25537465,0.019850,27079,943,129,1413233,10159.264742
node{name="bevy_render::render_graph::node::ViewNodeRunner<bevy_core_pipeline::core_2d::main_opaque_pass_2d_node::MainOpaquePass2dNode>"},C:\Users\Antoi\.cargo\registry\src\index.crates.io-1949cf8c6b5b557f\bevy_render-0.18.1\src\renderer\graph_runner.rs,240,745385172,0.579394,27078,27527,8649,813369,11978.593354
system_commands{name="bevy_post_process::bloom::upsampling_pipeline::init_bloom_upscaling_pipeline"},C:\Users\Antoi\.cargo\registry\src\index.crates.io-1949cf8c6b5b557f\bevy_ecs-0.18.1\src\system\function_system.rs,54,1220,0.000001,1,1220,1220,1220,0.000000
system{name="leafwing_input_manager::systems::swap_to_update<forgia_input::PlayerAction>"},C:\Users\Antoi\.cargo\registry\src\index.crates.io-1949cf8c6b5b557f\bevy_ecs-0.18.1\src\system\function_system.rs,52,11026548,0.008571,27079,407,73,119887,1419.567213
system_commands{name="forgia_mode_roguelite::merchant::sys_spawn_merchant"},C:\Users\Antoi\.cargo\registry\src\index.crates.io-1949cf8c6b5b557f\bevy_ecs-0.18.1\src\system\function_system.rs,54,144559,0.000112,1,144559,144559,144559,0.000000
plugin build{plugin="forgia_observability::ForgiaObservabilityPlugin"},C:\Users\Antoi\.cargo\registry\src\index.crates.io-1949cf8c6b5b557f\bevy_app-0.18.1\src\app.rs,529,837258,0.000651,1,837258,837258,837258,0.000000
asset loading{loader="bevy_image::image_loader::ImageLoader" asset="ui/menu_video/frame_0141.webp"},C:\Users\Antoi\.cargo\registry\src\index.crates.io-1949cf8c6b5b557f\bevy_asset-0.18.1\src\server\loaders.rs,332,14079257,0.010944,6,2346542,90,14043599,5730365.810110
plugin finish{plugin="forgia_mode_roguelite::hub::HubPlugin"},C:\Users\Antoi\.cargo\registry\src\index.crates.io-1949cf8c6b5b557f\bevy_app-0.18.1\src\app.rs,272,54,0.000000,1,54,54,54,0.000000
system{name="bevy_asset::server::handle_internal_asset_events"},C:\Users\Antoi\.cargo\registry\src\index.crates.io-1949cf8c6b5b557f\bevy_ecs-0.18.1\src\system\function_system.rs,52,63515312,0.049371,27079,2345,964,2113293,20845.156345
system{name="forgia_mode_roguelite::decor::sys_init_decor_genome"},C:\Users\Antoi\.cargo\registry\src\index.crates.io-1949cf8c6b5b557f\bevy_ecs-0.18.1\src\system\function_system.rs,52,882305,0.000686,1,882305,882305,882305,0.000000
asset loading{loader="bevy_gltf::loader::GltfLoader" asset="models/kaykit/skeletons/Skeleton_Mage.glb"},C:\Users\Antoi\.cargo\registry\src\index.crates.io-1949cf8c6b5b557f\bevy_asset-0.18.1\src\server\loaders.rs,332,49369622,0.038375,10,4936962,114,24165063,10132109.646536
asset loading{loader="bevy_shader::shader::ShaderLoader" asset="embedded://bevy_pbr\\ssao\\ssao_utils.wgsl"},C:\Users\Antoi\.cargo\registry\src\index.crates.io-1949cf8c6b5b557f\bevy_asset-0.18.1\src\server\loaders.rs,332,23621,0.000018,2,11810,53,23568,16627.615975
system_commands{name="forgia_enemy_nameplate::cleanup_registry_on_target_removed"},C:\Users\Antoi\.cargo\registry\src\index.crates.io-1949cf8c6b5b557f\bevy_ecs-0.18.1\src\system\function_system.rs,54,4309101,0.003349,27079,159,52,87622,781.357503
system_commands{name="forgia_mode_roguelite::elements::sys_apply_elements_on_hit"},C:\Users\Antoi\.cargo\registry\src\index.crates.io-1949cf8c6b5b557f\bevy_ecs-0.18.1\src\system\function_system.rs,54,3204805,0.002491,25752,124,52,81893,701.593545
system{name="bevy_sprite_render::mesh2d::mesh::load_mesh2d_bindings"},C:\Users\Antoi\.cargo\registry\src\index.crates.io-1949cf8c6b5b557f\bevy_ecs-0.18.1\src\system\function_system.rs,52,11717,0.000009,1,11717,11717,11717,0.000000
system{name="<bevy_egui::EguiPlugin as bevy_app::plugin::Plugin>::build::{{closure}}"},C:\Users\Antoi\.cargo\registry\src\index.crates.io-1949cf8c6b5b557f\bevy_ecs-0.18.1\src\system\function_system.rs,52,23179576,0.018018,108317,213,52,91290,619.010677
plugin cleanup{plugin="bevy_ui::UiPlugin"},C:\Users\Antoi\.cargo\registry\src\index.crates.io-1949cf8c6b5b557f\bevy_app-0.18.1\src\app.rs,292,53,0.000000,1,53,53,53,0.000000
plugin build{plugin="forgia_mode_roguelite::hud::RogueliteHudPlugin"},C:\Users\Antoi\.cargo\registry\src\index.crates.io-1949cf8c6b5b557f\bevy_app-0.18.1\src\app.rs,529,40594,0.000032,1,40594,40594,40594,0.000000
system{name="forgia_killfeed::tuning::sync_killfeed_tuning"},C:\Users\Antoi\.cargo\registry\src\index.crates.io-1949cf8c6b5b557f\bevy_ecs-0.18.1\src\system\function_system.rs,52,8556164,0.006651,27079,315,87,307060,2488.990444
plugin cleanup{plugin="forgia_crosshair::ForgiaCrosshairPlugin"},C:\Users\Antoi\.cargo\registry\src\index.crates.io-1949cf8c6b5b557f\bevy_app-0.18.1\src\app.rs,292,54,0.000000,1,54,54,54,0.000000
system{name="bevy_post_process::dof::extract_depth_of_field_settings"},C:\Users\Antoi\.cargo\registry\src\index.crates.io-1949cf8c6b5b557f\bevy_ecs-0.18.1\src\system\function_system.rs,52,8569865,0.006661,27079,316,98,32251,324.777871
system{name="forgia_enemy_nameplate::tick_lifetime_and_despawn"},C:\Users\Antoi\.cargo\registry\src\index.crates.io-1949cf8c6b5b557f\bevy_ecs-0.18.1\src\system\function_system.rs,52,45323747,0.035231,27079,1673,132,155920,2078.745613
asset loading{loader="bevy_image::image_loader::ImageLoader" asset="models-v1\\nature\\Rocks_Diffuse.png"},C:\Users\Antoi\.cargo\registry\src\index.crates.io-1949cf8c6b5b557f\bevy_asset-0.18.1\src\server\loaders.rs,332,57664,0.000045,5,11532,132,41972,17530.558134
plugin finish{plugin="bevy_core_pipeline::tonemapping::TonemappingPlugin"},C:\Users\Antoi\.cargo\registry\src\index.crates.io-1949cf8c6b5b557f\bevy_app-0.18.1\src\app.rs,272,58,0.000000,1,58,58,58,0.000000
system{name="forgia_mode_roguelite::weapon_select::sys_enforce_unlocked_loadout"},C:\Users\Antoi\.cargo\registry\src\index.crates.io-1949cf8c6b5b557f\bevy_ecs-0.18.1\src\system\function_system.rs,52,7927520,0.006162,25752,307,80,77297,541.151546
system_commands{name="forgia_viewmodel::attach::attach_viewmodel_to_camera"},C:\Users\Antoi\.cargo\registry\src\index.crates.io-1949cf8c6b5b557f\bevy_ecs-0.18.1\src\system\function_system.rs,54,2708595,0.002105,25752,105,51,61673,628.394282
asset loading{loader="bevy_image::image_loader::ImageLoader" asset="ui/menu_video/frame_0023.webp"},C:\Users\Antoi\.cargo\registry\src\index.crates.io-1949cf8c6b5b557f\bevy_asset-0.18.1\src\server\loaders.rs,332,14369949,0.011170,7,2052849,198,14332690,5414903.166625
plugin build{plugin="bevy_render::sync_component::SyncComponentPlugin<bevy_post_process::motion_blur::MotionBlur>"},C:\Users\Antoi\.cargo\registry\src\index.crates.io-1949cf8c6b5b557f\bevy_app-0.18.1\src\app.rs,529,2015,0.000002,1,2015,2015,2015,0.000000
system{name="forgia_mode_roguelite::elements::sys_tick_element_status"},C:\Users\Antoi\.cargo\registry\src\index.crates.io-1949cf8c6b5b557f\bevy_ecs-0.18.1\src\system\function_system.rs,52,8625725,0.006705,7533,1145,186,16640,422.839366
plugin finish{plugin="forgia_fps::ForgiaFpsPlugin"},C:\Users\Antoi\.cargo\registry\src\index.crates.io-1949cf8c6b5b557f\bevy_app-0.18.1\src\app.rs,272,56,0.000000,1,56,56,56,0.000000
system{name="bevy_asset::assets::Assets<bevy_asset::folder::LoadedFolder>::track_assets"},C:\Users\Antoi\.cargo\registry\src\index.crates.io-1949cf8c6b5b557f\bevy_ecs-0.18.1\src\system\function_system.rs,52,36882171,0.028669,27079,1362,110,1744392,16153.418263
system{name="<forgia_combat::ForgiaCombatPlugin as bevy_app::plugin::Plugin>::build::{{closure}}"},C:\Users\Antoi\.cargo\registry\src\index.crates.io-1949cf8c6b5b557f\bevy_ecs-0.18.1\src\system\function_system.rs,52,1719109,0.001336,7925,216,53,8274,121.217438
plugin build{plugin="bevy_render::sync_component::SyncComponentPlugin<bevy_render::gpu_readback::Readback>"},C:\Users\Antoi\.cargo\registry\src\index.crates.io-1949cf8c6b5b557f\bevy_app-0.18.1\src\app.rs,529,965,0.000001,1,965,965,965,0.000000
plugin cleanup{plugin="bevy_kira_audio::AudioPlugin"},C:\Users\Antoi\.cargo\registry\src\index.crates.io-1949cf8c6b5b557f\bevy_app-0.18.1\src\app.rs,292,54,0.000000,1,54,54,54,0.000000
system{name="bevy_asset::assets::Assets<forgia_genome_core::Genome<forgia_stage::RogueliteStagesGenome>>::asset_events"},C:\Users\Antoi\.cargo\registry\src\index.crates.io-1949cf8c6b5b557f\bevy_ecs-0.18.1\src\system\function_system.rs,52,297,0.000000,1,297,297,297,0.000000
system{name="leafwing_input_manager::systems::release_on_input_map_removed<forgia_input::PlayerAction>"},C:\Users\Antoi\.cargo\registry\src\index.crates.io-1949cf8c6b5b557f\bevy_ecs-0.18.1\src\system\function_system.rs,52,11642778,0.009050,35004,332,108,78374,470.925518
system{name="bevy_render::camera::camera_system"},C:\Users\Antoi\.cargo\registry\src\index.crates.io-1949cf8c6b5b557f\bevy_ecs-0.18.1\src\system\function_system.rs,52,85818587,0.066707,27080,3169,919,90836,1377.938320
system_commands{name="forgia_viewmodel::attach::update_viewmodel_on_switch"},C:\Users\Antoi\.cargo\registry\src\index.crates.io-1949cf8c6b5b557f\bevy_ecs-0.18.1\src\system\function_system.rs,54,2205367,0.001714,25752,85,52,73323,618.900184
plugin cleanup{plugin="forgia_viewmodel::arms::ForgiaViewmodelArmsPlugin"},C:\Users\Antoi\.cargo\registry\src\index.crates.io-1949cf8c6b5b557f\bevy_app-0.18.1\src\app.rs,292,53,0.000000,1,53,53,53,0.000000
integrate_positions,C:\Users\Antoi\.cargo\registry\src\index.crates.io-1949cf8c6b5b557f\rapier3d-0.31.0\src\dynamics\solver\velocity_solver.rs,212,3342548,0.002598,31700,105,47,9551,104.145276
system{name="bevy_state::state_scoped::despawn_entities_on_exit_state<forgia_mode_roguelite::run::RunState>"},C:\Users\Antoi\.cargo\registry\src\index.crates.io-1949cf8c6b5b557f\bevy_ecs-0.18.1\src\system\function_system.rs,52,10879652,0.008457,27080,401,143,38505,362.350753
plugin cleanup{plugin="forgia_mode_roguelite::forge_shop::RogueliteForgeShopPlugin"},C:\Users\Antoi\.cargo\registry\src\index.crates.io-1949cf8c6b5b557f\bevy_app-0.18.1\src\app.rs,292,56,0.000000,1,56,56,56,0.000000
plugin finish{plugin="forgia_secondary_motion::ForgiaSecondaryMotionPlugin"},C:\Users\Antoi\.cargo\registry\src\index.crates.io-1949cf8c6b5b557f\bevy_app-0.18.1\src\app.rs,272,1147,0.000001,1,1147,1147,1147,0.000000
plugin finish{plugin="bevy_core_pipeline::oit::OrderIndependentTransparencyPlugin"},C:\Users\Antoi\.cargo\registry\src\index.crates.io-1949cf8c6b5b557f\bevy_app-0.18.1\src\app.rs,272,60,0.000000,1,60,60,60,0.000000
system{name="forgia_mode_roguelite::hud::draw_minimap"},C:\Users\Antoi\.cargo\registry\src\index.crates.io-1949cf8c6b5b557f\bevy_ecs-0.18.1\src\system\function_system.rs,52,113886446,0.088525,25661,4438,165,124917,2065.848210
system{name="bevy_render::view::cleanup_view_targets_for_resize"},C:\Users\Antoi\.cargo\registry\src\index.crates.io-1949cf8c6b5b557f\bevy_ecs-0.18.1\src\system\function_system.rs,52,22190054,0.017249,27078,819,322,62774,743.792563
system{name="forgia_mode_roguelite::run::obs_roguelite_enemy_death"},C:\Users\Antoi\.cargo\registry\src\index.crates.io-1949cf8c6b5b557f\bevy_ecs-0.18.1\src\system\function_system.rs,52,409765,0.000319,26,15760,6698,115520,22856.444589
plugin finish{plugin="forgia_juice_screen_flash::ForgiaJuiceScreenFlashPlugin"},C:\Users\Antoi\.cargo\registry\src\index.crates.io-1949cf8c6b5b557f\bevy_app-0.18.1\src\app.rs,272,71,0.000000,1,71,71,71,0.000000
system{name="forgia_player::spawn_player"},C:\Users\Antoi\.cargo\registry\src\index.crates.io-1949cf8c6b5b557f\bevy_ecs-0.18.1\src\system\function_system.rs,52,127417,0.000099,1,127417,127417,127417,0.000000
system_commands{name="forgia_mode_roguelite::defense::sys_init_defense_genome"},C:\Users\Antoi\.cargo\registry\src\index.crates.io-1949cf8c6b5b557f\bevy_ecs-0.18.1\src\system\function_system.rs,54,1040,0.000001,1,1040,1040,1040,0.000000
plugin build{plugin="bevy_render::sync_component::SyncComponentPlugin<bevy_camera::components::Camera3d>"},C:\Users\Antoi\.cargo\registry\src\index.crates.io-1949cf8c6b5b557f\bevy_app-0.18.1\src\app.rs,529,1103,0.000001,1,1103,1103,1103,0.000000
system{name="bevy_hanabi::render::event::allocate_events"},C:\Users\Antoi\.cargo\registry\src\index.crates.io-1949cf8c6b5b557f\bevy_ecs-0.18.1\src\system\function_system.rs,52,20935632,0.016273,27078,773,257,49433,491.787957
system{name="forgia_mode_roguelite::run::sys_animate_soul_wisps"},C:\Users\Antoi\.cargo\registry\src\index.crates.io-1949cf8c6b5b557f\bevy_ecs-0.18.1\src\system\function_system.rs,52,15275926,0.011874,25752,593,95,79074,827.896640
system_commands{name="bevy_anti_alias::contrast_adaptive_sharpening::prepare_cas_pipelines"},C:\Users\Antoi\.cargo\registry\src\index.crates.io-1949cf8c6b5b557f\bevy_ecs-0.18.1\src\system\function_system.rs,54,2407319,0.001871,27078,88,51,12715,83.273803
plugin build{plugin="forgia_mode_roguelite::pipeline_warmup::PipelineWarmupPlugin"},C:\Users\Antoi\.cargo\registry\src\index.crates.io-1949cf8c6b5b557f\bevy_app-0.18.1\src\app.rs,529,23364,0.000018,1,23364,23364,23364,0.000000
system_commands{name="forgia_juice_screen_flash::load_screen_flash_tuning"},C:\Users\Antoi\.cargo\registry\src\index.crates.io-1949cf8c6b5b557f\bevy_ecs-0.18.1\src\system\function_system.rs,54,3832,0.000003,1,3832,3832,3832,0.000000
system{name="forgia_mode_roguelite::parcours_obstacles::sys_hot_reload_obstacle_genome"},C:\Users\Antoi\.cargo\registry\src\index.crates.io-1949cf8c6b5b557f\bevy_ecs-0.18.1\src\system\function_system.rs,52,15412169,0.011980,25752,598,97,132120,4875.489289
system{name="bevy_gizmos::end_gizmo_context<bevy_gizmos::aabb::AabbGizmoConfigGroup, bevy_time::fixed::Fixed>"},C:\Users\Antoi\.cargo\registry\src\index.crates.io-1949cf8c6b5b557f\bevy_ecs-0.18.1\src\system\function_system.rs,52,2459922,0.001912,27079,90,59,32370,266.023295
system{name="forgia_mode_roguelite::run::sys_stage_dispatch"},C:\Users\Antoi\.cargo\registry\src\index.crates.io-1949cf8c6b5b557f\bevy_ecs-0.18.1\src\system\function_system.rs,52,8966882,0.006970,25752,348,141,485335,3409.574912
asset loading{loader="bevy_image::image_loader::ImageLoader" asset="ui/menu_video/frame_0051.webp"},C:\Users\Antoi\.cargo\registry\src\index.crates.io-1949cf8c6b5b557f\bevy_asset-0.18.1\src\server\loaders.rs,332,16276198,0.012652,7,2325171,102,16232620,6132612.977948
system_commands{name="forgia_combat::combat_juice::sys_apply_hit_knockback"},C:\Users\Antoi\.cargo\registry\src\index.crates.io-1949cf8c6b5b557f\bevy_ecs-0.18.1\src\system\function_system.rs,54,2648146,0.002058,27079,97,50,83153,822.430016
system{name="bevy_ui::picking_backend::ui_picking"},C:\Users\Antoi\.cargo\registry\src\index.crates.io-1949cf8c6b5b557f\bevy_ecs-0.18.1\src\system\function_system.rs,52,95522642,0.074251,27079,3527,635,85685,1379.351205
plugin build{plugin="bevy_render::extract_component::ExtractComponentPlugin<bevy_post_process::bloom::settings::Bloom>"},C:\Users\Antoi\.cargo\registry\src\index.crates.io-1949cf8c6b5b557f\bevy_app-0.18.1\src\app.rs,529,30124,0.000023,1,30124,30124,30124,0.000000
plugin finish{plugin="bevy_render::sync_component::SyncComponentPlugin<bevy_pbr::ssr::ScreenSpaceReflections>"},C:\Users\Antoi\.cargo\registry\src\index.crates.io-1949cf8c6b5b557f\bevy_app-0.18.1\src\app.rs,272,59,0.000000,1,59,59,59,0.000000
system{name="bevy_render::render_asset::extract_render_asset_bytes_per_frame"},C:\Users\Antoi\.cargo\registry\src\index.crates.io-1949cf8c6b5b557f\bevy_ecs-0.18.1\src\system\function_system.rs,52,5774251,0.004488,27079,213,72,39284,283.975800
asset loading{loader="bevy_image::image_loader::ImageLoader" asset="ui/menu_video/frame_0081.webp"},C:\Users\Antoi\.cargo\registry\src\index.crates.io-1949cf8c6b5b557f\bevy_asset-0.18.1\src\server\loaders.rs,332,13966326,0.010856,6,2327721,141,13934413,5686096.857961
plugin cleanup{plugin="forgia_mode_roguelite::atmosphere::RogueliteAtmospherePlugin"},C:\Users\Antoi\.cargo\registry\src\index.crates.io-1949cf8c6b5b557f\bevy_app-0.18.1\src\app.rs,292,57,0.000000,1,57,57,57,0.000000
system_commands{name="bevy_input::gamepad::gamepad_connection_system"},C:\Users\Antoi\.cargo\registry\src\index.crates.io-1949cf8c6b5b557f\bevy_ecs-0.18.1\src\system\function_system.rs,54,3930469,0.003055,27079,145,57,11647,96.503306
plugin cleanup{plugin="bevy_app::terminal_ctrl_c_handler::TerminalCtrlCHandlerPlugin"},C:\Users\Antoi\.cargo\registry\src\index.crates.io-1949cf8c6b5b557f\bevy_app-0.18.1\src\app.rs,292,60,0.000000,1,60,60,60,0.000000
plugin cleanup{plugin="bevy_render::extract_component::ExtractComponentPlugin<bevy_camera::camera::CameraMainTextureUsages>"},C:\Users\Antoi\.cargo\registry\src\index.crates.io-1949cf8c6b5b557f\bevy_app-0.18.1\src\app.rs,292,61,0.000000,1,61,61,61,0.000000
plugin finish{plugin="bevy_render::render_asset::RenderAssetPlugin<bevy_render::texture::gpu_image::GpuImage>"},C:\Users\Antoi\.cargo\registry\src\index.crates.io-1949cf8c6b5b557f\bevy_app-0.18.1\src\app.rs,272,146,0.000000,1,146,146,146,0.000000
plugin cleanup{plugin="bevy_render::extract_component::ExtractComponentPlugin<bevy_core_pipeline::tonemapping::DebandDither>"},C:\Users\Antoi\.cargo\registry\src\index.crates.io-1949cf8c6b5b557f\bevy_app-0.18.1\src\app.rs,292,74,0.000000,1,74,74,74,0.000000
system{name="bevy_sprite_render::mesh2d::material::extract_mesh_materials_2d<bevy_sprite_render::mesh2d::color_material::ColorMaterial>"},C:\Users\Antoi\.cargo\registry\src\index.crates.io-1949cf8c6b5b557f\bevy_ecs-0.18.1\src\system\function_system.rs,52,12010244,0.009336,27079,443,106,96326,759.471028
asset loading{loader="bevy_gltf::loader::GltfLoader" asset="models/kaykit/dungeon/wall_broken.glb"},C:\Users\Antoi\.cargo\registry\src\index.crates.io-1949cf8c6b5b557f\bevy_asset-0.18.1\src\server\loaders.rs,332,4674171,0.003633,4,1168542,170,4663247,2329804.700963
plugin finish{plugin="forgia_ui_lib::hud::energy::EnergyOverlayPlugin"},C:\Users\Antoi\.cargo\registry\src\index.crates.io-1949cf8c6b5b557f\bevy_app-0.18.1\src\app.rs,272,58,0.000000,1,58,58,58,0.000000
system{name="bevy_sprite_render::tilemap_chunk::update_tilemap_chunk_indices"},C:\Users\Antoi\.cargo\registry\src\index.crates.io-1949cf8c6b5b557f\bevy_ecs-0.18.1\src\system\function_system.rs,52,12101442,0.009407,27079,446,121,62030,625.564278
system_commands{name="bevy_light::check_dir_light_mesh_visibility"},C:\Users\Antoi\.cargo\registry\src\index.crates.io-1949cf8c6b5b557f\bevy_ecs-0.18.1\src\system\function_system.rs,54,1066338080,0.828873,27079,39378,6137,1582189,16020.082702
plugin cleanup{plugin="bevy_core_pipeline::tonemapping::TonemappingPlugin"},C:\Users\Antoi\.cargo\registry\src\index.crates.io-1949cf8c6b5b557f\bevy_app-0.18.1\src\app.rs,292,164,0.000000,1,164,164,164,0.000000
system{name="bevy_asset::assets::Assets<forgia_genome_core::Genome<forgia_ui_lib::damage_direction::tuning::DamageDirTuning>>::asset_events_condition"},C:\Users\Antoi\.cargo\registry\src\index.crates.io-1949cf8c6b5b557f\bevy_ecs-0.18.1\src\system\function_system.rs,52,2987058,0.002322,27079,110,56,4819,64.372183
system{name="bevy_render::extract_resource::extract_resource<bevy_egui::EguiUserTextures>"},C:\Users\Antoi\.cargo\registry\src\index.crates.io-1949cf8c6b5b557f\bevy_ecs-0.18.1\src\system\function_system.rs,52,6695947,0.005205,27079,247,86,7417,281.854454
plugin finish{plugin="bevy_gizmos_render::pipeline_2d::LineGizmo2dPlugin"},C:\Users\Antoi\.cargo\registry\src\index.crates.io-1949cf8c6b5b557f\bevy_app-0.18.1\src\app.rs,272,56,0.000000,1,56,56,56,0.000000
plugin cleanup{plugin="bevy_render::extract_component::UniformComponentPlugin<bevy_pbr::atmosphere::GpuAtmosphereSettings>"},C:\Users\Antoi\.cargo\registry\src\index.crates.io-1949cf8c6b5b557f\bevy_app-0.18.1\src\app.rs,292,1015,0.000001,1,1015,1015,1015,0.000000
system_commands{name="(bevy_ecs::system::commands::Commands<'_, '_>, bevy_ecs::change_detection::params::ResMut<'_, bevy_winit::winit_monitors::WinitMonitors>)"},C:\Users\Antoi\.cargo\registry\src\index.crates.io-1949cf8c6b5b557f\bevy_ecs-0.18.1\src\system\function_system.rs,54,12149066,0.009444,27339,444,91,98534,852.424619
system{name="leafwing_input_manager::systems::filter_captured_input"},C:\Users\Antoi\.cargo\registry\src\index.crates.io-1949cf8c6b5b557f\bevy_ecs-0.18.1\src\system\function_system.rs,52,8738243,0.006792,27079,322,98,87138,538.557891
asset loading{loader="bevy_shader::shader::ShaderLoader" asset="embedded://bevy_pbr\\prepass\\prepass_io.wgsl"},C:\Users\Antoi\.cargo\registry\src\index.crates.io-1949cf8c6b5b557f\bevy_asset-0.18.1\src\server\loaders.rs,332,146428,0.000114,2,73214,56,146372,103461.035796
plugin cleanup{plugin="bevy_render::sync_component::SyncComponentPlugin<bevy_camera::camera::CameraMainTextureUsages>"},C:\Users\Antoi\.cargo\registry\src\index.crates.io-1949cf8c6b5b557f\bevy_app-0.18.1\src\app.rs,292,54,0.000000,1,54,54,54,0.000000
system{name="bevy_egui::input::WindowToEguiContextMap::on_egui_context_removed_system"},C:\Users\Antoi\.cargo\registry\src\index.crates.io-1949cf8c6b5b557f\bevy_ecs-0.18.1\src\system\function_system.rs,52,8393369,0.006524,27079,309,104,56655,361.624772
asset loading{loader="bevy_gltf::loader::GltfLoader" asset="models/kaykit/hexagon/red/building_tower_B_red.gltf"},C:\Users\Antoi\.cargo\registry\src\index.crates.io-1949cf8c6b5b557f\bevy_asset-0.18.1\src\server\loaders.rs,332,535368,0.000416,6,89228,78,228837,95103.910696
system{name="bevy_hanabi::render::queue_effects"},C:\Users\Antoi\.cargo\registry\src\index.crates.io-1949cf8c6b5b557f\bevy_ecs-0.18.1\src\system\function_system.rs,52,671484847,0.521951,27078,24798,355,454507,9918.357418
plugin cleanup{plugin="forgia_mode_roguelite::hud::RogueliteHudPlugin"},C:\Users\Antoi\.cargo\registry\src\index.crates.io-1949cf8c6b5b557f\bevy_app-0.18.1\src\app.rs,292,52,0.000000,1,52,52,52,0.000000
asset loading{loader="bevy_gltf::loader::GltfLoader" asset="models/weapons/forgia/boucherie.glb"},C:\Users\Antoi\.cargo\registry\src\index.crates.io-1949cf8c6b5b557f\bevy_asset-0.18.1\src\server\loaders.rs,332,172424923,0.134027,5,34484984,80,172401336,77097584.406299
system{name="bevy_sprite_render::mesh2d::material::queue_material2d_meshes<bevy_sprite_render::mesh2d::color_material::ColorMaterial>"},C:\Users\Antoi\.cargo\registry\src\index.crates.io-1949cf8c6b5b557f\bevy_ecs-0.18.1\src\system\function_system.rs,52,12491527,0.009710,27078,461,148,115423,731.785933
par_for_each{query="bevy_ecs::entity::Entity" filter="(bevy_ecs::query::filter::Or<(bevy_ecs::query::filter::Changed<bevy_mesh::components::Mesh3d>, bevy_asset::asset_changed::AssetChanged<bevy_mesh::components::Mesh3d>, bevy_ecs::query::filter::Changed<bevy_pbr::mesh_material::MeshMaterial3d<bevy_pbr::extended_material::ExtendedMaterial<bevy_pbr::pbr_material::StandardMaterial, bevy_water::water::material::WaterMaterial>>>, bevy_asset::asset_changed::AssetChanged<bevy_pbr::mesh_material::MeshMaterial3d<bevy_pbr::extended_material::ExtendedMaterial<bevy_pbr::pbr_material::StandardMaterial, bevy_water::water::material::WaterMaterial>>>)>, bevy_ecs::query::filter::With<bevy_pbr::mesh_material::MeshMaterial3d<bevy_pbr::extended_material::ExtendedMaterial<bevy_pbr::pbr_material::StandardMaterial, bevy_water::water::material::WaterMaterial>>>)"},C:\Users\Antoi\.cargo\registry\src\index.crates.io-1949cf8c6b5b557f\bevy_ecs-0.18.1\src\query\state.rs,246,172088019,0.133765,487422,353,64,233210,671.450984
system{name="forgia_mode_roguelite::weapon_select::sys_calibrate_preview"},C:\Users\Antoi\.cargo\registry\src\index.crates.io-1949cf8c6b5b557f\bevy_ecs-0.18.1\src\system\function_system.rs,52,83503,0.000065,91,917,223,18970,2439.001590
plugin build{plugin="bevy_ui_render::box_shadow::BoxShadowPlugin"},C:\Users\Antoi\.cargo\registry\src\index.crates.io-1949cf8c6b5b557f\bevy_app-0.18.1\src\app.rs,529,22930,0.000018,1,22930,22930,22930,0.000000
plugin cleanup{plugin="bevy_render::extract_component::ExtractComponentPlugin<bevy_pbr::deferred::PbrDeferredLightingDepthId>"},C:\Users\Antoi\.cargo\registry\src\index.crates.io-1949cf8c6b5b557f\bevy_app-0.18.1\src\app.rs,292,60,0.000000,1,60,60,60,0.000000
system{name="bevy_pbr::ssr::init_screen_space_reflections_pipeline"},C:\Users\Antoi\.cargo\registry\src\index.crates.io-1949cf8c6b5b557f\bevy_ecs-0.18.1\src\system\function_system.rs,52,24550,0.000019,1,24550,24550,24550,0.000000
system{name="forgia_qa_core::plugin::drain_metric_messages_to_bus"},C:\Users\Antoi\.cargo\registry\src\index.crates.io-1949cf8c6b5b557f\bevy_ecs-0.18.1\src\system\function_system.rs,52,6659836,0.005177,27079,245,86,14285,148.426724
system{name="bevy_asset::assets::Assets<forgia_genome_core::Genome<forgia_stage::RoguelitePoisGenome>>::track_assets"},C:\Users\Antoi\.cargo\registry\src\index.crates.io-1949cf8c6b5b557f\bevy_ecs-0.18.1\src\system\function_system.rs,52,29160297,0.022667,27079,1076,98,1558206,12820.907848
plugin build{plugin="bevy_render::extract_component::UniformComponentPlugin<bevy_post_process::motion_blur::MotionBlurUniform>"},C:\Users\Antoi\.cargo\registry\src\index.crates.io-1949cf8c6b5b557f\bevy_app-0.18.1\src\app.rs,529,2580,0.000002,1,2580,2580,2580,0.000000
system{name="forgia_mode_roguelite::loot_room::sys_reset_parcours_on_run_start"},C:\Users\Antoi\.cargo\registry\src\index.crates.io-1949cf8c6b5b557f\bevy_ecs-0.18.1\src\system\function_system.rs,52,214,0.000000,1,214,214,214,0.000000
system_commands{name="bevy_render::render_asset::extract_render_asset<bevy_sprite_render::mesh2d::material::PreparedMaterial2d<bevy_sprite_render::tilemap_chunk::tilemap_chunk_material::TilemapChunkMaterial>>"},C:\Users\Antoi\.cargo\registry\src\index.crates.io-1949cf8c6b5b557f\bevy_ecs-0.18.1\src\system\function_system.rs,54,29683853,0.023073,27078,1096,451,93745,898.088848
system{name="bevy_core_pipeline::experimental::mip_generation::prepare_downsample_depth_view_bind_groups"},C:\Users\Antoi\.cargo\registry\src\index.crates.io-1949cf8c6b5b557f\bevy_ecs-0.18.1\src\system\function_system.rs,52,13387972,0.010407,27078,494,155,118178,905.619951
plugin build{plugin="bevy_picking::InteractionPlugin"},C:\Users\Antoi\.cargo\registry\src\index.crates.io-1949cf8c6b5b557f\bevy_app-0.18.1\src\app.rs,529,44219,0.000034,1,44219,44219,44219,0.000000
plugin build{plugin="bevy_render::texture::TexturePlugin"},C:\Users\Antoi\.cargo\registry\src\index.crates.io-1949cf8c6b5b557f\bevy_app-0.18.1\src\app.rs,529,38004,0.000030,1,38004,38004,38004,0.000000
plugin build{plugin="forgia_postprocess::toon::ForgiaPpToonPlugin"},C:\Users\Antoi\.cargo\registry\src\index.crates.io-1949cf8c6b5b557f\bevy_app-0.18.1\src\app.rs,529,121309,0.000094,1,121309,121309,121309,0.000000
system{name="forgia_mode_roguelite::enemy_rig_debug::sys_apply_rig_debug"},C:\Users\Antoi\.cargo\registry\src\index.crates.io-1949cf8c6b5b557f\bevy_ecs-0.18.1\src\system\function_system.rs,52,4179539,0.003249,25752,162,57,3139,114.303929
system_commands{name="forgia_mode_roguelite::meta_shop::sys_lobby_cleanup"},C:\Users\Antoi\.cargo\registry\src\index.crates.io-1949cf8c6b5b557f\bevy_ecs-0.18.1\src\system\function_system.rs,54,21126,0.000016,1,21126,21126,21126,0.000000
system{name="bevy_gizmos_render::prepare_line_gizmo_bind_group"},C:\Users\Antoi\.cargo\registry\src\index.crates.io-1949cf8c6b5b557f\bevy_ecs-0.18.1\src\system\function_system.rs,52,7167652,0.005571,27078,264,94,17788,217.836952
system{name="bevy_render::batching::gpu_preprocessing::collect_buffers_for_phase<bevy_pbr::render::light::Shadow, bevy_pbr::render::mesh::MeshPipeline>"},C:\Users\Antoi\.cargo\registry\src\index.crates.io-1949cf8c6b5b557f\bevy_ecs-0.18.1\src\system\function_system.rs,52,28173328,0.021899,27078,1040,341,48378,581.352385
system{name="bevy_input::touch::touch_screen_input_system"},C:\Users\Antoi\.cargo\registry\src\index.crates.io-1949cf8c6b5b557f\bevy_ecs-0.18.1\src\system\function_system.rs,52,13350270,0.010377,27079,493,142,146766,914.149202
system{name="bevy_render::extract_instances::extract_all<bevy_pbr::light_probe::environment_map::EnvironmentMapIds>"},C:\Users\Antoi\.cargo\registry\src\index.crates.io-1949cf8c6b5b557f\bevy_ecs-0.18.1\src\system\function_system.rs,52,8134253,0.006323,27079,300,105,129841,807.362125
system{name="forgia_mode_roguelite::sys_toggle_collider_debug"},C:\Users\Antoi\.cargo\registry\src\index.crates.io-1949cf8c6b5b557f\bevy_ecs-0.18.1\src\system\function_system.rs,52,10331630,0.008031,27079,381,118,76464,705.056108
system{name="bevy_hanabi::render::queue_init_fill_dispatch_ops"},C:\Users\Antoi\.cargo\registry\src\index.crates.io-1949cf8c6b5b557f\bevy_ecs-0.18.1\src\system\function_system.rs,52,14483605,0.011258,27078,534,171,39132,392.010065
system{name="bevy_sprite::calculate_bounds_2d"},C:\Users\Antoi\.cargo\registry\src\index.crates.io-1949cf8c6b5b557f\bevy_ecs-0.18.1\src\system\function_system.rs,52,80681927,0.062715,27079,2979,1194,106307,1130.099270
plugin cleanup{plugin="bevy_render::batching::gpu_preprocessing::BatchingPlugin"},C:\Users\Antoi\.cargo\registry\src\index.crates.io-1949cf8c6b5b557f\bevy_app-0.18.1\src\app.rs,292,56,0.000000,1,56,56,56,0.000000
system_commands{name="bevy_rapier3d::plugin::systems::rigid_body::init_rigid_bodies"},C:\Users\Antoi\.cargo\registry\src\index.crates.io-1949cf8c6b5b557f\bevy_ecs-0.18.1\src\system\function_system.rs,54,1537345,0.001195,7925,193,62,200904,2465.055376
plugin cleanup{plugin="forgia_viewmodel::attach::ForgiaViewmodelAttachPlugin"},C:\Users\Antoi\.cargo\registry\src\index.crates.io-1949cf8c6b5b557f\bevy_app-0.18.1\src\app.rs,292,54,0.000000,1,54,54,54,0.000000
system{name="bevy_core_pipeline::blit::init_blit_pipeline"},C:\Users\Antoi\.cargo\registry\src\index.crates.io-1949cf8c6b5b557f\bevy_ecs-0.18.1\src\system\function_system.rs,52,35018,0.000027,1,35018,35018,35018,0.000000
plugin finish{plugin="forgia_level_presets::ForgiaLevelPresetsPlugin"},C:\Users\Antoi\.cargo\registry\src\index.crates.io-1949cf8c6b5b557f\bevy_app-0.18.1\src\app.rs,272,53,0.000000,1,53,53,53,0.000000
system{name="forgia_effects::mesh_fader::apply_material_fader_alpha"},C:\Users\Antoi\.cargo\registry\src\index.crates.io-1949cf8c6b5b557f\bevy_ecs-0.18.1\src\system\function_system.rs,52,14398635,0.011192,27079,531,131,21984,276.427140
asset loading{loader="bevy_shader::shader::ShaderLoader" asset="embedded://bevy_pbr\\render\\mesh.wgsl"},C:\Users\Antoi\.cargo\registry\src\index.crates.io-1949cf8c6b5b557f\bevy_asset-0.18.1\src\server\loaders.rs,332,180230,0.000140,2,90115,125,180105,127265.078478
system{name="bevy_gizmos_render::pipeline_2d::queue_line_and_joint_gizmos_2d"},C:\Users\Antoi\.cargo\registry\src\index.crates.io-1949cf8c6b5b557f\bevy_ecs-0.18.1\src\system\function_system.rs,52,39474595,0.030684,27078,1457,551,205119,1612.852236
system_commands{name="bevy_egui::input::write_pointer_button_messages_system"},C:\Users\Antoi\.cargo\registry\src\index.crates.io-1949cf8c6b5b557f\bevy_ecs-0.18.1\src\system\function_system.rs,54,1655176,0.001287,27079,61,50,31303,193.888821
plugin cleanup{plugin="bevy_ui_render::ui_texture_slice_pipeline::UiTextureSlicerPlugin"},C:\Users\Antoi\.cargo\registry\src\index.crates.io-1949cf8c6b5b557f\bevy_app-0.18.1\src\app.rs,292,54,0.000000,1,54,54,54,0.000000
system_commands{name="forgia_mode_roguelite::meta_shop::sys_load_meta_shop"},C:\Users\Antoi\.cargo\registry\src\index.crates.io-1949cf8c6b5b557f\bevy_ecs-0.18.1\src\system\function_system.rs,54,18901,0.000015,1,18901,18901,18901,0.000000
system{name="bevy_pbr::render::light::extract_ambient_light"},C:\Users\Antoi\.cargo\registry\src\index.crates.io-1949cf8c6b5b557f\bevy_ecs-0.18.1\src\system\function_system.rs,52,18950722,0.014731,27079,699,161,86536,633.649759
plugin build{plugin="bevy_input::InputPlugin"},C:\Users\Antoi\.cargo\registry\src\index.crates.io-1949cf8c6b5b557f\bevy_app-0.18.1\src\app.rs,529,132453,0.000103,1,132453,132453,132453,0.000000
system_commands{name="bevy_pbr::decal::clustered::extract_clustered_decal"},C:\Users\Antoi\.cargo\registry\src\index.crates.io-1949cf8c6b5b557f\bevy_ecs-0.18.1\src\system\function_system.rs,54,13920517,0.010821,27078,514,196,45530,396.443355
plugin cleanup{plugin="forgia_ai_arena_bot::ForgiaAiArenaBotPlugin"},C:\Users\Antoi\.cargo\registry\src\index.crates.io-1949cf8c6b5b557f\bevy_app-0.18.1\src\app.rs,292,53,0.000000,1,53,53,53,0.000000
system{name="forgia_mode_fps_arena::wave::load_arena_waves_genome"},C:\Users\Antoi\.cargo\registry\src\index.crates.io-1949cf8c6b5b557f\bevy_ecs-0.18.1\src\system\function_system.rs,52,3902335,0.003033,1,3902335,3902335,3902335,0.000000
system{name="bevy_ui::accessibility::image_changed"},C:\Users\Antoi\.cargo\registry\src\index.crates.io-1949cf8c6b5b557f\bevy_ecs-0.18.1\src\system\function_system.rs,52,14977680,0.011642,27079,553,136,38114,439.518472
plugin cleanup{plugin="bevy_pbr::lightmap::LightmapPlugin"},C:\Users\Antoi\.cargo\registry\src\index.crates.io-1949cf8c6b5b557f\bevy_app-0.18.1\src\app.rs,292,58,0.000000,1,58,58,58,0.000000
system{name="forgia_effects::weapon_vfx::sys_hot_reload_vfx_genome"},C:\Users\Antoi\.cargo\registry\src\index.crates.io-1949cf8c6b5b557f\bevy_ecs-0.18.1\src\system\function_system.rs,52,14154364,0.011002,27079,522,102,128000,2804.316607
system{name="bevy_egui::free_egui_textures_system"},C:\Users\Antoi\.cargo\registry\src\index.crates.io-1949cf8c6b5b557f\bevy_ecs-0.18.1\src\system\function_system.rs,52,14567633,0.011324,27079,537,241,50606,496.317417
plugin finish{plugin="forgia_anim_debug::ForgiaAnimDebugPlugin"},C:\Users\Antoi\.cargo\registry\src\index.crates.io-1949cf8c6b5b557f\bevy_app-0.18.1\src\app.rs,272,53,0.000000,1,53,53,53,0.000000
function_scope{egui::context::ContextImpl::update_fonts_mut},C:\Users\Antoi\.cargo\registry\src\index.crates.io-1949cf8c6b5b557f\egui-0.33.3\src\context.rs,535,98812731,0.076808,27079,3649,882,737361,7082.632123
asset loading{loader="bevy_shader::shader::ShaderLoader" asset="embedded://bevy_core_pipeline\\experimental\\mip_generation\\downsample_depth.wgsl"},C:\Users\Antoi\.cargo\registry\src\index.crates.io-1949cf8c6b5b557f\bevy_asset-0.18.1\src\server\loaders.rs,332,476551,0.000370,2,238275,111,476440,336815.465977
plugin build{plugin="forgia_killfeed::ForgiaKillfeedPlugin"},C:\Users\Antoi\.cargo\registry\src\index.crates.io-1949cf8c6b5b557f\bevy_app-0.18.1\src\app.rs,529,124700,0.000097,1,124700,124700,124700,0.000000
asset loading{loader="bevy_image::image_loader::ImageLoader" asset="ui/menu_video/frame_0056.webp"},C:\Users\Antoi\.cargo\registry\src\index.crates.io-1949cf8c6b5b557f\bevy_asset-0.18.1\src\server\loaders.rs,332,15236577,0.011844,6,2539429,188,15199963,6202371.966348
plugin finish{plugin="bevy_anti_alias::taa::TemporalAntiAliasPlugin"},C:\Users\Antoi\.cargo\registry\src\index.crates.io-1949cf8c6b5b557f\bevy_app-0.18.1\src\app.rs,272,55,0.000000,1,55,55,55,0.000000
system_commands{name="forgia_enemy_nameplate::spawn_or_refresh_on_hit"},C:\Users\Antoi\.cargo\registry\src\index.crates.io-1949cf8c6b5b557f\bevy_ecs-0.18.1\src\system\function_system.rs,54,4028729,0.003132,27079,148,52,80308,540.487858
system_commands{name="bevy_render::extract_component::extract_components<bevy_pbr::fog::DistanceFog>"},C:\Users\Antoi\.cargo\registry\src\index.crates.io-1949cf8c6b5b557f\bevy_ecs-0.18.1\src\system\function_system.rs,54,31470412,0.024462,27078,1162,190,131408,1175.721069
system{name="bevy_render::extract_resource::extract_resource<bevy_core_pipeline::tonemapping::TonemappingLuts>"},C:\Users\Antoi\.cargo\registry\src\index.crates.io-1949cf8c6b5b557f\bevy_ecs-0.18.1\src\system\function_system.rs,52,6564669,0.005103,27079,242,79,258079,1645.271520
plugin cleanup{plugin="bevy_render::sync_component::SyncComponentPlugin<bevy_hanabi::EffectVisibilityClass>"},C:\Users\Antoi\.cargo\registry\src\index.crates.io-1949cf8c6b5b557f\bevy_app-0.18.1\src\app.rs,292,128,0.000000,1,128,128,128,0.000000
plugin finish{plugin="bevy_text::TextPlugin"},C:\Users\Antoi\.cargo\registry\src\index.crates.io-1949cf8c6b5b557f\bevy_app-0.18.1\src\app.rs,272,55,0.000000,1,55,55,55,0.000000
system{name="forgia_mode_roguelite::enemies::sys_init_enemy_genome"},C:\Users\Antoi\.cargo\registry\src\index.crates.io-1949cf8c6b5b557f\bevy_ecs-0.18.1\src\system\function_system.rs,52,1707750,0.001327,1,1707750,1707750,1707750,0.000000
node{name="bevy_render::render_graph::node::ViewNodeRunner<bevy_pbr::volumetric_fog::render::VolumetricFogNode>"},C:\Users\Antoi\.cargo\registry\src\index.crates.io-1949cf8c6b5b557f\bevy_render-0.18.1\src\renderer\graph_runner.rs,240,10548364,0.008199,54156,194,58,83238,462.207595
system{name="bevy_render::extract_component::extract_components<bevy_pbr::atmosphere::environment::AtmosphereEnvironmentMap>"},C:\Users\Antoi\.cargo\registry\src\index.crates.io-1949cf8c6b5b557f\bevy_ecs-0.18.1\src\system\function_system.rs,52,6674996,0.005189,27079,246,98,86201,554.427874
plugin finish{plugin="bevy_render::render_asset::RenderAssetPlugin<bevy_pbr::medium::GpuScatteringMedium>"},C:\Users\Antoi\.cargo\registry\src\index.crates.io-1949cf8c6b5b557f\bevy_app-0.18.1\src\app.rs,272,125,0.000000,1,125,125,125,0.000000
asset loading{loader="bevy_image::image_loader::ImageLoader" asset="ui/menu_video/frame_0036.webp"},C:\Users\Antoi\.cargo\registry\src\index.crates.io-1949cf8c6b5b557f\bevy_asset-0.18.1\src\server\loaders.rs,332,15931155,0.012383,7,2275879,78,15902477,6008766.509084
system{name="forgia_viewmodel::arms::apply_arms_motion"},C:\Users\Antoi\.cargo\registry\src\index.crates.io-1949cf8c6b5b557f\bevy_ecs-0.18.1\src\system\function_system.rs,52,12440396,0.009670,25752,483,141,70850,497.215856
system{name="bevy_asset::assets::Assets<forgia_genome_core::Genome<forgia_skeleton_template::SkeletonTemplate>>::track_assets"},C:\Users\Antoi\.cargo\registry\src\index.crates.io-1949cf8c6b5b557f\bevy_ecs-0.18.1\src\system\function_system.rs,52,35281964,0.027425,27079,1302,214,1563293,14519.464993
system_commands{name="bevy_sprite_render::render::prepare_sprite_view_bind_groups"},C:\Users\Antoi\.cargo\registry\src\index.crates.io-1949cf8c6b5b557f\bevy_ecs-0.18.1\src\system\function_system.rs,54,118964366,0.092472,27078,4393,2143,104598,1774.927770
system{name="bevy_asset::assets::Assets<forgia_genome_core::Genome<forgia_skeleton_template::SkeletonTemplate>>::asset_events_condition"},C:\Users\Antoi\.cargo\registry\src\index.crates.io-1949cf8c6b5b557f\bevy_ecs-0.18.1\src\system\function_system.rs,52,3152082,0.002450,27079,116,53,3372,66.046373
system_commands{name="bevy_render::view::prepare_view_uniforms"},C:\Users\Antoi\.cargo\registry\src\index.crates.io-1949cf8c6b5b557f\bevy_ecs-0.18.1\src\system\function_system.rs,54,72070387,0.056021,27078,2661,1301,154072,1976.250467
system{name="bevy_render::render_asset::extract_render_asset<bevy_render::mesh::RenderMesh>"},C:\Users\Antoi\.cargo\registry\src\index.crates.io-1949cf8c6b5b557f\bevy_ecs-0.18.1\src\system\function_system.rs,52,42461896,0.033006,27078,1568,279,8597789,65697.212422
system{name="forgia_viewmodel::attach::auto_scale_viewmodel"},C:\Users\Antoi\.cargo\registry\src\index.crates.io-1949cf8c6b5b557f\bevy_ecs-0.18.1\src\system\function_system.rs,52,17996296,0.013989,25752,698,173,219924,2580.808088
system_commands{name="bevy_window::system::close_when_requested"},C:\Users\Antoi\.cargo\registry\src\index.crates.io-1949cf8c6b5b557f\bevy_ecs-0.18.1\src\system\function_system.rs,54,1706215,0.001326,27079,63,50,54119,329.946085
system_commands{name="forgia_mode_roguelite::waves::sys_boss_enrage"},C:\Users\Antoi\.cargo\registry\src\index.crates.io-1949cf8c6b5b557f\bevy_ecs-0.18.1\src\system\function_system.rs,54,2369863,0.001842,25752,92,50,141916,926.622173
plugin finish{plugin="forgia_anim_debug::bone_trace::BoneTracePlugin"},C:\Users\Antoi\.cargo\registry\src\index.crates.io-1949cf8c6b5b557f\bevy_app-0.18.1\src\app.rs,272,53,0.000000,1,53,53,53,0.000000
system_commands{name="bevy_animation::animate_targets"},C:\Users\Antoi\.cargo\registry\src\index.crates.io-1949cf8c6b5b557f\bevy_ecs-0.18.1\src\system\function_system.rs,54,2978231,0.002315,27079,109,56,78240,596.132139
system_commands{name="bevy_pbr::light_probe::upload_light_probes"},C:\Users\Antoi\.cargo\registry\src\index.crates.io-1949cf8c6b5b557f\bevy_ecs-0.18.1\src\system\function_system.rs,54,69732183,0.054203,27078,2575,1388,141463,1428.621114
asset loading{loader="bevy_gltf::loader::GltfLoader" asset="models/kaykit/dungeon/pillar_deco.glb"},C:\Users\Antoi\.cargo\registry\src\index.crates.io-1949cf8c6b5b557f\bevy_asset-0.18.1\src\server\loaders.rs,332,11606928,0.009022,10,1160692,322,5633152,2144621.470097
system{name="bevy_ui::widget::text::text_system"},C:\Users\Antoi\.cargo\registry\src\index.crates.io-1949cf8c6b5b557f\bevy_ecs-0.18.1\src\system\function_system.rs,52,20185572,0.015690,27079,745,228,87523,646.113924
asset loading{loader="bevy_kira_audio::source::ogg_loader::OggLoader" asset="audio/roguelite/weapons/bourrasque.ogg"},C:\Users\Antoi\.cargo\registry\src\index.crates.io-1949cf8c6b5b557f\bevy_asset-0.18.1\src\server\loaders.rs,332,637427,0.000495,4,159356,250,622856,309047.469742
system{name="forgia_juice_screen_flash::sync_screen_flash_tuning"},C:\Users\Antoi\.cargo\registry\src\index.crates.io-1949cf8c6b5b557f\bevy_ecs-0.18.1\src\system\function_system.rs,52,10144840,0.007886,27079,374,107,175186,1575.346734
system_commands{name="forgia_ui::weapon_preview::sys_spawn_weapon_preview"},C:\Users\Antoi\.cargo\registry\src\index.crates.io-1949cf8c6b5b557f\bevy_ecs-0.18.1\src\system\function_system.rs,54,63357,0.000049,1,63357,63357,63357,0.000000
system_commands{name="bevy_core_pipeline::experimental::mip_generation::prepare_view_depth_pyramids"},C:\Users\Antoi\.cargo\registry\src\index.crates.io-1949cf8c6b5b557f\bevy_ecs-0.18.1\src\system\function_system.rs,54,5337759,0.004149,27078,197,60,76050,593.617404
system{name="forgia_crosshair::draw_crosshair"},C:\Users\Antoi\.cargo\registry\src\index.crates.io-1949cf8c6b5b557f\bevy_ecs-0.18.1\src\system\function_system.rs,52,38679784,0.030066,27079,1428,67,127650,1364.190010
system{name="bevy_kira_audio::audio_output::play_audio_channel<bevy_kira_audio::MainTrack>"},C:\Users\Antoi\.cargo\registry\src\index.crates.io-1949cf8c6b5b557f\bevy_ecs-0.18.1\src\system\function_system.rs,52,10381249,0.008069,27079,383,145,125807,1277.881243
system_commands{name="bevy_core_pipeline::tonemapping::init_tonemapping_pipeline"},C:\Users\Antoi\.cargo\registry\src\index.crates.io-1949cf8c6b5b557f\bevy_ecs-0.18.1\src\system\function_system.rs,54,4226,0.000003,1,4226,4226,4226,0.000000
plugin build{plugin="forgia_worldgen::ForgiaWorldgenPlugin"},C:\Users\Antoi\.cargo\registry\src\index.crates.io-1949cf8c6b5b557f\bevy_app-0.18.1\src\app.rs,529,123259,0.000096,1,123259,123259,123259,0.000000
system_commands{name="forgia_mode_roguelite::enemy_anim::sys_wire_enemy_anim"},C:\Users\Antoi\.cargo\registry\src\index.crates.io-1949cf8c6b5b557f\bevy_ecs-0.18.1\src\system\function_system.rs,54,3178582,0.002471,25752,123,52,71509,600.488328
system{name="bevy_winit::system::despawn_windows"},C:\Users\Antoi\.cargo\registry\src\index.crates.io-1949cf8c6b5b557f\bevy_ecs-0.18.1\src\system\function_system.rs,52,12950093,0.010066,27079,478,196,90677,1110.716942
plugin build{plugin="forgia_village_loader::ForgiaVillageLoaderPlugin"},C:\Users\Antoi\.cargo\registry\src\index.crates.io-1949cf8c6b5b557f\bevy_app-0.18.1\src\app.rs,529,59066,0.000046,1,59066,59066,59066,0.000000
system{name="forgia_mode_roguelite::merchant::sys_calibrate_merchant"},C:\Users\Antoi\.cargo\registry\src\index.crates.io-1949cf8c6b5b557f\bevy_ecs-0.18.1\src\system\function_system.rs,52,13540228,0.010525,25752,525,182,93568,1134.978072
plugin cleanup{plugin="forgia_terrain::ForgiaTerrainPlugin"},C:\Users\Antoi\.cargo\registry\src\index.crates.io-1949cf8c6b5b557f\bevy_app-0.18.1\src\app.rs,292,56,0.000000,1,56,56,56,0.000000
asset loading{loader="bevy_shader::shader::ShaderLoader" asset="embedded://bevy_post_process\\bloom\\bloom.wgsl"},C:\Users\Antoi\.cargo\registry\src\index.crates.io-1949cf8c6b5b557f\bevy_asset-0.18.1\src\server\loaders.rs,332,286737,0.000223,2,143368,121,286616,202582.557277
system{name="bevy_post_process::bloom::prepare_bloom_textures"},C:\Users\Antoi\.cargo\registry\src\index.crates.io-1949cf8c6b5b557f\bevy_ecs-0.18.1\src\system\function_system.rs,52,9070666,0.007051,27078,334,91,57817,501.986040
system{name="forgia_mode_roguelite::audio::sys_init_audio_genome"},C:\Users\Antoi\.cargo\registry\src\index.crates.io-1949cf8c6b5b557f\bevy_ecs-0.18.1\src\system\function_system.rs,52,1618051,0.001258,1,1618051,1618051,1618051,0.000000
system{name="forgia_mode_roguelite::weapon_select::sys_load_weapon_cards"},C:\Users\Antoi\.cargo\registry\src\index.crates.io-1949cf8c6b5b557f\bevy_ecs-0.18.1\src\system\function_system.rs,52,4817050,0.003744,1,4817050,4817050,4817050,0.000000
system_commands{name="bevy_anti_alias::smaa::prepare_smaa_uniforms"},C:\Users\Antoi\.cargo\registry\src\index.crates.io-1949cf8c6b5b557f\bevy_ecs-0.18.1\src\system\function_system.rs,54,2299221,0.001787,27078,84,50,15328,119.781938
system{name="bevy_rapier3d::plugin::systems::joint::init_joints"},C:\Users\Antoi\.cargo\registry\src\index.crates.io-1949cf8c6b5b557f\bevy_ecs-0.18.1\src\system\function_system.rs,52,6379397,0.004959,7925,804,156,32848,436.613214
system_commands{name="forgia_mode_roguelite::parcours_obstacles::sys_init_obstacle_genome"},C:\Users\Antoi\.cargo\registry\src\index.crates.io-1949cf8c6b5b557f\bevy_ecs-0.18.1\src\system\function_system.rs,54,14088,0.000011,1,14088,14088,14088,0.000000
system{name="bevy_post_process::dof::init_dof_global_bind_group_layout"},C:\Users\Antoi\.cargo\registry\src\index.crates.io-1949cf8c6b5b557f\bevy_ecs-0.18.1\src\system\function_system.rs,52,59287,0.000046,1,59287,59287,59287,0.000000
plugin cleanup{plugin="bevy_diagnostic::frame_time_diagnostics_plugin::FrameTimeDiagnosticsPlugin"},C:\Users\Antoi\.cargo\registry\src\index.crates.io-1949cf8c6b5b557f\bevy_app-0.18.1\src\app.rs,292,173,0.000000,1,173,173,173,0.000000
system_commands{name="bevy_gizmos_render::extract_gizmo_data"},C:\Users\Antoi\.cargo\registry\src\index.crates.io-1949cf8c6b5b557f\bevy_ecs-0.18.1\src\system\function_system.rs,54,2812079,0.002186,27078,103,51,1971,32.028120
move_shape,C:\Users\Antoi\.cargo\registry\src\index.crates.io-1949cf8c6b5b557f\rapier3d-0.31.0\src\control\character_controller.rs,267,148313663,0.115285,7532,19691,4149,297437,14703.714761
system{name="forgia_mode_roguelite::hud::in_run_or_boss"},C:\Users\Antoi\.cargo\registry\src\index.crates.io-1949cf8c6b5b557f\bevy_ecs-0.18.1\src\system\function_system.rs,52,2996176,0.002329,27079,110,55,8455,74.627202
plugin finish{plugin="bevy_render::sync_component::SyncComponentPlugin<bevy_pbr::ssao::ScreenSpaceAmbientOcclusion>"},C:\Users\Antoi\.cargo\registry\src\index.crates.io-1949cf8c6b5b557f\bevy_app-0.18.1\src\app.rs,272,71,0.000000,1,71,71,71,0.000000
plugin cleanup{plugin="bevy_core_pipeline::experimental::mip_generation::MipGenerationPlugin"},C:\Users\Antoi\.cargo\registry\src\index.crates.io-1949cf8c6b5b557f\bevy_app-0.18.1\src\app.rs,292,53,0.000000,1,53,53,53,0.000000
node{name="bevy_render::render_graph::node::ViewNodeRunner<bevy_pbr::ssao::SsaoNode>"},C:\Users\Antoi\.cargo\registry\src\index.crates.io-1949cf8c6b5b557f\bevy_render-0.18.1\src\renderer\graph_runner.rs,240,9480729,0.007369,54156,175,56,45305,220.156663
asset loading{loader="bevy_image::image_loader::ImageLoader" asset="ui/menu_video/frame_0016.webp"},C:\Users\Antoi\.cargo\registry\src\index.crates.io-1949cf8c6b5b557f\bevy_asset-0.18.1\src\server\loaders.rs,332,14628703,0.011371,6,2438117,162,14603244,5959671.910491
system_commands{name="forgia_mode_roguelite::pipeline_warmup::sys_clear_warmup"},C:\Users\Antoi\.cargo\registry\src\index.crates.io-1949cf8c6b5b557f\bevy_ecs-0.18.1\src\system\function_system.rs,54,226,0.000000,1,226,226,226,0.000000
plugin{tag="LabelSelectionState"},C:\Users\Antoi\.cargo\registry\src\index.crates.io-1949cf8c6b5b557f\egui-0.33.3\src\plugin.rs,145,32917517,0.025587,108316,303,49,130516,943.260059
plugin build{plugin="bevy_core_pipeline::deferred::copy_lighting_id::CopyDeferredLightingIdPlugin"},C:\Users\Antoi\.cargo\registry\src\index.crates.io-1949cf8c6b5b557f\bevy_app-0.18.1\src\app.rs,529,16126,0.000013,1,16126,16126,16126,0.000000
plugin finish{plugin="bevy_camera::visibility::VisibilityPlugin"},C:\Users\Antoi\.cargo\registry\src\index.crates.io-1949cf8c6b5b557f\bevy_app-0.18.1\src\app.rs,272,60,0.000000,1,60,60,60,0.000000
plugin cleanup{plugin="forgia_rpg_data::shop::ForgiaShopPlugin"},C:\Users\Antoi\.cargo\registry\src\index.crates.io-1949cf8c6b5b557f\bevy_app-0.18.1\src\app.rs,292,53,0.000000,1,53,53,53,0.000000
system{name="bevy_pbr::prepass::extract_camera_previous_view_data"},C:\Users\Antoi\.cargo\registry\src\index.crates.io-1949cf8c6b5b557f\bevy_ecs-0.18.1\src\system\function_system.rs,52,20938238,0.016275,27079,773,310,83075,610.864322
plugin cleanup{plugin="forgia_ui_lib::shop_panel::ForgiaUiShopPlugin"},C:\Users\Antoi\.cargo\registry\src\index.crates.io-1949cf8c6b5b557f\bevy_app-0.18.1\src\app.rs,292,53,0.000000,1,53,53,53,0.000000
system{name="forgia_auto_rig::skinning::inject_skinning_for_rigged_meshes"},C:\Users\Antoi\.cargo\registry\src\index.crates.io-1949cf8c6b5b557f\bevy_ecs-0.18.1\src\system\function_system.rs,52,20463882,0.015907,27079,755,279,38330,533.252425
asset loading{loader="bevy_shader::shader::ShaderLoader" asset="embedded://bevy_sprite_render\\render/sprite_view_bindings.wgsl"},C:\Users\Antoi\.cargo\registry\src\index.crates.io-1949cf8c6b5b557f\bevy_asset-0.18.1\src\server\loaders.rs,332,30561,0.000024,2,15280,88,30473,21485.439558
system_commands{name="bevy_render::extract_component::prepare_uniform_components<bevy_post_process::dof::DepthOfFieldUniform>"},C:\Users\Antoi\.cargo\registry\src\index.crates.io-1949cf8c6b5b557f\bevy_ecs-0.18.1\src\system\function_system.rs,54,2292122,0.001782,27078,84,51,1628,28.504363
system_commands{name="bevy_rapier3d::plugin::plugin::insert_default_context"},C:\Users\Antoi\.cargo\registry\src\index.crates.io-1949cf8c6b5b557f\bevy_ecs-0.18.1\src\system\function_system.rs,54,53703,0.000042,1,53703,53703,53703,0.000000
system{name="bevy_asset::assets::Assets<forgia_genome_core::Genome<forgia_killfeed::tuning::KillfeedTuning>>::asset_events"},C:\Users\Antoi\.cargo\registry\src\index.crates.io-1949cf8c6b5b557f\bevy_ecs-0.18.1\src\system\function_system.rs,52,441,0.000000,1,441,441,441,0.000000
system_commands{name="bevy_ui::accessibility::label_changed"},C:\Users\Antoi\.cargo\registry\src\index.crates.io-1949cf8c6b5b557f\bevy_ecs-0.18.1\src\system\function_system.rs,54,2487192,0.001933,27079,91,51,24040,153.437293
system_commands{name="bevy_anti_alias::smaa::prepare_smaa_pipelines"},C:\Users\Antoi\.cargo\registry\src\index.crates.io-1949cf8c6b5b557f\bevy_ecs-0.18.1\src\system\function_system.rs,54,2293311,0.001783,27078,84,50,10236,68.031647
plugin build{plugin="bevy_transform::plugins::TransformPlugin"},C:\Users\Antoi\.cargo\registry\src\index.crates.io-1949cf8c6b5b557f\bevy_app-0.18.1\src\app.rs,529,80318,0.000062,1,80318,80318,80318,0.000000
plugin finish{plugin="forgia_mode_roguelite::ftue::FtuePlugin"},C:\Users\Antoi\.cargo\registry\src\index.crates.io-1949cf8c6b5b557f\bevy_app-0.18.1\src\app.rs,272,57,0.000000,1,57,57,57,0.000000
write_previous_input_buffers,C:\Users\Antoi\.cargo\registry\src\index.crates.io-1949cf8c6b5b557f\bevy_render-0.18.1\src\batching\gpu_preprocessing.rs,2032,226519155,0.176075,27078,8365,1063,844608,14314.995026
plugin build{plugin="bevy_render::extract_component::ExtractComponentPlugin<bevy_pbr::ssr::ScreenSpaceReflections>"},C:\Users\Antoi\.cargo\registry\src\index.crates.io-1949cf8c6b5b557f\bevy_app-0.18.1\src\app.rs,529,17078,0.000013,1,17078,17078,17078,0.000000
system_commands{name="forgia_mode_roguelite::run::sys_tag_player_as_collector"},C:\Users\Antoi\.cargo\registry\src\index.crates.io-1949cf8c6b5b557f\bevy_ecs-0.18.1\src\system\function_system.rs,54,1672886,0.001300,25752,64,51,32304,237.530264
system{name="bevy_sprite_render::mesh2d::material::queue_material2d_meshes<bevy_sprite_render::tilemap_chunk::tilemap_chunk_material::TilemapChunkMaterial>"},C:\Users\Antoi\.cargo\registry\src\index.crates.io-1949cf8c6b5b557f\bevy_ecs-0.18.1\src\system\function_system.rs,52,10610836,0.008248,27078,391,124,117389,803.943458
system{name="forgia_viewmodel::attach::update_viewmodel_on_switch"},C:\Users\Antoi\.cargo\registry\src\index.crates.io-1949cf8c6b5b557f\bevy_ecs-0.18.1\src\system\function_system.rs,52,13437610,0.010445,25752,521,112,102602,1057.677083
system{name="bevy_render::render_asset::extract_render_asset<bevy_sprite_render::mesh2d::material::PreparedMaterial2d<bevy_sprite_render::mesh2d::color_material::ColorMaterial>>"},C:\Users\Antoi\.cargo\registry\src\index.crates.io-1949cf8c6b5b557f\bevy_ecs-0.18.1\src\system\function_system.rs,52,25585575,0.019888,27079,944,338,46180,511.031719
plugin cleanup{plugin="bevy_render::render_asset::RenderAssetPlugin<bevy_render::storage::GpuShaderStorageBuffer>"},C:\Users\Antoi\.cargo\registry\src\index.crates.io-1949cf8c6b5b557f\bevy_app-0.18.1\src\app.rs,292,119,0.000000,1,119,119,119,0.000000
system{name="bevy_sprite_render::mesh2d::material::init_material_2d_pipeline<bevy_sprite_render::mesh2d::color_material::ColorMaterial>"},C:\Users\Antoi\.cargo\registry\src\index.crates.io-1949cf8c6b5b557f\bevy_ecs-0.18.1\src\system\function_system.rs,52,26820,0.000021,1,26820,26820,26820,0.000000
system{name="bevy_hanabi::render::start_stop_gpu_debug_capture"},C:\Users\Antoi\.cargo\registry\src\index.crates.io-1949cf8c6b5b557f\bevy_ecs-0.18.1\src\system\function_system.rs,52,16874724,0.013117,27079,623,230,30385,363.136495
asset loading{loader="bevy_shader::shader::ShaderLoader" asset="embedded://bevy_core_pipeline\\skybox\\skybox_prepass.wgsl"},C:\Users\Antoi\.cargo\registry\src\index.crates.io-1949cf8c6b5b557f\bevy_asset-0.18.1\src\server\loaders.rs,332,33876,0.000026,2,16938,54,33822,23877.581787
system{name="forgia_mode_roguelite::coffre_sensor::sys_write_coffre_sensor"},C:\Users\Antoi\.cargo\registry\src\index.crates.io-1949cf8c6b5b557f\bevy_ecs-0.18.1\src\system\function_system.rs,52,8550546,0.006646,27079,315,87,13083,243.934381
plugin finish{plugin="bevy_post_process::effect_stack::EffectStackPlugin"},C:\Users\Antoi\.cargo\registry\src\index.crates.io-1949cf8c6b5b557f\bevy_app-0.18.1\src\app.rs,272,55,0.000000,1,55,55,55,0.000000
system{name="bevy_post_process::motion_blur::pipeline::init_motion_blur_pipeline"},C:\Users\Antoi\.cargo\registry\src\index.crates.io-1949cf8c6b5b557f\bevy_ecs-0.18.1\src\system\function_system.rs,52,36858,0.000029,1,36858,36858,36858,0.000000
asset loading{loader="bevy_gltf::loader::GltfLoader" asset="models/environment/inferno/ColumnBigBroken_002.glb"},C:\Users\Antoi\.cargo\registry\src\index.crates.io-1949cf8c6b5b557f\bevy_asset-0.18.1\src\server\loaders.rs,332,99264166,0.077159,4,24816041,125,99236443,49613602.272242
system{name="forgia_enemy_nameplate::keep_permanent_nameplates_alive"},C:\Users\Antoi\.cargo\registry\src\index.crates.io-1949cf8c6b5b557f\bevy_ecs-0.18.1\src\system\function_system.rs,52,17409588,0.013533,27079,642,90,61969,650.345751
function_scope{egui::context::Context::end_pass},C:\Users\Antoi\.cargo\registry\src\index.crates.io-1949cf8c6b5b557f\egui-0.33.3\src\context.rs,2301,1009510956,0.784701,27079,37280,18275,2614134,32206.064055
system{name="bevy_asset::assets::Assets<bevy_audio::audio_source::AudioSource>::track_assets"},C:\Users\Antoi\.cargo\registry\src\index.crates.io-1949cf8c6b5b557f\bevy_ecs-0.18.1\src\system\function_system.rs,52,25889733,0.020124,27079,956,126,260432,5834.202050
asset loading{loader="bevy_image::image_loader::ImageLoader" asset="ui/menu_video/frame_0078.webp"},C:\Users\Antoi\.cargo\registry\src\index.crates.io-1949cf8c6b5b557f\bevy_asset-0.18.1\src\server\loaders.rs,332,13959571,0.010851,6,2326595,149,13927536,5683279.433001
system{name="forgia_mode_roguelite::status_vfx::sys_detach_poison_vfx"},C:\Users\Antoi\.cargo\registry\src\index.crates.io-1949cf8c6b5b557f\bevy_ecs-0.18.1\src\system\function_system.rs,52,10180905,0.007914,25752,395,123,148486,1218.185748
system{name="bevy_light::check_point_light_mesh_visibility"},C:\Users\Antoi\.cargo\registry\src\index.crates.io-1949cf8c6b5b557f\bevy_ecs-0.18.1\src\system\function_system.rs,52,59489110,0.046241,27079,2196,263,303384,2120.785836
system{name="bevy_post_process::bloom::upsampling_pipeline::init_bloom_upscaling_pipeline"},C:\Users\Antoi\.cargo\registry\src\index.crates.io-1949cf8c6b5b557f\bevy_ecs-0.18.1\src\system\function_system.rs,52,12237,0.000010,1,12237,12237,12237,0.000000
system_commands{name="bevy_sprite_render::mesh2d::material::init_material_2d_pipeline<bevy_sprite_render::mesh2d::color_material::ColorMaterial>"},C:\Users\Antoi\.cargo\registry\src\index.crates.io-1949cf8c6b5b557f\bevy_ecs-0.18.1\src\system\function_system.rs,54,2745,0.000002,1,2745,2745,2745,0.000000
plugin build{plugin="bevy_pbr::light_probe::generate::EnvironmentMapGenerationPlugin"},C:\Users\Antoi\.cargo\registry\src\index.crates.io-1949cf8c6b5b557f\bevy_app-0.18.1\src\app.rs,529,664,0.000001,1,664,664,664,0.000000
plugin build{plugin="bevy_render::render_asset::RenderAssetPlugin<bevy_render::texture::gpu_image::GpuImage>"},C:\Users\Antoi\.cargo\registry\src\index.crates.io-1949cf8c6b5b557f\bevy_app-0.18.1\src\app.rs,529,20736,0.000016,1,20736,20736,20736,0.000000
plugin finish{plugin="bevy_log::LogPlugin"},C:\Users\Antoi\.cargo\registry\src\index.crates.io-1949cf8c6b5b557f\bevy_app-0.18.1\src\app.rs,272,69,0.000000,1,69,69,69,0.000000
system_commands{name="forgia_mode_roguelite::render_quality::sys_force_apply_ssao"},C:\Users\Antoi\.cargo\registry\src\index.crates.io-1949cf8c6b5b557f\bevy_ecs-0.18.1\src\system\function_system.rs,54,553,0.000000,1,553,553,553,0.000000
system{name="bevy_post_process::motion_blur::pipeline::prepare_motion_blur_pipelines"},C:\Users\Antoi\.cargo\registry\src\index.crates.io-1949cf8c6b5b557f\bevy_ecs-0.18.1\src\system\function_system.rs,52,9361154,0.007276,27078,345,101,12993,186.053090
asset loading{loader="bevy_image::image_loader::ImageLoader" asset="ui/menu_video/frame_0128.webp"},C:\Users\Antoi\.cargo\registry\src\index.crates.io-1949cf8c6b5b557f\bevy_asset-0.18.1\src\server\loaders.rs,332,14607544,0.011355,6,2434590,100,14569300,5944771.919043
system{name="bevy_render::render_asset::extract_render_asset<bevy_gizmos_render::GpuLineGizmo>"},C:\Users\Antoi\.cargo\registry\src\index.crates.io-1949cf8c6b5b557f\bevy_ecs-0.18.1\src\system\function_system.rs,52,30535775,0.023736,27079,1127,538,61132,601.309538
system{name="bevy_sprite_render::render::prepare_sprite_image_bind_groups"},C:\Users\Antoi\.cargo\registry\src\index.crates.io-1949cf8c6b5b557f\bevy_ecs-0.18.1\src\system\function_system.rs,52,52316029,0.040666,27078,1932,278,148834,2891.385361
system_commands{name="forgia_effects::damage_numbers::setup_damage_number_pool"},C:\Users\Antoi\.cargo\registry\src\index.crates.io-1949cf8c6b5b557f\bevy_ecs-0.18.1\src\system\function_system.rs,54,162999,0.000127,1,162999,162999,162999,0.000000
system{name="forgia_mode_fps_arena::sync_tactical_tuning_from_genome"},C:\Users\Antoi\.cargo\registry\src\index.crates.io-1949cf8c6b5b557f\bevy_ecs-0.18.1\src\system\function_system.rs,52,11139960,0.008659,27079,411,120,200548,1648.834396
system{name="bevy_egui::input::WindowToEguiContextMap::on_egui_context_added_system"},C:\Users\Antoi\.cargo\registry\src\index.crates.io-1949cf8c6b5b557f\bevy_ecs-0.18.1\src\system\function_system.rs,52,24374209,0.018946,27079,900,386,30674,786.318280
system{name="bevy_hanabi::spawn::tick_spawners"},C:\Users\Antoi\.cargo\registry\src\index.crates.io-1949cf8c6b5b557f\bevy_ecs-0.18.1\src\system\function_system.rs,52,103116226,0.080153,27079,3807,1141,134438,2315.649534
system{name="bevy_sprite::text2d::calculate_bounds_text2d"},C:\Users\Antoi\.cargo\registry\src\index.crates.io-1949cf8c6b5b557f\bevy_ecs-0.18.1\src\system\function_system.rs,52,18404793,0.014306,27079,679,291,33024,354.919271
system{name="forgia_skeleton_template::sys_write_skeleton_template_registry_sensor"},C:\Users\Antoi\.cargo\registry\src\index.crates.io-1949cf8c6b5b557f\bevy_ecs-0.18.1\src\system\function_system.rs,52,55337096,0.043014,27079,2043,88,582405,27716.657737
plugin build{plugin="bevy_winit::accessibility::AccessKitPlugin"},C:\Users\Antoi\.cargo\registry\src\index.crates.io-1949cf8c6b5b557f\bevy_app-0.18.1\src\app.rs,529,30260,0.000024,1,30260,30260,30260,0.000000
system{name="bevy_hanabi::render::extract_effects"},C:\Users\Antoi\.cargo\registry\src\index.crates.io-1949cf8c6b5b557f\bevy_ecs-0.18.1\src\system\function_system.rs,52,1244233290,0.967152,27078,45949,34274,648840,8935.088376
plugin cleanup{plugin="bevy_render::sync_component::SyncComponentPlugin<bevy_light::point_light::PointLight>"},C:\Users\Antoi\.cargo\registry\src\index.crates.io-1949cf8c6b5b557f\bevy_app-0.18.1\src\app.rs,292,56,0.000000,1,56,56,56,0.000000
system{name="bevy_app::propagate::on_r_removed<bevy_ui::ui_node::ComputedUiTargetCamera, (), bevy_ecs::hierarchy::ChildOf>"},C:\Users\Antoi\.cargo\registry\src\index.crates.io-1949cf8c6b5b557f\bevy_ecs-0.18.1\src\system\function_system.rs,52,213951,0.000166,2654,80,55,6863,193.429698
system{name="bevy_render::render_asset::prepare_assets<bevy_pbr::medium::GpuScatteringMedium>"},C:\Users\Antoi\.cargo\registry\src\index.crates.io-1949cf8c6b5b557f\bevy_ecs-0.18.1\src\system\function_system.rs,52,22934155,0.017827,27078,846,300,685275,4205.959494
system{name="bevy_render::batching::no_gpu_preprocessing::write_batched_instance_buffer<bevy_sprite_render::mesh2d::mesh::Mesh2dPipeline>"},C:\Users\Antoi\.cargo\registry\src\index.crates.io-1949cf8c6b5b557f\bevy_ecs-0.18.1\src\system\function_system.rs,52,7552951,0.005871,27078,278,91,82891,658.657478
asset loading{loader="bevy_image::image_loader::ImageLoader" asset="ui/menu_video/frame_0076.webp"},C:\Users\Antoi\.cargo\registry\src\index.crates.io-1949cf8c6b5b557f\bevy_asset-0.18.1\src\server\loaders.rs,332,14059977,0.010929,6,2343329,120,14024647,5722656.176214
system{name="bevy_asset::assets::Assets<bevy_mesh::skinning::SkinnedMeshInverseBindposes>::asset_events_condition"},C:\Users\Antoi\.cargo\registry\src\index.crates.io-1949cf8c6b5b557f\bevy_ecs-0.18.1\src\system\function_system.rs,52,2891942,0.002248,27079,106,53,29106,187.096285
asset loading{loader="bevy_image::image_loader::ImageLoader" asset="ui/menu_video/frame_0054.webp"},C:\Users\Antoi\.cargo\registry\src\index.crates.io-1949cf8c6b5b557f\bevy_asset-0.18.1\src\server\loaders.rs,332,14994824,0.011656,7,2142117,81,14962458,5653240.886247
system{name="forgia_mode_roguelite::mushrooms::sys_write_mushroom_sensor"},C:\Users\Antoi\.cargo\registry\src\index.crates.io-1949cf8c6b5b557f\bevy_ecs-0.18.1\src\system\function_system.rs,52,9269935,0.007206,25752,359,87,136881,900.515918
plugin build{plugin="bevy_render::view::ViewPlugin"},C:\Users\Antoi\.cargo\registry\src\index.crates.io-1949cf8c6b5b557f\bevy_app-0.18.1\src\app.rs,529,175464,0.000136,1,175464,175464,175464,0.000000
plugin finish{plugin="bevy_render::sync_component::SyncComponentPlugin<bevy_camera::components::Camera3d>"},C:\Users\Antoi\.cargo\registry\src\index.crates.io-1949cf8c6b5b557f\bevy_app-0.18.1\src\app.rs,272,52,0.000000,1,52,52,52,0.000000
system{name="forgia_rpg_data::boons::sync_boons_catalogue"},C:\Users\Antoi\.cargo\registry\src\index.crates.io-1949cf8c6b5b557f\bevy_ecs-0.18.1\src\system\function_system.rs,52,12278141,0.009544,27079,453,182,155765,1315.506456
system{name="forgia_ui::weapon_preview::sys_swap_weapon_preview"},C:\Users\Antoi\.cargo\registry\src\index.crates.io-1949cf8c6b5b557f\bevy_ecs-0.18.1\src\system\function_system.rs,52,562710,0.000437,1327,424,182,5636,261.365275
asset loading{loader="bevy_gltf::loader::GltfLoader" asset="models/environment/portal/portal_open.glb"},C:\Users\Antoi\.cargo\registry\src\index.crates.io-1949cf8c6b5b557f\bevy_asset-0.18.1\src\server\loaders.rs,332,287572856,0.223533,5,57514571,80,273070405,120662546.967846
plugin cleanup{plugin="bevy_post_process::motion_blur::MotionBlurPlugin"},C:\Users\Antoi\.cargo\registry\src\index.crates.io-1949cf8c6b5b557f\bevy_app-0.18.1\src\app.rs,292,52,0.000000,1,52,52,52,0.000000
system{name="leafwing_input_manager::user_input::updating::input_is_enabled<bevy_input::mouse::MouseButton>"},C:\Users\Antoi\.cargo\registry\src\index.crates.io-1949cf8c6b5b557f\bevy_ecs-0.18.1\src\system\function_system.rs,52,3440469,0.002674,27079,127,56,55316,381.296299
system{name="forgia_ui_lib::damage_direction::tuning::sync_damage_dir_tuning"},C:\Users\Antoi\.cargo\registry\src\index.crates.io-1949cf8c6b5b557f\bevy_ecs-0.18.1\src\system\function_system.rs,52,10266686,0.007980,27079,379,133,247202,2039.344894
system{name="forgia_mode_roguelite::boucherie_rocket::sys_reset_stats"},C:\Users\Antoi\.cargo\registry\src\index.crates.io-1949cf8c6b5b557f\bevy_ecs-0.18.1\src\system\function_system.rs,52,111,0.000000,1,111,111,111,0.000000
system{name="bevy_pbr::deferred::insert_deferred_lighting_pass_id_component"},C:\Users\Antoi\.cargo\registry\src\index.crates.io-1949cf8c6b5b557f\bevy_ecs-0.18.1\src\system\function_system.rs,52,7390512,0.005745,27079,272,93,8990,121.840897
plugin build{plugin="bevy_core_pipeline::core_2d::Core2dPlugin"},C:\Users\Antoi\.cargo\registry\src\index.crates.io-1949cf8c6b5b557f\bevy_app-0.18.1\src\app.rs,529,266662,0.000207,1,266662,266662,266662,0.000000
system_commands{name="forgia_mode_roguelite::element_vfx::sys_init_element_bursts"},C:\Users\Antoi\.cargo\registry\src\index.crates.io-1949cf8c6b5b557f\bevy_ecs-0.18.1\src\system\function_system.rs,54,62437,0.000049,1,62437,62437,62437,0.000000
system{name="bevy_app::propagate::update_removed_limit<bevy_ui::ui_node::ComputedUiTargetCamera, (), bevy_ecs::hierarchy::ChildOf>"},C:\Users\Antoi\.cargo\registry\src\index.crates.io-1949cf8c6b5b557f\bevy_ecs-0.18.1\src\system\function_system.rs,52,11569359,0.008993,27079,427,60,100926,647.524278
system{name="forgia_viewmodel::pose::track_right_mouse_state"},C:\Users\Antoi\.cargo\registry\src\index.crates.io-1949cf8c6b5b557f\bevy_ecs-0.18.1\src\system\function_system.rs,52,4772526,0.003710,25752,185,80,12948,122.473312
asset loading{loader="forgia_genome_core::GenomeLoader<forgia_level_presets::LevelModulesGenome>" asset="genomes/level_modules.toml"},C:\Users\Antoi\.cargo\registry\src\index.crates.io-1949cf8c6b5b557f\bevy_asset-0.18.1\src\server\loaders.rs,332,271772,0.000211,4,67943,93,265641,131817.628191
plugin cleanup{plugin="bevy_render::extract_component::ExtractComponentPlugin<bevy_pbr::atmosphere::GpuAtmosphereSettings>"},C:\Users\Antoi\.cargo\registry\src\index.crates.io-1949cf8c6b5b557f\bevy_app-0.18.1\src\app.rs,292,55,0.000000,1,55,55,55,0.000000
asset loading{loader="bevy_shader::shader::ShaderLoader" asset="embedded://bevy_pbr\\render/view_transformations.wgsl"},C:\Users\Antoi\.cargo\registry\src\index.crates.io-1949cf8c6b5b557f\bevy_asset-0.18.1\src\server\loaders.rs,332,407212,0.000317,2,203606,52,407160,287868.827475
system{name="forgia_damage::sync_hit_feedback"},C:\Users\Antoi\.cargo\registry\src\index.crates.io-1949cf8c6b5b557f\bevy_ecs-0.18.1\src\system\function_system.rs,52,15398342,0.011969,27079,568,162,82462,670.336284
system_commands{name="forgia_player::spawn_player"},C:\Users\Antoi\.cargo\registry\src\index.crates.io-1949cf8c6b5b557f\bevy_ecs-0.18.1\src\system\function_system.rs,54,114239,0.000089,1,114239,114239,114239,0.000000
system{name="bevy_render::extract_component::extract_components<bevy_render::experimental::occlusion_culling::OcclusionCulling>"},C:\Users\Antoi\.cargo\registry\src\index.crates.io-1949cf8c6b5b557f\bevy_ecs-0.18.1\src\system\function_system.rs,52,7197727,0.005595,27079,265,96,24024,242.365865
system{name="forgia_mode_roguelite::weapon_select::sys_show_crosshair_off_lobby"},C:\Users\Antoi\.cargo\registry\src\index.crates.io-1949cf8c6b5b557f\bevy_ecs-0.18.1\src\system\function_system.rs,52,118,0.000000,1,118,118,118,0.000000
main_opaque_pass_2d,C:\Users\Antoi\.cargo\registry\src\index.crates.io-1949cf8c6b5b557f\bevy_core_pipeline-0.18.1\src\core_2d\main_opaque_pass_2d_node.rs,58,1129860738,0.878250,27078,41726,11048,1824756,17712.977615
remove_joints_attached_to_rigid_body,C:\Users\Antoi\.cargo\registry\src\index.crates.io-1949cf8c6b5b557f\rapier3d-0.31.0\src\dynamics\joint\multibody_joint\multibody_joint_set.rs,285,9248,0.000007,111,83,49,262,29.645941
system{name="bevy_gizmos::collect_requested_gizmos<bevy_gizmos::config::DefaultGizmoConfigGroup, bevy_time::fixed::Fixed>"},C:\Users\Antoi\.cargo\registry\src\index.crates.io-1949cf8c6b5b557f\bevy_ecs-0.18.1\src\system\function_system.rs,52,2152238,0.001673,7925,271,59,124181,1399.670495
system_commands{name="forgia_mode_roguelite::weapon_select::sys_lobby_weapon_preview"},C:\Users\Antoi\.cargo\registry\src\index.crates.io-1949cf8c6b5b557f\bevy_ecs-0.18.1\src\system\function_system.rs,54,89073,0.000069,91,978,53,80857,8466.571315
system_commands{name="forgia_rpg_data::shop::open_shop_sessions"},C:\Users\Antoi\.cargo\registry\src\index.crates.io-1949cf8c6b5b557f\bevy_ecs-0.18.1\src\system\function_system.rs,54,1907270,0.001483,27079,70,50,5926,67.750469
system{name="forgia_effects::damage_numbers::tick_numbers"},C:\Users\Antoi\.cargo\registry\src\index.crates.io-1949cf8c6b5b557f\bevy_ecs-0.18.1\src\system\function_system.rs,52,18977675,0.014751,27079,700,298,147096,1147.545026
plugin finish{plugin="forgia_ui_lib::inventory_panel::ForgiaUiInventoryPlugin"},C:\Users\Antoi\.cargo\registry\src\index.crates.io-1949cf8c6b5b557f\bevy_app-0.18.1\src\app.rs,272,56,0.000000,1,56,56,56,0.000000
plugin finish{plugin="forgia_debug::ForgiaDebugPlugin"},C:\Users\Antoi\.cargo\registry\src\index.crates.io-1949cf8c6b5b557f\bevy_app-0.18.1\src\app.rs,272,59,0.000000,1,59,59,59,0.000000
plugin build{plugin="bevy_anti_alias::AntiAliasPlugin"},C:\Users\Antoi\.cargo\registry\src\index.crates.io-1949cf8c6b5b557f\bevy_app-0.18.1\src\app.rs,529,374280,0.000291,1,374280,374280,374280,0.000000
Fonts::new,C:\Users\Antoi\.cargo\registry\src\index.crates.io-1949cf8c6b5b557f\egui-0.33.3\src\context.rs,578,148297,0.000115,1,148297,148297,148297,0.000000
system{name="bevy_state::state::freely_mutable_state::apply_state_transition<forgia_core::states::GameMode>"},C:\Users\Antoi\.cargo\registry\src\index.crates.io-1949cf8c6b5b557f\bevy_ecs-0.18.1\src\system\function_system.rs,52,6457600,0.005020,27080,238,69,15179,145.394379
system{name="forgia_combat::combat_juice::hit_flash_tick_system"},C:\Users\Antoi\.cargo\registry\src\index.crates.io-1949cf8c6b5b557f\bevy_ecs-0.18.1\src\system\function_system.rs,52,7628095,0.005929,27079,281,89,8377,148.790985
asset loading{loader="bevy_image::image_loader::ImageLoader" asset="ui/menu_video/frame_0063.webp"},C:\Users\Antoi\.cargo\registry\src\index.crates.io-1949cf8c6b5b557f\bevy_asset-0.18.1\src\server\loaders.rs,332,14711828,0.011436,6,2451971,140,14674550,5987818.603298
system{name="forgia_mode_roguelite::hud::draw_victory_overlay"},C:\Users\Antoi\.cargo\registry\src\index.crates.io-1949cf8c6b5b557f\bevy_ecs-0.18.1\src\system\function_system.rs,52,15162880,0.011786,27079,559,155,11275,230.263672
system{name="forgia_mode_roguelite::audio::sys_fire_sfx"},C:\Users\Antoi\.cargo\registry\src\index.crates.io-1949cf8c6b5b557f\bevy_ecs-0.18.1\src\system\function_system.rs,52,7157854,0.005564,25752,277,85,83346,574.399010
node{name="bevy_render::render_graph::node::ViewNodeRunner<bevy_pbr::deferred::DeferredOpaquePass3dPbrLightingNode>"},C:\Users\Antoi\.cargo\registry\src\index.crates.io-1949cf8c6b5b557f\bevy_render-0.18.1\src\renderer\graph_runner.rs,240,16957530,0.013181,54156,313,66,73850,345.048015
system{name="forgia_ui_lib::dialogue::render_dialogue"},C:\Users\Antoi\.cargo\registry\src\index.crates.io-1949cf8c6b5b557f\bevy_ecs-0.18.1\src\system\function_system.rs,52,21951099,0.017063,27079,810,352,30497,350.019120
system_commands{name="bevy_pbr::render::light::extract_shadow_filtering_method"},C:\Users\Antoi\.cargo\registry\src\index.crates.io-1949cf8c6b5b557f\bevy_ecs-0.18.1\src\system\function_system.rs,54,16178644,0.012576,27078,597,173,79844,523.213474
plugin build{plugin="bevy_render::extract_component::ExtractComponentPlugin<bevy_anti_alias::smaa::Smaa>"},C:\Users\Antoi\.cargo\registry\src\index.crates.io-1949cf8c6b5b557f\bevy_app-0.18.1\src\app.rs,529,20578,0.000016,1,20578,20578,20578,0.000000
system{name="bevy_render::globals::prepare_globals_buffer"},C:\Users\Antoi\.cargo\registry\src\index.crates.io-1949cf8c6b5b557f\bevy_ecs-0.18.1\src\system\function_system.rs,52,314906887,0.244780,27078,11629,1114,573837,14886.695168
system_commands{name="bevy_anti_alias::taa::init_taa_pipeline"},C:\Users\Antoi\.cargo\registry\src\index.crates.io-1949cf8c6b5b557f\bevy_ecs-0.18.1\src\system\function_system.rs,54,4560,0.000004,1,4560,4560,4560,0.000000
system_commands{name="bevy_post_process::motion_blur::pipeline::prepare_motion_blur_pipelines"},C:\Users\Antoi\.cargo\registry\src\index.crates.io-1949cf8c6b5b557f\bevy_ecs-0.18.1\src\system\function_system.rs,54,2379431,0.001850,27078,87,51,8114,57.734316
plugin{tag="DragAndDrop"},C:\Users\Antoi\.cargo\registry\src\index.crates.io-1949cf8c6b5b557f\egui-0.33.3\src\plugin.rs,145,12081474,0.009391,108316,111,49,130977,710.541651
run_graph{name="main_graph"},C:\Users\Antoi\.cargo\registry\src\index.crates.io-1949cf8c6b5b557f\bevy_render-0.18.1\src\renderer\graph_runner.rs,124,23826236366,18.520323,27078,879911,363227,7852977,250247.427931
system{name="bevy_ui_render::extract_uinode_background_colors"},C:\Users\Antoi\.cargo\registry\src\index.crates.io-1949cf8c6b5b557f\bevy_ecs-0.18.1\src\system\function_system.rs,52,17904536,0.013917,27079,661,198,15823,290.061758
compute_intersections,C:\Users\Antoi\.cargo\registry\src\index.crates.io-1949cf8c6b5b557f\rapier3d-0.31.0\src\geometry\narrow_phase.rs,706,4990314,0.003879,7925,629,47,46539,614.476353
system{name="forgia_mode_roguelite::head_hitbox::sys_write_head_hitbox_sensor"},C:\Users\Antoi\.cargo\registry\src\index.crates.io-1949cf8c6b5b557f\bevy_ecs-0.18.1\src\system\function_system.rs,52,5548574,0.004313,25752,215,78,76956,601.260048
plugin build{plugin="bevy_render::extract_component::UniformComponentPlugin<bevy_pbr::atmosphere::GpuAtmosphereSettings>"},C:\Users\Antoi\.cargo\registry\src\index.crates.io-1949cf8c6b5b557f\bevy_app-0.18.1\src\app.rs,529,4367,0.000003,1,4367,4367,4367,0.000000
system{name="bevy_ui_render::extract_text_decorations"},C:\Users\Antoi\.cargo\registry\src\index.crates.io-1949cf8c6b5b557f\bevy_ecs-0.18.1\src\system\function_system.rs,52,16766169,0.013032,27079,619,225,22536,350.852946
asset loading{loader="bevy_image::image_loader::ImageLoader" asset="ui/menu_video/frame_0021.webp"},C:\Users\Antoi\.cargo\registry\src\index.crates.io-1949cf8c6b5b557f\bevy_asset-0.18.1\src\server\loaders.rs,332,13586964,0.010561,7,1940994,136,13557824,5122541.645512
system{name="bevy_gilrs::rumble::play_gilrs_rumble"},C:\Users\Antoi\.cargo\registry\src\index.crates.io-1949cf8c6b5b557f\bevy_ecs-0.18.1\src\system\function_system.rs,52,13602482,0.010573,27079,502,191,21101,264.273750
plugin build{plugin="bevy_render::sync_component::SyncComponentPlugin<bevy_camera::camera::CameraMainTextureUsages>"},C:\Users\Antoi\.cargo\registry\src\index.crates.io-1949cf8c6b5b557f\bevy_app-0.18.1\src\app.rs,529,8552,0.000007,1,8552,8552,8552,0.000000
plugin finish,C:\Users\Antoi\.cargo\registry\src\index.crates.io-1949cf8c6b5b557f\bevy_app-0.18.1\src\app.rs,264,18680770,0.014521,1,18680770,18680770,18680770,0.000000
plugin cleanup{plugin="leafwing_input_manager::plugin::CentralInputStorePlugin"},C:\Users\Antoi\.cargo\registry\src\index.crates.io-1949cf8c6b5b557f\bevy_app-0.18.1\src\app.rs,292,55,0.000000,1,55,55,55,0.000000
plugin cleanup{plugin="forgia_core::ForgiaCorePlugin"},C:\Users\Antoi\.cargo\registry\src\index.crates.io-1949cf8c6b5b557f\bevy_app-0.18.1\src\app.rs,292,56,0.000000,1,56,56,56,0.000000
plugin cleanup{plugin="bevy_render::extract_component::ExtractComponentPlugin<bevy_anti_alias::fxaa::Fxaa>"},C:\Users\Antoi\.cargo\registry\src\index.crates.io-1949cf8c6b5b557f\bevy_app-0.18.1\src\app.rs,292,54,0.000000,1,54,54,54,0.000000
asset loading{loader="bevy_shader::shader::ShaderLoader" asset="embedded://bevy_sprite_render\\mesh2d\\mesh2d_view_types.wgsl"},C:\Users\Antoi\.cargo\registry\src\index.crates.io-1949cf8c6b5b557f\bevy_asset-0.18.1\src\server\loaders.rs,332,17648,0.000014,2,8824,80,17568,12365.883389
plugin finish{plugin="bevy_ui_render::box_shadow::BoxShadowPlugin"},C:\Users\Antoi\.cargo\registry\src\index.crates.io-1949cf8c6b5b557f\bevy_app-0.18.1\src\app.rs,272,55,0.000000,1,55,55,55,0.000000
plugin cleanup{plugin="bevy_water::water::WaterPlugin"},C:\Users\Antoi\.cargo\registry\src\index.crates.io-1949cf8c6b5b557f\bevy_app-0.18.1\src\app.rs,292,57,0.000000,1,57,57,57,0.000000
function_scope{egui::context::Context::set_fonts},C:\Users\Antoi\.cargo\registry\src\index.crates.io-1949cf8c6b5b557f\egui-0.33.3\src\context.rs,1961,89,0.000000,1,89,89,89,0.000000
plugin finish{plugin="bevy_render::sync_component::SyncComponentPlugin<bevy_post_process::motion_blur::MotionBlur>"},C:\Users\Antoi\.cargo\registry\src\index.crates.io-1949cf8c6b5b557f\bevy_app-0.18.1\src\app.rs,272,55,0.000000,1,55,55,55,0.000000
node{name="bevy_render::render_graph::node::ViewNodeRunner<bevy_core_pipeline::oit::resolve::node::OitResolveNode>"},C:\Users\Antoi\.cargo\registry\src\index.crates.io-1949cf8c6b5b557f\bevy_render-0.18.1\src\renderer\graph_runner.rs,240,8669347,0.006739,54156,160,59,85479,399.517852
plugin cleanup{plugin="forgia_mode_roguelite::intro_dialogue::IntroDialoguePlugin"},C:\Users\Antoi\.cargo\registry\src\index.crates.io-1949cf8c6b5b557f\bevy_app-0.18.1\src\app.rs,292,54,0.000000,1,54,54,54,0.000000
node{name="bevy_render::render_graph::node::ViewNodeRunner<bevy_pbr::atmosphere::node::AtmosphereLutsNode>"},C:\Users\Antoi\.cargo\registry\src\index.crates.io-1949cf8c6b5b557f\bevy_render-0.18.1\src\renderer\graph_runner.rs,240,11070865,0.008605,54156,204,59,23140,190.527552
system{name="forgia_ui::escape_handler"},C:\Users\Antoi\.cargo\registry\src\index.crates.io-1949cf8c6b5b557f\bevy_ecs-0.18.1\src\system\function_system.rs,52,17108590,0.013299,27079,631,233,106421,795.357211
system{name="bevy_asset::assets::Assets<forgia_genome_core::Genome<forgia_juice_screen_flash::ScreenFlashTuning>>::asset_events"},C:\Users\Antoi\.cargo\registry\src\index.crates.io-1949cf8c6b5b557f\bevy_ecs-0.18.1\src\system\function_system.rs,52,292,0.000000,1,292,292,292,0.000000
asset loading{loader="bevy_image::image_loader::ImageLoader" asset="textures/vfx/kenney/smoke_01.png"},C:\Users\Antoi\.cargo\registry\src\index.crates.io-1949cf8c6b5b557f\bevy_asset-0.18.1\src\server\loaders.rs,332,643691,0.000500,4,160922,100,635049,316103.744612
system{name="forgia_debug::draw_overlay_system"},C:\Users\Antoi\.cargo\registry\src\index.crates.io-1949cf8c6b5b557f\bevy_ecs-0.18.1\src\system\function_system.rs,52,13688348,0.010640,27079,505,102,81001,596.326820
system_commands{name="forgia_mode_roguelite::run::sys_spawn_roguelite_scene"},C:\Users\Antoi\.cargo\registry\src\index.crates.io-1949cf8c6b5b557f\bevy_ecs-0.18.1\src\system\function_system.rs,54,94011,0.000073,1,94011,94011,94011,0.000000
asset loading{loader="bevy_image::image_loader::ImageLoader" asset="ui/menu_video/frame_0027.webp"},C:\Users\Antoi\.cargo\registry\src\index.crates.io-1949cf8c6b5b557f\bevy_asset-0.18.1\src\server\loaders.rs,332,14338769,0.011146,6,2389794,115,14308390,5838897.320292
plugin cleanup{plugin="bevy_core_pipeline::oit::OrderIndependentTransparencyPlugin"},C:\Users\Antoi\.cargo\registry\src\index.crates.io-1949cf8c6b5b557f\bevy_app-0.18.1\src\app.rs,292,54,0.000000,1,54,54,54,0.000000
plugin finish{plugin="bevy_sprite::SpritePlugin"},C:\Users\Antoi\.cargo\registry\src\index.crates.io-1949cf8c6b5b557f\bevy_app-0.18.1\src\app.rs,272,56,0.000000,1,56,56,56,0.000000
asset loading{loader="bevy_gltf::loader::GltfLoader" asset="models/kaykit/dungeon/floor_rocks.glb"},C:\Users\Antoi\.cargo\registry\src\index.crates.io-1949cf8c6b5b557f\bevy_asset-0.18.1\src\server\loaders.rs,332,4152193,0.003228,4,1038048,207,4047017,2006578.922628
system{name="bevy_state::state::transitions::last_transition<forgia_core::states::AppMode>"},C:\Users\Antoi\.cargo\registry\src\index.crates.io-1949cf8c6b5b557f\bevy_ecs-0.18.1\src\system\function_system.rs,52,8245563,0.006409,81240,101,53,86865,337.725938
plugin build{plugin="bevy_render::extract_component::ExtractComponentPlugin<bevy_core_pipeline::skybox::Skybox>"},C:\Users\Antoi\.cargo\registry\src\index.crates.io-1949cf8c6b5b557f\bevy_app-0.18.1\src\app.rs,529,17224,0.000013,1,17224,17224,17224,0.000000
plugin build{plugin="forgia_audio::biome::ForgiaAudioBiomePlugin"},C:\Users\Antoi\.cargo\registry\src\index.crates.io-1949cf8c6b5b557f\bevy_app-0.18.1\src\app.rs,529,35640,0.000028,1,35640,35640,35640,0.000000
system{name="forgia_rpg_data::shop::process_buy"},C:\Users\Antoi\.cargo\registry\src\index.crates.io-1949cf8c6b5b557f\bevy_ecs-0.18.1\src\system\function_system.rs,52,11662336,0.009065,27079,430,123,80572,597.572763
asset loading{loader="bevy_image::image_loader::ImageLoader" asset="ui/menu_video/frame_0112.webp"},C:\Users\Antoi\.cargo\registry\src\index.crates.io-1949cf8c6b5b557f\bevy_asset-0.18.1\src\server\loaders.rs,332,14184379,0.011026,6,2364063,160,14153968,5775852.383340
system{name="forgia_observability::lifecycle_sensor::obs_arena_bot_added"},C:\Users\Antoi\.cargo\registry\src\index.crates.io-1949cf8c6b5b557f\bevy_ecs-0.18.1\src\system\function_system.rs,52,1844,0.000001,28,65,58,107,12.430548
asset loading{loader="bevy_shader::shader::ShaderLoader" asset="embedded://bevy_pbr\\atmosphere\\multiscattering_lut.wgsl"},C:\Users\Antoi\.cargo\registry\src\index.crates.io-1949cf8c6b5b557f\bevy_asset-0.18.1\src\server\loaders.rs,332,234145,0.000182,2,117072,56,234089,165486.321323
system{name="bevy_app::task_pool_plugin::tick_global_task_pools"},C:\Users\Antoi\.cargo\registry\src\index.crates.io-1949cf8c6b5b557f\bevy_ecs-0.18.1\src\system\function_system.rs,52,68996833,0.053632,27079,2547,2022,126131,2262.274981
asset loading{loader="forgia_genome_core::GenomeLoader<forgia_ui_lib::hud::barks::BarkGenome>" asset="genomes/roguelite/roguelite_dialogue.toml"},C:\Users\Antoi\.cargo\registry\src\index.crates.io-1949cf8c6b5b557f\bevy_asset-0.18.1\src\server\loaders.rs,332,753509,0.000586,4,188377,272,739853,367673.585128
plugin cleanup{plugin="forgia_rpg_data::loot_tables::ForgiaLootTablesPlugin"},C:\Users\Antoi\.cargo\registry\src\index.crates.io-1949cf8c6b5b557f\bevy_app-0.18.1\src\app.rs,292,52,0.000000,1,52,52,52,0.000000
system_commands{name="bevy_render::extract_resource::extract_resource<bevy_core_pipeline::tonemapping::TonemappingLuts>"},C:\Users\Antoi\.cargo\registry\src\index.crates.io-1949cf8c6b5b557f\bevy_ecs-0.18.1\src\system\function_system.rs,54,2069023,0.001608,27078,76,52,4381,32.019042
system_commands{name="bevy_sprite_render::texture_slice::computed_slices::compute_slices_on_asset_event"},C:\Users\Antoi\.cargo\registry\src\index.crates.io-1949cf8c6b5b557f\bevy_ecs-0.18.1\src\system\function_system.rs,54,8131504,0.006321,27079,300,51,50530,356.182011
system{name="forgia_ui::weapon_preview::sys_spawn_arm_preview"},C:\Users\Antoi\.cargo\registry\src\index.crates.io-1949cf8c6b5b557f\bevy_ecs-0.18.1\src\system\function_system.rs,52,493486,0.000384,1,493486,493486,493486,0.000000
plugin build{plugin="forgia_mode_fps_arena::ForgiaModeFpsArenaPlugin"},C:\Users\Antoi\.cargo\registry\src\index.crates.io-1949cf8c6b5b557f\bevy_app-0.18.1\src\app.rs,529,350822,0.000273,1,350822,350822,350822,0.000000
system{name="bevy_input::gamepad::gamepad_event_processing_system"},C:\Users\Antoi\.cargo\registry\src\index.crates.io-1949cf8c6b5b557f\bevy_ecs-0.18.1\src\system\function_system.rs,52,20852472,0.016209,27079,770,218,10920,246.637104
system_commands{name="bevy_core_pipeline::experimental::mip_generation::create_downsample_depth_pipelines"},C:\Users\Antoi\.cargo\registry\src\index.crates.io-1949cf8c6b5b557f\bevy_ecs-0.18.1\src\system\function_system.rs,54,2318782,0.001802,27078,85,52,1605,28.902294
system{name="forgia_ui_lib::hud::barks::sys_draw_bark"},C:\Users\Antoi\.cargo\registry\src\index.crates.io-1949cf8c6b5b557f\bevy_ecs-0.18.1\src\system\function_system.rs,52,70360079,0.054691,27079,2598,71,108812,6879.404108
system{name="forgia_ai_arena_bot::setup_bot_fireball_assets"},C:\Users\Antoi\.cargo\registry\src\index.crates.io-1949cf8c6b5b557f\bevy_ecs-0.18.1\src\system\function_system.rs,52,83750,0.000065,1,83750,83750,83750,0.000000
system{name="bevy_asset::assets::Assets<forgia_genome_core::Genome<forgia_fps::pepin::PepinTuning>>::track_assets"},C:\Users\Antoi\.cargo\registry\src\index.crates.io-1949cf8c6b5b557f\bevy_ecs-0.18.1\src\system\function_system.rs,52,27511540,0.021385,27079,1015,122,1557172,13466.572651
plugin finish{plugin="forgia_mode_roguelite::head_hitbox::RogueliteHeadHitboxPlugin"},C:\Users\Antoi\.cargo\registry\src\index.crates.io-1949cf8c6b5b557f\bevy_app-0.18.1\src\app.rs,272,66,0.000000,1,66,66,66,0.000000
asset loading{loader="forgia_genome_core::GenomeLoader<forgia_skeleton_template::SkeletonTemplate>" asset="genomes/skeleton_humanoid_apose.toml"},C:\Users\Antoi\.cargo\registry\src\index.crates.io-1949cf8c6b5b557f\bevy_asset-0.18.1\src\server\loaders.rs,332,126755,0.000099,4,31688,78,117736,57505.585645
plugin cleanup{plugin="forgia_observability::ForgiaObservabilityPlugin"},C:\Users\Antoi\.cargo\registry\src\index.crates.io-1949cf8c6b5b557f\bevy_app-0.18.1\src\app.rs,292,53,0.000000,1,53,53,53,0.000000
system{name="forgia_ui::grab_cursor"},C:\Users\Antoi\.cargo\registry\src\index.crates.io-1949cf8c6b5b557f\bevy_ecs-0.18.1\src\system\function_system.rs,52,263651,0.000205,2,131825,57891,205760,104559.172630
plugin build{plugin="bevy_render::extract_component::ExtractComponentPlugin<bevy_camera::components::Camera2d>"},C:\Users\Antoi\.cargo\registry\src\index.crates.io-1949cf8c6b5b557f\bevy_app-0.18.1\src\app.rs,529,58165,0.000045,1,58165,58165,58165,0.000000
system_commands{name="forgia_mode_roguelite::render_quality::sys_apply_ssao"},C:\Users\Antoi\.cargo\registry\src\index.crates.io-1949cf8c6b5b557f\bevy_ecs-0.18.1\src\system\function_system.rs,54,2482662,0.001930,25752,96,51,82323,835.427160
system{name="forgia_mode_roguelite::boss_portal::sys_reconcile_boss_gate"},C:\Users\Antoi\.cargo\registry\src\index.crates.io-1949cf8c6b5b557f\bevy_ecs-0.18.1\src\system\function_system.rs,52,37634051,0.029253,25752,1461,618,464110,3761.493511
plugin cleanup{plugin="forgia_skeleton_template::SkeletonTemplatePlugin"},C:\Users\Antoi\.cargo\registry\src\index.crates.io-1949cf8c6b5b557f\bevy_app-0.18.1\src\app.rs,292,55,0.000000,1,55,55,55,0.000000
system{name="bevy_render::extract_component::extract_components<bevy_pbr::deferred::PbrDeferredLightingDepthId>"},C:\Users\Antoi\.cargo\registry\src\index.crates.io-1949cf8c6b5b557f\bevy_ecs-0.18.1\src\system\function_system.rs,52,6373720,0.004954,27079,235,105,5457,124.060535
system{name="forgia_mode_roguelite::defense::sys_write_shield_sensor"},C:\Users\Antoi\.cargo\registry\src\index.crates.io-1949cf8c6b5b557f\bevy_ecs-0.18.1\src\system\function_system.rs,52,9793200,0.007612,25752,380,107,31641,571.634514
system{name="bevy_render::extract_component::extract_components<bevy_post_process::effect_stack::ChromaticAberration>"},C:\Users\Antoi\.cargo\registry\src\index.crates.io-1949cf8c6b5b557f\bevy_ecs-0.18.1\src\system\function_system.rs,52,10196982,0.007926,27079,376,148,64018,472.015112
asset loading{loader="bevy_gltf::loader::GltfLoader" asset="models/kaykit/hexagon/red/building_home_B_red.gltf"},C:\Users\Antoi\.cargo\registry\src\index.crates.io-1949cf8c6b5b557f\bevy_asset-0.18.1\src\server\loaders.rs,332,296138,0.000230,7,42305,65,202182,74937.767529
system{name="forgia_mode_roguelite::loot_room::combat_running"},C:\Users\Antoi\.cargo\registry\src\index.crates.io-1949cf8c6b5b557f\bevy_ecs-0.18.1\src\system\function_system.rs,52,4977647,0.003869,27079,183,59,86117,890.285899
system{name="forgia_viewmodel::attach::load_weapon_models"},C:\Users\Antoi\.cargo\registry\src\index.crates.io-1949cf8c6b5b557f\bevy_ecs-0.18.1\src\system\function_system.rs,52,312969,0.000243,1,312969,312969,312969,0.000000
system{name="forgia_mode_roguelite::render_quality::sys_force_apply_ssao"},C:\Users\Antoi\.cargo\registry\src\index.crates.io-1949cf8c6b5b557f\bevy_ecs-0.18.1\src\system\function_system.rs,52,324993,0.000253,1,324993,324993,324993,0.000000
system_commands{name="bevy_gizmos_render::pipeline_3d::init_line_gizmo_pipelines"},C:\Users\Antoi\.cargo\registry\src\index.crates.io-1949cf8c6b5b557f\bevy_ecs-0.18.1\src\system\function_system.rs,54,10345,0.000008,1,10345,10345,10345,0.000000
system_commands{name="bevy_egui::setup_primary_egui_context_system"},C:\Users\Antoi\.cargo\registry\src\index.crates.io-1949cf8c6b5b557f\bevy_ecs-0.18.1\src\system\function_system.rs,54,2482728,0.001930,27080,91,52,68204,420.179387
system{name="forgia_mode_roguelite::trempe::sys_hot_reload_trempe"},C:\Users\Antoi\.cargo\registry\src\index.crates.io-1949cf8c6b5b557f\bevy_ecs-0.18.1\src\system\function_system.rs,52,10231618,0.007953,25752,397,82,136302,2562.613422
system{name="bevy_pbr::ssr::prepare_ssr_pipelines"},C:\Users\Antoi\.cargo\registry\src\index.crates.io-1949cf8c6b5b557f\bevy_ecs-0.18.1\src\system\function_system.rs,52,12909567,0.010035,27078,476,128,86347,566.906018
system{name="bevy_ecs::schedule::condition::common_conditions::resource_exists<forgia_combat::melee::MeleeCooldown>"},C:\Users\Antoi\.cargo\registry\src\index.crates.io-1949cf8c6b5b557f\bevy_ecs-0.18.1\src\system\function_system.rs,52,741028,0.000576,7925,93,54,3893,70.290799
system{name="bevy_pbr::decal::clustered::upload_decals"},C:\Users\Antoi\.cargo\registry\src\index.crates.io-1949cf8c6b5b557f\bevy_ecs-0.18.1\src\system\function_system.rs,52,345470752,0.268537,27078,12758,1374,670263,16138.290261
system{name="bevy_sprite_render::mesh2d::mesh::check_views_need_specialization"},C:\Users\Antoi\.cargo\registry\src\index.crates.io-1949cf8c6b5b557f\bevy_ecs-0.18.1\src\system\function_system.rs,52,29143578,0.022654,27078,1076,315,1294257,7868.321620
system{name="bevy_render::batching::sort_binned_render_phase<bevy_core_pipeline::core_2d::AlphaMask2d>"},C:\Users\Antoi\.cargo\registry\src\index.crates.io-1949cf8c6b5b557f\bevy_ecs-0.18.1\src\system\function_system.rs,52,8703843,0.006766,27078,321,125,55343,410.983774
run_graph{name="Core2d" debug_group="Camera 10 (8v0)"},C:\Users\Antoi\.cargo\registry\src\index.crates.io-1949cf8c6b5b557f\bevy_render-0.18.1\src\renderer\graph_runner.rs,119,2326371848,1.808307,27078,85913,51757,986066,25947.700797
plugin finish{plugin="bevy_animation::AnimationPlugin"},C:\Users\Antoi\.cargo\registry\src\index.crates.io-1949cf8c6b5b557f\bevy_app-0.18.1\src\app.rs,272,59,0.000000,1,59,59,59,0.000000
system{name="forgia_observability::memory_sensor::sys_write_memory_sensor"},C:\Users\Antoi\.cargo\registry\src\index.crates.io-1949cf8c6b5b557f\bevy_ecs-0.18.1\src\system\function_system.rs,52,7917318,0.006154,27079,292,73,124663,889.443969
system{name="bevy_asset::assets::Assets<bevy_render::storage::ShaderStorageBuffer>::track_assets"},C:\Users\Antoi\.cargo\registry\src\index.crates.io-1949cf8c6b5b557f\bevy_ecs-0.18.1\src\system\function_system.rs,52,11372047,0.008840,27079,419,99,255670,2976.402009
system{name="bevy_pbr::material::early_sweep_material_instances<bevy_pbr::extended_material::ExtendedMaterial<bevy_pbr::pbr_material::StandardMaterial, bevy_pbr::decal::forward::ForwardDecalMaterialExt>>"},C:\Users\Antoi\.cargo\registry\src\index.crates.io-1949cf8c6b5b557f\bevy_ecs-0.18.1\src\system\function_system.rs,52,5196510,0.004039,27078,191,62,68207,438.130667
handle_user_changes,C:\Users\Antoi\.cargo\registry\src\index.crates.io-1949cf8c6b5b557f\rapier3d-0.31.0\src\geometry\narrow_phase.rs,282,13315508,0.010350,7925,1680,660,127002,1599.195124
system{name="forgia_mode_roguelite::enemy_scaling::sys_scale_enemies_by_depth"},C:\Users\Antoi\.cargo\registry\src\index.crates.io-1949cf8c6b5b557f\bevy_ecs-0.18.1\src\system\function_system.rs,52,14902960,0.011584,25752,578,153,48413,526.258882
plugin build{plugin="bevy_render::sync_component::SyncComponentPlugin<bevy_hanabi::EffectVisibilityClass>"},C:\Users\Antoi\.cargo\registry\src\index.crates.io-1949cf8c6b5b557f\bevy_app-0.18.1\src\app.rs,529,21379,0.000017,1,21379,21379,21379,0.000000
plugin build{plugin="bevy_render::sync_component::SyncComponentPlugin<bevy_pbr::atmosphere::Atmosphere>"},C:\Users\Antoi\.cargo\registry\src\index.crates.io-1949cf8c6b5b557f\bevy_app-0.18.1\src\app.rs,529,5964,0.000005,1,5964,5964,5964,0.000000
system{name="forgia_observability::lifecycle_sensor::obs_target_cube_added"},C:\Users\Antoi\.cargo\registry\src\index.crates.io-1949cf8c6b5b557f\bevy_ecs-0.18.1\src\system\function_system.rs,52,1983,0.000002,28,70,59,104,12.891283
plugin build{plugin="bevy_render::extract_component::ExtractComponentPlugin<bevy_render::experimental::occlusion_culling::OcclusionCulling>"},C:\Users\Antoi\.cargo\registry\src\index.crates.io-1949cf8c6b5b557f\bevy_app-0.18.1\src\app.rs,529,12321,0.000010,1,12321,12321,12321,0.000000
system_commands{name="(bevy_ecs::system::commands::Commands<'_, '_>, bevy_ecs::system::query::Query<'_, '_, (bevy_ecs::entity::Entity, &mut bevy_window::window::Window, &bevy_window::window::CursorOptions, core::option::Option<&bevy_window::raw_handle::RawHandleWrapperHolder>), bevy_ecs::query::filter::Added<bevy_window::window::Window>>, bevy_ecs::message::message_writer::MessageWriter<'_, bevy_window::event::WindowCreated>, bevy_ecs::change_detection::params::ResMut<'_, bevy_winit::accessibility::WinitActionRequestHandlers>, bevy_ecs::change_detection::params::Res<'_, bevy_a11y::AccessibilityRequested>, bevy_ecs::change_detection::params::Res<'_, bevy_winit::winit_monitors::WinitMonitors>)"},C:\Users\Antoi\.cargo\registry\src\index.crates.io-1949cf8c6b5b557f\bevy_ecs-0.18.1\src\system\function_system.rs,54,52825,0.000041,1,52825,52825,52825,0.000000
plugin finish{plugin="bevy_rapier3d::plugin::plugin::RapierPhysicsPlugin"},C:\Users\Antoi\.cargo\registry\src\index.crates.io-1949cf8c6b5b557f\bevy_app-0.18.1\src\app.rs,272,1130,0.000001,1,1130,1130,1130,0.000000
plugin build{plugin="bevy_picking::PickingPlugin"},C:\Users\Antoi\.cargo\registry\src\index.crates.io-1949cf8c6b5b557f\bevy_app-0.18.1\src\app.rs,529,47025,0.000037,1,47025,47025,47025,0.000000
plugin finish{plugin="bevy_ui::accessibility::AccessibilityPlugin"},C:\Users\Antoi\.cargo\registry\src\index.crates.io-1949cf8c6b5b557f\bevy_app-0.18.1\src\app.rs,272,53,0.000000,1,53,53,53,0.000000
system_commands{name="bevy_state::state_scoped::despawn_entities_on_exit_state<forgia_core::states::AppMode>"},C:\Users\Antoi\.cargo\registry\src\index.crates.io-1949cf8c6b5b557f\bevy_ecs-0.18.1\src\system\function_system.rs,54,2106893,0.001638,27080,77,53,8383,64.215478
system{name="bevy_egui::output::process_output_system"},C:\Users\Antoi\.cargo\registry\src\index.crates.io-1949cf8c6b5b557f\bevy_ecs-0.18.1\src\system\function_system.rs,52,3786417250,2.943212,27079,139828,17931,3254023,46606.390815
system{name="bevy_asset::assets::Assets<bevy_hanabi::asset::EffectAsset>::asset_events_condition"},C:\Users\Antoi\.cargo\registry\src\index.crates.io-1949cf8c6b5b557f\bevy_ecs-0.18.1\src\system\function_system.rs,52,1837700,0.001428,27079,67,52,3876,42.316375
asset loading{loader="bevy_gltf::loader::GltfLoader" asset="models-v1/nature/rock_medium_2.gltf"},C:\Users\Antoi\.cargo\registry\src\index.crates.io-1949cf8c6b5b557f\bevy_asset-0.18.1\src\server\loaders.rs,332,391785,0.000305,8,48973,206,265541,92695.188099
present_frames,C:\Users\Antoi\.cargo\registry\src\index.crates.io-1949cf8c6b5b557f\bevy_render-0.18.1\src\renderer\mod.rs,83,1132179251,0.880052,27078,41811,2975,4322597,37267.885877
system{name="forgia_player::load_skybox"},C:\Users\Antoi\.cargo\registry\src\index.crates.io-1949cf8c6b5b557f\bevy_ecs-0.18.1\src\system\function_system.rs,52,704025,0.000547,1,704025,704025,704025,0.000000
system{name="forgia_mode_roguelite::toon_config::sys_apply_toon_settings"},C:\Users\Antoi\.cargo\registry\src\index.crates.io-1949cf8c6b5b557f\bevy_ecs-0.18.1\src\system\function_system.rs,52,15778940,0.012265,25752,612,224,63362,656.419644
system_commands{name="forgia_enemy_nameplate::spawn_nameplate_for_targets"},C:\Users\Antoi\.cargo\registry\src\index.crates.io-1949cf8c6b5b557f\bevy_ecs-0.18.1\src\system\function_system.rs,54,5325961,0.004140,27079,196,52,147013,1599.520952
plugin build{plugin="bevy_render::render_asset::RenderAssetPlugin<bevy_sprite_render::mesh2d::material::PreparedMaterial2d<bevy_sprite_render::mesh2d::color_material::ColorMaterial>>"},C:\Users\Antoi\.cargo\registry\src\index.crates.io-1949cf8c6b5b557f\bevy_app-0.18.1\src\app.rs,529,19966,0.000016,1,19966,19966,19966,0.000000
system{name="bevy_egui::update_egui_textures_system"},C:\Users\Antoi\.cargo\registry\src\index.crates.io-1949cf8c6b5b557f\bevy_ecs-0.18.1\src\system\function_system.rs,52,242378603,0.188403,27079,8950,284,5380731,103274.332010
plugin cleanup{plugin="forgia_secondary_motion::ForgiaSecondaryMotionPlugin"},C:\Users\Antoi\.cargo\registry\src\index.crates.io-1949cf8c6b5b557f\bevy_app-0.18.1\src\app.rs,292,67,0.000000,1,67,67,67,0.000000
system{name="forgia_ui::sys_lobby_loading_overlay"},C:\Users\Antoi\.cargo\registry\src\index.crates.io-1949cf8c6b5b557f\bevy_ecs-0.18.1\src\system\function_system.rs,52,347368,0.000270,91,3817,1636,83821,10423.261055
plugin finish{plugin="bevy_image::texture_atlas::TextureAtlasPlugin"},C:\Users\Antoi\.cargo\registry\src\index.crates.io-1949cf8c6b5b557f\bevy_app-0.18.1\src\app.rs,272,53,0.000000,1,53,53,53,0.000000
system{name="forgia_mode_roguelite::parcours_obstacles::sys_obstacle_push"},C:\Users\Antoi\.cargo\registry\src\index.crates.io-1949cf8c6b5b557f\bevy_ecs-0.18.1\src\system\function_system.rs,52,28556578,0.022197,25752,1108,507,456806,2977.254236
system{name="bevy_state::state::transitions::run_exit<forgia_core::states::AppMode>"},C:\Users\Antoi\.cargo\registry\src\index.crates.io-1949cf8c6b5b557f\bevy_ecs-0.18.1\src\system\function_system.rs,52,4155624,0.003230,27080,153,54,168376,1253.208744
system{name="bevy_render::extract_component::prepare_uniform_components<bevy_pbr::atmosphere::resources::GpuAtmosphere>"},C:\Users\Antoi\.cargo\registry\src\index.crates.io-1949cf8c6b5b557f\bevy_ecs-0.18.1\src\system\function_system.rs,52,12581761,0.009780,27078,464,134,49655,476.036247
plugin build{plugin="bevy_rapier3d::render::RapierDebugRenderPlugin"},C:\Users\Antoi\.cargo\registry\src\index.crates.io-1949cf8c6b5b557f\bevy_app-0.18.1\src\app.rs,529,98835,0.000077,1,98835,98835,98835,0.000000
system{name="forgia_game::color_grading::sys_apply"},C:\Users\Antoi\.cargo\registry\src\index.crates.io-1949cf8c6b5b557f\bevy_ecs-0.18.1\src\system\function_system.rs,52,20668472,0.016066,27079,763,250,88115,917.658986
schedule{name=OnEnter(InGame)},C:\Users\Antoi\.cargo\registry\src\index.crates.io-1949cf8c6b5b557f\bevy_ecs-0.18.1\src\schedule\schedule.rs,532,302420,0.000235,1,302420,302420,302420,0.000000
system{name="bevy_render::extract_resource::extract_resource<bevy_camera::clear_color::ClearColor>"},C:\Users\Antoi\.cargo\registry\src\index.crates.io-1949cf8c6b5b557f\bevy_ecs-0.18.1\src\system\function_system.rs,52,6121992,0.004759,27079,226,79,37664,271.044687
plugin cleanup{plugin="bevy_render::gpu_readback::GpuReadbackPlugin"},C:\Users\Antoi\.cargo\registry\src\index.crates.io-1949cf8c6b5b557f\bevy_app-0.18.1\src\app.rs,292,56,0.000000,1,56,56,56,0.000000
plugin cleanup{plugin="bevy_render::sync_component::SyncComponentPlugin<bevy_light::cluster::ClusteredDecal>"},C:\Users\Antoi\.cargo\registry\src\index.crates.io-1949cf8c6b5b557f\bevy_app-0.18.1\src\app.rs,292,56,0.000000,1,56,56,56,0.000000
system_commands{name="bevy_render::render_asset::extract_render_asset<bevy_pbr::medium::GpuScatteringMedium>"},C:\Users\Antoi\.cargo\registry\src\index.crates.io-1949cf8c6b5b557f\bevy_ecs-0.18.1\src\system\function_system.rs,54,17961259,0.013961,27078,663,304,62022,435.200662
system{name="forgia_mode_roguelite::perf_diag::sys_perf_diag"},C:\Users\Antoi\.cargo\registry\src\index.crates.io-1949cf8c6b5b557f\bevy_ecs-0.18.1\src\system\function_system.rs,52,18629121,0.014481,25752,723,231,83854,1221.860172
schedule{name=OnEnter(Paused)},C:\Users\Antoi\.cargo\registry\src\index.crates.io-1949cf8c6b5b557f\bevy_ecs-0.18.1\src\schedule\schedule.rs,532,190213,0.000148,1,190213,190213,190213,0.000000
system{name="forgia_rpg_data::shop::process_sell"},C:\Users\Antoi\.cargo\registry\src\index.crates.io-1949cf8c6b5b557f\bevy_ecs-0.18.1\src\system\function_system.rs,52,20687341,0.016080,27079,763,257,97203,814.801328
asset loading{loader="forgia_genome_core::GenomeLoader<forgia_player::skybox_genome::SkyPaletteGenome>" asset="genomes/biome_sky.toml"},C:\Users\Antoi\.cargo\registry\src\index.crates.io-1949cf8c6b5b557f\bevy_asset-0.18.1\src\server\loaders.rs,332,150814,0.000117,4,37703,69,138056,66977.730105
system{name="forgia_mode_roguelite::trempe::sys_sync_trempe_current"},C:\Users\Antoi\.cargo\registry\src\index.crates.io-1949cf8c6b5b557f\bevy_ecs-0.18.1\src\system\function_system.rs,52,7611905,0.005917,25752,295,99,39385,314.318726
plugin finish{plugin="bevy_pbr::decal::clustered::ClusteredDecalPlugin"},C:\Users\Antoi\.cargo\registry\src\index.crates.io-1949cf8c6b5b557f\bevy_app-0.18.1\src\app.rs,272,55,0.000000,1,55,55,55,0.000000
system_commands{name="forgia_effects::weapon_vfx::tracer::setup_tracer_resources"},C:\Users\Antoi\.cargo\registry\src\index.crates.io-1949cf8c6b5b557f\bevy_ecs-0.18.1\src\system\function_system.rs,54,4279,0.000003,1,4279,4279,4279,0.000000
system{name="bevy_light::check_dir_light_mesh_visibility"},C:\Users\Antoi\.cargo\registry\src\index.crates.io-1949cf8c6b5b557f\bevy_ecs-0.18.1\src\system\function_system.rs,52,3230704147,2.511252,27079,119306,522,7058531,72979.776323
system{name="bevy_pbr::render::light::queue_shadows"},C:\Users\Antoi\.cargo\registry\src\index.crates.io-1949cf8c6b5b557f\bevy_ecs-0.18.1\src\system\function_system.rs,52,1605404511,1.247894,27078,59288,361,2166016,39995.151871
system_commands{name="bevy_core_pipeline::oit::init_oit_buffers"},C:\Users\Antoi\.cargo\registry\src\index.crates.io-1949cf8c6b5b557f\bevy_ecs-0.18.1\src\system\function_system.rs,54,4648,0.000004,1,4648,4648,4648,0.000000
par_for_each{query="(bevy_ecs::entity::Entity, bevy_ecs::change_detection::params::Ref<'_, bevy_transform::components::transform::Transform>, &mut bevy_transform::components::global_transform::GlobalTransform, &bevy_ecs::hierarchy::Children, bevy_ecs::change_detection::params::Ref<'_, bevy_transform::components::transform::TransformTreeChanged>)" filter="bevy_ecs::query::filter::Without<bevy_ecs::hierarchy::ChildOf>"},C:\Users\Antoi\.cargo\registry\src\index.crates.io-1949cf8c6b5b557f\bevy_ecs-0.18.1\src\query\state.rs,246,583189736,0.453318,1734780,336,58,181187,630.312815
plugin build{plugin="forgia_ui::weapon_preview::WeaponPreviewPlugin"},C:\Users\Antoi\.cargo\registry\src\index.crates.io-1949cf8c6b5b557f\bevy_app-0.18.1\src\app.rs,529,98990,0.000077,1,98990,98990,98990,0.000000
asset loading{loader="bevy_shader::shader::ShaderLoader" asset="embedded://bevy_pbr\\decal\\clustered.wgsl"},C:\Users\Antoi\.cargo\registry\src\index.crates.io-1949cf8c6b5b557f\bevy_asset-0.18.1\src\server\loaders.rs,332,407484,0.000317,2,203742,53,407431,288059.746306
system{name="bevy_render::extract_component::prepare_uniform_components<bevy_post_process::motion_blur::MotionBlurUniform>"},C:\Users\Antoi\.cargo\registry\src\index.crates.io-1949cf8c6b5b557f\bevy_ecs-0.18.1\src\system\function_system.rs,52,11249107,0.008744,27078,415,111,172548,1221.767217
system{name="forgia_mode_roguelite::weapon_select::sys_toggle_preview_visibility"},C:\Users\Antoi\.cargo\registry\src\index.crates.io-1949cf8c6b5b557f\bevy_ecs-0.18.1\src\system\function_system.rs,52,52198,0.000041,91,573,347,2822,354.483552
system{name="forgia_ui::block_look_off"},C:\Users\Antoi\.cargo\registry\src\index.crates.io-1949cf8c6b5b557f\bevy_ecs-0.18.1\src\system\function_system.rs,52,89187,0.000069,1,89187,89187,89187,0.000000
system{name="bevy_asset::assets::Assets<bevy_sprite_render::mesh2d::color_material::ColorMaterial>::asset_events_condition"},C:\Users\Antoi\.cargo\registry\src\index.crates.io-1949cf8c6b5b557f\bevy_ecs-0.18.1\src\system\function_system.rs,52,3172215,0.002466,27079,117,53,12264,96.600575
asset loading{loader="bevy_gltf::loader::GltfLoader" asset="models/environment/inferno/StatueKnight_002.glb"},C:\Users\Antoi\.cargo\registry\src\index.crates.io-1949cf8c6b5b557f\bevy_asset-0.18.1\src\server\loaders.rs,332,7690365,0.005978,7,1098623,165,7614482,2873236.363979
system{name="forgia_mode_roguelite::hud::draw_wave_counter"},C:\Users\Antoi\.cargo\registry\src\index.crates.io-1949cf8c6b5b557f\bevy_ecs-0.18.1\src\system\function_system.rs,52,189047260,0.146948,25661,7367,98,163762,3748.225932
asset loading{loader="bevy_image::image_loader::ImageLoader" asset="ui/menu_video/frame_0017.webp"},C:\Users\Antoi\.cargo\registry\src\index.crates.io-1949cf8c6b5b557f\bevy_asset-0.18.1\src\server\loaders.rs,332,14669604,0.011403,6,2444934,116,14641699,5975171.640801
system{name="forgia_mode_roguelite::merchant::sys_spawn_merchant"},C:\Users\Antoi\.cargo\registry\src\index.crates.io-1949cf8c6b5b557f\bevy_ecs-0.18.1\src\system\function_system.rs,52,357702,0.000278,1,357702,357702,357702,0.000000
system{name="bevy_sprite_render::mesh2d::material::specialize_material2d_meshes<bevy_sprite_render::mesh2d::color_material::ColorMaterial>"},C:\Users\Antoi\.cargo\registry\src\index.crates.io-1949cf8c6b5b557f\bevy_ecs-0.18.1\src\system\function_system.rs,52,13230110,0.010284,27078,488,140,136625,1082.258736
system{name="bevy_gizmos::end_gizmo_context<bevy_gizmos::light::LightGizmoConfigGroup, bevy_time::fixed::Fixed>"},C:\Users\Antoi\.cargo\registry\src\index.crates.io-1949cf8c6b5b557f\bevy_ecs-0.18.1\src\system\function_system.rs,52,4649147,0.003614,27079,171,60,92369,1077.707963
system{name="forgia_mode_roguelite::hud::draw_player_portrait"},C:\Users\Antoi\.cargo\registry\src\index.crates.io-1949cf8c6b5b557f\bevy_ecs-0.18.1\src\system\function_system.rs,52,43736268,0.033997,25661,1704,87,165421,1238.803714
asset loading{loader="bevy_kira_audio::source::ogg_loader::OggLoader" asset="audio-v1/music/emotional_01.ogg"},C:\Users\Antoi\.cargo\registry\src\index.crates.io-1949cf8c6b5b557f\bevy_asset-0.18.1\src\server\loaders.rs,332,193844793,0.150677,4,48461198,215,193824464,96908843.992868
system_commands{name="bevy_sprite_render::mesh2d::mesh::init_batched_instance_buffer"},C:\Users\Antoi\.cargo\registry\src\index.crates.io-1949cf8c6b5b557f\bevy_ecs-0.18.1\src\system\function_system.rs,54,2320,0.000002,1,2320,2320,2320,0.000000
plugin build{plugin="bevy_render::sync_component::SyncComponentPlugin<bevy_pbr::atmosphere::GpuAtmosphereSettings>"},C:\Users\Antoi\.cargo\registry\src\index.crates.io-1949cf8c6b5b557f\bevy_app-0.18.1\src\app.rs,529,2771,0.000002,1,2771,2771,2771,0.000000
system{name="bevy_pbr::render::morph::extract_morphs"},C:\Users\Antoi\.cargo\registry\src\index.crates.io-1949cf8c6b5b557f\bevy_ecs-0.18.1\src\system\function_system.rs,52,11393740,0.008856,27079,420,161,55203,642.134047
system_commands{name="bevy_picking::events::pointer_events"},C:\Users\Antoi\.cargo\registry\src\index.crates.io-1949cf8c6b5b557f\bevy_ecs-0.18.1\src\system\function_system.rs,54,4323441,0.003361,27079,159,56,54804,515.733189
run_graph{name="HanabiSimulateGraph" debug_group="hanabi"},C:\Users\Antoi\.cargo\registry\src\index.crates.io-1949cf8c6b5b557f\bevy_render-0.18.1\src\renderer\graph_runner.rs,119,632341343,0.491524,27078,23352,4416,361890,7783.045928
asset loading{loader="bevy_gltf::loader::GltfLoader" asset="models/weapons/forgia/bourrasque.glb"},C:\Users\Antoi\.cargo\registry\src\index.crates.io-1949cf8c6b5b557f\bevy_asset-0.18.1\src\server\loaders.rs,332,335886868,0.261088,4,83971717,86,335876969,167936834.725691
system{name="bevy_gizmos::light::draw_lights"},C:\Users\Antoi\.cargo\registry\src\index.crates.io-1949cf8c6b5b557f\bevy_ecs-0.18.1\src\system\function_system.rs,52,33123341,0.025747,27079,1223,349,80436,711.619708
system{name="forgia_ui::weapon_preview::sys_rotate_previews"},C:\Users\Antoi\.cargo\registry\src\index.crates.io-1949cf8c6b5b557f\bevy_ecs-0.18.1\src\system\function_system.rs,52,556073,0.000432,1327,419,234,6602,211.044672
plugin finish{plugin="bevy_render::sync_component::SyncComponentPlugin<bevy_light::volumetric::FogVolume>"},C:\Users\Antoi\.cargo\registry\src\index.crates.io-1949cf8c6b5b557f\bevy_app-0.18.1\src\app.rs,272,61,0.000000,1,61,61,61,0.000000
asset loading{loader="bevy_shader::shader::ShaderLoader" asset="embedded://bevy_pbr\\render\\build_indirect_params.wgsl"},C:\Users\Antoi\.cargo\registry\src\index.crates.io-1949cf8c6b5b557f\bevy_asset-0.18.1\src\server\loaders.rs,332,232687,0.000181,2,116343,154,232533,164316.766707
plugin cleanup{plugin="forgia_effects::hitmarker::ForgiaHitmarkerPlugin"},C:\Users\Antoi\.cargo\registry\src\index.crates.io-1949cf8c6b5b557f\bevy_app-0.18.1\src\app.rs,292,53,0.000000,1,53,53,53,0.000000
plugin cleanup{plugin="forgia_mode_roguelite::enemy_anim::ForgiaRogueliteEnemyAnimPlugin"},C:\Users\Antoi\.cargo\registry\src\index.crates.io-1949cf8c6b5b557f\bevy_app-0.18.1\src\app.rs,292,53,0.000000,1,53,53,53,0.000000
system_commands{name="bevy_rapier3d::plugin::systems::collider::init_async_colliders"},C:\Users\Antoi\.cargo\registry\src\index.crates.io-1949cf8c6b5b557f\bevy_ecs-0.18.1\src\system\function_system.rs,54,992875,0.000772,7925,125,67,11847,148.086348
system{name="bevy_pbr::volumetric_fog::render::extract_volumetric_fog"},C:\Users\Antoi\.cargo\registry\src\index.crates.io-1949cf8c6b5b557f\bevy_ecs-0.18.1\src\system\function_system.rs,52,18727846,0.014557,27079,691,221,67613,534.765471
system{name="bevy_pbr::light_probe::prepare_environment_uniform_buffer"},C:\Users\Antoi\.cargo\registry\src\index.crates.io-1949cf8c6b5b557f\bevy_ecs-0.18.1\src\system\function_system.rs,52,368228653,0.286227,27078,13598,1502,787718,16162.955525
system{name="forgia_game::boot_to_menu"},C:\Users\Antoi\.cargo\registry\src\index.crates.io-1949cf8c6b5b557f\bevy_ecs-0.18.1\src\system\function_system.rs,52,288,0.000000,1,288,288,288,0.000000
plugin build{plugin="forgia_mode_roguelite::kill_popup::RogueliteKillPopupPlugin"},C:\Users\Antoi\.cargo\registry\src\index.crates.io-1949cf8c6b5b557f\bevy_app-0.18.1\src\app.rs,529,8003,0.000006,1,8003,8003,8003,0.000000
plugin cleanup{plugin="bevy_render::sync_component::SyncComponentPlugin<bevy_core_pipeline::tonemapping::Tonemapping>"},C:\Users\Antoi\.cargo\registry\src\index.crates.io-1949cf8c6b5b557f\bevy_app-0.18.1\src\app.rs,292,53,0.000000,1,53,53,53,0.000000
plugin finish{plugin="bevy_internal::default_plugins::IgnoreAmbiguitiesPlugin"},C:\Users\Antoi\.cargo\registry\src\index.crates.io-1949cf8c6b5b557f\bevy_app-0.18.1\src\app.rs,272,55,0.000000,1,55,55,55,0.000000
system{name="bevy_ui::focus::ui_focus_system"},C:\Users\Antoi\.cargo\registry\src\index.crates.io-1949cf8c6b5b557f\bevy_ecs-0.18.1\src\system\function_system.rs,52,57835372,0.044956,27079,2135,1065,98228,1162.660696
plugin finish{plugin="forgia_qa_core::plugin::ForgiaQaCorePlugin"},C:\Users\Antoi\.cargo\registry\src\index.crates.io-1949cf8c6b5b557f\bevy_app-0.18.1\src\app.rs,272,61,0.000000,1,61,61,61,0.000000
system{name="bevy_pbr::render::light::extracted_light_removed"},C:\Users\Antoi\.cargo\registry\src\index.crates.io-1949cf8c6b5b557f\bevy_ecs-0.18.1\src\system\function_system.rs,52,2325,0.000002,32,72,57,399,59.742188
plugin finish{plugin="bevy_render::erased_render_asset::ErasedRenderAssetPlugin<bevy_pbr::mesh_material::MeshMaterial3d<bevy_pbr::pbr_material::StandardMaterial>>"},C:\Users\Antoi\.cargo\registry\src\index.crates.io-1949cf8c6b5b557f\bevy_app-0.18.1\src\app.rs,272,20044,0.000016,1,20044,20044,20044,0.000000
system{name="forgia_prefab::write_prefab_sensor"},C:\Users\Antoi\.cargo\registry\src\index.crates.io-1949cf8c6b5b557f\bevy_ecs-0.18.1\src\system\function_system.rs,52,7233380,0.005623,27079,267,86,24653,244.086316
system{name="forgia_mode_roguelite::weapon_select::sys_spin_lobby_preview"},C:\Users\Antoi\.cargo\registry\src\index.crates.io-1949cf8c6b5b557f\bevy_ecs-0.18.1\src\system\function_system.rs,52,44531,0.000035,91,489,218,2749,356.920937
plugin finish{plugin="bevy_render::extract_component::UniformComponentPlugin<bevy_post_process::dof::DepthOfFieldUniform>"},C:\Users\Antoi\.cargo\registry\src\index.crates.io-1949cf8c6b5b557f\bevy_app-0.18.1\src\app.rs,272,61,0.000000,1,61,61,61,0.000000
asset loading{loader="bevy_shader::shader::ShaderLoader" asset="embedded://bevy_pbr\\atmosphere\\bruneton_functions.wgsl"},C:\Users\Antoi\.cargo\registry\src\index.crates.io-1949cf8c6b5b557f\bevy_asset-0.18.1\src\server\loaders.rs,332,231922,0.000180,2,115961,54,231868,163917.251374
system{name="bevy_render::extract_component::extract_components<bevy_hanabi::EffectVisibilityClass>"},C:\Users\Antoi\.cargo\registry\src\index.crates.io-1949cf8c6b5b557f\bevy_ecs-0.18.1\src\system\function_system.rs,52,8913752,0.006929,27079,329,117,6418,209.157917
system{name="bevy_asset::assets::Assets<bevy_animation::graph::AnimationGraph>::track_assets"},C:\Users\Antoi\.cargo\registry\src\index.crates.io-1949cf8c6b5b557f\bevy_ecs-0.18.1\src\system\function_system.rs,52,22339915,0.017365,27079,824,100,1414247,10291.273059
plugin finish{plugin="bevy_render::render_phase::BinnedRenderPhasePlugin<bevy_core_pipeline::deferred::Opaque3dDeferred, bevy_pbr::render::mesh::MeshPipeline>"},C:\Users\Antoi\.cargo\registry\src\index.crates.io-1949cf8c6b5b557f\bevy_app-0.18.1\src\app.rs,272,67,0.000000,1,67,67,67,0.000000
function_scope{egui::hit_test::hit_test},C:\Users\Antoi\.cargo\registry\src\index.crates.io-1949cf8c6b5b557f\egui-0.33.3\src\hit_test.rs,49,59053892,0.045903,26655,2215,659,150314,2645.779584
system{name="forgia_observability::roguelite_health::sys_roguelite_health"},C:\Users\Antoi\.cargo\registry\src\index.crates.io-1949cf8c6b5b557f\bevy_ecs-0.18.1\src\system\function_system.rs,52,21303509,0.016559,25752,827,131,218994,6520.114315
asset loading{loader="bevy_image::image_loader::ImageLoader" asset="ui/menu_video/frame_0089.webp"},C:\Users\Antoi\.cargo\registry\src\index.crates.io-1949cf8c6b5b557f\bevy_asset-0.18.1\src\server\loaders.rs,332,13949826,0.010843,6,2324971,285,13918579,5679686.669751
system{name="bevy_pbr::decal::clustered::extract_decals"},C:\Users\Antoi\.cargo\registry\src\index.crates.io-1949cf8c6b5b557f\bevy_ecs-0.18.1\src\system\function_system.rs,52,29998173,0.023318,27079,1107,372,140802,978.288943
plugin finish{plugin="forgia_prefab::ForgiaPrefabPlugin"},C:\Users\Antoi\.cargo\registry\src\index.crates.io-1949cf8c6b5b557f\bevy_app-0.18.1\src\app.rs,272,54,0.000000,1,54,54,54,0.000000
system{name="forgia_mode_roguelite::poi::sys_reconcile_poi_anchors"},C:\Users\Antoi\.cargo\registry\src\index.crates.io-1949cf8c6b5b557f\bevy_ecs-0.18.1\src\system\function_system.rs,52,14846254,0.011540,25752,576,185,849845,7738.562276
plugin build{plugin="bevy_anti_alias::contrast_adaptive_sharpening::CasPlugin"},C:\Users\Antoi\.cargo\registry\src\index.crates.io-1949cf8c6b5b557f\bevy_app-0.18.1\src\app.rs,529,38549,0.000030,1,38549,38549,38549,0.000000
plugin build{plugin="bevy_render::sync_component::SyncComponentPlugin<forgia_postprocess::toon::ToonSettings>"},C:\Users\Antoi\.cargo\registry\src\index.crates.io-1949cf8c6b5b557f\bevy_app-0.18.1\src\app.rs,529,16741,0.000013,1,16741,16741,16741,0.000000
asset loading{loader="bevy_image::image_loader::ImageLoader" asset="textures/vfx/kenney/spark_04.png"},C:\Users\Antoi\.cargo\registry\src\index.crates.io-1949cf8c6b5b557f\bevy_asset-0.18.1\src\server\loaders.rs,332,570323,0.000443,4,142580,111,556604,276038.857705
system{name="bevy_kira_audio::audio_output::update_instance_states<bevy_kira_audio::MainTrack>"},C:\Users\Antoi\.cargo\registry\src\index.crates.io-1949cf8c6b5b557f\bevy_ecs-0.18.1\src\system\function_system.rs,52,6723628,0.005226,27079,248,82,85176,678.146396
function_scope{egui::context::Context::begin_pass},C:\Users\Antoi\.cargo\registry\src\index.crates.io-1949cf8c6b5b557f\egui-0.33.3\src\context.rs,876,1289666399,1.002468,27079,47626,24971,785485,16822.014026
system{name="forgia_fps::bourrasque::sys_update_stats"},C:\Users\Antoi\.cargo\registry\src\index.crates.io-1949cf8c6b5b557f\bevy_ecs-0.18.1\src\system\function_system.rs,52,8157046,0.006341,27079,301,116,87232,675.028799
plugin cleanup{plugin="bevy_render::mesh::MeshRenderAssetPlugin"},C:\Users\Antoi\.cargo\registry\src\index.crates.io-1949cf8c6b5b557f\bevy_app-0.18.1\src\app.rs,292,56,0.000000,1,56,56,56,0.000000
plugin cleanup{plugin="forgia_fps::ForgiaFpsPlugin"},C:\Users\Antoi\.cargo\registry\src\index.crates.io-1949cf8c6b5b557f\bevy_app-0.18.1\src\app.rs,292,53,0.000000,1,53,53,53,0.000000
plugin finish{plugin="bevy_render::sync_component::SyncComponentPlugin<bevy_light::cluster::ClusteredDecal>"},C:\Users\Antoi\.cargo\registry\src\index.crates.io-1949cf8c6b5b557f\bevy_app-0.18.1\src\app.rs,272,55,0.000000,1,55,55,55,0.000000
plugin cleanup{plugin="bevy_gizmos_render::GizmoRenderPlugin"},C:\Users\Antoi\.cargo\registry\src\index.crates.io-1949cf8c6b5b557f\bevy_app-0.18.1\src\app.rs,292,61,0.000000,1,61,61,61,0.000000
system_commands{name="bevy_state::state_scoped::despawn_entities_on_exit_state<forgia_core::states::GameMode>"},C:\Users\Antoi\.cargo\registry\src\index.crates.io-1949cf8c6b5b557f\bevy_ecs-0.18.1\src\system\function_system.rs,54,1821830,0.001416,27080,67,50,32826,209.920726
plugin build{plugin="bevy_picking::input::PointerInputPlugin"},C:\Users\Antoi\.cargo\registry\src\index.crates.io-1949cf8c6b5b557f\bevy_app-0.18.1\src\app.rs,529,78742,0.000061,1,78742,78742,78742,0.000000
plugin cleanup{plugin="bevy_log::LogPlugin"},C:\Users\Antoi\.cargo\registry\src\index.crates.io-1949cf8c6b5b557f\bevy_app-0.18.1\src\app.rs,292,55,0.000000,1,55,55,55,0.000000
system{name="bevy_input::mouse::accumulate_mouse_motion_system"},C:\Users\Antoi\.cargo\registry\src\index.crates.io-1949cf8c6b5b557f\bevy_ecs-0.18.1\src\system\function_system.rs,52,7745511,0.006021,27079,286,72,37270,295.842824
system{name="bevy_render::view::window::screenshot::extract_screenshots"},C:\Users\Antoi\.cargo\registry\src\index.crates.io-1949cf8c6b5b557f\bevy_ecs-0.18.1\src\system\function_system.rs,52,51829316,0.040287,27078,1914,749,74683,853.746337
plugin finish{plugin="bevy_pbr::light_probe::generate::EnvironmentMapGenerationPlugin"},C:\Users\Antoi\.cargo\registry\src\index.crates.io-1949cf8c6b5b557f\bevy_app-0.18.1\src\app.rs,272,92403,0.000072,1,92403,92403,92403,0.000000
system{name="forgia_worldgen::debug_viz::sys_toggle_viz"},C:\Users\Antoi\.cargo\registry\src\index.crates.io-1949cf8c6b5b557f\bevy_ecs-0.18.1\src\system\function_system.rs,52,6819028,0.005300,25752,264,87,5450,112.096834
plugin finish{plugin="bevy_pbr::lightmap::LightmapPlugin"},C:\Users\Antoi\.cargo\registry\src\index.crates.io-1949cf8c6b5b557f\bevy_app-0.18.1\src\app.rs,272,56,0.000000,1,56,56,56,0.000000
system_commands{name="bevy_render::extract_resource::extract_resource<bevy_egui::render::systems::ExtractedEguiManagedTextures>"},C:\Users\Antoi\.cargo\registry\src\index.crates.io-1949cf8c6b5b557f\bevy_ecs-0.18.1\src\system\function_system.rs,54,2331958,0.001813,27078,86,53,24575,152.972768
system_commands{name="bevy_render::extract_component::prepare_uniform_components<bevy_pbr::deferred::PbrDeferredLightingDepthId>"},C:\Users\Antoi\.cargo\registry\src\index.crates.io-1949cf8c6b5b557f\bevy_ecs-0.18.1\src\system\function_system.rs,54,2306100,0.001793,27078,85,50,711,27.491749
plugin cleanup{plugin="bevy_render::extract_component::UniformComponentPlugin<bevy_post_process::motion_blur::MotionBlurUniform>"},C:\Users\Antoi\.cargo\registry\src\index.crates.io-1949cf8c6b5b557f\bevy_app-0.18.1\src\app.rs,292,56,0.000000,1,56,56,56,0.000000
asset loading{loader="bevy_shader::shader::ShaderLoader" asset="embedded://bevy_sprite_render\\render\\sprite.wgsl"},C:\Users\Antoi\.cargo\registry\src\index.crates.io-1949cf8c6b5b557f\bevy_asset-0.18.1\src\server\loaders.rs,332,142138,0.000110,2,71069,92,142046,100376.636017
plugin cleanup{plugin="bevy_render::sync_component::SyncComponentPlugin<bevy_core_pipeline::tonemapping::DebandDither>"},C:\Users\Antoi\.cargo\registry\src\index.crates.io-1949cf8c6b5b557f\bevy_app-0.18.1\src\app.rs,292,53,0.000000,1,53,53,53,0.000000
asset loading{loader="bevy_shader::shader::ShaderLoader" asset="embedded://bevy_sprite_render\\mesh2d\\mesh2d_types.wgsl"},C:\Users\Antoi\.cargo\registry\src\index.crates.io-1949cf8c6b5b557f\bevy_asset-0.18.1\src\server\loaders.rs,332,34452,0.000027,2,17226,61,34391,24274.975798
plugin finish{plugin="forgia_mode_roguelite::meta_shop::MetaShopPlugin"},C:\Users\Antoi\.cargo\registry\src\index.crates.io-1949cf8c6b5b557f\bevy_app-0.18.1\src\app.rs,272,55,0.000000,1,55,55,55,0.000000
plugin finish{plugin="forgia_mode_roguelite::forge_shop::RogueliteForgeShopPlugin"},C:\Users\Antoi\.cargo\registry\src\index.crates.io-1949cf8c6b5b557f\bevy_app-0.18.1\src\app.rs,272,68,0.000000,1,68,68,68,0.000000
system_commands{name="bevy_pbr::ssao::prepare_ssao_pipelines"},C:\Users\Antoi\.cargo\registry\src\index.crates.io-1949cf8c6b5b557f\bevy_ecs-0.18.1\src\system\function_system.rs,54,2263360,0.001759,27078,83,51,853,26.156232
plugin finish{plugin="forgia_fps::bourrasque::ForgiaBourrasquePlugin"},C:\Users\Antoi\.cargo\registry\src\index.crates.io-1949cf8c6b5b557f\bevy_app-0.18.1\src\app.rs,272,55,0.000000,1,55,55,55,0.000000
plugin finish{plugin="forgia_mode_roguelite::ForgiaModeRoguelitePlugin"},C:\Users\Antoi\.cargo\registry\src\index.crates.io-1949cf8c6b5b557f\bevy_app-0.18.1\src\app.rs,272,52,0.000000,1,52,52,52,0.000000
plugin cleanup{plugin="bevy_ui::accessibility::AccessibilityPlugin"},C:\Users\Antoi\.cargo\registry\src\index.crates.io-1949cf8c6b5b557f\bevy_app-0.18.1\src\app.rs,292,52,0.000000,1,52,52,52,0.000000
plugin finish{plugin="forgia_skeleton_template::SkeletonTemplatePlugin"},C:\Users\Antoi\.cargo\registry\src\index.crates.io-1949cf8c6b5b557f\bevy_app-0.18.1\src\app.rs,272,53,0.000000,1,53,53,53,0.000000
system{name="forgia_mode_roguelite::forge_shop::draw_forge_prompt"},C:\Users\Antoi\.cargo\registry\src\index.crates.io-1949cf8c6b5b557f\bevy_ecs-0.18.1\src\system\function_system.rs,52,10405457,0.008088,25752,404,83,80063,1386.383999
system{name="bevy_hanabi::render::clear_previous_frame_resizes"},C:\Users\Antoi\.cargo\registry\src\index.crates.io-1949cf8c6b5b557f\bevy_ecs-0.18.1\src\system\function_system.rs,52,13738016,0.010679,27078,507,231,48541,382.563745
system{name="forgia_mode_roguelite::decor::sys_unstick_bots_from_decor"},C:\Users\Antoi\.cargo\registry\src\index.crates.io-1949cf8c6b5b557f\bevy_ecs-0.18.1\src\system\function_system.rs,52,44400403,0.034513,25752,1724,182,76461,1176.576369
system{name="bevy_core_pipeline::oit::prepare_oit_buffers"},C:\Users\Antoi\.cargo\registry\src\index.crates.io-1949cf8c6b5b557f\bevy_ecs-0.18.1\src\system\function_system.rs,52,24591825,0.019115,27078,908,291,148035,1518.750414
system_commands{name="forgia_mode_roguelite::enemy_anim::sys_load_enemy_gltf"},C:\Users\Antoi\.cargo\registry\src\index.crates.io-1949cf8c6b5b557f\bevy_ecs-0.18.1\src\system\function_system.rs,54,592,0.000000,1,592,592,592,0.000000
system_commands{name="forgia_ui::weapon_preview::sys_clone_arm_materials"},C:\Users\Antoi\.cargo\registry\src\index.crates.io-1949cf8c6b5b557f\bevy_ecs-0.18.1\src\system\function_system.rs,54,264676,0.000206,1327,199,72,44224,1220.661291
system{name="bevy_ecs::schedule::condition::common_conditions::any_with_component<forgia_camera_orbit::OrbitCamera>"},C:\Users\Antoi\.cargo\registry\src\index.crates.io-1949cf8c6b5b557f\bevy_ecs-0.18.1\src\system\function_system.rs,52,7235267,0.005624,27079,267,69,8910,133.324034
system_commands{name="forgia_ai_arena_bot::bot_fireball_fly"},C:\Users\Antoi\.cargo\registry\src\index.crates.io-1949cf8c6b5b557f\bevy_ecs-0.18.1\src\system\function_system.rs,54,3278131,0.002548,27079,121,51,50218,474.167694
plugin build{plugin="bevy_render::extract_component::ExtractComponentPlugin<forgia_postprocess::toon::ToonSettings>"},C:\Users\Antoi\.cargo\registry\src\index.crates.io-1949cf8c6b5b557f\bevy_app-0.18.1\src\app.rs,529,48516,0.000038,1,48516,48516,48516,0.000000
plugin finish{plugin="bevy_render::extract_resource::ExtractResourcePlugin<bevy_core_pipeline::tonemapping::TonemappingLuts>"},C:\Users\Antoi\.cargo\registry\src\index.crates.io-1949cf8c6b5b557f\bevy_app-0.18.1\src\app.rs,272,154,0.000000,1,154,154,154,0.000000
system_commands{name="bevy_post_process::bloom::downsampling_pipeline::prepare_downsampling_pipeline"},C:\Users\Antoi\.cargo\registry\src\index.crates.io-1949cf8c6b5b557f\bevy_ecs-0.18.1\src\system\function_system.rs,54,2382801,0.001852,27078,87,51,36901,234.641897
system_commands{name="bevy_sprite_render::mesh2d::mesh::prepare_mesh2d_bind_group"},C:\Users\Antoi\.cargo\registry\src\index.crates.io-1949cf8c6b5b557f\bevy_ecs-0.18.1\src\system\function_system.rs,54,2282780,0.001774,27078,84,50,4740,38.277481
asset loading{loader="bevy_shader::shader::ShaderLoader" asset="embedded://bevy_pbr\\light_probe\\downsample.wgsl"},C:\Users\Antoi\.cargo\registry\src\index.crates.io-1949cf8c6b5b557f\bevy_asset-0.18.1\src\server\loaders.rs,332,602928,0.000469,2,301464,118,602810,426167.600167
plugin cleanup,C:\Users\Antoi\.cargo\registry\src\index.crates.io-1949cf8c6b5b557f\bevy_app-0.18.1\src\app.rs,284,443311,0.000345,1,443311,443311,443311,0.000000
system{name="bevy_ecs::schedule::condition::common_conditions::resource_exists<bevy_diagnostic::diagnostic::DiagnosticsStore>"},C:\Users\Antoi\.cargo\registry\src\index.crates.io-1949cf8c6b5b557f\bevy_ecs-0.18.1\src\system\function_system.rs,52,3549524,0.002759,27079,131,58,138858,1070.568796
system_commands{name="bevy_render::extract_component::extract_components<bevy_pbr::atmosphere::environment::AtmosphereEnvironmentMap>"},C:\Users\Antoi\.cargo\registry\src\index.crates.io-1949cf8c6b5b557f\bevy_ecs-0.18.1\src\system\function_system.rs,54,18954060,0.014733,27078,699,254,102232,654.193561
system_commands{name="forgia_mode_roguelite::loot_room::sys_spawn_demo_level_after_boss"},C:\Users\Antoi\.cargo\registry\src\index.crates.io-1949cf8c6b5b557f\bevy_ecs-0.18.1\src\system\function_system.rs,54,1687879,0.001312,25752,65,52,78651,502.390515
plugin finish{plugin="bevy_render::extract_component::ExtractComponentPlugin<bevy_camera::components::Camera2d>"},C:\Users\Antoi\.cargo\registry\src\index.crates.io-1949cf8c6b5b557f\bevy_app-0.18.1\src\app.rs,272,123,0.000000,1,123,123,123,0.000000
asset loading{loader="bevy_image::image_loader::ImageLoader" asset="ui/menu_video/frame_0107.webp"},C:\Users\Antoi\.cargo\registry\src\index.crates.io-1949cf8c6b5b557f\bevy_asset-0.18.1\src\server\loaders.rs,332,14004072,0.010885,6,2334012,152,13964154,5697585.693270
system{name="forgia_player::skybox_genome::sync_palette_from_genome"},C:\Users\Antoi\.cargo\registry\src\index.crates.io-1949cf8c6b5b557f\bevy_ecs-0.18.1\src\system\function_system.rs,52,13073985,0.010163,27079,482,159,454605,3536.754571
system{name="bevy_ui_render::gradient::prepare_gradient"},C:\Users\Antoi\.cargo\registry\src\index.crates.io-1949cf8c6b5b557f\bevy_ecs-0.18.1\src\system\function_system.rs,52,267828542,0.208185,27078,9891,2148,766433,12377.742972
plugin build{plugin="bevy_render::extract_component::UniformComponentPlugin<bevy_gizmos_render::LineGizmoUniform>"},C:\Users\Antoi\.cargo\registry\src\index.crates.io-1949cf8c6b5b557f\bevy_app-0.18.1\src\app.rs,529,38368,0.000030,1,38368,38368,38368,0.000000
plugin build{plugin="bevy_ui_render::gradient::GradientPlugin"},C:\Users\Antoi\.cargo\registry\src\index.crates.io-1949cf8c6b5b557f\bevy_app-0.18.1\src\app.rs,529,24377,0.000019,1,24377,24377,24377,0.000000
system_commands{name="bevy_pbr::ssr::prepare_ssr_settings"},C:\Users\Antoi\.cargo\registry\src\index.crates.io-1949cf8c6b5b557f\bevy_ecs-0.18.1\src\system\function_system.rs,54,71986138,0.055955,27078,2658,1261,165285,1648.520031
system{name="bevy_state::condition::in_state<forgia_core::states::GameMode>::{{closure}}"},C:\Users\Antoi\.cargo\registry\src\index.crates.io-1949cf8c6b5b557f\bevy_ecs-0.18.1\src\system\function_system.rs,52,339111469,0.263594,3045396,111,52,228975,633.547102
asset loading{loader="bevy_image::image_loader::ImageLoader" asset="ui/menu_video/frame_0019.webp"},C:\Users\Antoi\.cargo\registry\src\index.crates.io-1949cf8c6b5b557f\bevy_asset-0.18.1\src\server\loaders.rs,332,13976022,0.010864,6,2329337,119,13944057,5690029.828620
system_commands{name="bevy_hanabi::render::event::allocate_events"},C:\Users\Antoi\.cargo\registry\src\index.crates.io-1949cf8c6b5b557f\bevy_ecs-0.18.1\src\system\function_system.rs,54,2967692,0.002307,27078,109,50,11424,82.703240
plugin build{plugin="bevy_pbr::decal::clustered::ClusteredDecalPlugin"},C:\Users\Antoi\.cargo\registry\src\index.crates.io-1949cf8c6b5b557f\bevy_app-0.18.1\src\app.rs,529,35135,0.000027,1,35135,35135,35135,0.000000
system_commands{name="bevy_ui_render::box_shadow::prepare_shadows"},C:\Users\Antoi\.cargo\registry\src\index.crates.io-1949cf8c6b5b557f\bevy_ecs-0.18.1\src\system\function_system.rs,54,14891001,0.011575,27078,549,210,27142,329.588619
plugin build{plugin="forgia_damage::ForgiaDamagePlugin"},C:\Users\Antoi\.cargo\registry\src\index.crates.io-1949cf8c6b5b557f\bevy_app-0.18.1\src\app.rs,529,118670,0.000092,1,118670,118670,118670,0.000000
asset loading{loader="bevy_image::image_loader::ImageLoader" asset="ui/menu_video/frame_0114.webp"},C:\Users\Antoi\.cargo\registry\src\index.crates.io-1949cf8c6b5b557f\bevy_asset-0.18.1\src\server\loaders.rs,332,14189708,0.011030,7,2027101,93,14156569,5348594.494795
system{name="forgia_observability::lifecycle_sensor::obs_player_added"},C:\Users\Antoi\.cargo\registry\src\index.crates.io-1949cf8c6b5b557f\bevy_ecs-0.18.1\src\system\function_system.rs,52,367,0.000000,1,367,367,367,0.000000
system{name="forgia_mode_roguelite::mushrooms::sys_init_mushroom_genome"},C:\Users\Antoi\.cargo\registry\src\index.crates.io-1949cf8c6b5b557f\bevy_ecs-0.18.1\src\system\function_system.rs,52,4980321,0.003871,1,4980321,4980321,4980321,0.000000
plugin build{plugin="bevy_render::render_asset::RenderAssetPlugin<bevy_gizmos_render::GpuLineGizmo>"},C:\Users\Antoi\.cargo\registry\src\index.crates.io-1949cf8c6b5b557f\bevy_app-0.18.1\src\app.rs,529,47305,0.000037,1,47305,47305,47305,0.000000
system{name="bevy_pbr::material::sweep_entities_needing_specialization<bevy_pbr::extended_material::ExtendedMaterial<bevy_pbr::pbr_material::StandardMaterial, bevy_pbr::decal::forward::ForwardDecalMaterialExt>>"},C:\Users\Antoi\.cargo\registry\src\index.crates.io-1949cf8c6b5b557f\bevy_ecs-0.18.1\src\system\function_system.rs,52,10197114,0.007926,27078,376,106,19304,261.867709
system{name="bevy_pbr::atmosphere::configure_camera_depth_usages"},C:\Users\Antoi\.cargo\registry\src\index.crates.io-1949cf8c6b5b557f\bevy_ecs-0.18.1\src\system\function_system.rs,52,7904305,0.006144,27078,291,82,41072,324.438171
system{name="forgia_observability::exporter::sys_write_rpg_health_json"},C:\Users\Antoi\.cargo\registry\src\index.crates.io-1949cf8c6b5b557f\bevy_ecs-0.18.1\src\system\function_system.rs,52,12472700,0.009695,27079,460,137,34482,520.896641
asset loading{loader="bevy_image::image_loader::ImageLoader" asset="ui/menu_video/frame_0103.webp"},C:\Users\Antoi\.cargo\registry\src\index.crates.io-1949cf8c6b5b557f\bevy_asset-0.18.1\src\server\loaders.rs,332,14151862,0.011000,6,2358643,129,14114977,5759406.397525
plugin finish{plugin="bevy_diagnostic::frame_count_diagnostics_plugin::FrameCountPlugin"},C:\Users\Antoi\.cargo\registry\src\index.crates.io-1949cf8c6b5b557f\bevy_app-0.18.1\src\app.rs,272,58,0.000000,1,58,58,58,0.000000
asset loading{loader="bevy_image::image_loader::ImageLoader" asset="ui/menu_video/frame_0077.webp"},C:\Users\Antoi\.cargo\registry\src\index.crates.io-1949cf8c6b5b557f\bevy_asset-0.18.1\src\server\loaders.rs,332,13979943,0.010867,8,1747492,156,13950443,4930738.795833
plugin finish{plugin="bevy_render::sync_component::SyncComponentPlugin<bevy_pbr::atmosphere::GpuAtmosphereSettings>"},C:\Users\Antoi\.cargo\registry\src\index.crates.io-1949cf8c6b5b557f\bevy_app-0.18.1\src\app.rs,272,55,0.000000,1,55,55,55,0.000000
asset loading{loader="bevy_shader::shader::ShaderLoader" asset="embedded://bevy_core_pipeline\\tonemapping\\lut_bindings.wgsl"},C:\Users\Antoi\.cargo\registry\src\index.crates.io-1949cf8c6b5b557f\bevy_asset-0.18.1\src\server\loaders.rs,332,43529,0.000034,2,21764,56,43473,30700.455127
node{name="bevy_pbr::render::light::EarlyShadowPassNode"},C:\Users\Antoi\.cargo\registry\src\index.crates.io-1949cf8c6b5b557f\bevy_render-0.18.1\src\renderer\graph_runner.rs,240,5654628293,4.395387,54156,104413,81,1105836,118051.138805
system{name="forgia_ui::sys_regrab_cursor_on_focus"},C:\Users\Antoi\.cargo\registry\src\index.crates.io-1949cf8c6b5b557f\bevy_ecs-0.18.1\src\system\function_system.rs,52,14046852,0.010919,27079,518,133,146672,1079.090117
system{name="forgia_viewmodel::vm_camera::sync_viewmodel_camera_active"},C:\Users\Antoi\.cargo\registry\src\index.crates.io-1949cf8c6b5b557f\bevy_ecs-0.18.1\src\system\function_system.rs,52,13917702,0.010818,25752,540,172,43851,404.299403
system{name="bevy_audio::audio_output::audio_output_available"},C:\Users\Antoi\.cargo\registry\src\index.crates.io-1949cf8c6b5b557f\bevy_ecs-0.18.1\src\system\function_system.rs,52,4850619,0.003770,27079,179,55,4817,83.971027
system{name="bevy_gizmos::start_gizmo_context<bevy_gizmos::light::LightGizmoConfigGroup, bevy_time::fixed::Fixed>"},C:\Users\Antoi\.cargo\registry\src\index.crates.io-1949cf8c6b5b557f\bevy_ecs-0.18.1\src\system\function_system.rs,52,4633780,0.003602,27079,171,81,48205,391.660037
plugin build{plugin="bevy_post_process::motion_blur::MotionBlurPlugin"},C:\Users\Antoi\.cargo\registry\src\index.crates.io-1949cf8c6b5b557f\bevy_app-0.18.1\src\app.rs,529,36865,0.000029,1,36865,36865,36865,0.000000
asset loading{loader="bevy_gltf::loader::GltfLoader" asset="models/kaykit/skeletons/Skeleton_Warrior.glb"},C:\Users\Antoi\.cargo\registry\src\index.crates.io-1949cf8c6b5b557f\bevy_asset-0.18.1\src\server\loaders.rs,332,54481972,0.042349,8,6810246,165,30748036,12741697.046729
check_conditions{name="bevy_gizmos::start_gizmo_context<bevy_gizmos::config::DefaultGizmoConfigGroup, bevy_time::fixed::Fixed>"},C:\Users\Antoi\.cargo\registry\src\index.crates.io-1949cf8c6b5b557f\bevy_ecs-0.18.1\src\schedule\executor\single_threaded.rs,83,1922446,0.001494,27079,70,55,78745,478.975181
asset loading{loader="bevy_shader::shader::ShaderLoader" asset="embedded://bevy_render\\experimental\\occlusion_culling\\mesh_preprocess_types.wgsl"},C:\Users\Antoi\.cargo\registry\src\index.crates.io-1949cf8c6b5b557f\bevy_asset-0.18.1\src\server\loaders.rs,332,3621830,0.002815,2,1810915,199,3621631,2560739.124806
asset loading{loader="bevy_image::image_loader::ImageLoader" asset="ui/menu_video/frame_0028.webp"},C:\Users\Antoi\.cargo\registry\src\index.crates.io-1949cf8c6b5b557f\bevy_asset-0.18.1\src\server\loaders.rs,332,14580755,0.011334,7,2082965,130,14548116,5496616.991242
system_commands{name="bevy_post_process::effect_stack::init_post_processing_pipeline"},C:\Users\Antoi\.cargo\registry\src\index.crates.io-1949cf8c6b5b557f\bevy_ecs-0.18.1\src\system\function_system.rs,54,7276,0.000006,1,7276,7276,7276,0.000000
solve,C:\Users\Antoi\.cargo\registry\src\index.crates.io-1949cf8c6b5b557f\rapier3d-0.31.0\src\dynamics\solver\contact_constraint\contact_constraints_set.rs,537,1842441,0.001432,31700,58,46,5049,46.101468
system_commands{name="bevy_gilrs::gilrs_system::gilrs_event_startup_system"},C:\Users\Antoi\.cargo\registry\src\index.crates.io-1949cf8c6b5b557f\bevy_ecs-0.18.1\src\system\function_system.rs,54,69,0.000000,1,69,69,69,0.000000
asset loading{loader="bevy_image::image_loader::ImageLoader" asset="ui/menu_video/frame_0002.webp"},C:\Users\Antoi\.cargo\registry\src\index.crates.io-1949cf8c6b5b557f\bevy_asset-0.18.1\src\server\loaders.rs,332,16317534,0.012684,4,4079383,249,16309902,8153679.305906
system{name="forgia_player::mouse_look"},C:\Users\Antoi\.cargo\registry\src\index.crates.io-1949cf8c6b5b557f\bevy_ecs-0.18.1\src\system\function_system.rs,52,29278549,0.022758,24878,1176,302,87227,1061.760924
system{name="forgia_ai_arena_bot::bot_shoot_at_target"},C:\Users\Antoi\.cargo\registry\src\index.crates.io-1949cf8c6b5b557f\bevy_ecs-0.18.1\src\system\function_system.rs,52,18124123,0.014088,27079,669,126,87541,710.509710
system{name="bevy_render::view::window::extract_windows"},C:\Users\Antoi\.cargo\registry\src\index.crates.io-1949cf8c6b5b557f\bevy_ecs-0.18.1\src\system\function_system.rs,52,32041999,0.024907,27079,1183,539,45507,517.505247
system_commands{name="bevy_ui::accessibility::image_changed"},C:\Users\Antoi\.cargo\registry\src\index.crates.io-1949cf8c6b5b557f\bevy_ecs-0.18.1\src\system\function_system.rs,54,3396744,0.002640,27079,125,51,84454,723.145626
system_commands{name="forgia_mode_roguelite::enemy_anim::sys_init_enemy_anim_genome"},C:\Users\Antoi\.cargo\registry\src\index.crates.io-1949cf8c6b5b557f\bevy_ecs-0.18.1\src\system\function_system.rs,54,11374,0.000009,1,11374,11374,11374,0.000000
system{name="forgia_effects::weapon_vfx::sys_write_weapon_vfx_sensor"},C:\Users\Antoi\.cargo\registry\src\index.crates.io-1949cf8c6b5b557f\bevy_ecs-0.18.1\src\system\function_system.rs,52,7715279,0.005997,27079,284,81,28210,335.089044
system_commands{name="forgia_mode_roguelite::mushrooms::sys_init_mushroom_genome"},C:\Users\Antoi\.cargo\registry\src\index.crates.io-1949cf8c6b5b557f\bevy_ecs-0.18.1\src\system\function_system.rs,54,3672,0.000003,1,3672,3672,3672,0.000000
plugin build{plugin="bevy_render::render_asset::RenderAssetPlugin<bevy_sprite_render::mesh2d::material::PreparedMaterial2d<bevy_sprite_render::tilemap_chunk::tilemap_chunk_material::TilemapChunkMaterial>>"},C:\Users\Antoi\.cargo\registry\src\index.crates.io-1949cf8c6b5b557f\bevy_app-0.18.1\src\app.rs,529,18570,0.000014,1,18570,18570,18570,0.000000
plugin cleanup{plugin="forgia_input::ForgiaInputPlugin"},C:\Users\Antoi\.cargo\registry\src\index.crates.io-1949cf8c6b5b557f\bevy_app-0.18.1\src\app.rs,292,53,0.000000,1,53,53,53,0.000000
system{name="bevy_transform::systems::parallel::propagate_parent_transforms"},C:\Users\Antoi\.cargo\registry\src\index.crates.io-1949cf8c6b5b557f\bevy_ecs-0.18.1\src\system\function_system.rs,52,4641588393,3.607944,35005,132597,4442,80008173,1030942.504543
system{name="forgia_enemy_nameplate::spawn_or_refresh_on_hit"},C:\Users\Antoi\.cargo\registry\src\index.crates.io-1949cf8c6b5b557f\bevy_ecs-0.18.1\src\system\function_system.rs,52,12777486,0.009932,27079,471,179,15367,268.911372
asset loading{loader="bevy_image::image_loader::ImageLoader" asset="ui/menu_video/frame_0034.webp"},C:\Users\Antoi\.cargo\registry\src\index.crates.io-1949cf8c6b5b557f\bevy_asset-0.18.1\src\server\loaders.rs,332,15198717,0.011814,6,2533119,79,15170098,6190831.508796
plugin cleanup{plugin="bevy_render::extract_resource::ExtractResourcePlugin<bevy_core_pipeline::tonemapping::TonemappingLuts>"},C:\Users\Antoi\.cargo\registry\src\index.crates.io-1949cf8c6b5b557f\bevy_app-0.18.1\src\app.rs,292,121,0.000000,1,121,121,121,0.000000
asset loading{loader="bevy_shader::shader::ShaderLoader" asset="embedded://bevy_pbr\\ssr\\ssr.wgsl"},C:\Users\Antoi\.cargo\registry\src\index.crates.io-1949cf8c6b5b557f\bevy_asset-0.18.1\src\server\loaders.rs,332,337593,0.000262,2,168796,63,337530,238625.204128
plugin cleanup{plugin="bevy_pbr::ssao::ScreenSpaceAmbientOcclusionPlugin"},C:\Users\Antoi\.cargo\registry\src\index.crates.io-1949cf8c6b5b557f\bevy_app-0.18.1\src\app.rs,292,56,0.000000,1,56,56,56,0.000000
asset loading{loader="bevy_shader::shader::ShaderLoader" asset="embedded://bevy_pbr\\render/shadow_sampling.wgsl"},C:\Users\Antoi\.cargo\registry\src\index.crates.io-1949cf8c6b5b557f\bevy_asset-0.18.1\src\server\loaders.rs,332,1205585,0.000937,2,602792,54,1205531,852400.961265
system{name="forgia_viewmodel::pose::apply_viewmodel_sway_bob"},C:\Users\Antoi\.cargo\registry\src\index.crates.io-1949cf8c6b5b557f\bevy_ecs-0.18.1\src\system\function_system.rs,52,28440497,0.022107,25752,1104,406,88344,1000.536054
node{name="bevy_render::render_graph::node::ViewNodeRunner<bevy_core_pipeline::core_3d::main_transparent_pass_3d_node::MainTransparentPass3dNode>"},C:\Users\Antoi\.cargo\registry\src\index.crates.io-1949cf8c6b5b557f\bevy_render-0.18.1\src\renderer\graph_runner.rs,240,864129052,0.671694,54156,15956,96,2263813,20359.144832
plugin cleanup{plugin="bevy_render::mesh::allocator::MeshAllocatorPlugin"},C:\Users\Antoi\.cargo\registry\src\index.crates.io-1949cf8c6b5b557f\bevy_app-0.18.1\src\app.rs,292,61,0.000000,1,61,61,61,0.000000
system{name="forgia_mode_roguelite::run::sys_apply_stage_toggles"},C:\Users\Antoi\.cargo\registry\src\index.crates.io-1949cf8c6b5b557f\bevy_ecs-0.18.1\src\system\function_system.rs,52,9437767,0.007336,25752,366,121,80208,657.745082
asset loading{loader="bevy_gltf::loader::GltfLoader" asset="models/kaykit/medieval_hexagon/buildings/red/building_home_A_red.gltf"},C:\Users\Antoi\.cargo\registry\src\index.crates.io-1949cf8c6b5b557f\bevy_asset-0.18.1\src\server\loaders.rs,332,394856,0.000307,10,39485,93,209073,65405.525268
system{name="bevy_egui::input::write_keyboard_input_messages_system"},C:\Users\Antoi\.cargo\registry\src\index.crates.io-1949cf8c6b5b557f\bevy_ecs-0.18.1\src\system\function_system.rs,52,11113425,0.008639,27079,410,150,88909,606.229504
plugin cleanup{plugin="bevy_render::view::visibility::range::RenderVisibilityRangePlugin"},C:\Users\Antoi\.cargo\registry\src\index.crates.io-1949cf8c6b5b557f\bevy_app-0.18.1\src\app.rs,292,52,0.000000,1,52,52,52,0.000000
plugin finish{plugin="forgia_killfeed::ForgiaKillfeedPlugin"},C:\Users\Antoi\.cargo\registry\src\index.crates.io-1949cf8c6b5b557f\bevy_app-0.18.1\src\app.rs,272,52,0.000000,1,52,52,52,0.000000
system{name="bevy_transform::systems::sync_simple_transforms"},C:\Users\Antoi\.cargo\registry\src\index.crates.io-1949cf8c6b5b557f\bevy_ecs-0.18.1\src\system\function_system.rs,52,1288335897,1.001434,35005,36804,20536,4494546,47760.659621
system{name="forgia_anchor::write_anchor_sensor"},C:\Users\Antoi\.cargo\registry\src\index.crates.io-1949cf8c6b5b557f\bevy_ecs-0.18.1\src\system\function_system.rs,52,13550839,0.010533,27079,500,109,34569,562.646695
system{name="bevy_asset::assets::Assets<forgia_genome_core::Genome<forgia_fps::pepin::PepinTuning>>::asset_events_condition"},C:\Users\Antoi\.cargo\registry\src\index.crates.io-1949cf8c6b5b557f\bevy_ecs-0.18.1\src\system\function_system.rs,52,2073766,0.001612,27079,76,52,4777,55.119229
asset loading{loader="bevy_image::image_loader::ImageLoader" asset="models\\kaykit\\hexagon\\neutral\\hexagons_medieval.png"},C:\Users\Antoi\.cargo\registry\src\index.crates.io-1949cf8c6b5b557f\bevy_asset-0.18.1\src\server\loaders.rs,332,3727138,0.002897,4,931784,157,3704184,1848283.502908
system_commands{name="bevy_ui::accessibility::button_changed"},C:\Users\Antoi\.cargo\registry\src\index.crates.io-1949cf8c6b5b557f\bevy_ecs-0.18.1\src\system\function_system.rs,54,2527503,0.001965,27079,93,50,3820,49.016418
system_commands{name="bevy_state::state_scoped::despawn_entities_on_exit_state<forgia_core::states::WorldMode>"},C:\Users\Antoi\.cargo\registry\src\index.crates.io-1949cf8c6b5b557f\bevy_ecs-0.18.1\src\system\function_system.rs,54,1758974,0.001367,27080,64,50,85978,617.904199
system{name="forgia_mode_roguelite::parcours_obstacles::sys_write_obstacles_sensor"},C:\Users\Antoi\.cargo\registry\src\index.crates.io-1949cf8c6b5b557f\bevy_ecs-0.18.1\src\system\function_system.rs,52,7232913,0.005622,25752,280,69,32148,344.445570
schedule{name=PostStartup},C:\Users\Antoi\.cargo\registry\src\index.crates.io-1949cf8c6b5b557f\bevy_ecs-0.18.1\src\schedule\schedule.rs,532,714043,0.000555,1,714043,714043,714043,0.000000
asset loading{loader="bevy_shader::shader::ShaderLoader" asset="embedded://bevy_sprite_render\\mesh2d\\mesh2d_bindings.wgsl"},C:\Users\Antoi\.cargo\registry\src\index.crates.io-1949cf8c6b5b557f\bevy_asset-0.18.1\src\server\loaders.rs,332,25733,0.000020,2,12866,55,25678,18118.197068
asset loading{loader="bevy_image::image_loader::ImageLoader" asset="ui/menu_video/frame_0006.webp"},C:\Users\Antoi\.cargo\registry\src\index.crates.io-1949cf8c6b5b557f\bevy_asset-0.18.1\src\server\loaders.rs,332,15036295,0.011688,4,3759073,1771,15015152,7504054.639500
system_commands{name="bevy_pbr::prepass::init_prepass_pipeline"},C:\Users\Antoi\.cargo\registry\src\index.crates.io-1949cf8c6b5b557f\bevy_ecs-0.18.1\src\system\function_system.rs,54,1266,0.000001,1,1266,1266,1266,0.000000
system{name="bevy_rapier3d::plugin::systems::rigid_body::apply_initial_rigid_body_impulses"},C:\Users\Antoi\.cargo\registry\src\index.crates.io-1949cf8c6b5b557f\bevy_ecs-0.18.1\src\system\function_system.rs,52,4200835,0.003265,7925,530,65,51267,658.581088
plugin cleanup{plugin="bevy_app::propagate::HierarchyPropagatePlugin<bevy_ui::ui_node::ComputedUiTargetCamera>"},C:\Users\Antoi\.cargo\registry\src\index.crates.io-1949cf8c6b5b557f\bevy_app-0.18.1\src\app.rs,292,57,0.000000,1,57,57,57,0.000000
plugin cleanup{plugin="forgia_mode_fps_arena::ForgiaModeFpsArenaPlugin"},C:\Users\Antoi\.cargo\registry\src\index.crates.io-1949cf8c6b5b557f\bevy_app-0.18.1\src\app.rs,292,53,0.000000,1,53,53,53,0.000000
plugin finish{plugin="forgia_combat::ForgiaCombatPlugin"},C:\Users\Antoi\.cargo\registry\src\index.crates.io-1949cf8c6b5b557f\bevy_app-0.18.1\src\app.rs,272,56,0.000000,1,56,56,56,0.000000
asset loading{loader="bevy_image::image_loader::ImageLoader" asset="ui/menu_video/frame_0035.webp"},C:\Users\Antoi\.cargo\registry\src\index.crates.io-1949cf8c6b5b557f\bevy_asset-0.18.1\src\server\loaders.rs,332,15334059,0.011919,8,1916757,167,15297040,5406452.694505
plugin build{plugin="bevy_render::extract_resource::ExtractResourcePlugin<bevy_egui::render::systems::ExtractedEguiManagedTextures>"},C:\Users\Antoi\.cargo\registry\src\index.crates.io-1949cf8c6b5b557f\bevy_app-0.18.1\src\app.rs,529,4854,0.000004,1,4854,4854,4854,0.000000
system{name="forgia_observability::health_sensor::sys_write_health_sensor"},C:\Users\Antoi\.cargo\registry\src\index.crates.io-1949cf8c6b5b557f\bevy_ecs-0.18.1\src\system\function_system.rs,52,9124794,0.007093,27079,336,99,124658,965.208776
system{name="forgia_stage::graph::write_stage_graph_sensor"},C:\Users\Antoi\.cargo\registry\src\index.crates.io-1949cf8c6b5b557f\bevy_ecs-0.18.1\src\system\function_system.rs,52,14381404,0.011179,27079,531,126,86432,895.919368
system{name="bevy_rapier3d::plugin::systems::multiple_rapier_contexts::on_add_entity_with_parent"},C:\Users\Antoi\.cargo\registry\src\index.crates.io-1949cf8c6b5b557f\bevy_ecs-0.18.1\src\system\function_system.rs,52,12759631,0.009918,7925,1610,100,90334,1680.361754
system{name="bevy_ui_render::ui_texture_slice_pipeline::init_ui_texture_slice_pipeline"},C:\Users\Antoi\.cargo\registry\src\index.crates.io-1949cf8c6b5b557f\bevy_ecs-0.18.1\src\system\function_system.rs,52,11779,0.000009,1,11779,11779,11779,0.000000
plugin finish{plugin="bevy_pbr::render::gpu_preprocess::GpuMeshPreprocessPlugin"},C:\Users\Antoi\.cargo\registry\src\index.crates.io-1949cf8c6b5b557f\bevy_app-0.18.1\src\app.rs,272,117712,0.000091,1,117712,117712,117712,0.000000
asset loading{loader="bevy_shader::shader::ShaderLoader" asset="embedded://bevy_post_process\\motion_blur\\motion_blur.wgsl"},C:\Users\Antoi\.cargo\registry\src\index.crates.io-1949cf8c6b5b557f\bevy_asset-0.18.1\src\server\loaders.rs,332,209848,0.000163,2,104924,56,209792,148305.747859
system{name="bevy_hanabi::render::prepare_indirect_pipeline"},C:\Users\Antoi\.cargo\registry\src\index.crates.io-1949cf8c6b5b557f\bevy_ecs-0.18.1\src\system\function_system.rs,52,5452232,0.004238,27078,201,70,40440,289.036560
system{name="forgia_worldgen::sensor::sys_write_worldgen_sensor"},C:\Users\Antoi\.cargo\registry\src\index.crates.io-1949cf8c6b5b557f\bevy_ecs-0.18.1\src\system\function_system.rs,52,8429986,0.006553,27079,311,83,34220,305.657032
system{name="bevy_pbr::material::check_entities_needing_specialization<bevy_pbr::extended_material::ExtendedMaterial<bevy_pbr::pbr_material::StandardMaterial, bevy_water::water::material::WaterMaterial>>"},C:\Users\Antoi\.cargo\registry\src\index.crates.io-1949cf8c6b5b557f\bevy_ecs-0.18.1\src\system\function_system.rs,52,1890305714,1.469350,27079,69807,11315,61373194,695950.204317
system{name="bevy_rapier3d::plugin::systems::remove::sync_removals"},C:\Users\Antoi\.cargo\registry\src\index.crates.io-1949cf8c6b5b557f\bevy_ecs-0.18.1\src\system\function_system.rs,52,67064750,0.052130,35004,1915,228,3187805,17087.641274
plugin build{plugin="bevy_render::sync_component::SyncComponentPlugin<bevy_render::view::Msaa>"},C:\Users\Antoi\.cargo\registry\src\index.crates.io-1949cf8c6b5b557f\bevy_app-0.18.1\src\app.rs,529,1850,0.000001,1,1850,1850,1850,0.000000
system{name="forgia_mode_roguelite::hud::draw_bark_bubble"},C:\Users\Antoi\.cargo\registry\src\index.crates.io-1949cf8c6b5b557f\bevy_ecs-0.18.1\src\system\function_system.rs,52,3206088,0.002492,27079,118,55,4071,74.673575
plugin finish{plugin="bevy_sprite_render::mesh2d::mesh::Mesh2dRenderPlugin"},C:\Users\Antoi\.cargo\registry\src\index.crates.io-1949cf8c6b5b557f\bevy_app-0.18.1\src\app.rs,272,58,0.000000,1,58,58,58,0.000000
system{name="bevy_pbr::render::skin::extract_skins"},C:\Users\Antoi\.cargo\registry\src\index.crates.io-1949cf8c6b5b557f\bevy_ecs-0.18.1\src\system\function_system.rs,52,271054866,0.210693,27079,10009,2413,437362,11478.335059
system_commands{name="bevy_pbr::render::light::prepare_lights"},C:\Users\Antoi\.cargo\registry\src\index.crates.io-1949cf8c6b5b557f\bevy_ecs-0.18.1\src\system\function_system.rs,54,175436400,0.136368,27078,6478,1998,147077,2840.119129
system_commands{name="bevy_core_pipeline::oit::prepare_oit_buffers"},C:\Users\Antoi\.cargo\registry\src\index.crates.io-1949cf8c6b5b557f\bevy_ecs-0.18.1\src\system\function_system.rs,54,2853935,0.002218,27078,105,51,8813,58.459324
system_commands{name="<forgia_core::states::GameMode as bevy_state::state::state_set::StateSet>::register_sub_state_systems_in_schedule<forgia_mode_roguelite::run::RunState>::{{closure}}"},C:\Users\Antoi\.cargo\registry\src\index.crates.io-1949cf8c6b5b557f\bevy_ecs-0.18.1\src\system\function_system.rs,54,9918228,0.007710,27080,366,59,79533,690.322903
system{name="bevy_state::state::transitions::last_transition<forgia_mode_roguelite::run::RunState>"},C:\Users\Antoi\.cargo\registry\src\index.crates.io-1949cf8c6b5b557f\bevy_ecs-0.18.1\src\system\function_system.rs,52,6722927,0.005226,81240,82,54,85569,310.237059
plugin finish{plugin="bevy_post_process::PostProcessPlugin"},C:\Users\Antoi\.cargo\registry\src\index.crates.io-1949cf8c6b5b557f\bevy_app-0.18.1\src\app.rs,272,57,0.000000,1,57,57,57,0.000000
system{name="forgia_rpg_data::items::load_items_registry"},C:\Users\Antoi\.cargo\registry\src\index.crates.io-1949cf8c6b5b557f\bevy_ecs-0.18.1\src\system\function_system.rs,52,2098254,0.001631,1,2098254,2098254,2098254,0.000000
system_commands{name="bevy_pbr::deferred::init_deferred_lighting_layout"},C:\Users\Antoi\.cargo\registry\src\index.crates.io-1949cf8c6b5b557f\bevy_ecs-0.18.1\src\system\function_system.rs,54,5484,0.000004,1,5484,5484,5484,0.000000
system{name="forgia_ai_arena_bot::tactical::write_bot_ai_sensor"},C:\Users\Antoi\.cargo\registry\src\index.crates.io-1949cf8c6b5b557f\bevy_ecs-0.18.1\src\system\function_system.rs,52,8305149,0.006456,27079,306,106,61295,565.210086
plugin cleanup{plugin="bevy_render::render_asset::RenderAssetPlugin<bevy_sprite_render::mesh2d::material::PreparedMaterial2d<bevy_sprite_render::tilemap_chunk::tilemap_chunk_material::TilemapChunkMaterial>>"},C:\Users\Antoi\.cargo\registry\src\index.crates.io-1949cf8c6b5b557f\bevy_app-0.18.1\src\app.rs,292,1034,0.000001,1,1034,1034,1034,0.000000
system{name="forgia_mode_roguelite::decor::sys_load_decor_assets"},C:\Users\Antoi\.cargo\registry\src\index.crates.io-1949cf8c6b5b557f\bevy_ecs-0.18.1\src\system\function_system.rs,52,3844654,0.002988,1,3844654,3844654,3844654,0.000000
system{name="bevy_pbr::light_probe::generate::prepare_generated_environment_map_bind_groups"},C:\Users\Antoi\.cargo\registry\src\index.crates.io-1949cf8c6b5b557f\bevy_ecs-0.18.1\src\system\function_system.rs,52,19705239,0.015317,27078,727,223,446115,2757.387195
system{name="forgia_mode_roguelite::enemies::sys_hot_reload_enemy_genome"},C:\Users\Antoi\.cargo\registry\src\index.crates.io-1949cf8c6b5b557f\bevy_ecs-0.18.1\src\system\function_system.rs,52,12024521,0.009347,25752,466,81,93654,3683.800140
system{name="bevy_asset::assets::Assets<forgia_genome_core::Genome<forgia_killfeed::tuning::KillfeedTuning>>::asset_events_condition"},C:\Users\Antoi\.cargo\registry\src\index.crates.io-1949cf8c6b5b557f\bevy_ecs-0.18.1\src\system\function_system.rs,52,2581265,0.002006,27079,95,53,4958,57.381936
plugin finish{plugin="forgia_ui_lib::theme::ForgeThemePlugin"},C:\Users\Antoi\.cargo\registry\src\index.crates.io-1949cf8c6b5b557f\bevy_app-0.18.1\src\app.rs,272,53,0.000000,1,53,53,53,0.000000
system{name="forgia_rpg::register_sample_dialogues"},C:\Users\Antoi\.cargo\registry\src\index.crates.io-1949cf8c6b5b557f\bevy_ecs-0.18.1\src\system\function_system.rs,52,407848,0.000317,1,407848,407848,407848,0.000000
system_commands{name="bevy_rapier3d::plugin::systems::collider::init_async_scene_colliders"},C:\Users\Antoi\.cargo\registry\src\index.crates.io-1949cf8c6b5b557f\bevy_ecs-0.18.1\src\system\function_system.rs,54,1106648,0.000860,7925,139,64,82332,925.359226
system{name="bevy_window::system::exit_on_all_closed"},C:\Users\Antoi\.cargo\registry\src\index.crates.io-1949cf8c6b5b557f\bevy_ecs-0.18.1\src\system\function_system.rs,52,13580379,0.010556,27079,501,126,55011,411.465506
system{name="bevy_render::view::prepare_view_uniforms"},C:\Users\Antoi\.cargo\registry\src\index.crates.io-1949cf8c6b5b557f\bevy_ecs-0.18.1\src\system\function_system.rs,52,409135718,0.318024,27078,15109,2758,882767,15822.297919
system{name="bevy_asset::assets::Assets<bevy_gltf::assets::GltfSkin>::asset_events_condition"},C:\Users\Antoi\.cargo\registry\src\index.crates.io-1949cf8c6b5b557f\bevy_ecs-0.18.1\src\system\function_system.rs,52,2747696,0.002136,27079,101,53,13837,113.832066
plugin cleanup{plugin="bevy_a11y::AccessibilityPlugin"},C:\Users\Antoi\.cargo\registry\src\index.crates.io-1949cf8c6b5b557f\bevy_app-0.18.1\src\app.rs,292,56,0.000000,1,56,56,56,0.000000
system{name="forgia_mode_roguelite::enemies::sys_write_enemies_sensor"},C:\Users\Antoi\.cargo\registry\src\index.crates.io-1949cf8c6b5b557f\bevy_ecs-0.18.1\src\system\function_system.rs,52,7963120,0.006190,27079,294,83,62986,583.422591
asset loading{loader="forgia_genome_core::GenomeLoader<forgia_ui_lib::hud_ammo::tuning::AmmoHudTuning>" asset="genomes/hud_ammo_tuning.toml"},C:\Users\Antoi\.cargo\registry\src\index.crates.io-1949cf8c6b5b557f\bevy_asset-0.18.1\src\server\loaders.rs,332,184842,0.000144,4,46210,123,171598,83649.204272
system{name="bevy_app::propagate::propagate_inherited<bevy_ui::ui_node::ComputedUiRenderTargetInfo, (), bevy_ecs::hierarchy::ChildOf>"},C:\Users\Antoi\.cargo\registry\src\index.crates.io-1949cf8c6b5b557f\bevy_ecs-0.18.1\src\system\function_system.rs,52,16401718,0.012749,27079,605,159,45140,425.763213
system_commands{name="bevy_render::extract_component::extract_components<bevy_anti_alias::smaa::Smaa>"},C:\Users\Antoi\.cargo\registry\src\index.crates.io-1949cf8c6b5b557f\bevy_ecs-0.18.1\src\system\function_system.rs,54,16074329,0.012495,27078,593,145,57396,522.653095
system_commands{name="forgia_mode_roguelite::waves::sys_wave_orchestrator"},C:\Users\Antoi\.cargo\registry\src\index.crates.io-1949cf8c6b5b557f\bevy_ecs-0.18.1\src\system\function_system.rs,54,2500954,0.001944,25752,97,50,148570,1345.056278
system{name="bevy_asset::assets::Assets<bevy_pbr::extended_material::ExtendedMaterial<bevy_pbr::pbr_material::StandardMaterial, bevy_pbr::decal::forward::ForwardDecalMaterialExt>>::track_assets"},C:\Users\Antoi\.cargo\registry\src\index.crates.io-1949cf8c6b5b557f\bevy_ecs-0.18.1\src\system\function_system.rs,52,17580165,0.013665,27079,649,101,1337323,9182.017292
system{name="forgia_mode_roguelite::defense::sys_attach_player_defense"},C:\Users\Antoi\.cargo\registry\src\index.crates.io-1949cf8c6b5b557f\bevy_ecs-0.18.1\src\system\function_system.rs,52,12180295,0.009468,25752,472,149,331959,2202.793706
system{name="forgia_ai_arena_bot::tactical::bot_perception_alert"},C:\Users\Antoi\.cargo\registry\src\index.crates.io-1949cf8c6b5b557f\bevy_ecs-0.18.1\src\system\function_system.rs,52,14287549,0.011106,27079,527,144,35896,382.760894
par_for_each{query="&mut bevy_camera::visibility::ViewVisibility" filter="()"},C:\Users\Antoi\.cargo\registry\src\index.crates.io-1949cf8c6b5b557f\bevy_ecs-0.18.1\src\query\state.rs,246,1868089753,1.452081,6524662,286,50,456179,469.266724
plugin finish{plugin="bevy_render::mesh::allocator::MeshAllocatorPlugin"},C:\Users\Antoi\.cargo\registry\src\index.crates.io-1949cf8c6b5b557f\bevy_app-0.18.1\src\app.rs,272,5775,0.000004,1,5775,5775,5775,0.000000
node{name="bevy_render::render_graph::node::ViewNodeRunner<bevy_pbr::atmosphere::node::RenderSkyNode>"},C:\Users\Antoi\.cargo\registry\src\index.crates.io-1949cf8c6b5b557f\bevy_render-0.18.1\src\renderer\graph_runner.rs,240,11925906,0.009270,54156,220,62,77563,371.199266
system{name="forgia_juice_screen_flash::ingest_flash_events"},C:\Users\Antoi\.cargo\registry\src\index.crates.io-1949cf8c6b5b557f\bevy_ecs-0.18.1\src\system\function_system.rs,52,19248164,0.014962,27079,710,194,50895,606.744902
system{name="bevy_app::propagate::propagate_output<bevy_ui::ui_node::ComputedUiTargetCamera, ()>"},C:\Users\Antoi\.cargo\registry\src\index.crates.io-1949cf8c6b5b557f\bevy_ecs-0.18.1\src\system\function_system.rs,52,16484393,0.012813,27079,608,167,39009,342.694292
system{name="forgia_mode_roguelite::render_quality::sys_apply_bloom"},C:\Users\Antoi\.cargo\registry\src\index.crates.io-1949cf8c6b5b557f\bevy_ecs-0.18.1\src\system\function_system.rs,52,10881347,0.008458,25752,422,180,66202,543.251487
plugin cleanup{plugin="bevy_render::sync_component::SyncComponentPlugin<bevy_core_pipeline::oit::OrderIndependentTransparencySettings>"},C:\Users\Antoi\.cargo\registry\src\index.crates.io-1949cf8c6b5b557f\bevy_app-0.18.1\src\app.rs,292,75,0.000000,1,75,75,75,0.000000
system_commands{name="bevy_post_process::effect_stack::prepare_post_processing_pipelines"},C:\Users\Antoi\.cargo\registry\src\index.crates.io-1949cf8c6b5b557f\bevy_ecs-0.18.1\src\system\function_system.rs,54,2171936,0.001688,27078,80,50,3280,38.780098
system{name="bevy_asset::assets::Assets<bevy_gltf::assets::GltfSkin>::track_assets"},C:\Users\Antoi\.cargo\registry\src\index.crates.io-1949cf8c6b5b557f\bevy_ecs-0.18.1\src\system\function_system.rs,52,24928802,0.019377,27079,920,112,239256,5645.074530
plugin build{plugin="forgia_level_presets::ForgiaLevelPresetsPlugin"},C:\Users\Antoi\.cargo\registry\src\index.crates.io-1949cf8c6b5b557f\bevy_app-0.18.1\src\app.rs,529,174516,0.000136,1,174516,174516,174516,0.000000
system{name="bevy_ui_render::box_shadow::extract_shadows"},C:\Users\Antoi\.cargo\registry\src\index.crates.io-1949cf8c6b5b557f\bevy_ecs-0.18.1\src\system\function_system.rs,52,16170337,0.012569,27079,597,196,11598,311.341187
asset loading{loader="bevy_image::image_loader::ImageLoader" asset="ui/menu_video/frame_0121.webp"},C:\Users\Antoi\.cargo\registry\src\index.crates.io-1949cf8c6b5b557f\bevy_asset-0.18.1\src\server\loaders.rs,332,14684386,0.011414,6,2447397,81,14630891,5968678.969408
system{name="forgia_mode_roguelite::enemy_anim::sys_sample_enemy_speed"},C:\Users\Antoi\.cargo\registry\src\index.crates.io-1949cf8c6b5b557f\bevy_ecs-0.18.1\src\system\function_system.rs,52,13616061,0.010584,25752,528,101,81747,638.550954
system{name="forgia_mode_roguelite::render_quality::sys_write_render_sensor"},C:\Users\Antoi\.cargo\registry\src\index.crates.io-1949cf8c6b5b557f\bevy_ecs-0.18.1\src\system\function_system.rs,52,11622258,0.009034,25752,451,147,26434,406.112083
remove_pair,C:\Users\Antoi\.cargo\registry\src\index.crates.io-1949cf8c6b5b557f\rapier3d-0.31.0\src\geometry\narrow_phase.rs,536,63147,0.000049,111,568,52,1184,232.943594
system{name="forgia_fps::aim_assist::write_aim_assist_sensor"},C:\Users\Antoi\.cargo\registry\src\index.crates.io-1949cf8c6b5b557f\bevy_ecs-0.18.1\src\system\function_system.rs,52,8845117,0.006875,25752,343,104,55897,671.353011
system{name="forgia_mode_roguelite::boons_apply::sys_apply_knockback_on_hit"},C:\Users\Antoi\.cargo\registry\src\index.crates.io-1949cf8c6b5b557f\bevy_ecs-0.18.1\src\system\function_system.rs,52,7896939,0.006138,25752,306,109,38107,425.124589
system_commands{name="bevy_post_process::dof::prepare_auxiliary_depth_of_field_textures"},C:\Users\Antoi\.cargo\registry\src\index.crates.io-1949cf8c6b5b557f\bevy_ecs-0.18.1\src\system\function_system.rs,54,4985120,0.003875,27078,184,57,30944,236.387636
system_commands{name="bevy_render::extract_component::prepare_uniform_components<bevy_post_process::motion_blur::MotionBlurUniform>"},C:\Users\Antoi\.cargo\registry\src\index.crates.io-1949cf8c6b5b557f\bevy_ecs-0.18.1\src\system\function_system.rs,54,2438429,0.001895,27078,90,50,52057,429.570963
system{name="forgia_observability::sensor_health_sensor::sys_write_sensor_health"},C:\Users\Antoi\.cargo\registry\src\index.crates.io-1949cf8c6b5b557f\bevy_ecs-0.18.1\src\system\function_system.rs,52,36132820,0.028086,27079,1334,70,875005,16974.378468
plugin finish{plugin="bevy_image::image::ImagePlugin"},C:\Users\Antoi\.cargo\registry\src\index.crates.io-1949cf8c6b5b557f\bevy_app-0.18.1\src\app.rs,272,126,0.000000,1,126,126,126,0.000000
plugin build{plugin="bevy_core_pipeline::oit::OrderIndependentTransparencyPlugin"},C:\Users\Antoi\.cargo\registry\src\index.crates.io-1949cf8c6b5b557f\bevy_app-0.18.1\src\app.rs,529,70536,0.000055,1,70536,70536,70536,0.000000
asset loading{loader="bevy_gltf::loader::GltfLoader" asset="models/kaykit/hexagon/red/building_tavern_red.gltf"},C:\Users\Antoi\.cargo\registry\src\index.crates.io-1949cf8c6b5b557f\bevy_asset-0.18.1\src\server\loaders.rs,332,283299,0.000220,7,40471,59,203391,74627.934374
system{name="bevy_asset::assets::Assets<()>::asset_events_condition"},C:\Users\Antoi\.cargo\registry\src\index.crates.io-1949cf8c6b5b557f\bevy_ecs-0.18.1\src\system\function_system.rs,52,3405899,0.002647,27079,125,55,17316,129.564992
system{name="forgia_mode_roguelite::kill_popup::sys_track_kill_popups"},C:\Users\Antoi\.cargo\registry\src\index.crates.io-1949cf8c6b5b557f\bevy_ecs-0.18.1\src\system\function_system.rs,52,9492303,0.007378,25752,368,112,8145,200.491203
plugin cleanup{plugin="bevy_render::view::window::WindowRenderPlugin"},C:\Users\Antoi\.cargo\registry\src\index.crates.io-1949cf8c6b5b557f\bevy_app-0.18.1\src\app.rs,292,124,0.000000,1,124,124,124,0.000000
system{name="bevy_asset::assets::Assets<bevy_shader::shader::Shader>::track_assets"},C:\Users\Antoi\.cargo\registry\src\index.crates.io-1949cf8c6b5b557f\bevy_ecs-0.18.1\src\system\function_system.rs,52,18598908,0.014457,27079,686,198,269032,2114.829853
plugin build{plugin="bevy_sprite_render::mesh2d::color_material::ColorMaterialPlugin"},C:\Users\Antoi\.cargo\registry\src\index.crates.io-1949cf8c6b5b557f\bevy_app-0.18.1\src\app.rs,529,199453,0.000155,1,199453,199453,199453,0.000000
system{name="forgia_mode_roguelite::coffre_sensor::sys_reset_coffre_sensor_on_run_start"},C:\Users\Antoi\.cargo\registry\src\index.crates.io-1949cf8c6b5b557f\bevy_ecs-0.18.1\src\system\function_system.rs,52,217,0.000000,1,217,217,217,0.000000
system{name="bevy_asset::assets::Assets<bevy_pbr::medium::ScatteringMedium>::track_assets"},C:\Users\Antoi\.cargo\registry\src\index.crates.io-1949cf8c6b5b557f\bevy_ecs-0.18.1\src\system\function_system.rs,52,18841638,0.014646,27079,695,112,416257,5207.103241
system{name="forgia_ui::reset_menu_page"},C:\Users\Antoi\.cargo\registry\src\index.crates.io-1949cf8c6b5b557f\bevy_ecs-0.18.1\src\system\function_system.rs,52,496,0.000000,1,496,496,496,0.000000
system{name="forgia_mode_roguelite::element_vfx::sys_tick_element_sparks"},C:\Users\Antoi\.cargo\registry\src\index.crates.io-1949cf8c6b5b557f\bevy_ecs-0.18.1\src\system\function_system.rs,52,17204513,0.013373,25752,668,273,79034,761.892449
asset loading{loader="bevy_image::image_loader::ImageLoader" asset="ui/menu_video/frame_0042.webp"},C:\Users\Antoi\.cargo\registry\src\index.crates.io-1949cf8c6b5b557f\bevy_asset-0.18.1\src\server\loaders.rs,332,15159448,0.011784,6,2526574,135,15129464,6174130.961860
plugin build{plugin="bevy_render::sync_component::SyncComponentPlugin<bevy_anti_alias::smaa::Smaa>"},C:\Users\Antoi\.cargo\registry\src\index.crates.io-1949cf8c6b5b557f\bevy_app-0.18.1\src\app.rs,529,3281,0.000003,1,3281,3281,3281,0.000000
system_commands{name="forgia_mode_roguelite::weapon_select::sys_calibrate_preview"},C:\Users\Antoi\.cargo\registry\src\index.crates.io-1949cf8c6b5b557f\bevy_ecs-0.18.1\src\system\function_system.rs,54,41368,0.000032,91,454,52,33585,3511.669555
asset loading{loader="bevy_image::image_loader::ImageLoader" asset="ui/menu_video/frame_0062.webp"},C:\Users\Antoi\.cargo\registry\src\index.crates.io-1949cf8c6b5b557f\bevy_asset-0.18.1\src\server\loaders.rs,332,14717496,0.011440,6,2452916,78,14667917,5984115.041587
system{name="forgia_mode_roguelite::loot_room::sys_despawn_demo_level_in_lobby"},C:\Users\Antoi\.cargo\registry\src\index.crates.io-1949cf8c6b5b557f\bevy_ecs-0.18.1\src\system\function_system.rs,52,432,0.000000,1,432,432,432,0.000000
system{name="bevy_asset::assets::Assets<bevy_image::texture_atlas::TextureAtlasLayout>::asset_events_condition"},C:\Users\Antoi\.cargo\registry\src\index.crates.io-1949cf8c6b5b557f\bevy_ecs-0.18.1\src\system\function_system.rs,52,3802802,0.002956,27079,140,54,10410,87.117712
plugin cleanup{plugin="bevy_render::extract_component::ExtractComponentPlugin<bevy_render::view::Hdr>"},C:\Users\Antoi\.cargo\registry\src\index.crates.io-1949cf8c6b5b557f\bevy_app-0.18.1\src\app.rs,292,544,0.000000,1,544,544,544,0.000000
plugin cleanup{plugin="forgia_mode_fps_arena::wave::ArenaWavesPlugin"},C:\Users\Antoi\.cargo\registry\src\index.crates.io-1949cf8c6b5b557f\bevy_app-0.18.1\src\app.rs,292,56,0.000000,1,56,56,56,0.000000
plugin cleanup{plugin="forgia_viewmodel::ForgiaViewmodelPlugin"},C:\Users\Antoi\.cargo\registry\src\index.crates.io-1949cf8c6b5b557f\bevy_app-0.18.1\src\app.rs,292,52,0.000000,1,52,52,52,0.000000
system{name="bevy_state::state_scoped::despawn_entities_on_exit_state<forgia_core::states::GameMode>"},C:\Users\Antoi\.cargo\registry\src\index.crates.io-1949cf8c6b5b557f\bevy_ecs-0.18.1\src\system\function_system.rs,52,7141834,0.005551,27080,263,92,42463,281.087935
system_commands{name="bevy_render::view::prepare_view_targets"},C:\Users\Antoi\.cargo\registry\src\index.crates.io-1949cf8c6b5b557f\bevy_ecs-0.18.1\src\system\function_system.rs,54,127673555,0.099242,27078,4715,2552,93660,2151.868226
system_commands{name="forgia_viewmodel::vm_camera::manage_viewmodel_camera"},C:\Users\Antoi\.cargo\registry\src\index.crates.io-1949cf8c6b5b557f\bevy_ecs-0.18.1\src\system\function_system.rs,54,2120515,0.001648,25752,82,50,124208,774.236819
system{name="bevy_state::state::freely_mutable_state::apply_state_transition<forgia_core::states::AppMode>"},C:\Users\Antoi\.cargo\registry\src\index.crates.io-1949cf8c6b5b557f\bevy_ecs-0.18.1\src\system\function_system.rs,52,3924715,0.003051,27080,144,76,16040,111.535415
plugin finish{plugin="forgia_ui_lib::pause_menu::ForgiaUiPauseMenuPlugin"},C:\Users\Antoi\.cargo\registry\src\index.crates.io-1949cf8c6b5b557f\bevy_app-0.18.1\src\app.rs,272,55,0.000000,1,55,55,55,0.000000
plugin cleanup{plugin="bevy_water::water::material::WaterMaterialPlugin"},C:\Users\Antoi\.cargo\registry\src\index.crates.io-1949cf8c6b5b557f\bevy_app-0.18.1\src\app.rs,292,59,0.000000,1,59,59,59,0.000000
system{name="bevy_pbr::decal::clustered::extract_clustered_decal"},C:\Users\Antoi\.cargo\registry\src\index.crates.io-1949cf8c6b5b557f\bevy_ecs-0.18.1\src\system\function_system.rs,52,16679577,0.012965,27079,615,251,60166,441.893574
plugin build{plugin="bevy_render::extract_component::ExtractComponentPlugin<bevy_camera::components::Camera3d>"},C:\Users\Antoi\.cargo\registry\src\index.crates.io-1949cf8c6b5b557f\bevy_app-0.18.1\src\app.rs,529,9826,0.000008,1,9826,9826,9826,0.000000
plugin build{plugin="bevy_render::render_asset::RenderAssetPlugin<bevy_render::storage::GpuShaderStorageBuffer>"},C:\Users\Antoi\.cargo\registry\src\index.crates.io-1949cf8c6b5b557f\bevy_app-0.18.1\src\app.rs,529,33012,0.000026,1,33012,33012,33012,0.000000
system{name="bevy_asset::assets::Assets<forgia_genome_core::Genome<forgia_player::skybox_genome::SkyPaletteGenome>>::track_assets"},C:\Users\Antoi\.cargo\registry\src\index.crates.io-1949cf8c6b5b557f\bevy_ecs-0.18.1\src\system\function_system.rs,52,27614407,0.021465,27079,1019,131,262644,5608.201094
system{name="forgia_rpg_data::boons::sys_handle_open_coffre"},C:\Users\Antoi\.cargo\registry\src\index.crates.io-1949cf8c6b5b557f\bevy_ecs-0.18.1\src\system\function_system.rs,52,12417946,0.009653,27079,458,134,159298,1594.114818
system{name="bevy_asset::assets::Assets<bevy_pbr::pbr_material::StandardMaterial>::asset_events_condition"},C:\Users\Antoi\.cargo\registry\src\index.crates.io-1949cf8c6b5b557f\bevy_ecs-0.18.1\src\system\function_system.rs,52,2095353,0.001629,27079,77,53,69209,480.475671
asset loading{loader="bevy_gltf::loader::GltfLoader" asset="models/kaykit/dungeon/rubble.glb"},C:\Users\Antoi\.cargo\registry\src\index.crates.io-1949cf8c6b5b557f\bevy_asset-0.18.1\src\server\loaders.rs,332,3878430,0.003015,4,969607,107,3863441,1929229.392146
system{name="bevy_pbr::render::gpu_preprocess::prepare_preprocess_pipelines"},C:\Users\Antoi\.cargo\registry\src\index.crates.io-1949cf8c6b5b557f\bevy_ecs-0.18.1\src\system\function_system.rs,52,24426266,0.018987,27078,902,224,65469,1028.274318
system_commands{name="bevy_picking::input::touch_pick_events"},C:\Users\Antoi\.cargo\registry\src\index.crates.io-1949cf8c6b5b557f\bevy_ecs-0.18.1\src\system\function_system.rs,54,2241498,0.001742,27079,82,50,55234,418.454284
system{name="forgia_mode_roguelite::element_vfx::sys_spawn_reaction_vfx"},C:\Users\Antoi\.cargo\registry\src\index.crates.io-1949cf8c6b5b557f\bevy_ecs-0.18.1\src\system\function_system.rs,52,12648979,0.009832,25752,491,170,86409,617.830011
plugin build{plugin="forgia_ui_lib::hud::ForgiaUiHudPlugin"},C:\Users\Antoi\.cargo\registry\src\index.crates.io-1949cf8c6b5b557f\bevy_app-0.18.1\src\app.rs,529,326825,0.000254,1,326825,326825,326825,0.000000
asset loading{loader="bevy_image::image_loader::ImageLoader" asset="ui/menu_video/frame_0125.webp"},C:\Users\Antoi\.cargo\registry\src\index.crates.io-1949cf8c6b5b557f\bevy_asset-0.18.1\src\server\loaders.rs,332,14733030,0.011452,6,2455505,118,14698724,5997929.984447
system{name="forgia_ui_lib::hud::barks::sync_bark_library"},C:\Users\Antoi\.cargo\registry\src\index.crates.io-1949cf8c6b5b557f\bevy_ecs-0.18.1\src\system\function_system.rs,52,8028664,0.006241,27079,296,102,75556,606.172719
plugin build{plugin="bevy_render::pipelined_rendering::PipelinedRenderingPlugin"},C:\Users\Antoi\.cargo\registry\src\index.crates.io-1949cf8c6b5b557f\bevy_app-0.18.1\src\app.rs,529,9519,0.000007,1,9519,9519,9519,0.000000
plugin finish{plugin="bevy_render::sync_component::SyncComponentPlugin<bevy_post_process::dof::DepthOfField>"},C:\Users\Antoi\.cargo\registry\src\index.crates.io-1949cf8c6b5b557f\bevy_app-0.18.1\src\app.rs,272,56,0.000000,1,56,56,56,0.000000
system_commands{name="bevy_render::render_asset::extract_render_asset<bevy_sprite_render::mesh2d::material::PreparedMaterial2d<bevy_sprite_render::mesh2d::color_material::ColorMaterial>>"},C:\Users\Antoi\.cargo\registry\src\index.crates.io-1949cf8c6b5b557f\bevy_ecs-0.18.1\src\system\function_system.rs,54,19359324,0.015048,27078,714,333,89138,875.522463
node{name="bevy_pbr::render::gpu_preprocess::EarlyGpuPreprocessNode"},C:\Users\Antoi\.cargo\registry\src\index.crates.io-1949cf8c6b5b557f\bevy_render-0.18.1\src\renderer\graph_runner.rs,240,180934403,0.140642,54156,3340,980,141042,2202.105086
asset loading{loader="bevy_image::image_loader::ImageLoader" asset="ui/menu_video/frame_0046.webp"},C:\Users\Antoi\.cargo\registry\src\index.crates.io-1949cf8c6b5b557f\bevy_asset-0.18.1\src\server\loaders.rs,332,17866228,0.013888,7,2552318,200,17802319,6724624.883831
schedule{name=EguiPrimaryContextPass},C:\Users\Antoi\.cargo\registry\src\index.crates.io-1949cf8c6b5b557f\bevy_ecs-0.18.1\src\schedule\schedule.rs,532,8685416539,6.751243,27079,320743,135046,5860888,97566.638140
plugin build{plugin="forgia_mode_roguelite::ftue::FtuePlugin"},C:\Users\Antoi\.cargo\registry\src\index.crates.io-1949cf8c6b5b557f\bevy_app-0.18.1\src\app.rs,529,267255,0.000208,1,267255,267255,267255,0.000000
plugin build{plugin="bevy_render::extract_resource::ExtractResourcePlugin<bevy_pbr::material::DefaultOpaqueRendererMethod>"},C:\Users\Antoi\.cargo\registry\src\index.crates.io-1949cf8c6b5b557f\bevy_app-0.18.1\src\app.rs,529,7754,0.000006,1,7754,7754,7754,0.000000
system{name="bevy_asset::assets::Assets<forgia_genome_core::Genome<forgia_juice_screen_flash::ScreenFlashTuning>>::track_assets"},C:\Users\Antoi\.cargo\registry\src\index.crates.io-1949cf8c6b5b557f\bevy_ecs-0.18.1\src\system\function_system.rs,52,26614240,0.020687,27079,982,153,268993,5067.515855
node{name="bevy_hanabi::render::VfxSimulateDriverNode"},C:\Users\Antoi\.cargo\registry\src\index.crates.io-1949cf8c6b5b557f\bevy_render-0.18.1\src\renderer\graph_runner.rs,240,57431592,0.044642,27078,2120,891,65505,759.982878
system{name="forgia_mode_roguelite::elements::sys_apply_elements_on_hit"},C:\Users\Antoi\.cargo\registry\src\index.crates.io-1949cf8c6b5b557f\bevy_ecs-0.18.1\src\system\function_system.rs,52,19521707,0.015174,25752,758,321,139337,1372.524579
system{name="forgia_mode_roguelite::toon_config::sys_write_toon_sensor"},C:\Users\Antoi\.cargo\registry\src\index.crates.io-1949cf8c6b5b557f\bevy_ecs-0.18.1\src\system\function_system.rs,52,10060196,0.007820,27079,371,96,79431,819.896686
plugin finish{plugin="bevy_render::sync_component::SyncComponentPlugin<bevy_light::ShadowFilteringMethod>"},C:\Users\Antoi\.cargo\registry\src\index.crates.io-1949cf8c6b5b557f\bevy_app-0.18.1\src\app.rs,272,56,0.000000,1,56,56,56,0.000000
system{name="forgia_observability::quests_sensor::sys_write_quests_sensor"},C:\Users\Antoi\.cargo\registry\src\index.crates.io-1949cf8c6b5b557f\bevy_ecs-0.18.1\src\system\function_system.rs,52,11611017,0.009025,27079,428,116,38320,449.363615
check_conditions{name="leafwing_input_manager::systems::update_action_state<forgia_input::PlayerAction>"},C:\Users\Antoi\.cargo\registry\src\index.crates.io-1949cf8c6b5b557f\bevy_ecs-0.18.1\src\schedule\executor\single_threaded.rs,83,22958630,0.017846,27079,847,56,163972,2306.979255
system{name="forgia_level_presets::load_level_modules_genome"},C:\Users\Antoi\.cargo\registry\src\index.crates.io-1949cf8c6b5b557f\bevy_ecs-0.18.1\src\system\function_system.rs,52,4494237,0.003493,1,4494237,4494237,4494237,0.000000
plugin finish{plugin="forgia_ui_lib::hud::player_hp::PlayerHpPlugin"},C:\Users\Antoi\.cargo\registry\src\index.crates.io-1949cf8c6b5b557f\bevy_app-0.18.1\src\app.rs,272,53,0.000000,1,53,53,53,0.000000
plugin finish{plugin="bevy_render::camera::CameraPlugin"},C:\Users\Antoi\.cargo\registry\src\index.crates.io-1949cf8c6b5b557f\bevy_app-0.18.1\src\app.rs,272,71,0.000000,1,71,71,71,0.000000
plugin cleanup{plugin="bevy_pbr::light_probe::LightProbePlugin"},C:\Users\Antoi\.cargo\registry\src\index.crates.io-1949cf8c6b5b557f\bevy_app-0.18.1\src\app.rs,292,57,0.000000,1,57,57,57,0.000000
system{name="bevy_asset::assets::Assets<forgia_genome_core::Genome<forgia_ui_lib::hud::barks::BarkGenome>>::asset_events_condition"},C:\Users\Antoi\.cargo\registry\src\index.crates.io-1949cf8c6b5b557f\bevy_ecs-0.18.1\src\system\function_system.rs,52,2614031,0.002032,27079,96,53,16288,107.450208
asset loading{loader="bevy_image::image_loader::ImageLoader" asset="ui/menu_video/frame_0022.webp"},C:\Users\Antoi\.cargo\registry\src\index.crates.io-1949cf8c6b5b557f\bevy_asset-0.18.1\src\server\loaders.rs,332,15036831,0.011688,4,3759207,168,14997260,7492044.197890
system{name="forgia_mode_roguelite::loot_room::sys_zone_reward_pick"},C:\Users\Antoi\.cargo\registry\src\index.crates.io-1949cf8c6b5b557f\bevy_ecs-0.18.1\src\system\function_system.rs,52,11880769,0.009235,25752,461,135,127174,857.571482
system_commands{name="bevy_render::extract_component::extract_components<bevy_core_pipeline::tonemapping::DebandDither>"},C:\Users\Antoi\.cargo\registry\src\index.crates.io-1949cf8c6b5b557f\bevy_ecs-0.18.1\src\system\function_system.rs,54,45472030,0.035346,27078,1679,520,87938,1036.920731
system_commands{name="bevy_render::render_asset::extract_render_asset<bevy_gizmos_render::GpuLineGizmo>"},C:\Users\Antoi\.cargo\registry\src\index.crates.io-1949cf8c6b5b557f\bevy_ecs-0.18.1\src\system\function_system.rs,54,26829928,0.020855,27078,990,329,179310,1362.900453
cast_ray_and_get_normal,C:\Users\Antoi\.cargo\registry\src\index.crates.io-1949cf8c6b5b557f\rapier3d-0.31.0\src\pipeline\query_pipeline.rs,254,38973348,0.030294,51843,751,148,88289,972.271635
system{name="forgia_enemy_nameplate::update_hp_fill"},C:\Users\Antoi\.cargo\registry\src\index.crates.io-1949cf8c6b5b557f\bevy_ecs-0.18.1\src\system\function_system.rs,52,24285266,0.018877,27079,896,134,86219,915.310123
transform propagation worker,C:\Users\Antoi\.cargo\registry\src\index.crates.io-1949cf8c6b5b557f\bevy_transform-0.18.1\src\systems.rs,438,16548664840,12.863409,698120,23704,60,79913514,819461.368662
asset loading{loader="bevy_shader::shader::ShaderLoader" asset="embedded://bevy_core_pipeline\\oit\\oit_draw.wgsl"},C:\Users\Antoi\.cargo\registry\src\index.crates.io-1949cf8c6b5b557f\bevy_asset-0.18.1\src\server\loaders.rs,332,125414,0.000097,2,62707,124,125290,88505.727374
system{name="forgia_mode_roguelite::intro_dialogue::sys_load_intro"},C:\Users\Antoi\.cargo\registry\src\index.crates.io-1949cf8c6b5b557f\bevy_ecs-0.18.1\src\system\function_system.rs,52,4449041,0.003458,1,4449041,4449041,4449041,0.000000
system{name="bevy_pbr::ssr::prepare_ssr_settings"},C:\Users\Antoi\.cargo\registry\src\index.crates.io-1949cf8c6b5b557f\bevy_ecs-0.18.1\src\system\function_system.rs,52,401371876,0.311990,27078,14822,1886,695150,16658.191078
system_commands{name="bevy_render::extract_component::extract_components<bevy_pbr::atmosphere::GpuAtmosphereSettings>"},C:\Users\Antoi\.cargo\registry\src\index.crates.io-1949cf8c6b5b557f\bevy_ecs-0.18.1\src\system\function_system.rs,54,15154291,0.011780,27078,559,206,78366,767.182349
plugin build{plugin="forgia_mode_fps_arena::wave::ArenaWavesPlugin"},C:\Users\Antoi\.cargo\registry\src\index.crates.io-1949cf8c6b5b557f\bevy_app-0.18.1\src\app.rs,529,137284,0.000107,1,137284,137284,137284,0.000000
plugin cleanup{plugin="bevy_post_process::effect_stack::EffectStackPlugin"},C:\Users\Antoi\.cargo\registry\src\index.crates.io-1949cf8c6b5b557f\bevy_app-0.18.1\src\app.rs,292,53,0.000000,1,53,53,53,0.000000
schedule{name=FixedFirst},C:\Users\Antoi\.cargo\registry\src\index.crates.io-1949cf8c6b5b557f\bevy_ecs-0.18.1\src\schedule\schedule.rs,532,126954874,0.098683,7925,16019,4454,1663578,29154.869727
system_commands{name="forgia_mode_roguelite::render_quality::sys_force_apply_bloom"},C:\Users\Antoi\.cargo\registry\src\index.crates.io-1949cf8c6b5b557f\bevy_ecs-0.18.1\src\system\function_system.rs,54,94,0.000000,1,94,94,94,0.000000
system{name="forgia_mode_roguelite::transform_hierarchy_sensor::sys_capture_transform_lag_roots"},C:\Users\Antoi\.cargo\registry\src\index.crates.io-1949cf8c6b5b557f\bevy_ecs-0.18.1\src\system\function_system.rs,52,8147223,0.006333,25752,316,88,53823,1102.467169
asset loading{loader="bevy_shader::shader::ShaderLoader" asset="embedded://bevy_pbr\\atmosphere\\aerial_view_lut.wgsl"},C:\Users\Antoi\.cargo\registry\src\index.crates.io-1949cf8c6b5b557f\bevy_asset-0.18.1\src\server\loaders.rs,332,140544,0.000109,2,70272,97,140447,99242.436740
plugin cleanup{plugin="forgia_effects::ForgiaEffectsPlugin"},C:\Users\Antoi\.cargo\registry\src\index.crates.io-1949cf8c6b5b557f\bevy_app-0.18.1\src\app.rs,292,61,0.000000,1,61,61,61,0.000000
system{name="bevy_pbr::render::gpu_preprocess::prepare_preprocess_bind_groups"},C:\Users\Antoi\.cargo\registry\src\index.crates.io-1949cf8c6b5b557f\bevy_ecs-0.18.1\src\system\function_system.rs,52,2059243374,1.600666,27078,76048,1506,8263588,70612.478888
asset loading{loader="bevy_shader::shader::ShaderLoader" asset="embedded://bevy_core_pipeline\\tonemapping\\tonemapping_shared.wgsl"},C:\Users\Antoi\.cargo\registry\src\index.crates.io-1949cf8c6b5b557f\bevy_asset-0.18.1\src\server\loaders.rs,332,2909510,0.002262,2,1454755,255,2909255,2056973.626472
asset loading{loader="bevy_image::image_loader::ImageLoader" asset="textures/vfx/kenney/smoke_08.png"},C:\Users\Antoi\.cargo\registry\src\index.crates.io-1949cf8c6b5b557f\bevy_asset-0.18.1\src\server\loaders.rs,332,1293447,0.001005,4,323361,220,1277004,635777.230669
system_commands{name="bevy_pbr::atmosphere::resources::init_atmosphere_buffer"},C:\Users\Antoi\.cargo\registry\src\index.crates.io-1949cf8c6b5b557f\bevy_ecs-0.18.1\src\system\function_system.rs,54,1148,0.000001,1,1148,1148,1148,0.000000
system{name="bevy_state::state::freely_mutable_state::apply_state_transition<forgia_core::states::WorldMode>"},C:\Users\Antoi\.cargo\registry\src\index.crates.io-1949cf8c6b5b557f\bevy_ecs-0.18.1\src\system\function_system.rs,52,5578168,0.004336,27080,205,69,31972,209.644306
plugin cleanup{plugin="bevy_internal::default_plugins::IgnoreAmbiguitiesPlugin"},C:\Users\Antoi\.cargo\registry\src\index.crates.io-1949cf8c6b5b557f\bevy_app-0.18.1\src\app.rs,292,104,0.000000,1,104,104,104,0.000000
plugin finish{plugin="forgia_mode_roguelite::audio::RogueliteAudioPlugin"},C:\Users\Antoi\.cargo\registry\src\index.crates.io-1949cf8c6b5b557f\bevy_app-0.18.1\src\app.rs,272,55,0.000000,1,55,55,55,0.000000
node{name="bevy_pbr::render::gpu_preprocess::MainBuildIndirectParametersNode"},C:\Users\Antoi\.cargo\registry\src\index.crates.io-1949cf8c6b5b557f\bevy_render-0.18.1\src\renderer\graph_runner.rs,240,81681152,0.063491,54156,1508,158,103469,1106.867704
plugin build{plugin="bevy_render::render_phase::SortedRenderPhasePlugin<bevy_core_pipeline::core_3d::Transparent3d, bevy_pbr::render::mesh::MeshPipeline>"},C:\Users\Antoi\.cargo\registry\src\index.crates.io-1949cf8c6b5b557f\bevy_app-0.18.1\src\app.rs,529,17984,0.000014,1,17984,17984,17984,0.000000
par_for_each{query="(bevy_ecs::entity::Entity, &bevy_camera::visibility::ViewVisibility, &bevy_transform::components::global_transform::GlobalTransform, core::option::Option<&bevy_pbr::prepass::PreviousGlobalTransform>, core::option::Option<&bevy_pbr::lightmap::Lightmap>, core::option::Option<&bevy_camera::primitives::Aabb>, &bevy_mesh::components::Mesh3d, core::option::Option<&bevy_mesh::components::MeshTag>, bevy_ecs::query::fetch::Has<bevy_camera::visibility::NoFrustumCulling>, bevy_ecs::query::fetch::Has<bevy_light::NotShadowReceiver>, bevy_ecs::query::fetch::Has<bevy_light::TransmittedShadowReceiver>, bevy_ecs::query::fetch::Has<bevy_light::NotShadowCaster>, bevy_ecs::query::fetch::Has<bevy_render::batching::NoAutomaticBatching>, bevy_ecs::query::fetch::Has<bevy_camera::visibility::range::VisibilityRange>, core::option::Option<&bevy_camera::visibility::render_layers::RenderLayers>)" filter="bevy_ecs::query::filter::Or<(bevy_ecs::query::filter::Changed<bevy_camera::visibility::ViewVisibility>, bevy_ecs::query::filter::Changed<bevy_transform::components::global_transform::GlobalTransform>, bevy_ecs::query::filter::Changed<bevy_pbr::prepass::PreviousGlobalTransform>, bevy_ecs::query::filter::Changed<bevy_pbr::lightmap::Lightmap>, bevy_ecs::query::filter::Changed<bevy_camera::primitives::Aabb>, bevy_ecs::query::filter::Changed<bevy_mesh::components::Mesh3d>, bevy_ecs::query::filter::Changed<bevy_mesh::components::MeshTag>, bevy_ecs::query::filter::Changed<bevy_camera::visibility::NoFrustumCulling>, bevy_ecs::query::filter::Changed<bevy_light::NotShadowReceiver>, bevy_ecs::query::filter::Changed<bevy_light::TransmittedShadowReceiver>, bevy_ecs::query::filter::Changed<bevy_light::NotShadowCaster>, bevy_ecs::query::filter::Changed<bevy_render::batching::NoAutomaticBatching>, bevy_ecs::query::filter::Changed<bevy_camera::visibility::range::VisibilityRange>, bevy_ecs::query::filter::Changed<bevy_mesh::skinning::SkinnedMesh>)>"},C:\Users\Antoi\.cargo\registry\src\index.crates.io-1949cf8c6b5b557f\bevy_ecs-0.18.1\src\query\state.rs,246,831836855,0.646593,1631344,509,86,476094,784.634761
system_commands{name="bevy_core_pipeline::experimental::mip_generation::init_depth_pyramid_dummy_texture"},C:\Users\Antoi\.cargo\registry\src\index.crates.io-1949cf8c6b5b557f\bevy_ecs-0.18.1\src\system\function_system.rs,54,2781,0.000002,1,2781,2781,2781,0.000000
plugin cleanup{plugin="bevy_render::sync_component::SyncComponentPlugin<bevy_camera::components::Camera2d>"},C:\Users\Antoi\.cargo\registry\src\index.crates.io-1949cf8c6b5b557f\bevy_app-0.18.1\src\app.rs,292,52,0.000000,1,52,52,52,0.000000
plugin cleanup{plugin="forgia_juice_lib::recoil::ForgiaJuiceRecoilPlugin"},C:\Users\Antoi\.cargo\registry\src\index.crates.io-1949cf8c6b5b557f\bevy_app-0.18.1\src\app.rs,292,55,0.000000,1,55,55,55,0.000000
collect_screenshots,C:\Users\Antoi\.cargo\registry\src\index.crates.io-1949cf8c6b5b557f\bevy_render-0.18.1\src\view\window\screenshot.rs,626,17601685,0.013682,27078,650,197,86159,620.704578
system{name="forgia_mode_roguelite::hud::sys_break_look_override"},C:\Users\Antoi\.cargo\registry\src\index.crates.io-1949cf8c6b5b557f\bevy_ecs-0.18.1\src\system\function_system.rs,52,12016975,0.009341,25752,466,119,83593,944.739698
asset loading{loader="bevy_image::image_loader::ImageLoader" asset="ui/menu_video/frame_0133.webp"},C:\Users\Antoi\.cargo\registry\src\index.crates.io-1949cf8c6b5b557f\bevy_asset-0.18.1\src\server\loaders.rs,332,15359987,0.011939,6,2559997,113,15321266,6251721.761676
system{name="bevy_light::directional_light::validate_shadow_map_size"},C:\Users\Antoi\.cargo\registry\src\index.crates.io-1949cf8c6b5b557f\bevy_ecs-0.18.1\src\system\function_system.rs,52,7139278,0.005549,27079,263,80,63094,457.221064
plugin build{plugin="forgia_viewmodel::arms::ForgiaViewmodelArmsPlugin"},C:\Users\Antoi\.cargo\registry\src\index.crates.io-1949cf8c6b5b557f\bevy_app-0.18.1\src\app.rs,529,22451,0.000017,1,22451,22451,22451,0.000000
system{name="forgia_viewmodel::fade::identify_viewmodel_faders"},C:\Users\Antoi\.cargo\registry\src\index.crates.io-1949cf8c6b5b557f\bevy_ecs-0.18.1\src\system\function_system.rs,52,15423946,0.011989,25752,598,201,507067,3215.599805
plugin build{plugin="bevy_winit::cursor::WinitCursorPlugin"},C:\Users\Antoi\.cargo\registry\src\index.crates.io-1949cf8c6b5b557f\bevy_app-0.18.1\src\app.rs,529,103777,0.000081,1,103777,103777,103777,0.000000
system{name="bevy_render::view::window::screenshot::prepare_screenshots"},C:\Users\Antoi\.cargo\registry\src\index.crates.io-1949cf8c6b5b557f\bevy_ecs-0.18.1\src\system\function_system.rs,52,12162051,0.009454,27078,449,125,90581,765.294438
system{name="bevy_pbr::material::mark_meshes_as_changed_if_their_materials_changed<bevy_pbr::pbr_material::StandardMaterial>"},C:\Users\Antoi\.cargo\registry\src\index.crates.io-1949cf8c6b5b557f\bevy_ecs-0.18.1\src\system\function_system.rs,52,148551575,0.115470,27079,5485,214,175283,3556.391740
plugin finish{plugin="forgia_rpg_data::boons::ForgiaBoonsPlugin"},C:\Users\Antoi\.cargo\registry\src\index.crates.io-1949cf8c6b5b557f\bevy_app-0.18.1\src\app.rs,272,56,0.000000,1,56,56,56,0.000000
plugin finish{plugin="forgia_mode_roguelite::loot_room::RogueliteLootRoomPlugin"},C:\Users\Antoi\.cargo\registry\src\index.crates.io-1949cf8c6b5b557f\bevy_app-0.18.1\src\app.rs,272,53,0.000000,1,53,53,53,0.000000
system{name="bevy_render::view::window::prepare_windows"},C:\Users\Antoi\.cargo\registry\src\index.crates.io-1949cf8c6b5b557f\bevy_ecs-0.18.1\src\system\function_system.rs,52,7148047425,5.556234,27078,263979,482,7208189,408885.332999
system{name="bevy_pbr::render::skin::prepare_skins"},C:\Users\Antoi\.cargo\registry\src\index.crates.io-1949cf8c6b5b557f\bevy_ecs-0.18.1\src\system\function_system.rs,52,528283053,0.410639,27078,19509,530,343878,14368.772627
schedule{name=Last},C:\Users\Antoi\.cargo\registry\src\index.crates.io-1949cf8c6b5b557f\bevy_ecs-0.18.1\src\schedule\schedule.rs,532,1315929233,1.022882,27079,48595,23448,5558727,90477.926224
system{name="forgia_debug::handle_bindings_system"},C:\Users\Antoi\.cargo\registry\src\index.crates.io-1949cf8c6b5b557f\bevy_ecs-0.18.1\src\system\function_system.rs,52,9084532,0.007061,27079,335,98,92194,806.070668
system{name="bevy_asset::assets::Assets<bevy_asset::assets::LoadedUntypedAsset>::asset_events_condition"},C:\Users\Antoi\.cargo\registry\src\index.crates.io-1949cf8c6b5b557f\bevy_ecs-0.18.1\src\system\function_system.rs,52,3155514,0.002453,27079,116,53,7294,91.466191
system{name="forgia_mode_roguelite::poi::sys_hot_reload_poi_genome"},C:\Users\Antoi\.cargo\registry\src\index.crates.io-1949cf8c6b5b557f\bevy_ecs-0.18.1\src\system\function_system.rs,52,11145835,0.008664,25752,432,78,99945,3445.629067
system{name="forgia_mode_roguelite::status_vfx::sys_attach_poison_vfx"},C:\Users\Antoi\.cargo\registry\src\index.crates.io-1949cf8c6b5b557f\bevy_ecs-0.18.1\src\system\function_system.rs,52,11337328,0.008813,25752,440,128,59429,583.212577
system{name="forgia_player::skybox_genome::load_sky_palette_genome"},C:\Users\Antoi\.cargo\registry\src\index.crates.io-1949cf8c6b5b557f\bevy_ecs-0.18.1\src\system\function_system.rs,52,138866,0.000108,1,138866,138866,138866,0.000000
plugin cleanup{plugin="bevy_render::sync_component::SyncComponentPlugin<bevy_pbr::deferred::PbrDeferredLightingDepthId>"},C:\Users\Antoi\.cargo\registry\src\index.crates.io-1949cf8c6b5b557f\bevy_app-0.18.1\src\app.rs,292,60,0.000000,1,60,60,60,0.000000
plugin finish{plugin="bevy_render::sync_component::SyncComponentPlugin<bevy_core_pipeline::tonemapping::Tonemapping>"},C:\Users\Antoi\.cargo\registry\src\index.crates.io-1949cf8c6b5b557f\bevy_app-0.18.1\src\app.rs,272,54,0.000000,1,54,54,54,0.000000
plugin finish{plugin="bevy_render::view::window::screenshot::ScreenshotPlugin"},C:\Users\Antoi\.cargo\registry\src\index.crates.io-1949cf8c6b5b557f\bevy_app-0.18.1\src\app.rs,272,56,0.000000,1,56,56,56,0.000000
system_commands{name="bevy_scene::scene_spawner::scene_spawner"},C:\Users\Antoi\.cargo\registry\src\index.crates.io-1949cf8c6b5b557f\bevy_ecs-0.18.1\src\system\function_system.rs,54,16897746,0.013135,27079,624,59,103478,1702.130313
system{name="bevy_render::erased_render_asset::prepare_erased_assets<bevy_pbr::mesh_material::MeshMaterial3d<bevy_pbr::pbr_material::StandardMaterial>>"},C:\Users\Antoi\.cargo\registry\src\index.crates.io-1949cf8c6b5b557f\bevy_ecs-0.18.1\src\system\function_system.rs,52,2045196591,1.589748,27078,75529,360,2875950,77979.913760
system{name="bevy_render::batching::sort_binned_render_phase<bevy_core_pipeline::core_2d::Opaque2d>"},C:\Users\Antoi\.cargo\registry\src\index.crates.io-1949cf8c6b5b557f\bevy_ecs-0.18.1\src\system\function_system.rs,52,12247622,0.009520,27078,452,152,85381,634.798350
function_scope{epaint::tessellator::Tessellator::tessellate_path},C:\Users\Antoi\.cargo\registry\src\index.crates.io-1949cf8c6b5b557f\epaint-0.33.3\src\tessellator.rs,1724,45698395,0.035522,226268,201,98,121782,558.030174
system{name="forgia_asset_registry::hot_reload_input"},C:\Users\Antoi\.cargo\registry\src\index.crates.io-1949cf8c6b5b557f\bevy_ecs-0.18.1\src\system\function_system.rs,52,10508053,0.008168,27079,388,104,26277,290.044711
plugin cleanup{plugin="forgia_mode_roguelite::boss_portal::BossPortalPlugin"},C:\Users\Antoi\.cargo\registry\src\index.crates.io-1949cf8c6b5b557f\bevy_app-0.18.1\src\app.rs,292,2826,0.000002,1,2826,2826,2826,0.000000
system_commands{name="bevy_ui::update::propagate_ui_target_cameras"},C:\Users\Antoi\.cargo\registry\src\index.crates.io-1949cf8c6b5b557f\bevy_ecs-0.18.1\src\system\function_system.rs,54,4263863,0.003314,27079,157,56,13467,128.275638
asset loading{loader="bevy_shader::shader::ShaderLoader" asset="embedded://bevy_core_pipeline\\blit\\blit.wgsl"},C:\Users\Antoi\.cargo\registry\src\index.crates.io-1949cf8c6b5b557f\bevy_asset-0.18.1\src\server\loaders.rs,332,14886,0.000012,2,7443,53,14833,10451.038226
plugin build{plugin="forgia_juice_lib::recoil::ForgiaJuiceRecoilPlugin"},C:\Users\Antoi\.cargo\registry\src\index.crates.io-1949cf8c6b5b557f\bevy_app-0.18.1\src\app.rs,529,17774,0.000014,1,17774,17774,17774,0.000000
system{name="bevy_render::batching::gpu_preprocessing::collect_buffers_for_phase<bevy_core_pipeline::core_3d::Transmissive3d, bevy_pbr::render::mesh::MeshPipeline>"},C:\Users\Antoi\.cargo\registry\src\index.crates.io-1949cf8c6b5b557f\bevy_ecs-0.18.1\src\system\function_system.rs,52,24276390,0.018870,27078,896,309,82229,834.379766
system_commands{name="forgia_mode_roguelite::decor::sys_decor_build_hull_colliders"},C:\Users\Antoi\.cargo\registry\src\index.crates.io-1949cf8c6b5b557f\bevy_ecs-0.18.1\src\system\function_system.rs,54,2717885,0.002113,25752,105,50,89871,734.218805
system{name="forgia_debug::poll_sensors_system"},C:\Users\Antoi\.cargo\registry\src\index.crates.io-1949cf8c6b5b557f\bevy_ecs-0.18.1\src\system\function_system.rs,52,10280907,0.007991,27079,379,90,70375,544.146782
system{name="bevy_ui_render::prepare_uinodes"},C:\Users\Antoi\.cargo\registry\src\index.crates.io-1949cf8c6b5b557f\bevy_ecs-0.18.1\src\system\function_system.rs,52,435757306,0.338718,27078,16092,3639,978940,15773.070637
par_for_each{query="(&bevy_transform::components::global_transform::GlobalTransform, &mut bevy_pbr::prepass::PreviousGlobalTransform)" filter="bevy_ecs::query::filter::With<bevy_mesh::components::Mesh3d>"},C:\Users\Antoi\.cargo\registry\src\index.crates.io-1949cf8c6b5b557f\bevy_ecs-0.18.1\src\query\state.rs,246,646618303,0.502622,1626428,397,53,258175,485.140804
system{name="forgia_streaming::write_chunk_stream_sensor"},C:\Users\Antoi\.cargo\registry\src\index.crates.io-1949cf8c6b5b557f\bevy_ecs-0.18.1\src\system\function_system.rs,52,23102625,0.017958,27079,853,161,140011,5492.429408
asset loading{loader="bevy_image::image_loader::ImageLoader" asset="ui/menu_video/frame_0007.webp"},C:\Users\Antoi\.cargo\registry\src\index.crates.io-1949cf8c6b5b557f\bevy_asset-0.18.1\src\server\loaders.rs,332,16224075,0.012611,4,4056018,184,16215031,8106008.674306
system{name="bevy_asset::assets::Assets<forgia_genome_core::Genome<forgia_player::PlayerMovementTuning>>::asset_events"},C:\Users\Antoi\.cargo\registry\src\index.crates.io-1949cf8c6b5b557f\bevy_ecs-0.18.1\src\system\function_system.rs,52,9908,0.000008,1,9908,9908,9908,0.000000
system{name="bevy_asset::assets::Assets<forgia_genome_core::Genome<forgia_rpg_data::boons::BoonsCatalogue>>::track_assets"},C:\Users\Antoi\.cargo\registry\src\index.crates.io-1949cf8c6b5b557f\bevy_ecs-0.18.1\src\system\function_system.rs,52,33478678,0.026023,27079,1236,260,1557526,11076.198648
system{name="forgia_mode_roguelite::enemy_scaling::sys_reset_enemy_scaling"},C:\Users\Antoi\.cargo\registry\src\index.crates.io-1949cf8c6b5b557f\bevy_ecs-0.18.1\src\system\function_system.rs,52,300,0.000000,1,300,300,300,0.000000
system{name="forgia_qa_core::plugin::drain_bug_messages_to_bus"},C:\Users\Antoi\.cargo\registry\src\index.crates.io-1949cf8c6b5b557f\bevy_ecs-0.18.1\src\system\function_system.rs,52,11945363,0.009285,27079,441,142,758884,4619.794683
plugin finish{plugin="bevy_render::gpu_readback::GpuReadbackPlugin"},C:\Users\Antoi\.cargo\registry\src\index.crates.io-1949cf8c6b5b557f\bevy_app-0.18.1\src\app.rs,272,73,0.000000,1,73,73,73,0.000000
plugin finish{plugin="bevy_render::extract_component::ExtractComponentPlugin<bevy_pbr::atmosphere::GpuAtmosphereSettings>"},C:\Users\Antoi\.cargo\registry\src\index.crates.io-1949cf8c6b5b557f\bevy_app-0.18.1\src\app.rs,272,58,0.000000,1,58,58,58,0.000000
system{name="forgia_juice_lib::camera_shake::apply_shake"},C:\Users\Antoi\.cargo\registry\src\index.crates.io-1949cf8c6b5b557f\bevy_ecs-0.18.1\src\system\function_system.rs,52,17437395,0.013554,27079,643,107,87701,698.397360
system{name="forgia_viewmodel::genome::load_viewmodel_genome"},C:\Users\Antoi\.cargo\registry\src\index.crates.io-1949cf8c6b5b557f\bevy_ecs-0.18.1\src\system\function_system.rs,52,5873554,0.004566,1,5873554,5873554,5873554,0.000000
system{name="bevy_asset::assets::Assets<()>::track_assets"},C:\Users\Antoi\.cargo\registry\src\index.crates.io-1949cf8c6b5b557f\bevy_ecs-0.18.1\src\system\function_system.rs,52,31479458,0.024469,27079,1162,112,1552220,11941.823327
plugin cleanup{plugin="bevy_diagnostic::DiagnosticsPlugin"},C:\Users\Antoi\.cargo\registry\src\index.crates.io-1949cf8c6b5b557f\bevy_app-0.18.1\src\app.rs,292,55,0.000000,1,55,55,55,0.000000
system{name="forgia_mode_roguelite::trempe::sys_write_trempe_sensor"},C:\Users\Antoi\.cargo\registry\src\index.crates.io-1949cf8c6b5b557f\bevy_ecs-0.18.1\src\system\function_system.rs,52,8521169,0.006624,27079,314,90,86785,613.317698
plugin finish{plugin="bevy_render::pipelined_rendering::PipelinedRenderingPlugin"},C:\Users\Antoi\.cargo\registry\src\index.crates.io-1949cf8c6b5b557f\bevy_app-0.18.1\src\app.rs,272,114,0.000000,1,114,114,114,0.000000
system{name="forgia_rpg_data::dialogue::end_sessions"},C:\Users\Antoi\.cargo\registry\src\index.crates.io-1949cf8c6b5b557f\bevy_ecs-0.18.1\src\system\function_system.rs,52,6681819,0.005194,27079,246,78,86755,622.475944
system_commands{name="forgia_player::weapon_recoil_apply"},C:\Users\Antoi\.cargo\registry\src\index.crates.io-1949cf8c6b5b557f\bevy_ecs-0.18.1\src\system\function_system.rs,54,2912854,0.002264,24878,117,51,142204,1119.647032
system{name="forgia_viewmodel::arms::spawn_arms"},C:\Users\Antoi\.cargo\registry\src\index.crates.io-1949cf8c6b5b557f\bevy_ecs-0.18.1\src\system\function_system.rs,52,18715257,0.014548,25752,726,317,97252,1124.102533
system_commands{name="bevy_state::state::freely_mutable_state::apply_state_transition<forgia_core::states::WorldMode>"},C:\Users\Antoi\.cargo\registry\src\index.crates.io-1949cf8c6b5b557f\bevy_ecs-0.18.1\src\system\function_system.rs,54,4794647,0.003727,27080,177,50,62009,550.181467
system{name="forgia_enemy_nameplate::tuning::load_tuning"},C:\Users\Antoi\.cargo\registry\src\index.crates.io-1949cf8c6b5b557f\bevy_ecs-0.18.1\src\system\function_system.rs,52,33363,0.000026,1,33363,33363,33363,0.000000
plugin finish{plugin="bevy_render::sync_component::SyncComponentPlugin<bevy_light::point_light::PointLight>"},C:\Users\Antoi\.cargo\registry\src\index.crates.io-1949cf8c6b5b557f\bevy_app-0.18.1\src\app.rs,272,55,0.000000,1,55,55,55,0.000000
system_commands{name="bevy_render::render_asset::extract_render_asset<bevy_render::texture::gpu_image::GpuImage>"},C:\Users\Antoi\.cargo\registry\src\index.crates.io-1949cf8c6b5b557f\bevy_ecs-0.18.1\src\system\function_system.rs,54,19680451,0.015298,27078,726,239,87079,848.700776
plugin cleanup{plugin="forgia_postprocess::toon::ForgiaPpToonPlugin"},C:\Users\Antoi\.cargo\registry\src\index.crates.io-1949cf8c6b5b557f\bevy_app-0.18.1\src\app.rs,292,54,0.000000,1,54,54,54,0.000000
system{name="bevy_pbr::material::mark_meshes_as_changed_if_their_materials_changed<bevy_pbr::extended_material::ExtendedMaterial<bevy_pbr::pbr_material::StandardMaterial, bevy_pbr::decal::forward::ForwardDecalMaterialExt>>"},C:\Users\Antoi\.cargo\registry\src\index.crates.io-1949cf8c6b5b557f\bevy_ecs-0.18.1\src\system\function_system.rs,52,13094176,0.010178,27079,483,143,45269,413.357271
system_commands{name="forgia_mode_roguelite::decor::sys_calibrate_decor"},C:\Users\Antoi\.cargo\registry\src\index.crates.io-1949cf8c6b5b557f\bevy_ecs-0.18.1\src\system\function_system.rs,54,3351413,0.002605,25752,130,51,169051,1737.119168
asset loading{loader="bevy_image::image_loader::ImageLoader" asset="ui/menu_video/frame_0095.webp"},C:\Users\Antoi\.cargo\registry\src\index.crates.io-1949cf8c6b5b557f\bevy_asset-0.18.1\src\server\loaders.rs,332,14689907,0.011419,7,2098558,172,14652575,5535804.026433
system{name="bevy_pbr::deferred::init_deferred_lighting_layout"},C:\Users\Antoi\.cargo\registry\src\index.crates.io-1949cf8c6b5b557f\bevy_ecs-0.18.1\src\system\function_system.rs,52,21507,0.000017,1,21507,21507,21507,0.000000
system{name="forgia_mode_roguelite::meta_shop::sys_meta_shop_input"},C:\Users\Antoi\.cargo\registry\src\index.crates.io-1949cf8c6b5b557f\bevy_ecs-0.18.1\src\system\function_system.rs,52,35000,0.000027,91,384,259,607,65.721973
system{name="bevy_pbr::render::morph::prepare_morphs"},C:\Users\Antoi\.cargo\registry\src\index.crates.io-1949cf8c6b5b557f\bevy_ecs-0.18.1\src\system\function_system.rs,52,5464529,0.004248,27078,201,79,16768,185.207692
system{name="bevy_pbr::cluster::init_global_clusterable_object_meta"},C:\Users\Antoi\.cargo\registry\src\index.crates.io-1949cf8c6b5b557f\bevy_ecs-0.18.1\src\system\function_system.rs,52,12524,0.000010,1,12524,12524,12524,0.000000
system{name="forgia_mode_roguelite::ultimate_vfx::sys_refresh_ultimate_vfx_materials"},C:\Users\Antoi\.cargo\registry\src\index.crates.io-1949cf8c6b5b557f\bevy_ecs-0.18.1\src\system\function_system.rs,52,7873075,0.006120,25752,305,99,82346,878.117363
plugin build{plugin="bevy_render::extract_component::ExtractComponentPlugin<bevy_post_process::motion_blur::MotionBlur>"},C:\Users\Antoi\.cargo\registry\src\index.crates.io-1949cf8c6b5b557f\bevy_app-0.18.1\src\app.rs,529,11028,0.000009,1,11028,11028,11028,0.000000
plugin build{plugin="bevy_render::extract_component::UniformComponentPlugin<forgia_postprocess::toon::ToonSettings>"},C:\Users\Antoi\.cargo\registry\src\index.crates.io-1949cf8c6b5b557f\bevy_app-0.18.1\src\app.rs,529,9299,0.000007,1,9299,9299,9299,0.000000
system{name="bevy_sprite_render::mesh2d::mesh::extract_mesh2d"},C:\Users\Antoi\.cargo\registry\src\index.crates.io-1949cf8c6b5b557f\bevy_ecs-0.18.1\src\system\function_system.rs,52,14443234,0.011227,27079,533,145,33069,356.078525
system{name="bevy_post_process::msaa_writeback::prepare_msaa_writeback_pipelines"},C:\Users\Antoi\.cargo\registry\src\index.crates.io-1949cf8c6b5b557f\bevy_ecs-0.18.1\src\system\function_system.rs,52,31460532,0.024455,27078,1161,224,98724,1129.594872
system{name="bevy_winit::accessibility::poll_receivers"},C:\Users\Antoi\.cargo\registry\src\index.crates.io-1949cf8c6b5b557f\bevy_ecs-0.18.1\src\system\function_system.rs,52,13509510,0.010501,27079,498,158,77519,658.495473
schedule{name=RunFixedMainLoop},C:\Users\Antoi\.cargo\registry\src\index.crates.io-1949cf8c6b5b557f\bevy_ecs-0.18.1\src\schedule\schedule.rs,532,5858674370,4.553994,27079,216354,22013,20867131,317206.333990
plugin build{plugin="forgia_ui_lib::shop_panel::ForgiaUiShopPlugin"},C:\Users\Antoi\.cargo\registry\src\index.crates.io-1949cf8c6b5b557f\bevy_app-0.18.1\src\app.rs,529,4104,0.000003,1,4104,4104,4104,0.000000
system{name="forgia_mode_roguelite::audio::sys_ding_on_currency"},C:\Users\Antoi\.cargo\registry\src\index.crates.io-1949cf8c6b5b557f\bevy_ecs-0.18.1\src\system\function_system.rs,52,5837605,0.004538,25752,226,78,159715,1181.594701
asset loading{loader="bevy_shader::shader::ShaderLoader" asset="embedded://bevy_pbr\\atmosphere\\render_sky.wgsl"},C:\Users\Antoi\.cargo\registry\src\index.crates.io-1949cf8c6b5b557f\bevy_asset-0.18.1\src\server\loaders.rs,332,149120,0.000116,2,74560,53,149067,105368.809892
asset loading{loader="forgia_genome_core::GenomeLoader<forgia_fps::FpsTuning>" asset="genomes/fps_tuning.toml"},C:\Users\Antoi\.cargo\registry\src\index.crates.io-1949cf8c6b5b557f\bevy_asset-0.18.1\src\server\loaders.rs,332,235556,0.000183,4,58889,74,175402,81566.401997
plugin finish{plugin="bevy_render::erased_render_asset::ErasedRenderAssetPlugin<bevy_pbr::mesh_material::MeshMaterial3d<bevy_pbr::extended_material::ExtendedMaterial<bevy_pbr::pbr_material::StandardMaterial, bevy_pbr::decal::forward::ForwardDecalMaterialExt>>>"},C:\Users\Antoi\.cargo\registry\src\index.crates.io-1949cf8c6b5b557f\bevy_app-0.18.1\src\app.rs,272,10819,0.000008,1,10819,10819,10819,0.000000
system_commands{name="forgia_mode_roguelite::loot_room::sys_collect_level_items"},C:\Users\Antoi\.cargo\registry\src\index.crates.io-1949cf8c6b5b557f\bevy_ecs-0.18.1\src\system\function_system.rs,54,3280291,0.002550,25752,127,53,8765,69.304540
system{name="forgia_mode_roguelite::sensor::sys_write_roguelite_state"},C:\Users\Antoi\.cargo\registry\src\index.crates.io-1949cf8c6b5b557f\bevy_ecs-0.18.1\src\system\function_system.rs,52,13367769,0.010391,27079,493,144,22395,512.636360
system_commands{name="bevy_core_pipeline::skybox::prepare_skybox_pipelines"},C:\Users\Antoi\.cargo\registry\src\index.crates.io-1949cf8c6b5b557f\bevy_ecs-0.18.1\src\system\function_system.rs,54,21969555,0.017077,27078,811,350,77404,572.086785
plugin cleanup{plugin="bevy_render::extract_component::ExtractComponentPlugin<bevy_anti_alias::contrast_adaptive_sharpening::ContrastAdaptiveSharpening>"},C:\Users\Antoi\.cargo\registry\src\index.crates.io-1949cf8c6b5b557f\bevy_app-0.18.1\src\app.rs,292,122,0.000000,1,122,122,122,0.000000
plugin cleanup{plugin="bevy_render::sync_component::SyncComponentPlugin<bevy_pbr::ssao::ScreenSpaceAmbientOcclusion>"},C:\Users\Antoi\.cargo\registry\src\index.crates.io-1949cf8c6b5b557f\bevy_app-0.18.1\src\app.rs,292,127,0.000000,1,127,127,127,0.000000
system_commands{name="forgia_mode_roguelite::weapon_select::sys_load_weapon_cards"},C:\Users\Antoi\.cargo\registry\src\index.crates.io-1949cf8c6b5b557f\bevy_ecs-0.18.1\src\system\function_system.rs,54,12828,0.000010,1,12828,12828,12828,0.000000
plugin{tag="DebugTextPlugin"},C:\Users\Antoi\.cargo\registry\src\index.crates.io-1949cf8c6b5b557f\egui-0.33.3\src\plugin.rs,145,16551073,0.012865,108316,152,49,134860,558.999514
plugin build{plugin="forgia_rpg_data::inventory::ForgiaInventoryPlugin"},C:\Users\Antoi\.cargo\registry\src\index.crates.io-1949cf8c6b5b557f\bevy_app-0.18.1\src\app.rs,529,7066,0.000005,1,7066,7066,7066,0.000000
system_commands{name="bevy_render::extract_component::prepare_uniform_components<bevy_anti_alias::contrast_adaptive_sharpening::CasUniform>"},C:\Users\Antoi\.cargo\registry\src\index.crates.io-1949cf8c6b5b557f\bevy_ecs-0.18.1\src\system\function_system.rs,54,2313892,0.001799,27078,85,50,10850,70.807408
system_commands{name="forgia_mode_roguelite::ultimate_apply::sys_tick_ultimate_freeze"},C:\Users\Antoi\.cargo\registry\src\index.crates.io-1949cf8c6b5b557f\bevy_ecs-0.18.1\src\system\function_system.rs,54,2108649,0.001639,25752,81,50,79969,565.122760
system{name="bevy_pbr::render::light::check_light_entities_needing_specialization<bevy_pbr::pbr_material::StandardMaterial>"},C:\Users\Antoi\.cargo\registry\src\index.crates.io-1949cf8c6b5b557f\bevy_ecs-0.18.1\src\system\function_system.rs,52,14967767,0.011635,27079,552,190,41313,476.358441
asset loading{loader="bevy_image::image_loader::ImageLoader" asset="ui/menu_video/frame_0110.webp"},C:\Users\Antoi\.cargo\registry\src\index.crates.io-1949cf8c6b5b557f\bevy_asset-0.18.1\src\server\loaders.rs,332,14061502,0.010930,7,2008786,79,14029879,5300805.753066
system{name="forgia_game::color_grading::sys_hot_reload"},C:\Users\Antoi\.cargo\registry\src\index.crates.io-1949cf8c6b5b557f\bevy_ecs-0.18.1\src\system\function_system.rs,52,11359391,0.008830,27079,419,63,118929,3839.691258
system{name="bevy_render::batching::gpu_preprocessing::collect_buffers_for_phase<bevy_core_pipeline::core_3d::AlphaMask3d, bevy_pbr::render::mesh::MeshPipeline>"},C:\Users\Antoi\.cargo\registry\src\index.crates.io-1949cf8c6b5b557f\bevy_ecs-0.18.1\src\system\function_system.rs,52,29491161,0.022924,27078,1089,369,38324,461.282388
plugin finish{plugin="bevy_render::extract_component::ExtractComponentPlugin<bevy_anti_alias::fxaa::Fxaa>"},C:\Users\Antoi\.cargo\registry\src\index.crates.io-1949cf8c6b5b557f\bevy_app-0.18.1\src\app.rs,272,57,0.000000,1,57,57,57,0.000000
non_indexed_gpu_metadata,C:\Users\Antoi\.cargo\registry\src\index.crates.io-1949cf8c6b5b557f\bevy_render-0.18.1\src\batching\gpu_preprocessing.rs,2139,26693489,0.020749,243702,109,47,57401,244.927547
asset loading{loader="bevy_shader::shader::ShaderLoader" asset="embedded://bevy_pbr\\atmosphere\\functions.wgsl"},C:\Users\Antoi\.cargo\registry\src\index.crates.io-1949cf8c6b5b557f\bevy_asset-0.18.1\src\server\loaders.rs,332,897144,0.000697,2,448572,61,897083,634290.339074
system{name="bevy_audio::audio_output::update_listener_positions"},C:\Users\Antoi\.cargo\registry\src\index.crates.io-1949cf8c6b5b557f\bevy_ecs-0.18.1\src\system\function_system.rs,52,19665332,0.015286,27079,726,175,98607,718.854761
asset loading{loader="bevy_image::image_loader::ImageLoader" asset="ui/menu_video/frame_0097.webp"},C:\Users\Antoi\.cargo\registry\src\index.crates.io-1949cf8c6b5b557f\bevy_asset-0.18.1\src\server\loaders.rs,332,14126741,0.010981,6,2354456,155,14094471,5751411.338852
system{name="bevy_pbr::material::late_sweep_material_instances"},C:\Users\Antoi\.cargo\registry\src\index.crates.io-1949cf8c6b5b557f\bevy_ecs-0.18.1\src\system\function_system.rs,52,10147701,0.007888,27078,374,130,61949,408.387765
plugin build{plugin="bevy_render::sync_component::SyncComponentPlugin<bevy_post_process::effect_stack::ChromaticAberration>"},C:\Users\Antoi\.cargo\registry\src\index.crates.io-1949cf8c6b5b557f\bevy_app-0.18.1\src\app.rs,529,7156,0.000006,1,7156,7156,7156,0.000000
system{name="forgia_mode_roguelite::pipeline_warmup::sys_clear_warmup"},C:\Users\Antoi\.cargo\registry\src\index.crates.io-1949cf8c6b5b557f\bevy_ecs-0.18.1\src\system\function_system.rs,52,1413,0.000001,1,1413,1413,1413,0.000000
system{name="bevy_core_pipeline::upscaling::prepare_view_upscaling_pipelines"},C:\Users\Antoi\.cargo\registry\src\index.crates.io-1949cf8c6b5b557f\bevy_ecs-0.18.1\src\system\function_system.rs,52,160699706,0.124913,27078,5934,654,71199811,478378.210426
plugin finish{plugin="bevy_render::render_phase::BinnedRenderPhasePlugin<bevy_core_pipeline::prepass::Opaque3dPrepass, bevy_pbr::render::mesh::MeshPipeline>"},C:\Users\Antoi\.cargo\registry\src\index.crates.io-1949cf8c6b5b557f\bevy_app-0.18.1\src\app.rs,272,102,0.000000,1,102,102,102,0.000000
system{name="bevy_render::batching::gpu_preprocessing::batch_and_prepare_binned_render_phase<bevy_core_pipeline::deferred::Opaque3dDeferred, bevy_pbr::render::mesh::MeshPipeline>"},C:\Users\Antoi\.cargo\registry\src\index.crates.io-1949cf8c6b5b557f\bevy_ecs-0.18.1\src\system\function_system.rs,52,19006260,0.014774,27078,701,275,66849,711.823386
asset loading{loader="bevy_shader::shader::ShaderLoader" asset="embedded://bevy_pbr\\render/pbr_types.wgsl"},C:\Users\Antoi\.cargo\registry\src\index.crates.io-1949cf8c6b5b557f\bevy_asset-0.18.1\src\server\loaders.rs,332,245062,0.000190,2,122531,65,244997,173193.078130
system{name="forgia_stage::load_stage_genomes"},C:\Users\Antoi\.cargo\registry\src\index.crates.io-1949cf8c6b5b557f\bevy_ecs-0.18.1\src\system\function_system.rs,52,704435,0.000548,1,704435,704435,704435,0.000000
plugin finish{plugin="forgia_effects::arena_feedback::ArenaFeedbackPlugin"},C:\Users\Antoi\.cargo\registry\src\index.crates.io-1949cf8c6b5b557f\bevy_app-0.18.1\src\app.rs,272,55,0.000000,1,55,55,55,0.000000
system_commands{name="forgia_rpg_data::dialogue::end_sessions"},C:\Users\Antoi\.cargo\registry\src\index.crates.io-1949cf8c6b5b557f\bevy_ecs-0.18.1\src\system\function_system.rs,54,2061255,0.001602,27079,76,50,11118,87.428177
system{name="bevy_hanabi::render::clear_transient_batch_inputs"},C:\Users\Antoi\.cargo\registry\src\index.crates.io-1949cf8c6b5b557f\bevy_ecs-0.18.1\src\system\function_system.rs,52,13299923,0.010338,27078,491,78,380022,2311.210381
system{name="bevy_asset::assets::Assets<forgia_genome_core::Genome<forgia_player::PlayerMovementTuning>>::asset_events_condition"},C:\Users\Antoi\.cargo\registry\src\index.crates.io-1949cf8c6b5b557f\bevy_ecs-0.18.1\src\system\function_system.rs,52,2128379,0.001654,27079,78,54,4015,47.318654
system_commands{name="bevy_post_process::dof::prepare_depth_of_field_view_bind_group_layouts"},C:\Users\Antoi\.cargo\registry\src\index.crates.io-1949cf8c6b5b557f\bevy_ecs-0.18.1\src\system\function_system.rs,54,2283134,0.001775,27078,84,50,4405,37.829457
asset loading{loader="bevy_image::image_loader::ImageLoader" asset="ui/menu_video/frame_0122.webp"},C:\Users\Antoi\.cargo\registry\src\index.crates.io-1949cf8c6b5b557f\bevy_asset-0.18.1\src\server\loaders.rs,332,14829462,0.011527,5,2965892,106,14784322,6606710.458697
asset loading{loader="bevy_gltf::loader::GltfLoader" asset="models/kaykit/hexagon/red/building_castle_red.gltf"},C:\Users\Antoi\.cargo\registry\src\index.crates.io-1949cf8c6b5b557f\bevy_asset-0.18.1\src\server\loaders.rs,332,446309,0.000347,7,63758,94,358225,131496.023739
plugin build{plugin="bevy_light::LightPlugin"},C:\Users\Antoi\.cargo\registry\src\index.crates.io-1949cf8c6b5b557f\bevy_app-0.18.1\src\app.rs,529,111508,0.000087,1,111508,111508,111508,0.000000
system{name="bevy_core_pipeline::core_3d::configure_occlusion_culling_view_targets"},C:\Users\Antoi\.cargo\registry\src\index.crates.io-1949cf8c6b5b557f\bevy_ecs-0.18.1\src\system\function_system.rs,52,11119804,0.008644,27078,410,94,49765,380.100121
system{name="forgia_fps::ammo_systems::cancel_reload_on_weapon_switch"},C:\Users\Antoi\.cargo\registry\src\index.crates.io-1949cf8c6b5b557f\bevy_ecs-0.18.1\src\system\function_system.rs,52,5458565,0.004243,25752,211,70,90062,620.932084
system{name="forgia_mode_roguelite::boucherie_rocket::sys_draw_trajectory_preview"},C:\Users\Antoi\.cargo\registry\src\index.crates.io-1949cf8c6b5b557f\bevy_ecs-0.18.1\src\system\function_system.rs,52,20293169,0.015774,25752,788,240,98014,1348.362815
system{name="forgia_stage::floor_merge::sys_drain_merge_spawn_queue"},C:\Users\Antoi\.cargo\registry\src\index.crates.io-1949cf8c6b5b557f\bevy_ecs-0.18.1\src\system\function_system.rs,52,12048413,0.009365,27079,444,126,94269,624.065659
asset loading{loader="bevy_gltf::loader::GltfLoader" asset="models/weapons/forgia/pepin.glb"},C:\Users\Antoi\.cargo\registry\src\index.crates.io-1949cf8c6b5b557f\bevy_asset-0.18.1\src\server\loaders.rs,332,382596029,0.297395,4,95649007,98,382511520,191241679.257770
system_commands{name="bevy_state::state_scoped::despawn_entities_on_enter_state<forgia_core::states::GameMode>"},C:\Users\Antoi\.cargo\registry\src\index.crates.io-1949cf8c6b5b557f\bevy_ecs-0.18.1\src\system\function_system.rs,54,1629139,0.001266,27080,60,50,970,18.208051
node{name="bevy_render::render_graph::node::ViewNodeRunner<bevy_post_process::dof::DepthOfFieldNode>"},C:\Users\Antoi\.cargo\registry\src\index.crates.io-1949cf8c6b5b557f\bevy_render-0.18.1\src\renderer\graph_runner.rs,240,6617480,0.005144,54156,122,58,50695,227.644534
node{name="bevy_pbr::render::gpu_preprocess::EarlyPrepassBuildIndirectParametersNode"},C:\Users\Antoi\.cargo\registry\src\index.crates.io-1949cf8c6b5b557f\bevy_render-0.18.1\src\renderer\graph_runner.rs,240,97601065,0.075866,54156,1802,75,45742,896.219804
system{name="forgia_mode_roguelite::status_vfx::sys_follow_status_vfx"},C:\Users\Antoi\.cargo\registry\src\index.crates.io-1949cf8c6b5b557f\bevy_ecs-0.18.1\src\system\function_system.rs,52,8878583,0.006901,25752,344,86,191473,1288.978361
asset loading{loader="bevy_image::image_loader::ImageLoader" asset="ui/menu_video/frame_0117.webp"},C:\Users\Antoi\.cargo\registry\src\index.crates.io-1949cf8c6b5b557f\bevy_asset-0.18.1\src\server\loaders.rs,332,14374517,0.011173,6,2395752,140,14339469,5851203.957478
plugin build{plugin="bevy_hanabi::plugin::HanabiPlugin"},C:\Users\Antoi\.cargo\registry\src\index.crates.io-1949cf8c6b5b557f\bevy_app-0.18.1\src\app.rs,529,298231,0.000232,1,298231,298231,298231,0.000000
system{name="bevy_pbr::material::sweep_entities_needing_specialization<bevy_pbr::extended_material::ExtendedMaterial<bevy_pbr::pbr_material::StandardMaterial, bevy_water::water::material::WaterMaterial>>"},C:\Users\Antoi\.cargo\registry\src\index.crates.io-1949cf8c6b5b557f\bevy_ecs-0.18.1\src\system\function_system.rs,52,9812794,0.007628,27079,362,118,29154,301.921177
plugin cleanup{plugin="bevy_pbr::ssr::ScreenSpaceReflectionsPlugin"},C:\Users\Antoi\.cargo\registry\src\index.crates.io-1949cf8c6b5b557f\bevy_app-0.18.1\src\app.rs,292,55,0.000000,1,55,55,55,0.000000
system_commands{name="bevy_gizmos_render::init_line_gizmo_uniform_bind_group_layout"},C:\Users\Antoi\.cargo\registry\src\index.crates.io-1949cf8c6b5b557f\bevy_ecs-0.18.1\src\system\function_system.rs,54,2849,0.000002,1,2849,2849,2849,0.000000
asset loading{loader="bevy_shader::shader::ShaderLoader" asset="embedded://bevy_pbr\\render/pbr_fragment.wgsl"},C:\Users\Antoi\.cargo\registry\src\index.crates.io-1949cf8c6b5b557f\bevy_asset-0.18.1\src\server\loaders.rs,332,1796120,0.001396,2,898060,154,1795966,1269830.842936
system{name="bevy_asset::assets::Assets<bevy_gltf::assets::Gltf>::asset_events"},C:\Users\Antoi\.cargo\registry\src\index.crates.io-1949cf8c6b5b557f\bevy_ecs-0.18.1\src\system\function_system.rs,52,11292,0.000009,15,752,374,1999,532.688330
system_commands{name="bevy_render::extract_component::prepare_uniform_components<bevy_pbr::atmosphere::resources::GpuAtmosphere>"},C:\Users\Antoi\.cargo\registry\src\index.crates.io-1949cf8c6b5b557f\bevy_ecs-0.18.1\src\system\function_system.rs,54,2285012,0.001776,27078,84,51,3510,43.477641
plugin build{plugin="bevy_post_process::msaa_writeback::MsaaWritebackPlugin"},C:\Users\Antoi\.cargo\registry\src\index.crates.io-1949cf8c6b5b557f\bevy_app-0.18.1\src\app.rs,529,74547,0.000058,1,74547,74547,74547,0.000000
system{name="bevy_audio::audio_output::cleanup_finished_audio<bevy_audio::audio_source::AudioSource>"},C:\Users\Antoi\.cargo\registry\src\index.crates.io-1949cf8c6b5b557f\bevy_ecs-0.18.1\src\system\function_system.rs,52,14836113,0.011532,27079,547,192,93664,776.594443
plugin finish{plugin="bevy_ui::picking_backend::UiPickingPlugin"},C:\Users\Antoi\.cargo\registry\src\index.crates.io-1949cf8c6b5b557f\bevy_app-0.18.1\src\app.rs,272,55,0.000000,1,55,55,55,0.000000
plugin build{plugin="bevy_render::render_phase::BinnedRenderPhasePlugin<bevy_core_pipeline::deferred::Opaque3dDeferred, bevy_pbr::render::mesh::MeshPipeline>"},C:\Users\Antoi\.cargo\registry\src\index.crates.io-1949cf8c6b5b557f\bevy_app-0.18.1\src\app.rs,529,37199,0.000029,1,37199,37199,37199,0.000000
system{name="bevy_pbr::material::add_material_bind_group_allocator<bevy_pbr::extended_material::ExtendedMaterial<bevy_pbr::pbr_material::StandardMaterial, bevy_pbr::decal::forward::ForwardDecalMaterialExt>>"},C:\Users\Antoi\.cargo\registry\src\index.crates.io-1949cf8c6b5b557f\bevy_ecs-0.18.1\src\system\function_system.rs,52,11803,0.000009,1,11803,11803,11803,0.000000
system{name="bevy_pbr::lightmap::extract_lightmaps"},C:\Users\Antoi\.cargo\registry\src\index.crates.io-1949cf8c6b5b557f\bevy_ecs-0.18.1\src\system\function_system.rs,52,23520352,0.018283,27078,868,327,12672,278.528041
system_commands{name="forgia_mode_roguelite::progress::sys_load_progress"},C:\Users\Antoi\.cargo\registry\src\index.crates.io-1949cf8c6b5b557f\bevy_ecs-0.18.1\src\system\function_system.rs,54,723,0.000001,1,723,723,723,0.000000
system{name="bevy_render::erased_render_asset::prepare_erased_assets<bevy_pbr::mesh_material::MeshMaterial3d<bevy_pbr::extended_material::ExtendedMaterial<bevy_pbr::pbr_material::StandardMaterial, bevy_pbr::decal::forward::ForwardDecalMaterialExt>>>"},C:\Users\Antoi\.cargo\registry\src\index.crates.io-1949cf8c6b5b557f\bevy_ecs-0.18.1\src\system\function_system.rs,52,30784330,0.023929,27078,1136,520,51196,590.632843
system_commands{name="forgia_ui::weapon_preview::sys_swap_weapon_preview"},C:\Users\Antoi\.cargo\registry\src\index.crates.io-1949cf8c6b5b557f\bevy_ecs-0.18.1\src\system\function_system.rs,54,148254,0.000115,1327,111,52,4031,150.829314
system{name="bevy_render::render_phase::sweep_old_entities<bevy_core_pipeline::prepass::AlphaMask3dPrepass>"},C:\Users\Antoi\.cargo\registry\src\index.crates.io-1949cf8c6b5b557f\bevy_ecs-0.18.1\src\system\function_system.rs,52,4435842,0.003448,27078,163,58,5331,88.166515
system{name="forgia_mode_roguelite::element_vfx::sys_spawn_element_impact"},C:\Users\Antoi\.cargo\registry\src\index.crates.io-1949cf8c6b5b557f\bevy_ecs-0.18.1\src\system\function_system.rs,52,19308978,0.015009,25752,749,286,82407,818.517655
system_commands{name="bevy_pbr::volumetric_fog::render::prepare_volumetric_fog_uniforms"},C:\Users\Antoi\.cargo\registry\src\index.crates.io-1949cf8c6b5b557f\bevy_ecs-0.18.1\src\system\function_system.rs,54,2674639,0.002079,27078,98,50,886,26.917359
system{name="forgia_juice_lib::fov_punch::consume_fov_impulses"},C:\Users\Antoi\.cargo\registry\src\index.crates.io-1949cf8c6b5b557f\bevy_ecs-0.18.1\src\system\function_system.rs,52,7627725,0.005929,27079,281,83,96507,647.236261
plugin cleanup{plugin="forgia_rpg_data::ForgiaRpgDataPlugin"},C:\Users\Antoi\.cargo\registry\src\index.crates.io-1949cf8c6b5b557f\bevy_app-0.18.1\src\app.rs,292,53,0.000000,1,53,53,53,0.000000
system{name="leafwing_input_manager::systems::clear_central_input_store"},C:\Users\Antoi\.cargo\registry\src\index.crates.io-1949cf8c6b5b557f\bevy_ecs-0.18.1\src\system\function_system.rs,52,48643803,0.037811,27079,1796,609,96086,1036.417055
plugin finish{plugin="forgia_viewmodel::pose::ForgiaViewmodelPosePlugin"},C:\Users\Antoi\.cargo\registry\src\index.crates.io-1949cf8c6b5b557f\bevy_app-0.18.1\src\app.rs,272,1085,0.000001,1,1085,1085,1085,0.000000
plugin cleanup{plugin="forgia_mode_roguelite::head_hitbox::RogueliteHeadHitboxPlugin"},C:\Users\Antoi\.cargo\registry\src\index.crates.io-1949cf8c6b5b557f\bevy_app-0.18.1\src\app.rs,292,56,0.000000,1,56,56,56,0.000000
system_commands{name="forgia_mode_roguelite::atmosphere::sys_ensure_atmosphere"},C:\Users\Antoi\.cargo\registry\src\index.crates.io-1949cf8c6b5b557f\bevy_ecs-0.18.1\src\system\function_system.rs,54,1998420,0.001553,25752,77,50,112222,1030.348254
system{name="bevy_egui::input::write_egui_input_system"},C:\Users\Antoi\.cargo\registry\src\index.crates.io-1949cf8c6b5b557f\bevy_ecs-0.18.1\src\system\function_system.rs,52,26992289,0.020981,27079,996,488,160230,1257.504298
system_commands{name="forgia_mode_roguelite::status_vfx::sys_detach_poison_vfx"},C:\Users\Antoi\.cargo\registry\src\index.crates.io-1949cf8c6b5b557f\bevy_ecs-0.18.1\src\system\function_system.rs,54,2707456,0.002105,25752,105,50,134352,1037.111615
system{name="bevy_anti_alias::contrast_adaptive_sharpening::prepare_cas_pipelines"},C:\Users\Antoi\.cargo\registry\src\index.crates.io-1949cf8c6b5b557f\bevy_ecs-0.18.1\src\system\function_system.rs,52,20358682,0.015825,27078,751,247,153136,1043.335414
plugin cleanup{plugin="bevy_render::extract_component::ExtractComponentPlugin<bevy_render::view::Msaa>"},C:\Users\Antoi\.cargo\registry\src\index.crates.io-1949cf8c6b5b557f\bevy_app-0.18.1\src\app.rs,292,58,0.000000,1,58,58,58,0.000000
plugin finish{plugin="bevy_render::sync_component::SyncComponentPlugin<bevy_hanabi::EffectVisibilityClass>"},C:\Users\Antoi\.cargo\registry\src\index.crates.io-1949cf8c6b5b557f\bevy_app-0.18.1\src\app.rs,272,71,0.000000,1,71,71,71,0.000000
asset loading{loader="bevy_shader::shader::ShaderLoader" asset="embedded://bevy_ui_render\\ui.wgsl"},C:\Users\Antoi\.cargo\registry\src\index.crates.io-1949cf8c6b5b557f\bevy_asset-0.18.1\src\server\loaders.rs,332,309651,0.000241,2,154825,72,309579,218854.498526
system{name="forgia_mode_roguelite::toon_config::sys_hot_reload_toon_genome"},C:\Users\Antoi\.cargo\registry\src\index.crates.io-1949cf8c6b5b557f\bevy_ecs-0.18.1\src\system\function_system.rs,52,10558085,0.008207,25752,409,84,90904,2539.026443
plugin finish{plugin="bevy_post_process::msaa_writeback::MsaaWritebackPlugin"},C:\Users\Antoi\.cargo\registry\src\index.crates.io-1949cf8c6b5b557f\bevy_app-0.18.1\src\app.rs,272,58,0.000000,1,58,58,58,0.000000
plugin cleanup{plugin="bevy_render::sync_component::SyncComponentPlugin<bevy_post_process::motion_blur::MotionBlur>"},C:\Users\Antoi\.cargo\registry\src\index.crates.io-1949cf8c6b5b557f\bevy_app-0.18.1\src\app.rs,292,52,0.000000,1,52,52,52,0.000000
asset loading{loader="bevy_shader::shader::ShaderLoader" asset="embedded://bevy_post_process\\effect_stack\\post_process.wgsl"},C:\Users\Antoi\.cargo\registry\src\index.crates.io-1949cf8c6b5b557f\bevy_asset-0.18.1\src\server\loaders.rs,332,19139,0.000015,2,9569,53,19086,13458.363385
plugin build{plugin="bevy_water::water::WaterPlugin"},C:\Users\Antoi\.cargo\registry\src\index.crates.io-1949cf8c6b5b557f\bevy_app-0.18.1\src\app.rs,529,892318,0.000694,1,892318,892318,892318,0.000000
system{name="forgia_mode_roguelite::intro_dialogue::sys_advance_intro"},C:\Users\Antoi\.cargo\registry\src\index.crates.io-1949cf8c6b5b557f\bevy_ecs-0.18.1\src\system\function_system.rs,52,8593566,0.006680,25752,333,88,87287,928.842598
schedule{name=Startup},C:\Users\Antoi\.cargo\registry\src\index.crates.io-1949cf8c6b5b557f\bevy_ecs-0.18.1\src\schedule\schedule.rs,532,16652801,0.012944,1,16652801,16652801,16652801,0.000000
plugin build{plugin="forgia_rpg_data::xp_curves::ForgiaXpCurvesPlugin"},C:\Users\Antoi\.cargo\registry\src\index.crates.io-1949cf8c6b5b557f\bevy_app-0.18.1\src\app.rs,529,13614,0.000011,1,13614,13614,13614,0.000000
asset loading{loader="bevy_image::image_loader::ImageLoader" asset="ui/menu_video/frame_0099.webp"},C:\Users\Antoi\.cargo\registry\src\index.crates.io-1949cf8c6b5b557f\bevy_asset-0.18.1\src\server\loaders.rs,332,13939786,0.010836,7,1991398,149,13904294,5253096.341994
plugin build{plugin="forgia_prefab::ForgiaPrefabPlugin"},C:\Users\Antoi\.cargo\registry\src\index.crates.io-1949cf8c6b5b557f\bevy_app-0.18.1\src\app.rs,529,20726,0.000016,1,20726,20726,20726,0.000000
system{name="forgia_mode_roguelite::ultimate_vfx::sys_spawn_ultimate_vfx"},C:\Users\Antoi\.cargo\registry\src\index.crates.io-1949cf8c6b5b557f\bevy_ecs-0.18.1\src\system\function_system.rs,52,12621880,0.009811,25752,490,179,46788,478.784456
plugin build{plugin="bevy_render::sync_component::SyncComponentPlugin<bevy_pbr::atmosphere::environment::AtmosphereEnvironmentMap>"},C:\Users\Antoi\.cargo\registry\src\index.crates.io-1949cf8c6b5b557f\bevy_app-0.18.1\src\app.rs,529,2779,0.000002,1,2779,2779,2779,0.000000
plugin cleanup{plugin="bevy_render::extract_component::ExtractComponentPlugin<bevy_post_process::bloom::settings::Bloom>"},C:\Users\Antoi\.cargo\registry\src\index.crates.io-1949cf8c6b5b557f\bevy_app-0.18.1\src\app.rs,292,102,0.000000,1,102,102,102,0.000000
system{name="bevy_render::extract_component::extract_components<bevy_pbr::atmosphere::Atmosphere>"},C:\Users\Antoi\.cargo\registry\src\index.crates.io-1949cf8c6b5b557f\bevy_ecs-0.18.1\src\system\function_system.rs,52,7064818,0.005492,27079,260,98,30987,307.921849
plugin build{plugin="forgia_assets::ForgiaAssetsPlugin"},C:\Users\Antoi\.cargo\registry\src\index.crates.io-1949cf8c6b5b557f\bevy_app-0.18.1\src\app.rs,529,39854,0.000031,1,39854,39854,39854,0.000000
system_commands{name="forgia_viewmodel::arms::spawn_arms"},C:\Users\Antoi\.cargo\registry\src\index.crates.io-1949cf8c6b5b557f\bevy_ecs-0.18.1\src\system\function_system.rs,54,2504829,0.001947,25752,97,50,107169,679.225927
system{name="forgia_effects::damage_numbers::spawn_on_hit"},C:\Users\Antoi\.cargo\registry\src\index.crates.io-1949cf8c6b5b557f\bevy_ecs-0.18.1\src\system\function_system.rs,52,10340073,0.008037,27079,381,94,16471,203.155028
system_commands{name="bevy_render::view::window::screenshot::trigger_screenshots"},C:\Users\Antoi\.cargo\registry\src\index.crates.io-1949cf8c6b5b557f\bevy_ecs-0.18.1\src\system\function_system.rs,54,2172145,0.001688,27079,80,51,151747,923.125992
system_commands{name="forgia_ui::spawn_menu_camera_permanent"},C:\Users\Antoi\.cargo\registry\src\index.crates.io-1949cf8c6b5b557f\bevy_ecs-0.18.1\src\system\function_system.rs,54,78003,0.000061,1,78003,78003,78003,0.000000
function_scope{egui::pass_state::PassState::begin_pass},C:\Users\Antoi\.cargo\registry\src\index.crates.io-1949cf8c6b5b557f\egui-0.33.3\src\pass_state.rs,262,12313851,0.009572,27079,454,176,127516,1280.622567
system_commands{name="bevy_render::view::window::screenshot::clear_screenshots"},C:\Users\Antoi\.cargo\registry\src\index.crates.io-1949cf8c6b5b557f\bevy_ecs-0.18.1\src\system\function_system.rs,54,5183128,0.004029,27079,191,58,73859,476.026039
system{name="forgia_viewmodel::pose::apply_ads_viewmodel"},C:\Users\Antoi\.cargo\registry\src\index.crates.io-1949cf8c6b5b557f\bevy_ecs-0.18.1\src\system\function_system.rs,52,30034815,0.023346,25752,1166,513,33626,601.282727
system{name="bevy_core_pipeline::core_3d::check_msaa"},C:\Users\Antoi\.cargo\registry\src\index.crates.io-1949cf8c6b5b557f\bevy_ecs-0.18.1\src\system\function_system.rs,52,8147213,0.006333,27079,300,85,26488,255.224180
asset loading{loader="forgia_genome_core::GenomeLoader<forgia_mode_fps_arena::wave::ArenaWavesGenome>" asset="genomes/arena_waves.toml"},C:\Users\Antoi\.cargo\registry\src\index.crates.io-1949cf8c6b5b557f\bevy_asset-0.18.1\src\server\loaders.rs,332,233920,0.000182,4,58480,70,186016,86837.279118
asset loading{loader="bevy_shader::shader::ShaderLoader" asset="embedded://bevy_pbr\\render/pbr_lighting.wgsl"},C:\Users\Antoi\.cargo\registry\src\index.crates.io-1949cf8c6b5b557f\bevy_asset-0.18.1\src\server\loaders.rs,332,1643807,0.001278,2,821903,104,1643703,1162199.998452
system_commands{name="bevy_pbr::atmosphere::environment::init_atmosphere_probe_pipeline"},C:\Users\Antoi\.cargo\registry\src\index.crates.io-1949cf8c6b5b557f\bevy_ecs-0.18.1\src\system\function_system.rs,54,578,0.000000,1,578,578,578,0.000000
plugin cleanup{plugin="bevy_render::extract_component::UniformComponentPlugin<bevy_anti_alias::contrast_adaptive_sharpening::CasUniform>"},C:\Users\Antoi\.cargo\registry\src\index.crates.io-1949cf8c6b5b557f\bevy_app-0.18.1\src\app.rs,292,53,0.000000,1,53,53,53,0.000000
asset loading{loader="bevy_shader::shader::ShaderLoader" asset="embedded://bevy_pbr\\prepass\\prepass_bindings.wgsl"},C:\Users\Antoi\.cargo\registry\src\index.crates.io-1949cf8c6b5b557f\bevy_asset-0.18.1\src\server\loaders.rs,332,19086,0.000015,2,9543,53,19033,13420.886707
system{name="bevy_gilrs::gilrs_system::gilrs_event_startup_system"},C:\Users\Antoi\.cargo\registry\src\index.crates.io-1949cf8c6b5b557f\bevy_ecs-0.18.1\src\system\function_system.rs,52,777,0.000001,1,777,777,777,0.000000
plugin build{plugin="forgia_viewmodel::pose::ForgiaViewmodelPosePlugin"},C:\Users\Antoi\.cargo\registry\src\index.crates.io-1949cf8c6b5b557f\bevy_app-0.18.1\src\app.rs,529,48406,0.000038,1,48406,48406,48406,0.000000
system{name="bevy_gizmos_render::pipeline_2d::init_line_gizmo_pipelines"},C:\Users\Antoi\.cargo\registry\src\index.crates.io-1949cf8c6b5b557f\bevy_ecs-0.18.1\src\system\function_system.rs,52,48227,0.000037,1,48227,48227,48227,0.000000
system{name="forgia_core::hud_visibility::gameplay_hud_visible"},C:\Users\Antoi\.cargo\registry\src\index.crates.io-1949cf8c6b5b557f\bevy_ecs-0.18.1\src\system\function_system.rs,52,10401773,0.008085,135395,76,52,13780,67.764770
system_commands{name="bevy_sprite_render::mesh2d::mesh::init_mesh_2d_pipeline"},C:\Users\Antoi\.cargo\registry\src\index.crates.io-1949cf8c6b5b557f\bevy_ecs-0.18.1\src\system\function_system.rs,54,2509,0.000002,1,2509,2509,2509,0.000000
system_commands{name="forgia_mode_roguelite::loot_room::sys_setup"},C:\Users\Antoi\.cargo\registry\src\index.crates.io-1949cf8c6b5b557f\bevy_ecs-0.18.1\src\system\function_system.rs,54,229707,0.000179,1,229707,229707,229707,0.000000
system_commands{name="forgia_mode_roguelite::ultimate_vfx::sys_spawn_ultimate_vfx"},C:\Users\Antoi\.cargo\registry\src\index.crates.io-1949cf8c6b5b557f\bevy_ecs-0.18.1\src\system\function_system.rs,54,3613689,0.002809,25752,140,57,84428,699.028324
system{name="bevy_render::batching::gpu_preprocessing::batch_and_prepare_binned_render_phase<bevy_pbr::render::light::Shadow, bevy_pbr::render::mesh::MeshPipeline>"},C:\Users\Antoi\.cargo\registry\src\index.crates.io-1949cf8c6b5b557f\bevy_ecs-0.18.1\src\system\function_system.rs,52,434432292,0.337688,27078,16043,258,164943,7594.677372
system{name="leafwing_input_manager::user_input::updating::input_is_enabled<bevy_input::gamepad::GamepadAxis>"},C:\Users\Antoi\.cargo\registry\src\index.crates.io-1949cf8c6b5b557f\bevy_ecs-0.18.1\src\system\function_system.rs,52,2336774,0.001816,27079,86,53,17695,115.174155
plugin finish{plugin="forgia_ui::weapon_preview::WeaponPreviewPlugin"},C:\Users\Antoi\.cargo\registry\src\index.crates.io-1949cf8c6b5b557f\bevy_app-0.18.1\src\app.rs,272,55,0.000000,1,55,55,55,0.000000
system{name="bevy_post_process::bloom::upsampling_pipeline::prepare_upsampling_pipeline"},C:\Users\Antoi\.cargo\registry\src\index.crates.io-1949cf8c6b5b557f\bevy_ecs-0.18.1\src\system\function_system.rs,52,6933553,0.005390,27078,256,81,28873,288.187051
plugin build{plugin="bevy_render::extract_component::ExtractComponentPlugin<bevy_render::view::Msaa>"},C:\Users\Antoi\.cargo\registry\src\index.crates.io-1949cf8c6b5b557f\bevy_app-0.18.1\src\app.rs,529,8883,0.000007,1,8883,8883,8883,0.000000
asset loading{loader="bevy_image::image_loader::ImageLoader" asset="ui/menu_video/frame_0135.webp"},C:\Users\Antoi\.cargo\registry\src\index.crates.io-1949cf8c6b5b557f\bevy_asset-0.18.1\src\server\loaders.rs,332,14667622,0.011401,7,2095374,151,14630287,5527378.765852
system_commands{name="forgia_ui::menu_video::setup_menu_video"},C:\Users\Antoi\.cargo\registry\src\index.crates.io-1949cf8c6b5b557f\bevy_ecs-0.18.1\src\system\function_system.rs,54,15552,0.000012,1,15552,15552,15552,0.000000
system_commands{name="forgia_mode_roguelite::ultimate_vfx::sys_init_ultimate_vfx_assets"},C:\Users\Antoi\.cargo\registry\src\index.crates.io-1949cf8c6b5b557f\bevy_ecs-0.18.1\src\system\function_system.rs,54,3568,0.000003,1,3568,3568,3568,0.000000
plugin cleanup{plugin="forgia_juice_screen_flash::ForgiaJuiceScreenFlashPlugin"},C:\Users\Antoi\.cargo\registry\src\index.crates.io-1949cf8c6b5b557f\bevy_app-0.18.1\src\app.rs,292,55,0.000000,1,55,55,55,0.000000
system{name="bevy_app::propagate::update_source<bevy_ui::ui_node::ComputedUiRenderTargetInfo, (), bevy_ecs::hierarchy::ChildOf>"},C:\Users\Antoi\.cargo\registry\src\index.crates.io-1949cf8c6b5b557f\bevy_ecs-0.18.1\src\system\function_system.rs,52,19616433,0.015248,27079,724,247,28383,436.070735
system{name="bevy_pbr::light_probe::gather_environment_map_uniform"},C:\Users\Antoi\.cargo\registry\src\index.crates.io-1949cf8c6b5b557f\bevy_ecs-0.18.1\src\system\function_system.rs,52,21608923,0.016797,27079,797,239,87121,1047.483868
system_commands{name="bevy_pbr::atmosphere::environment::prepare_atmosphere_probe_bind_groups"},C:\Users\Antoi\.cargo\registry\src\index.crates.io-1949cf8c6b5b557f\bevy_ecs-0.18.1\src\system\function_system.rs,54,2924617,0.002273,27078,108,54,3193,43.907513
asset loading{loader="bevy_image::image_loader::ImageLoader" asset="ui/menu_video/frame_0106.webp"},C:\Users\Antoi\.cargo\registry\src\index.crates.io-1949cf8c6b5b557f\bevy_asset-0.18.1\src\server\loaders.rs,332,13971140,0.010860,6,2328523,81,13936920,5686931.450871
plugin finish{plugin="bevy_render::texture::TexturePlugin"},C:\Users\Antoi\.cargo\registry\src\index.crates.io-1949cf8c6b5b557f\bevy_app-0.18.1\src\app.rs,272,490901,0.000382,1,490901,490901,490901,0.000000
plugins{tag="on_end_pass"},C:\Users\Antoi\.cargo\registry\src\index.crates.io-1949cf8c6b5b557f\egui-0.33.3\src\plugin.rs,158,262409956,0.203973,27079,9690,6051,163802,3906.003479
system_commands{name="forgia_mode_roguelite::elements::sys_tick_element_status"},C:\Users\Antoi\.cargo\registry\src\index.crates.io-1949cf8c6b5b557f\bevy_ecs-0.18.1\src\system\function_system.rs,54,1170971,0.000910,7533,155,52,25325,300.437786
system{name="forgia_mode_roguelite::enemy_rig_debug::sys_draw_enemy_bones"},C:\Users\Antoi\.cargo\registry\src\index.crates.io-1949cf8c6b5b557f\bevy_ecs-0.18.1\src\system\function_system.rs,52,16953652,0.013178,25752,658,218,134417,1058.240910
system{name="forgia_ui_lib::damage_direction::tick_damage_arcs"},C:\Users\Antoi\.cargo\registry\src\index.crates.io-1949cf8c6b5b557f\bevy_ecs-0.18.1\src\system\function_system.rs,52,5668257,0.004406,27079,209,79,21769,165.926289
system_commands{name="forgia_mode_roguelite::mushrooms::sys_reconcile_mushrooms"},C:\Users\Antoi\.cargo\registry\src\index.crates.io-1949cf8c6b5b557f\bevy_ecs-0.18.1\src\system\function_system.rs,54,2280214,0.001772,25752,88,50,414071,2601.211076
system{name="bevy_sprite_render::render::prepare_sprite_view_bind_groups"},C:\Users\Antoi\.cargo\registry\src\index.crates.io-1949cf8c6b5b557f\bevy_ecs-0.18.1\src\system\function_system.rs,52,730548841,0.567861,27078,26979,7388,4407421,39911.099531
system{name="bevy_asset::assets::Assets<bevy_shader::shader::Shader>::asset_events_condition"},C:\Users\Antoi\.cargo\registry\src\index.crates.io-1949cf8c6b5b557f\bevy_ecs-0.18.1\src\system\function_system.rs,52,2446787,0.001902,27079,90,56,52729,326.178321
system_commands{name="bevy_gizmos_render::pipeline_2d::init_line_gizmo_pipelines"},C:\Users\Antoi\.cargo\registry\src\index.crates.io-1949cf8c6b5b557f\bevy_ecs-0.18.1\src\system\function_system.rs,54,996,0.000001,1,996,996,996,0.000000
system{name="bevy_pbr::prepass::prepare_prepass_view_bind_group"},C:\Users\Antoi\.cargo\registry\src\index.crates.io-1949cf8c6b5b557f\bevy_ecs-0.18.1\src\system\function_system.rs,52,715899217,0.556474,27078,26438,5676,832213,19138.468976
plugin cleanup{plugin="bevy_state::app::StatesPlugin"},C:\Users\Antoi\.cargo\registry\src\index.crates.io-1949cf8c6b5b557f\bevy_app-0.18.1\src\app.rs,292,55,0.000000,1,55,55,55,0.000000
system{name="bevy_light::point_light::update_point_light_frusta"},C:\Users\Antoi\.cargo\registry\src\index.crates.io-1949cf8c6b5b557f\bevy_ecs-0.18.1\src\system\function_system.rs,52,61665584,0.047933,27079,2277,880,81448,1012.958320
asset loading{loader="bevy_gltf::loader::GltfLoader" asset="models/kaykit/dungeon/floor_dirt.glb"},C:\Users\Antoi\.cargo\registry\src\index.crates.io-1949cf8c6b5b557f\bevy_asset-0.18.1\src\server\loaders.rs,332,4731931,0.003678,4,1182982,156,4717332,2356242.114435
asset loading{loader="bevy_kira_audio::source::ogg_loader::OggLoader" asset="audio/roguelite/sfx/impact.ogg"},C:\Users\Antoi\.cargo\registry\src\index.crates.io-1949cf8c6b5b557f\bevy_asset-0.18.1\src\server\loaders.rs,332,654107,0.000508,4,163526,76,627646,309615.305395
system{name="bevy_render::render_asset::prepare_assets<bevy_render::texture::gpu_image::GpuImage>"},C:\Users\Antoi\.cargo\registry\src\index.crates.io-1949cf8c6b5b557f\bevy_ecs-0.18.1\src\system\function_system.rs,52,3178594578,2.470747,27078,117386,216,57030209,532731.812884
plugin cleanup{plugin="forgia_viewmodel::fade::ForgiaViewmodelFadePlugin"},C:\Users\Antoi\.cargo\registry\src\index.crates.io-1949cf8c6b5b557f\bevy_app-0.18.1\src\app.rs,292,54,0.000000,1,54,54,54,0.000000
system{name="forgia_mode_roguelite::identity::sys_init_identity"},C:\Users\Antoi\.cargo\registry\src\index.crates.io-1949cf8c6b5b557f\bevy_ecs-0.18.1\src\system\function_system.rs,52,5314,0.000004,1,5314,5314,5314,0.000000
plugin cleanup{plugin="bevy_pbr::render::fog::FogPlugin"},C:\Users\Antoi\.cargo\registry\src\index.crates.io-1949cf8c6b5b557f\bevy_app-0.18.1\src\app.rs,292,56,0.000000,1,56,56,56,0.000000
system{name="bevy_ui_render::gradient::init_gradient_pipeline"},C:\Users\Antoi\.cargo\registry\src\index.crates.io-1949cf8c6b5b557f\bevy_ecs-0.18.1\src\system\function_system.rs,52,35093,0.000027,1,35093,35093,35093,0.000000
asset loading{loader="bevy_shader::shader::ShaderLoader" asset="embedded://bevy_pbr\\deferred\\deferred_lighting.wgsl"},C:\Users\Antoi\.cargo\registry\src\index.crates.io-1949cf8c6b5b557f\bevy_asset-0.18.1\src\server\loaders.rs,332,108221,0.000084,2,54110,55,108166,76446.021224
plugin cleanup{plugin="bevy_gizmos_render::pipeline_3d::LineGizmo3dPlugin"},C:\Users\Antoi\.cargo\registry\src\index.crates.io-1949cf8c6b5b557f\bevy_app-0.18.1\src\app.rs,292,55,0.000000,1,55,55,55,0.000000
system{name="bevy_pbr::ssao::prepare_ssao_bind_groups"},C:\Users\Antoi\.cargo\registry\src\index.crates.io-1949cf8c6b5b557f\bevy_ecs-0.18.1\src\system\function_system.rs,52,14622836,0.011366,27078,540,140,128148,982.663511
plugin cleanup{plugin="forgia_ui_lib::hud::barks::WeaponBarksPlugin"},C:\Users\Antoi\.cargo\registry\src\index.crates.io-1949cf8c6b5b557f\bevy_app-0.18.1\src\app.rs,292,52,0.000000,1,52,52,52,0.000000
asset loading{loader="bevy_gltf::loader::GltfLoader" asset="models/kaykit/hexagon/neutral/building_grain.gltf"},C:\Users\Antoi\.cargo\registry\src\index.crates.io-1949cf8c6b5b557f\bevy_asset-0.18.1\src\server\loaders.rs,332,184706,0.000144,7,26386,59,92047,32501.471213
plugin cleanup{plugin="bevy_render::sync_component::SyncComponentPlugin<bevy_anti_alias::taa::TemporalAntiAliasing>"},C:\Users\Antoi\.cargo\registry\src\index.crates.io-1949cf8c6b5b557f\bevy_app-0.18.1\src\app.rs,292,106,0.000000,1,106,106,106,0.000000
system_commands{name="bevy_render::extract_component::extract_components<bevy_core_pipeline::skybox::Skybox>"},C:\Users\Antoi\.cargo\registry\src\index.crates.io-1949cf8c6b5b557f\bevy_ecs-0.18.1\src\system\function_system.rs,54,42347984,0.032917,27078,1563,650,64415,899.255106
plugin finish{plugin="forgia_ui_lib::quest_journal::ForgiaUiQuestPlugin"},C:\Users\Antoi\.cargo\registry\src\index.crates.io-1949cf8c6b5b557f\bevy_app-0.18.1\src\app.rs,272,55,0.000000,1,55,55,55,0.000000
asset loading{loader="bevy_gltf::loader::GltfLoader" asset="models/environment/inferno/PedestalBig_001.glb"},C:\Users\Antoi\.cargo\registry\src\index.crates.io-1949cf8c6b5b557f\bevy_asset-0.18.1\src\server\loaders.rs,332,6994985,0.005437,5,1398997,169,6983092,3121604.875965
plugin build{plugin="bevy_render::extract_component::ExtractComponentPlugin<bevy_post_process::effect_stack::ChromaticAberration>"},C:\Users\Antoi\.cargo\registry\src\index.crates.io-1949cf8c6b5b557f\bevy_app-0.18.1\src\app.rs,529,17421,0.000014,1,17421,17421,17421,0.000000
asset loading{loader="bevy_image::image_loader::ImageLoader" asset="ui/menu_video/frame_0130.webp"},C:\Users\Antoi\.cargo\registry\src\index.crates.io-1949cf8c6b5b557f\bevy_asset-0.18.1\src\server\loaders.rs,332,14991448,0.011653,6,2498574,191,14958026,6103861.195150
plugin finish{plugin="bevy_render::extract_component::ExtractComponentPlugin<forgia_postprocess::toon::ToonSettings>"},C:\Users\Antoi\.cargo\registry\src\index.crates.io-1949cf8c6b5b557f\bevy_app-0.18.1\src\app.rs,272,60,0.000000,1,60,60,60,0.000000
system_commands{name="bevy_render::extract_component::extract_components<bevy_render::gpu_readback::Readback>"},C:\Users\Antoi\.cargo\registry\src\index.crates.io-1949cf8c6b5b557f\bevy_ecs-0.18.1\src\system\function_system.rs,54,19508793,0.015164,27078,720,209,48444,543.164580
system{name="forgia_rpg_data::boons::load_boons_catalogue"},C:\Users\Antoi\.cargo\registry\src\index.crates.io-1949cf8c6b5b557f\bevy_ecs-0.18.1\src\system\function_system.rs,52,46897,0.000036,1,46897,46897,46897,0.000000
plugin finish{plugin="bevy_state::app::StatesPlugin"},C:\Users\Antoi\.cargo\registry\src\index.crates.io-1949cf8c6b5b557f\bevy_app-0.18.1\src\app.rs,272,55,0.000000,1,55,55,55,0.000000
plugin cleanup{plugin="bevy_gilrs::GilrsPlugin"},C:\Users\Antoi\.cargo\registry\src\index.crates.io-1949cf8c6b5b557f\bevy_app-0.18.1\src\app.rs,292,55,0.000000,1,55,55,55,0.000000
system{name="forgia_mode_roguelite::hub::sync_forge_arm_preview"},C:\Users\Antoi\.cargo\registry\src\index.crates.io-1949cf8c6b5b557f\bevy_ecs-0.18.1\src\system\function_system.rs,52,18691,0.000015,91,205,96,502,78.637848
system_commands{name="bevy_state::state_scoped::despawn_entities_on_enter_state<forgia_core::states::AppMode>"},C:\Users\Antoi\.cargo\registry\src\index.crates.io-1949cf8c6b5b557f\bevy_ecs-0.18.1\src\system\function_system.rs,54,1815458,0.001411,27080,67,51,23472,147.774467
plugin build{plugin="bevy_render::render_phase::BinnedRenderPhasePlugin<bevy_core_pipeline::prepass::AlphaMask3dPrepass, bevy_pbr::render::mesh::MeshPipeline>"},C:\Users\Antoi\.cargo\registry\src\index.crates.io-1949cf8c6b5b557f\bevy_app-0.18.1\src\app.rs,529,28442,0.000022,1,28442,28442,28442,0.000000
plugin build{plugin="forgia_juice_screen_flash::ForgiaJuiceScreenFlashPlugin"},C:\Users\Antoi\.cargo\registry\src\index.crates.io-1949cf8c6b5b557f\bevy_app-0.18.1\src\app.rs,529,176825,0.000137,1,176825,176825,176825,0.000000
system{name="bevy_sprite_render::mesh2d::material::extract_mesh_materials_2d<bevy_sprite_render::tilemap_chunk::tilemap_chunk_material::TilemapChunkMaterial>"},C:\Users\Antoi\.cargo\registry\src\index.crates.io-1949cf8c6b5b557f\bevy_ecs-0.18.1\src\system\function_system.rs,52,20857575,0.016213,27079,770,155,68953,631.838641
asset loading{loader="bevy_gltf::loader::GltfLoader" asset="models/arms/fps_arm_L.glb"},C:\Users\Antoi\.cargo\registry\src\index.crates.io-1949cf8c6b5b557f\bevy_asset-0.18.1\src\server\loaders.rs,332,1943179,0.001510,4,485794,108,1936625,967224.229861
plugin finish{plugin="bevy_render::extract_component::UniformComponentPlugin<bevy_pbr::atmosphere::resources::GpuAtmosphere>"},C:\Users\Antoi\.cargo\registry\src\index.crates.io-1949cf8c6b5b557f\bevy_app-0.18.1\src\app.rs,272,58,0.000000,1,58,58,58,0.000000
system_commands{name="bevy_audio::audio_output::cleanup_finished_audio<bevy_audio::audio_source::AudioSource>"},C:\Users\Antoi\.cargo\registry\src\index.crates.io-1949cf8c6b5b557f\bevy_ecs-0.18.1\src\system\function_system.rs,54,2920995,0.002271,27079,107,50,7449,57.596239
system_commands{name="bevy_core_pipeline::core_3d::extract_camera_prepass_phase"},C:\Users\Antoi\.cargo\registry\src\index.crates.io-1949cf8c6b5b557f\bevy_ecs-0.18.1\src\system\function_system.rs,54,64747862,0.050329,27078,2391,795,97505,1011.645363
system{name="bevy_asset::assets::Assets<bevy_asset::folder::LoadedFolder>::asset_events_condition"},C:\Users\Antoi\.cargo\registry\src\index.crates.io-1949cf8c6b5b557f\bevy_ecs-0.18.1\src\system\function_system.rs,52,2544432,0.001978,27079,93,52,9646,81.882070
system{name="forgia_effects::hitmarker::draw_white_flash"},C:\Users\Antoi\.cargo\registry\src\index.crates.io-1949cf8c6b5b557f\bevy_ecs-0.18.1\src\system\function_system.rs,52,8208274,0.006380,27079,303,77,16016,270.633686
system{name="bevy_asset::assets::Assets<forgia_genome_core::Genome<forgia_mode_fps_arena::wave::ArenaWavesGenome>>::asset_events_condition"},C:\Users\Antoi\.cargo\registry\src\index.crates.io-1949cf8c6b5b557f\bevy_ecs-0.18.1\src\system\function_system.rs,52,2055462,0.001598,27079,75,52,52995,326.908654
system{name="bevy_picking::hover::update_interactions"},C:\Users\Antoi\.cargo\registry\src\index.crates.io-1949cf8c6b5b557f\bevy_ecs-0.18.1\src\system\function_system.rs,52,75250736,0.058493,27079,2778,271,38419,713.281819
plugin finish{plugin="forgia_mode_roguelite::progress::PlayerProgressPlugin"},C:\Users\Antoi\.cargo\registry\src\index.crates.io-1949cf8c6b5b557f\bevy_app-0.18.1\src\app.rs,272,72,0.000000,1,72,72,72,0.000000
plugin finish{plugin="forgia_mode_fps_arena::ForgiaModeFpsArenaPlugin"},C:\Users\Antoi\.cargo\registry\src\index.crates.io-1949cf8c6b5b557f\bevy_app-0.18.1\src\app.rs,272,57,0.000000,1,57,57,57,0.000000
plugin finish{plugin="bevy_sprite_render::SpriteRenderPlugin"},C:\Users\Antoi\.cargo\registry\src\index.crates.io-1949cf8c6b5b557f\bevy_app-0.18.1\src\app.rs,272,55,0.000000,1,55,55,55,0.000000
system{name="forgia_mode_roguelite::audio::sys_hot_reload_audio_genome"},C:\Users\Antoi\.cargo\registry\src\index.crates.io-1949cf8c6b5b557f\bevy_ecs-0.18.1\src\system\function_system.rs,52,10854588,0.008437,25752,421,92,88295,2838.687129
main_transparent_pass_2d,C:\Users\Antoi\.cargo\registry\src\index.crates.io-1949cf8c6b5b557f\bevy_core_pipeline-0.18.1\src\core_2d\main_transparent_pass_2d_node.rs,66,179589261,0.139596,27078,6632,844,148481,4505.076541
plugin build{plugin="bevy_sprite::picking_backend::SpritePickingPlugin"},C:\Users\Antoi\.cargo\registry\src\index.crates.io-1949cf8c6b5b557f\bevy_app-0.18.1\src\app.rs,529,14607,0.000011,1,14607,14607,14607,0.000000
system_commands{name="forgia_mode_roguelite::merchant::sys_calibrate_merchant"},C:\Users\Antoi\.cargo\registry\src\index.crates.io-1949cf8c6b5b557f\bevy_ecs-0.18.1\src\system\function_system.rs,54,2435036,0.001893,25752,94,50,67971,503.072375
system{name="bevy_state::state_scoped::despawn_entities_on_enter_state<forgia_core::states::AppMode>"},C:\Users\Antoi\.cargo\registry\src\index.crates.io-1949cf8c6b5b557f\bevy_ecs-0.18.1\src\system\function_system.rs,52,8153613,0.006338,27080,301,73,68842,460.842225
plugin build{plugin="bevy_ui::accessibility::AccessibilityPlugin"},C:\Users\Antoi\.cargo\registry\src\index.crates.io-1949cf8c6b5b557f\bevy_app-0.18.1\src\app.rs,529,13172,0.000010,1,13172,13172,13172,0.000000
plugin build{plugin="bevy_core_pipeline::tonemapping::TonemappingPlugin"},C:\Users\Antoi\.cargo\registry\src\index.crates.io-1949cf8c6b5b557f\bevy_app-0.18.1\src\app.rs,529,10269005,0.007982,1,10269005,10269005,10269005,0.000000
plugin cleanup{plugin="forgia_game::cyber_city::CyberCityDemoPlugin"},C:\Users\Antoi\.cargo\registry\src\index.crates.io-1949cf8c6b5b557f\bevy_app-0.18.1\src\app.rs,292,55,0.000000,1,55,55,55,0.000000
system{name="forgia_mode_roguelite::boss_portal::sys_ground_portal"},C:\Users\Antoi\.cargo\registry\src\index.crates.io-1949cf8c6b5b557f\bevy_ecs-0.18.1\src\system\function_system.rs,52,14090577,0.010953,25752,547,162,85824,647.201835
system{name="bevy_render::erased_render_asset::extract_erased_render_asset<bevy_pbr::mesh_material::MeshMaterial3d<bevy_pbr::extended_material::ExtendedMaterial<bevy_pbr::pbr_material::StandardMaterial, bevy_water::water::material::WaterMaterial>>>"},C:\Users\Antoi\.cargo\registry\src\index.crates.io-1949cf8c6b5b557f\bevy_ecs-0.18.1\src\system\function_system.rs,52,335887754,0.261088,27078,12404,8014,481031,4025.651890
asset loading{loader="bevy_gltf::loader::GltfLoader" asset="models/environment/inferno/WellSmall_001.glb"},C:\Users\Antoi\.cargo\registry\src\index.crates.io-1949cf8c6b5b557f\bevy_asset-0.18.1\src\server\loaders.rs,332,33820165,0.026289,5,6764033,173,33776998,15100716.296469
schedule{name=Update},C:\Users\Antoi\.cargo\registry\src\index.crates.io-1949cf8c6b5b557f\bevy_ecs-0.18.1\src\schedule\schedule.rs,532,19128628094,14.868834,27079,706400,257251,36528945,393127.408509
system{name="<bevy_render::sync_world::SyncWorldPlugin as bevy_app::plugin::Plugin>::build::{{closure}}"},C:\Users\Antoi\.cargo\registry\src\index.crates.io-1949cf8c6b5b557f\bevy_ecs-0.18.1\src\system\function_system.rs,52,25762,0.000020,190,135,58,1885,246.658344
plugin finish{plugin="bevy_render::extract_component::UniformComponentPlugin<bevy_anti_alias::contrast_adaptive_sharpening::CasUniform>"},C:\Users\Antoi\.cargo\registry\src\index.crates.io-1949cf8c6b5b557f\bevy_app-0.18.1\src\app.rs,272,53,0.000000,1,53,53,53,0.000000
system_commands{name="forgia_mode_fps_arena::wave::load_arena_waves_genome"},C:\Users\Antoi\.cargo\registry\src\index.crates.io-1949cf8c6b5b557f\bevy_ecs-0.18.1\src\system\function_system.rs,54,5072,0.000004,1,5072,5072,5072,0.000000
system_commands{name="bevy_rapier3d::plugin::systems::multiple_rapier_contexts::on_change_context"},C:\Users\Antoi\.cargo\registry\src\index.crates.io-1949cf8c6b5b557f\bevy_ecs-0.18.1\src\system\function_system.rs,54,1332405,0.001036,7925,168,69,75354,858.216298
plugin build{plugin="forgia_core::ForgiaCorePlugin"},C:\Users\Antoi\.cargo\registry\src\index.crates.io-1949cf8c6b5b557f\bevy_app-0.18.1\src\app.rs,529,212475,0.000165,1,212475,212475,212475,0.000000
plugin build{plugin="forgia_game::cyber_city::CyberCityDemoPlugin"},C:\Users\Antoi\.cargo\registry\src\index.crates.io-1949cf8c6b5b557f\bevy_app-0.18.1\src\app.rs,529,58643,0.000046,1,58643,58643,58643,0.000000
system_commands{name="forgia_ui::weapon_preview::sys_spawn_arm_preview"},C:\Users\Antoi\.cargo\registry\src\index.crates.io-1949cf8c6b5b557f\bevy_ecs-0.18.1\src\system\function_system.rs,54,494989,0.000385,1,494989,494989,494989,0.000000
system_commands{name="forgia_player::despawn_player"},C:\Users\Antoi\.cargo\registry\src\index.crates.io-1949cf8c6b5b557f\bevy_ecs-0.18.1\src\system\function_system.rs,54,82,0.000000,1,82,82,82,0.000000
plugin build{plugin="bevy_post_process::bloom::BloomPlugin"},C:\Users\Antoi\.cargo\registry\src\index.crates.io-1949cf8c6b5b557f\bevy_app-0.18.1\src\app.rs,529,114142,0.000089,1,114142,114142,114142,0.000000
system{name="forgia_mode_roguelite::elements::sys_init_element_genome"},C:\Users\Antoi\.cargo\registry\src\index.crates.io-1949cf8c6b5b557f\bevy_ecs-0.18.1\src\system\function_system.rs,52,549596,0.000427,1,549596,549596,549596,0.000000
function_scope{epaint::tessellator::Tessellator::tessellate_shapes},C:\Users\Antoi\.cargo\registry\src\index.crates.io-1949cf8c6b5b557f\epaint-0.33.3\src\tessellator.rs,2211,3302737108,2.567244,27079,121966,8590,1498282,38669.152606
solve_character_collision_impulses,C:\Users\Antoi\.cargo\registry\src\index.crates.io-1949cf8c6b5b557f\rapier3d-0.31.0\src\control\character_controller.rs,823,878675,0.000683,7532,116,47,13161,354.399034
system{name="forgia_ui_lib::pause_menu::reset_submenu_on_pause"},C:\Users\Antoi\.cargo\registry\src\index.crates.io-1949cf8c6b5b557f\bevy_ecs-0.18.1\src\system\function_system.rs,52,474,0.000000,1,474,474,474,0.000000
system{name="bevy_state::state::transitions::run_exit<forgia_mode_roguelite::run::RunState>"},C:\Users\Antoi\.cargo\registry\src\index.crates.io-1949cf8c6b5b557f\bevy_ecs-0.18.1\src\system\function_system.rs,52,2644255,0.002055,27080,97,59,346604,2106.480915
system{name="bevy_ui::accessibility::calc_bounds"},C:\Users\Antoi\.cargo\registry\src\index.crates.io-1949cf8c6b5b557f\bevy_ecs-0.18.1\src\system\function_system.rs,52,5705714,0.004435,27079,210,70,45402,299.213739
asset loading{loader="bevy_gltf::loader::GltfLoader" asset="models/kaykit/dungeon/wall.glb"},C:\Users\Antoi\.cargo\registry\src\index.crates.io-1949cf8c6b5b557f\bevy_asset-0.18.1\src\server\loaders.rs,332,4141913,0.003220,4,1035478,103,4130887,2063608.596045
asset loading{loader="bevy_gltf::loader::GltfLoader" asset="models/environment/inferno/RockMid_002.glb"},C:\Users\Antoi\.cargo\registry\src\index.crates.io-1949cf8c6b5b557f\bevy_asset-0.18.1\src\server\loaders.rs,332,6311853,0.004906,4,1577963,97,6295543,3145057.989778
system{name="forgia_mode_roguelite::poi::sys_init_poi_genome"},C:\Users\Antoi\.cargo\registry\src\index.crates.io-1949cf8c6b5b557f\bevy_ecs-0.18.1\src\system\function_system.rs,52,2907141,0.002260,1,2907141,2907141,2907141,0.000000
system{name="forgia_mode_roguelite::run::sys_magnetize_pickups_on_break"},C:\Users\Antoi\.cargo\registry\src\index.crates.io-1949cf8c6b5b557f\bevy_ecs-0.18.1\src\system\function_system.rs,52,11982202,0.009314,25752,465,141,66649,516.273502
system{name="bevy_gizmos::clear_gizmo_context<bevy_gizmos::light::LightGizmoConfigGroup, bevy_time::fixed::Fixed>"},C:\Users\Antoi\.cargo\registry\src\index.crates.io-1949cf8c6b5b557f\bevy_ecs-0.18.1\src\system\function_system.rs,52,1095985,0.000852,7925,138,61,1429,44.354876
asset loading{loader="bevy_shader::shader::ShaderLoader" asset="embedded://bevy_anti_alias\\fxaa\\fxaa.wgsl"},C:\Users\Antoi\.cargo\registry\src\index.crates.io-1949cf8c6b5b557f\bevy_asset-0.18.1\src\server\loaders.rs,332,379112,0.000295,2,189556,69,379043,267975.085293
system{name="bevy_pbr::render::light::check_views_lights_need_specialization"},C:\Users\Antoi\.cargo\registry\src\index.crates.io-1949cf8c6b5b557f\bevy_ecs-0.18.1\src\system\function_system.rs,52,35713102,0.027760,27078,1318,196,51131,880.225881
asset loading{loader="bevy_image::image_loader::ImageLoader" asset="ui/menu_video/frame_0090.webp"},C:\Users\Antoi\.cargo\registry\src\index.crates.io-1949cf8c6b5b557f\bevy_asset-0.18.1\src\server\loaders.rs,332,13886442,0.010794,6,2314407,183,13852775,5652625.589917
system{name="forgia_enemy_nameplate::billboard_to_camera"},C:\Users\Antoi\.cargo\registry\src\index.crates.io-1949cf8c6b5b557f\bevy_ecs-0.18.1\src\system\function_system.rs,52,44598438,0.034667,27079,1646,294,137218,1594.751950
system{name="bevy_asset::assets::Assets<forgia_genome_core::Genome<forgia_viewmodel::genome::ViewmodelGenome>>::asset_events_condition"},C:\Users\Antoi\.cargo\registry\src\index.crates.io-1949cf8c6b5b557f\bevy_ecs-0.18.1\src\system\function_system.rs,52,2380169,0.001850,27079,87,55,10527,96.287331
system{name="bevy_light::cluster::assign::assign_objects_to_clusters"},C:\Users\Antoi\.cargo\registry\src\index.crates.io-1949cf8c6b5b557f\bevy_ecs-0.18.1\src\system\function_system.rs,52,1900344770,1.477153,27079,70177,22674,3234190,28648.387470
system{name="bevy_render::batching::sort_binned_render_phase<bevy_core_pipeline::prepass::AlphaMask3dPrepass>"},C:\Users\Antoi\.cargo\registry\src\index.crates.io-1949cf8c6b5b557f\bevy_ecs-0.18.1\src\system\function_system.rs,52,4789369,0.003723,27078,176,61,5385,99.149638
system{name="forgia_qa_core::plugin::install_record_sink"},C:\Users\Antoi\.cargo\registry\src\index.crates.io-1949cf8c6b5b557f\bevy_ecs-0.18.1\src\system\function_system.rs,52,4359472,0.003389,1,4359472,4359472,4359472,0.000000
system{name="bevy_hanabi::render::on_remove_cached_draw_indirect_args"},C:\Users\Antoi\.cargo\registry\src\index.crates.io-1949cf8c6b5b557f\bevy_ecs-0.18.1\src\system\function_system.rs,52,1170,0.000001,4,292,68,914,414.720790
system_commands{name="bevy_picking::input::spawn_mouse_pointer"},C:\Users\Antoi\.cargo\registry\src\index.crates.io-1949cf8c6b5b557f\bevy_ecs-0.18.1\src\system\function_system.rs,54,37391,0.000029,1,37391,37391,37391,0.000000
asset loading{loader="bevy_shader::shader::ShaderLoader" asset="embedded://bevy_ui_render\\ui_texture_slice.wgsl"},C:\Users\Antoi\.cargo\registry\src\index.crates.io-1949cf8c6b5b557f\bevy_asset-0.18.1\src\server\loaders.rs,332,174953,0.000136,2,87476,56,174897,123631.256731
plugin finish{plugin="bevy_rapier3d::render::RapierDebugRenderPlugin"},C:\Users\Antoi\.cargo\registry\src\index.crates.io-1949cf8c6b5b557f\bevy_app-0.18.1\src\app.rs,272,55,0.000000,1,55,55,55,0.000000
plugin cleanup{plugin="forgia_ui::weapon_preview::WeaponPreviewPlugin"},C:\Users\Antoi\.cargo\registry\src\index.crates.io-1949cf8c6b5b557f\bevy_app-0.18.1\src\app.rs,292,54,0.000000,1,54,54,54,0.000000
plugin build{plugin="forgia_mode_roguelite::identity::IdentityPlugin"},C:\Users\Antoi\.cargo\registry\src\index.crates.io-1949cf8c6b5b557f\bevy_app-0.18.1\src\app.rs,529,496034,0.000386,1,496034,496034,496034,0.000000
system{name="bevy_pbr::render::mesh::check_views_need_specialization"},C:\Users\Antoi\.cargo\registry\src\index.crates.io-1949cf8c6b5b557f\bevy_ecs-0.18.1\src\system\function_system.rs,52,44723332,0.034764,27078,1651,772,214930,1717.394726
system_commands{name="bevy_pbr::light_probe::generate::extract_generated_environment_map_entities"},C:\Users\Antoi\.cargo\registry\src\index.crates.io-1949cf8c6b5b557f\bevy_ecs-0.18.1\src\system\function_system.rs,54,2774966,0.002157,27078,102,52,80650,693.541678
plugin finish{plugin="bevy_anti_alias::AntiAliasPlugin"},C:\Users\Antoi\.cargo\registry\src\index.crates.io-1949cf8c6b5b557f\bevy_app-0.18.1\src\app.rs,272,59,0.000000,1,59,59,59,0.000000
asset loading{loader="bevy_kira_audio::source::ogg_loader::OggLoader" asset="audio/roguelite/sfx/kill.ogg"},C:\Users\Antoi\.cargo\registry\src\index.crates.io-1949cf8c6b5b557f\bevy_asset-0.18.1\src\server\loaders.rs,332,1239150,0.000963,4,309787,81,1231623,614560.159782
system{name="bevy_render::erased_render_asset::extract_erased_render_asset<bevy_pbr::mesh_material::MeshMaterial3d<bevy_pbr::extended_material::ExtendedMaterial<bevy_pbr::pbr_material::StandardMaterial, bevy_pbr::decal::forward::ForwardDecalMaterialExt>>>"},C:\Users\Antoi\.cargo\registry\src\index.crates.io-1949cf8c6b5b557f\bevy_ecs-0.18.1\src\system\function_system.rs,52,28671411,0.022287,27079,1058,462,74113,589.103891
node{name="bevy_pbr::render::light::LateShadowPassNode"},C:\Users\Antoi\.cargo\registry\src\index.crates.io-1949cf8c6b5b557f\bevy_render-0.18.1\src\renderer\graph_runner.rs,240,17176178,0.013351,54156,317,70,10723,191.761173
function_scope{<egui::plugin::CallbackPlugin as egui::plugin::Plugin>::on_begin_pass},C:\Users\Antoi\.cargo\registry\src\index.crates.io-1949cf8c6b5b557f\egui-0.33.3\src\plugin.rs,231,11001503,0.008552,27079,406,78,117916,1261.305272
system{name="bevy_core_pipeline::oit::resolve::queue_oit_resolve_pipeline"},C:\Users\Antoi\.cargo\registry\src\index.crates.io-1949cf8c6b5b557f\bevy_ecs-0.18.1\src\system\function_system.rs,52,19614938,0.015247,27078,724,297,85469,616.481050
asset loading{loader="bevy_image::image_loader::ImageLoader" asset="ui/menu_video/frame_0047.webp"},C:\Users\Antoi\.cargo\registry\src\index.crates.io-1949cf8c6b5b557f\bevy_asset-0.18.1\src\server\loaders.rs,332,15694828,0.012200,7,2242118,143,15660434,5916923.312344
plugin finish{plugin="bevy_render::render_phase::BinnedRenderPhasePlugin<bevy_pbr::render::light::Shadow, bevy_pbr::render::mesh::MeshPipeline>"},C:\Users\Antoi\.cargo\registry\src\index.crates.io-1949cf8c6b5b557f\bevy_app-0.18.1\src\app.rs,272,63,0.000000,1,63,63,63,0.000000
system{name="forgia_mode_roguelite::elements::sys_write_elements_sensor"},C:\Users\Antoi\.cargo\registry\src\index.crates.io-1949cf8c6b5b557f\bevy_ecs-0.18.1\src\system\function_system.rs,52,10326508,0.008027,27079,381,147,91728,771.239851
asset loading{loader="bevy_image::image_loader::ImageLoader" asset="ui/menu_video/frame_0131.webp"},C:\Users\Antoi\.cargo\registry\src\index.crates.io-1949cf8c6b5b557f\bevy_asset-0.18.1\src\server\loaders.rs,332,14774579,0.011484,5,2954915,165,14740029,6588082.203229
plugin finish{plugin="bevy_winit::accessibility::AccessKitPlugin"},C:\Users\Antoi\.cargo\registry\src\index.crates.io-1949cf8c6b5b557f\bevy_app-0.18.1\src\app.rs,272,56,0.000000,1,56,56,56,0.000000
node{name="bevy_render::render_graph::node::ViewNodeRunner<bevy_core_pipeline::deferred::node::LateDeferredGBufferPrepassNode>"},C:\Users\Antoi\.cargo\registry\src\index.crates.io-1949cf8c6b5b557f\bevy_render-0.18.1\src\renderer\graph_runner.rs,240,13937267,0.010834,54156,257,60,81547,395.132971
plugin cleanup{plugin="forgia_juice_lib::fov_punch::ForgiaJuiceFovPunchPlugin"},C:\Users\Antoi\.cargo\registry\src\index.crates.io-1949cf8c6b5b557f\bevy_app-0.18.1\src\app.rs,292,53,0.000000,1,53,53,53,0.000000
system{name="forgia_worldgen::sys_worldgen_input"},C:\Users\Antoi\.cargo\registry\src\index.crates.io-1949cf8c6b5b557f\bevy_ecs-0.18.1\src\system\function_system.rs,52,19449606,0.015118,25752,755,292,86501,653.421759
system{name="bevy_asset::assets::Assets<bevy_gltf::assets::GltfNode>::asset_events_condition"},C:\Users\Antoi\.cargo\registry\src\index.crates.io-1949cf8c6b5b557f\bevy_ecs-0.18.1\src\system\function_system.rs,52,4024734,0.003128,27079,148,55,4188,82.022094
asset loading{loader="bevy_image::image_loader::ImageLoader" asset="ui/menu_video/frame_0033.webp"},C:\Users\Antoi\.cargo\registry\src\index.crates.io-1949cf8c6b5b557f\bevy_asset-0.18.1\src\server\loaders.rs,332,15289634,0.011885,6,2548272,126,15262653,6228750.350372
plugin cleanup{plugin="bevy_render::storage::StoragePlugin"},C:\Users\Antoi\.cargo\registry\src\index.crates.io-1949cf8c6b5b557f\bevy_app-0.18.1\src\app.rs,292,55,0.000000,1,55,55,55,0.000000
system_commands{name="bevy_picking::hover::update_is_directly_hovered"},C:\Users\Antoi\.cargo\registry\src\index.crates.io-1949cf8c6b5b557f\bevy_ecs-0.18.1\src\system\function_system.rs,54,2370563,0.001843,27079,87,51,3561,45.715425
update,C:\Users\Antoi\.cargo\registry\src\index.crates.io-1949cf8c6b5b557f\rapier3d-0.31.0\src\dynamics\solver\joint_constraint\joint_constraints_set.rs,328,2323716,0.001806,31700,73,46,4757,64.903691
plugin build{plugin="forgia_ui_lib::hud_ammo::ForgiaUiHudAmmoPlugin"},C:\Users\Antoi\.cargo\registry\src\index.crates.io-1949cf8c6b5b557f\bevy_app-0.18.1\src\app.rs,529,56237,0.000044,1,56237,56237,56237,0.000000
plugin build{plugin="bevy_post_process::dof::DepthOfFieldPlugin"},C:\Users\Antoi\.cargo\registry\src\index.crates.io-1949cf8c6b5b557f\bevy_app-0.18.1\src\app.rs,529,61988,0.000048,1,61988,61988,61988,0.000000
plugin build{plugin="forgia_ui_lib::hud::confidence::ConfidenceHudPlugin"},C:\Users\Antoi\.cargo\registry\src\index.crates.io-1949cf8c6b5b557f\bevy_app-0.18.1\src\app.rs,529,64652,0.000050,1,64652,64652,64652,0.000000
system{name="forgia_mode_roguelite::enemy_scaling::sys_write_enemy_scaling_sensor"},C:\Users\Antoi\.cargo\registry\src\index.crates.io-1949cf8c6b5b557f\bevy_ecs-0.18.1\src\system\function_system.rs,52,5867287,0.004561,27079,216,73,30235,254.387317
plugin finish{plugin="bevy_sprite_render::tilemap_chunk::tilemap_chunk_material::TilemapChunkMaterialPlugin"},C:\Users\Antoi\.cargo\registry\src\index.crates.io-1949cf8c6b5b557f\bevy_app-0.18.1\src\app.rs,272,53,0.000000,1,53,53,53,0.000000
system{name="bevy_pbr::light_probe::gather_light_probes<bevy_light::probe::IrradianceVolume>"},C:\Users\Antoi\.cargo\registry\src\index.crates.io-1949cf8c6b5b557f\bevy_ecs-0.18.1\src\system\function_system.rs,52,29131451,0.022644,27079,1075,438,83901,728.706249
system{name="bevy_asset::assets::Assets<forgia_genome_core::Genome<forgia_damage::HitFeedbackTuning>>::track_assets"},C:\Users\Antoi\.cargo\registry\src\index.crates.io-1949cf8c6b5b557f\bevy_ecs-0.18.1\src\system\function_system.rs,52,31164243,0.024224,27079,1150,187,1621207,11446.708869
system_commands{name="bevy_render::extract_component::prepare_uniform_components<bevy_post_process::bloom::downsampling_pipeline::BloomUniforms>"},C:\Users\Antoi\.cargo\registry\src\index.crates.io-1949cf8c6b5b557f\bevy_ecs-0.18.1\src\system\function_system.rs,54,2457568,0.001910,27078,90,50,121083,750.913190
system{name="bevy_egui::render::systems::prepare_egui_transforms_system"},C:\Users\Antoi\.cargo\registry\src\index.crates.io-1949cf8c6b5b557f\bevy_ecs-0.18.1\src\system\function_system.rs,52,345964976,0.268921,27078,12776,1794,440813,14880.830473
plugin build{plugin="forgia_juice_lib::camera_shake::ForgiaJuiceCameraShakePlugin"},C:\Users\Antoi\.cargo\registry\src\index.crates.io-1949cf8c6b5b557f\bevy_app-0.18.1\src\app.rs,529,17230,0.000013,1,17230,17230,17230,0.000000
plugin build{plugin="bevy_render::mesh::MeshRenderAssetPlugin"},C:\Users\Antoi\.cargo\registry\src\index.crates.io-1949cf8c6b5b557f\bevy_app-0.18.1\src\app.rs,529,62552,0.000049,1,62552,62552,62552,0.000000
system{name="bevy_render::batching::sort_binned_render_phase<bevy_pbr::render::light::Shadow>"},C:\Users\Antoi\.cargo\registry\src\index.crates.io-1949cf8c6b5b557f\bevy_ecs-0.18.1\src\system\function_system.rs,52,34197586,0.026582,27078,1262,72,145292,1430.835047
asset loading{loader="bevy_shader::shader::ShaderLoader" asset="embedded://bevy_pbr\\light_probe\\environment_map.wgsl"},C:\Users\Antoi\.cargo\registry\src\index.crates.io-1949cf8c6b5b557f\bevy_asset-0.18.1\src\server\loaders.rs,332,451364,0.000351,2,225682,67,451297,319067.792875
plugin build{plugin="bevy_pbr::material::MaterialsPlugin"},C:\Users\Antoi\.cargo\registry\src\index.crates.io-1949cf8c6b5b557f\bevy_app-0.18.1\src\app.rs,529,452348,0.000352,1,452348,452348,452348,0.000000
plugin finish{plugin="bevy_pbr::material::MaterialPlugin<bevy_pbr::extended_material::ExtendedMaterial<bevy_pbr::pbr_material::StandardMaterial, bevy_pbr::decal::forward::ForwardDecalMaterialExt>>"},C:\Users\Antoi\.cargo\registry\src\index.crates.io-1949cf8c6b5b557f\bevy_app-0.18.1\src\app.rs,272,129,0.000000,1,129,129,129,0.000000
plugin cleanup{plugin="forgia_rpg::ForgiaRpgPlugin"},C:\Users\Antoi\.cargo\registry\src\index.crates.io-1949cf8c6b5b557f\bevy_app-0.18.1\src\app.rs,292,51,0.000000,1,51,51,51,0.000000
system{name="forgia_mode_roguelite::poi::sys_lava_tick"},C:\Users\Antoi\.cargo\registry\src\index.crates.io-1949cf8c6b5b557f\bevy_ecs-0.18.1\src\system\function_system.rs,52,9654975,0.007505,25752,374,96,83397,778.451135
system{name="<bevy_input::gamepad::GamepadButton as leafwing_input_manager::user_input::updating::UpdatableInput>::compute"},C:\Users\Antoi\.cargo\registry\src\index.crates.io-1949cf8c6b5b557f\bevy_ecs-0.18.1\src\system\function_system.rs,52,14621720,0.011366,27079,539,139,65649,525.237586
schedule{name=OnEnter(Lobby)},C:\Users\Antoi\.cargo\registry\src\index.crates.io-1949cf8c6b5b557f\bevy_ecs-0.18.1\src\schedule\schedule.rs,532,347399,0.000270,1,347399,347399,347399,0.000000
system{name="bevy_picking::hover::generate_hovermap"},C:\Users\Antoi\.cargo\registry\src\index.crates.io-1949cf8c6b5b557f\bevy_ecs-0.18.1\src\system\function_system.rs,52,86945220,0.067583,27079,3210,932,180839,2008.955462
plugin cleanup{plugin="forgia_anim_debug::ForgiaAnimDebugPlugin"},C:\Users\Antoi\.cargo\registry\src\index.crates.io-1949cf8c6b5b557f\bevy_app-0.18.1\src\app.rs,292,52,0.000000,1,52,52,52,0.000000
asset loading{loader="bevy_image::image_loader::ImageLoader" asset="ui/menu_video/frame_0104.webp"},C:\Users\Antoi\.cargo\registry\src\index.crates.io-1949cf8c6b5b557f\bevy_asset-0.18.1\src\server\loaders.rs,332,14005551,0.010887,6,2334258,143,13970915,5700776.892060
system{name="forgia_mode_roguelite::element_vfx::sys_init_element_bursts"},C:\Users\Antoi\.cargo\registry\src\index.crates.io-1949cf8c6b5b557f\bevy_ecs-0.18.1\src\system\function_system.rs,52,272734,0.000212,1,272734,272734,272734,0.000000
system{name="bevy_render::render_resource::pipeline_cache::PipelineCache::extract_shaders"},C:\Users\Antoi\.cargo\registry\src\index.crates.io-1949cf8c6b5b557f\bevy_ecs-0.18.1\src\system\function_system.rs,52,12053388,0.009369,27079,445,137,407641,2593.461929
system{name="forgia_observability::rpg_player_sensor::sys_write_rpg_player_sensor"},C:\Users\Antoi\.cargo\registry\src\index.crates.io-1949cf8c6b5b557f\bevy_ecs-0.18.1\src\system\function_system.rs,52,9055250,0.007039,27079,334,106,23926,287.450229
system{name="bevy_render::view::window::create_surfaces"},C:\Users\Antoi\.cargo\registry\src\index.crates.io-1949cf8c6b5b557f\bevy_ecs-0.18.1\src\system\function_system.rs,52,153008693,0.118935,1,153008693,153008693,153008693,0.000000
plugin cleanup{plugin="bevy_egui::EguiPlugin"},C:\Users\Antoi\.cargo\registry\src\index.crates.io-1949cf8c6b5b557f\bevy_app-0.18.1\src\app.rs,292,55,0.000000,1,55,55,55,0.000000
system{name="forgia_mode_roguelite::loot_room::sys_portal_walkover"},C:\Users\Antoi\.cargo\registry\src\index.crates.io-1949cf8c6b5b557f\bevy_ecs-0.18.1\src\system\function_system.rs,52,21821263,0.016962,25752,847,349,141282,1260.065725
system_commands{name="bevy_light::cluster::assign::assign_objects_to_clusters"},C:\Users\Antoi\.cargo\registry\src\index.crates.io-1949cf8c6b5b557f\bevy_ecs-0.18.1\src\system\function_system.rs,54,5462863,0.004246,27079,201,66,229796,1472.582787
system{name="forgia_mode_roguelite::progress::sys_load_progress"},C:\Users\Antoi\.cargo\registry\src\index.crates.io-1949cf8c6b5b557f\bevy_ecs-0.18.1\src\system\function_system.rs,52,4285787,0.003331,1,4285787,4285787,4285787,0.000000
system{name="bevy_state::state_scoped::despawn_entities_on_enter_state<forgia_mode_roguelite::run::RunState>"},C:\Users\Antoi\.cargo\registry\src\index.crates.io-1949cf8c6b5b557f\bevy_ecs-0.18.1\src\system\function_system.rs,52,9244079,0.007185,27080,341,135,4828,83.305954
plugin finish{plugin="bevy_render::extract_component::ExtractComponentPlugin<bevy_pbr::atmosphere::environment::AtmosphereEnvironmentMap>"},C:\Users\Antoi\.cargo\registry\src\index.crates.io-1949cf8c6b5b557f\bevy_app-0.18.1\src\app.rs,272,55,0.000000,1,55,55,55,0.000000
plugin build{plugin="forgia_mode_roguelite::enemy_scaling::RogueliteEnemyScalingPlugin"},C:\Users\Antoi\.cargo\registry\src\index.crates.io-1949cf8c6b5b557f\bevy_app-0.18.1\src\app.rs,529,19393,0.000015,1,19393,19393,19393,0.000000
system{name="bevy_pbr::prepass::update_mesh_previous_global_transforms"},C:\Users\Antoi\.cargo\registry\src\index.crates.io-1949cf8c6b5b557f\bevy_ecs-0.18.1\src\system\function_system.rs,52,1288532228,1.001586,27079,47584,10429,2785108,70148.333907
plugin cleanup{plugin="bevy_core_pipeline::core_2d::Core2dPlugin"},C:\Users\Antoi\.cargo\registry\src\index.crates.io-1949cf8c6b5b557f\bevy_app-0.18.1\src\app.rs,292,55,0.000000,1,55,55,55,0.000000
system{name="bevy_state::state::transitions::run_enter<forgia_core::states::AppMode>"},C:\Users\Antoi\.cargo\registry\src\index.crates.io-1949cf8c6b5b557f\bevy_ecs-0.18.1\src\system\function_system.rs,52,4657174,0.003620,27080,171,59,1796591,11163.705297
asset loading{loader="bevy_shader::shader::ShaderLoader" asset="embedded://bevy_pbr\\render\\skinning.wgsl"},C:\Users\Antoi\.cargo\registry\src\index.crates.io-1949cf8c6b5b557f\bevy_asset-0.18.1\src\server\loaders.rs,332,161122,0.000125,2,80561,63,161059,113841.363344
asset loading{loader="bevy_image::image_loader::ImageLoader" asset="ui/menu_video/frame_0105.webp"},C:\Users\Antoi\.cargo\registry\src\index.crates.io-1949cf8c6b5b557f\bevy_asset-0.18.1\src\server\loaders.rs,332,13930306,0.010828,6,2321717,3549,13891617,5668071.872244
asset loading{loader="bevy_image::image_loader::ImageLoader" asset="ui/menu_video/frame_0109.webp"},C:\Users\Antoi\.cargo\registry\src\index.crates.io-1949cf8c6b5b557f\bevy_asset-0.18.1\src\server\loaders.rs,332,14778427,0.011487,6,2463071,111,14747880,6018304.225743
system_commands{name="forgia_effects::weapon_vfx::setup_weapon_vfx"},C:\Users\Antoi\.cargo\registry\src\index.crates.io-1949cf8c6b5b557f\bevy_ecs-0.18.1\src\system\function_system.rs,54,145550,0.000113,1,145550,145550,145550,0.000000
system{name="forgia_asset_registry::save_dirty_registry"},C:\Users\Antoi\.cargo\registry\src\index.crates.io-1949cf8c6b5b557f\bevy_ecs-0.18.1\src\system\function_system.rs,52,7494790,0.005826,27079,276,87,16097,172.004743
system_commands{name="forgia_mode_roguelite::ultimate_config::sys_init_ultimate_genome"},C:\Users\Antoi\.cargo\registry\src\index.crates.io-1949cf8c6b5b557f\bevy_ecs-0.18.1\src\system\function_system.rs,54,8700,0.000007,1,8700,8700,8700,0.000000
system{name="bevy_asset::assets::Assets<forgia_genome_core::Genome<forgia_rpg_data::boons::BoonsCatalogue>>::asset_events"},C:\Users\Antoi\.cargo\registry\src\index.crates.io-1949cf8c6b5b557f\bevy_ecs-0.18.1\src\system\function_system.rs,52,678,0.000001,1,678,678,678,0.000000
system{name="forgia_observability::migration_baseline::sys_load_previous_baseline"},C:\Users\Antoi\.cargo\registry\src\index.crates.io-1949cf8c6b5b557f\bevy_ecs-0.18.1\src\system\function_system.rs,52,1460386,0.001135,1,1460386,1460386,1460386,0.000000
plugin cleanup{plugin="bevy_render::extract_component::ExtractComponentPlugin<bevy_pbr::fog::DistanceFog>"},C:\Users\Antoi\.cargo\registry\src\index.crates.io-1949cf8c6b5b557f\bevy_app-0.18.1\src\app.rs,292,52,0.000000,1,52,52,52,0.000000
system{name="forgia_mode_roguelite::hub::on_enclume_tab"},C:\Users\Antoi\.cargo\registry\src\index.crates.io-1949cf8c6b5b557f\bevy_ecs-0.18.1\src\system\function_system.rs,52,3558394,0.002766,27079,131,54,4595,61.047489
plugin cleanup{plugin="bevy_pbr::material::MaterialsPlugin"},C:\Users\Antoi\.cargo\registry\src\index.crates.io-1949cf8c6b5b557f\bevy_app-0.18.1\src\app.rs,292,57,0.000000,1,57,57,57,0.000000
asset loading{loader="bevy_gltf::loader::GltfLoader" asset="models/kaykit/hexagon/red/building_barracks_red.gltf"},C:\Users\Antoi\.cargo\registry\src\index.crates.io-1949cf8c6b5b557f\bevy_asset-0.18.1\src\server\loaders.rs,332,304385,0.000237,8,38048,59,219391,75006.100212
plugin build{plugin="bevy_render::extract_resource::ExtractResourcePlugin<bevy_camera::clear_color::ClearColor>"},C:\Users\Antoi\.cargo\registry\src\index.crates.io-1949cf8c6b5b557f\bevy_app-0.18.1\src\app.rs,529,9930,0.000008,1,9930,9930,9930,0.000000
system_commands{name="forgia_mode_roguelite::status_vfx::sys_detach_shock_vfx"},C:\Users\Antoi\.cargo\registry\src\index.crates.io-1949cf8c6b5b557f\bevy_ecs-0.18.1\src\system\function_system.rs,54,2028496,0.001577,25752,78,50,34413,352.181181
system{name="bevy_ui::widget::viewport::viewport_picking"},C:\Users\Antoi\.cargo\registry\src\index.crates.io-1949cf8c6b5b557f\bevy_ecs-0.18.1\src\system\function_system.rs,52,38842118,0.030192,27079,1434,369,81994,913.696284
asset loading{loader="bevy_gltf::loader::GltfLoader" asset="models/kaykit/hexagon/red/building_lumbermill_red.gltf"},C:\Users\Antoi\.cargo\registry\src\index.crates.io-1949cf8c6b5b557f\bevy_asset-0.18.1\src\server\loaders.rs,332,403564,0.000314,8,50445,63,285719,99972.163223
asset loading{loader="bevy_image::image_loader::ImageLoader" asset="ui/menu_video/frame_0004.webp"},C:\Users\Antoi\.cargo\registry\src\index.crates.io-1949cf8c6b5b557f\bevy_asset-0.18.1\src\server\loaders.rs,332,15747807,0.012241,4,3936951,101,15728811,7861243.102369
system{name="bevy_render::render_resource::pipeline_cache::PipelineCache::process_pipeline_queue_system"},C:\Users\Antoi\.cargo\registry\src\index.crates.io-1949cf8c6b5b557f\bevy_ecs-0.18.1\src\system\function_system.rs,52,13885198,0.010793,27078,512,242,115819,907.971527
system{name="bevy_animation::transition::expire_completed_transitions"},C:\Users\Antoi\.cargo\registry\src\index.crates.io-1949cf8c6b5b557f\bevy_ecs-0.18.1\src\system\function_system.rs,52,11377586,0.008844,27079,420,95,61561,514.061250
plugin build{plugin="bevy_render::sync_component::SyncComponentPlugin<bevy_render::experimental::occlusion_culling::OcclusionCulling>"},C:\Users\Antoi\.cargo\registry\src\index.crates.io-1949cf8c6b5b557f\bevy_app-0.18.1\src\app.rs,529,3357,0.000003,1,3357,3357,3357,0.000000
plugin build{plugin="forgia_ui_lib::theme::ForgeThemePlugin"},C:\Users\Antoi\.cargo\registry\src\index.crates.io-1949cf8c6b5b557f\bevy_app-0.18.1\src\app.rs,529,34685,0.000027,1,34685,34685,34685,0.000000
system_commands{name="bevy_rapier3d::plugin::plugin::setup_rapier_configuration"},C:\Users\Antoi\.cargo\registry\src\index.crates.io-1949cf8c6b5b557f\bevy_ecs-0.18.1\src\system\function_system.rs,54,813603,0.000632,7926,102,52,524,23.098126
system{name="bevy_render::view::window::screenshot::trigger_screenshots"},C:\Users\Antoi\.cargo\registry\src\index.crates.io-1949cf8c6b5b557f\bevy_ecs-0.18.1\src\system\function_system.rs,52,14654813,0.011391,27079,541,216,54338,482.272807
asset loading{loader="bevy_shader::shader::ShaderLoader" asset="embedded://bevy_sprite_render\\mesh2d\\mesh2d_vertex_output.wgsl"},C:\Users\Antoi\.cargo\registry\src\index.crates.io-1949cf8c6b5b557f\bevy_asset-0.18.1\src\server\loaders.rs,332,30163,0.000023,2,15081,54,30109,21252.094320
system_commands{name="forgia_mode_roguelite::poi::sys_loot_vault_walkover"},C:\Users\Antoi\.cargo\registry\src\index.crates.io-1949cf8c6b5b557f\bevy_ecs-0.18.1\src\system\function_system.rs,54,3788088,0.002945,25752,147,50,138137,1391.876676
system{name="bevy_post_process::effect_stack::prepare_post_processing_uniforms"},C:\Users\Antoi\.cargo\registry\src\index.crates.io-1949cf8c6b5b557f\bevy_ecs-0.18.1\src\system\function_system.rs,52,10896378,0.008470,27078,402,114,99600,666.234542
plugin cleanup{plugin="bevy_render::pipelined_rendering::PipelinedRenderingPlugin"},C:\Users\Antoi\.cargo\registry\src\index.crates.io-1949cf8c6b5b557f\bevy_app-0.18.1\src\app.rs,292,53191,0.000041,1,53191,53191,53191,0.000000
plugin finish{plugin="bevy_render::sync_component::SyncComponentPlugin<bevy_light::directional_light::DirectionalLight>"},C:\Users\Antoi\.cargo\registry\src\index.crates.io-1949cf8c6b5b557f\bevy_app-0.18.1\src\app.rs,272,55,0.000000,1,55,55,55,0.000000
plugin finish{plugin="forgia_ui_lib::hud::coffre_forgeron::CoffreForgeronPlugin"},C:\Users\Antoi\.cargo\registry\src\index.crates.io-1949cf8c6b5b557f\bevy_app-0.18.1\src\app.rs,272,58,0.000000,1,58,58,58,0.000000
check_conditions{name="bevy_app::main_schedule::FixedMain::run_fixed_main"},C:\Users\Antoi\.cargo\registry\src\index.crates.io-1949cf8c6b5b557f\bevy_ecs-0.18.1\src\schedule\executor\single_threaded.rs,83,2148255,0.001670,7925,271,61,9505,245.473022
system{name="forgia_ui_lib::hud::confidence::draw_confidence_hearts"},C:\Users\Antoi\.cargo\registry\src\index.crates.io-1949cf8c6b5b557f\bevy_ecs-0.18.1\src\system\function_system.rs,52,31521091,0.024502,26988,1167,75,80091,1213.122592
plugin build{plugin="bevy_render::sync_component::SyncComponentPlugin<bevy_light::directional_light::DirectionalLight>"},C:\Users\Antoi\.cargo\registry\src\index.crates.io-1949cf8c6b5b557f\bevy_app-0.18.1\src\app.rs,529,13671,0.000011,1,13671,13671,13671,0.000000
system{name="bevy_text::text::detect_text_needs_rerender<bevy_ui::widget::text::Text>"},C:\Users\Antoi\.cargo\registry\src\index.crates.io-1949cf8c6b5b557f\bevy_ecs-0.18.1\src\system\function_system.rs,52,22018462,0.017115,27079,813,294,125994,809.256300
system{name="bevy_asset::assets::Assets<bevy_pbr::pbr_material::StandardMaterial>::asset_events"},C:\Users\Antoi\.cargo\registry\src\index.crates.io-1949cf8c6b5b557f\bevy_ecs-0.18.1\src\system\function_system.rs,52,23427689,0.018211,18758,1248,347,75107,961.443425
system{name="bevy_render::extract_component::prepare_uniform_components<forgia_postprocess::toon::ToonSettings>"},C:\Users\Antoi\.cargo\registry\src\index.crates.io-1949cf8c6b5b557f\bevy_ecs-0.18.1\src\system\function_system.rs,52,421800027,0.327869,27078,15577,162,490062,16707.610733
plugin cleanup{plugin="bevy_core_pipeline::deferred::copy_lighting_id::CopyDeferredLightingIdPlugin"},C:\Users\Antoi\.cargo\registry\src\index.crates.io-1949cf8c6b5b557f\bevy_app-0.18.1\src\app.rs,292,55,0.000000,1,55,55,55,0.000000
plugin build{plugin="bevy_render::render_phase::BinnedRenderPhasePlugin<bevy_pbr::render::light::Shadow, bevy_pbr::render::mesh::MeshPipeline>"},C:\Users\Antoi\.cargo\registry\src\index.crates.io-1949cf8c6b5b557f\bevy_app-0.18.1\src\app.rs,529,31918,0.000025,1,31918,31918,31918,0.000000
system{name="bevy_camera::visibility::check_visibility"},C:\Users\Antoi\.cargo\registry\src\index.crates.io-1949cf8c6b5b557f\bevy_ecs-0.18.1\src\system\function_system.rs,52,4743879962,3.687456,27079,175186,113823,6526931,86752.225225
asset loading{loader="bevy_image::image_loader::ImageLoader" asset="textures/pbr/jolcham_oak_bark_01/jolcham_oak_bark_01_nor_gl_2k.ktx2"},C:\Users\Antoi\.cargo\registry\src\index.crates.io-1949cf8c6b5b557f\bevy_asset-0.18.1\src\server\loaders.rs,332,118277422,0.091938,4,29569355,178,118266408,59131368.386664
system_commands{name="bevy_app::propagate::propagate_output<bevy_ui::ui_node::ComputedUiRenderTargetInfo, ()>"},C:\Users\Antoi\.cargo\registry\src\index.crates.io-1949cf8c6b5b557f\bevy_ecs-0.18.1\src\system\function_system.rs,54,2277213,0.001770,27079,84,51,5277,45.356759
system{name="bevy_ui::widget::viewport::update_viewport_render_target_size"},C:\Users\Antoi\.cargo\registry\src\index.crates.io-1949cf8c6b5b557f\bevy_ecs-0.18.1\src\system\function_system.rs,52,15164243,0.011787,27079,560,207,40757,320.528817
asset loading{loader="bevy_image::image_loader::ImageLoader" asset="textures/vfx/kenney/smoke_04.png"},C:\Users\Antoi\.cargo\registry\src\index.crates.io-1949cf8c6b5b557f\bevy_asset-0.18.1\src\server\loaders.rs,332,641212,0.000498,4,160303,79,627615,311566.513974
system_commands{name="forgia_rpg_data::boons::load_boons_catalogue"},C:\Users\Antoi\.cargo\registry\src\index.crates.io-1949cf8c6b5b557f\bevy_ecs-0.18.1\src\system\function_system.rs,54,15287,0.000012,1,15287,15287,15287,0.000000
plugin finish{plugin="forgia_rpg_data::inventory::ForgiaInventoryPlugin"},C:\Users\Antoi\.cargo\registry\src\index.crates.io-1949cf8c6b5b557f\bevy_app-0.18.1\src\app.rs,272,56,0.000000,1,56,56,56,0.000000
system{name="bevy_asset::assets::Assets<bevy_kira_audio::instance::AudioInstance>::asset_events_condition"},C:\Users\Antoi\.cargo\registry\src\index.crates.io-1949cf8c6b5b557f\bevy_ecs-0.18.1\src\system\function_system.rs,52,1990786,0.001547,27079,73,53,3745,41.734943
system{name="forgia_viewmodel::arms::update_arms_visibility"},C:\Users\Antoi\.cargo\registry\src\index.crates.io-1949cf8c6b5b557f\bevy_ecs-0.18.1\src\system\function_system.rs,52,18154734,0.014112,25752,704,208,76323,651.364208
plugin cleanup{plugin="bevy_anti_alias::AntiAliasPlugin"},C:\Users\Antoi\.cargo\registry\src\index.crates.io-1949cf8c6b5b557f\bevy_app-0.18.1\src\app.rs,292,56,0.000000,1,56,56,56,0.000000
system{name="bevy_animation::advance_animations"},C:\Users\Antoi\.cargo\registry\src\index.crates.io-1949cf8c6b5b557f\bevy_ecs-0.18.1\src\system\function_system.rs,52,185141521,0.143912,27079,6837,733,1556784,19995.502106
plugin cleanup{plugin="bevy_animation::AnimationPlugin"},C:\Users\Antoi\.cargo\registry\src\index.crates.io-1949cf8c6b5b557f\bevy_app-0.18.1\src\app.rs,292,55,0.000000,1,55,55,55,0.000000
system_commands{name="forgia_mode_roguelite::merchant::sys_ground_merchant"},C:\Users\Antoi\.cargo\registry\src\index.crates.io-1949cf8c6b5b557f\bevy_ecs-0.18.1\src\system\function_system.rs,54,2626941,0.002042,25752,102,50,84471,595.849214
system_commands{name="forgia_worldgen::sys_worldgen_input"},C:\Users\Antoi\.cargo\registry\src\index.crates.io-1949cf8c6b5b557f\bevy_ecs-0.18.1\src\system\function_system.rs,54,2364333,0.001838,25752,91,50,19823,129.298926
system{name="forgia_mode_roguelite::pipeline_warmup::on_warmup_scene_ready"},C:\Users\Antoi\.cargo\registry\src\index.crates.io-1949cf8c6b5b557f\bevy_ecs-0.18.1\src\system\function_system.rs,52,47930,0.000037,50,958,221,3054,718.104563
system_commands{name="forgia_mode_roguelite::weapon_select::sys_clear_lobby_preview"},C:\Users\Antoi\.cargo\registry\src\index.crates.io-1949cf8c6b5b557f\bevy_ecs-0.18.1\src\system\function_system.rs,54,31072,0.000024,1,31072,31072,31072,0.000000
plugin cleanup{plugin="forgia_ui_lib::hud::confidence::ConfidenceHudPlugin"},C:\Users\Antoi\.cargo\registry\src\index.crates.io-1949cf8c6b5b557f\bevy_app-0.18.1\src\app.rs,292,53,0.000000,1,53,53,53,0.000000
plugin build{plugin="forgia_rpg_data::quests::ForgiaQuestsPlugin"},C:\Users\Antoi\.cargo\registry\src\index.crates.io-1949cf8c6b5b557f\bevy_app-0.18.1\src\app.rs,529,96090,0.000075,1,96090,96090,96090,0.000000
plugin cleanup{plugin="forgia_mode_roguelite::boucherie_rocket::BoucherieRocketPlugin"},C:\Users\Antoi\.cargo\registry\src\index.crates.io-1949cf8c6b5b557f\bevy_app-0.18.1\src\app.rs,292,53,0.000000,1,53,53,53,0.000000
system{name="forgia_player::load_player_movement_tuning"},C:\Users\Antoi\.cargo\registry\src\index.crates.io-1949cf8c6b5b557f\bevy_ecs-0.18.1\src\system\function_system.rs,52,84156,0.000065,1,84156,84156,84156,0.000000
system{name="bevy_render::extract_component::extract_components<bevy_render::view::Hdr>"},C:\Users\Antoi\.cargo\registry\src\index.crates.io-1949cf8c6b5b557f\bevy_ecs-0.18.1\src\system\function_system.rs,52,7092519,0.005513,27079,261,96,23133,208.368929
system_commands{name="bevy_core_pipeline::skybox::prepass::prepare_skybox_prepass_bind_groups"},C:\Users\Antoi\.cargo\registry\src\index.crates.io-1949cf8c6b5b557f\bevy_ecs-0.18.1\src\system\function_system.rs,54,2696995,0.002096,27078,99,51,173936,1056.928437
plugin cleanup{plugin="bevy_render::extract_component::ExtractComponentPlugin<bevy_core_pipeline::tonemapping::Tonemapping>"},C:\Users\Antoi\.cargo\registry\src\index.crates.io-1949cf8c6b5b557f\bevy_app-0.18.1\src\app.rs,292,62,0.000000,1,62,62,62,0.000000
system{name="bevy_hanabi::render::report_ready_state"},C:\Users\Antoi\.cargo\registry\src\index.crates.io-1949cf8c6b5b557f\bevy_ecs-0.18.1\src\system\function_system.rs,52,269466764,0.209459,27079,9951,5589,116641,3178.918052
plugin build{plugin="bevy_render::storage::StoragePlugin"},C:\Users\Antoi\.cargo\registry\src\index.crates.io-1949cf8c6b5b557f\bevy_app-0.18.1\src\app.rs,529,64204,0.000050,1,64204,64204,64204,0.000000
plugin cleanup{plugin="forgia_prefab::ForgiaPrefabPlugin"},C:\Users\Antoi\.cargo\registry\src\index.crates.io-1949cf8c6b5b557f\bevy_app-0.18.1\src\app.rs,292,55,0.000000,1,55,55,55,0.000000
plugin build{plugin="forgia_ui_lib::damage_direction::ForgiaUiDamageDirectionPlugin"},C:\Users\Antoi\.cargo\registry\src\index.crates.io-1949cf8c6b5b557f\bevy_app-0.18.1\src\app.rs,529,40136,0.000031,1,40136,40136,40136,0.000000
plugin cleanup{plugin="bevy_render::sync_component::SyncComponentPlugin<bevy_camera::components::Camera3d>"},C:\Users\Antoi\.cargo\registry\src\index.crates.io-1949cf8c6b5b557f\bevy_app-0.18.1\src\app.rs,292,72,0.000000,1,72,72,72,0.000000
plugin finish{plugin="bevy_render::render_phase::BinnedRenderPhasePlugin<bevy_core_pipeline::prepass::AlphaMask3dPrepass, bevy_pbr::render::mesh::MeshPipeline>"},C:\Users\Antoi\.cargo\registry\src\index.crates.io-1949cf8c6b5b557f\bevy_app-0.18.1\src\app.rs,272,54,0.000000,1,54,54,54,0.000000
plugin build{plugin="bevy_pbr::medium::ScatteringMediumPlugin"},C:\Users\Antoi\.cargo\registry\src\index.crates.io-1949cf8c6b5b557f\bevy_app-0.18.1\src\app.rs,529,49897,0.000039,1,49897,49897,49897,0.000000
system{name="bevy_picking::input::mouse_pick_events"},C:\Users\Antoi\.cargo\registry\src\index.crates.io-1949cf8c6b5b557f\bevy_ecs-0.18.1\src\system\function_system.rs,52,17070662,0.013269,27079,630,189,1516560,9226.032656
plugin finish{plugin="bevy_camera::projection::CameraProjectionPlugin"},C:\Users\Antoi\.cargo\registry\src\index.crates.io-1949cf8c6b5b557f\bevy_app-0.18.1\src\app.rs,272,154,0.000000,1,154,154,154,0.000000
system_commands{name="bevy_render::extract_resource::extract_resource<bevy_egui::EguiUserTextures>"},C:\Users\Antoi\.cargo\registry\src\index.crates.io-1949cf8c6b5b557f\bevy_ecs-0.18.1\src\system\function_system.rs,54,2121021,0.001649,27078,78,51,4459,42.709928
asset loading{loader="forgia_genome_core::GenomeLoader<forgia_ui_lib::damage_direction::tuning::DamageDirTuning>" asset="genomes/damage_dir_tuning.toml"},C:\Users\Antoi\.cargo\registry\src\index.crates.io-1949cf8c6b5b557f\bevy_asset-0.18.1\src\server\loaders.rs,332,71710,0.000056,4,17927,144,57486,26721.432135
system{name="bevy_picking::input::PointerInputSettings::is_touch_enabled"},C:\Users\Antoi\.cargo\registry\src\index.crates.io-1949cf8c6b5b557f\bevy_ecs-0.18.1\src\system\function_system.rs,52,5524655,0.004294,54158,102,52,42199,218.561243
system{name="bevy_render::batching::no_gpu_preprocessing::clear_batched_cpu_instance_buffers<bevy_pbr::render::mesh::MeshPipeline>"},C:\Users\Antoi\.cargo\registry\src\index.crates.io-1949cf8c6b5b557f\bevy_ecs-0.18.1\src\system\function_system.rs,52,8398227,0.006528,27078,310,71,23480,367.362508
system{name="forgia_ui_lib::pause_menu::apply_tonemapping_to_cameras"},C:\Users\Antoi\.cargo\registry\src\index.crates.io-1949cf8c6b5b557f\bevy_ecs-0.18.1\src\system\function_system.rs,52,17075991,0.013273,27079,630,206,140543,1277.354315
system_commands{name="forgia_mode_roguelite::boss_portal::sys_calibrate_portal"},C:\Users\Antoi\.cargo\registry\src\index.crates.io-1949cf8c6b5b557f\bevy_ecs-0.18.1\src\system\function_system.rs,54,2674475,0.002079,25752,103,51,13188,98.251518
asset loading{loader="bevy_shader::shader::ShaderLoader" asset="embedded://bevy_anti_alias\\smaa\\smaa.wgsl"},C:\Users\Antoi\.cargo\registry\src\index.crates.io-1949cf8c6b5b557f\bevy_asset-0.18.1\src\server\loaders.rs,332,2066194,0.001606,2,1033097,100,2066094,1460878.367291
plugin cleanup{plugin="forgia_mode_roguelite::weapon_select::WeaponSelectPlugin"},C:\Users\Antoi\.cargo\registry\src\index.crates.io-1949cf8c6b5b557f\bevy_app-0.18.1\src\app.rs,292,56,0.000000,1,56,56,56,0.000000
plugin cleanup{plugin="forgia_mode_roguelite::ftue::FtuePlugin"},C:\Users\Antoi\.cargo\registry\src\index.crates.io-1949cf8c6b5b557f\bevy_app-0.18.1\src\app.rs,292,61,0.000000,1,61,61,61,0.000000
asset loading{loader="bevy_shader::shader::ShaderLoader" asset="embedded://bevy_pbr\\atmosphere\\bindings.wgsl"},C:\Users\Antoi\.cargo\registry\src\index.crates.io-1949cf8c6b5b557f\bevy_asset-0.18.1\src\server\loaders.rs,332,45320,0.000035,2,22660,53,45267,31971.126005
system_commands{name="forgia_stage::floor_merge::sys_build_merged_static"},C:\Users\Antoi\.cargo\registry\src\index.crates.io-1949cf8c6b5b557f\bevy_ecs-0.18.1\src\system\function_system.rs,54,3999504,0.003109,27079,147,52,94397,1044.837844
asset loading{loader="bevy_image::image_loader::ImageLoader" asset="ui/menu_video/frame_0100.webp"},C:\Users\Antoi\.cargo\registry\src\index.crates.io-1949cf8c6b5b557f\bevy_asset-0.18.1\src\server\loaders.rs,332,14217733,0.011052,7,2031104,108,14097044,5320693.105215
plugin cleanup{plugin="forgia_foliage::ForgiaFoliagePlugin"},C:\Users\Antoi\.cargo\registry\src\index.crates.io-1949cf8c6b5b557f\bevy_app-0.18.1\src\app.rs,292,55,0.000000,1,55,55,55,0.000000
plugin cleanup{plugin="forgia_fps::bourrasque::ForgiaBourrasquePlugin"},C:\Users\Antoi\.cargo\registry\src\index.crates.io-1949cf8c6b5b557f\bevy_app-0.18.1\src\app.rs,292,58,0.000000,1,58,58,58,0.000000
plugin finish{plugin="bevy_core_pipeline::fullscreen_material::FullscreenMaterialPlugin<forgia_postprocess::toon::ToonSettings>"},C:\Users\Antoi\.cargo\registry\src\index.crates.io-1949cf8c6b5b557f\bevy_app-0.18.1\src\app.rs,272,120,0.000000,1,120,120,120,0.000000
plugin cleanup{plugin="bevy_render::render_phase::BinnedRenderPhasePlugin<bevy_core_pipeline::core_3d::AlphaMask3d, bevy_pbr::render::mesh::MeshPipeline>"},C:\Users\Antoi\.cargo\registry\src\index.crates.io-1949cf8c6b5b557f\bevy_app-0.18.1\src\app.rs,292,58,0.000000,1,58,58,58,0.000000
system{name="forgia_mode_roguelite::boss_portal::sys_flicker_portal_flames"},C:\Users\Antoi\.cargo\registry\src\index.crates.io-1949cf8c6b5b557f\bevy_ecs-0.18.1\src\system\function_system.rs,52,17901008,0.013915,25752,695,271,110543,903.728239
system{name="bevy_pbr::volumetric_fog::render::prepare_volumetric_fog_pipelines"},C:\Users\Antoi\.cargo\registry\src\index.crates.io-1949cf8c6b5b557f\bevy_ecs-0.18.1\src\system\function_system.rs,52,19102876,0.014849,27078,705,234,63139,886.150587
function_scope{egui::input_state::InputState::begin_pass},C:\Users\Antoi\.cargo\registry\src\index.crates.io-1949cf8c6b5b557f\egui-0.33.3\src\input_state\mod.rs,394,37591217,0.029220,27079,1388,551,134949,1926.797482
asset loading{loader="bevy_shader::shader::ShaderLoader" asset="embedded://bevy_gizmos_render\\lines.wgsl"},C:\Users\Antoi\.cargo\registry\src\index.crates.io-1949cf8c6b5b557f\bevy_asset-0.18.1\src\server\loaders.rs,332,251844,0.000196,2,125922,62,251782,177992.918960
plugin finish{plugin="bevy_gltf::GltfPlugin"},C:\Users\Antoi\.cargo\registry\src\index.crates.io-1949cf8c6b5b557f\bevy_app-0.18.1\src\app.rs,272,29887,0.000023,1,29887,29887,29887,0.000000
system{name="bevy_asset::assets::Assets<forgia_genome_core::Genome<forgia_enemy_nameplate::tuning::EnemyNameplateTuning>>::asset_events"},C:\Users\Antoi\.cargo\registry\src\index.crates.io-1949cf8c6b5b557f\bevy_ecs-0.18.1\src\system\function_system.rs,52,390,0.000000,1,390,390,390,0.000000
system{name="bevy_rapier3d::plugin::systems::collider::apply_collider_user_changes"},C:\Users\Antoi\.cargo\registry\src\index.crates.io-1949cf8c6b5b557f\bevy_ecs-0.18.1\src\system\function_system.rs,52,44664144,0.034718,7925,5635,219,92005,3322.397529
node{name="bevy_render::render_graph::node::ViewNodeRunner<bevy_core_pipeline::prepass::node::EarlyPrepassNode>"},C:\Users\Antoi\.cargo\registry\src\index.crates.io-1949cf8c6b5b557f\bevy_render-0.18.1\src\renderer\graph_runner.rs,240,22862133,0.017771,54156,422,62,46499,406.581535
system{name="bevy_core_pipeline::core_2d::prepare_core_2d_depth_textures"},C:\Users\Antoi\.cargo\registry\src\index.crates.io-1949cf8c6b5b557f\bevy_ecs-0.18.1\src\system\function_system.rs,52,89990153,0.069950,27078,3323,1565,2496473,15270.220549
plugin cleanup{plugin="forgia_streaming::ForgiaStreamingPlugin"},C:\Users\Antoi\.cargo\registry\src\index.crates.io-1949cf8c6b5b557f\bevy_app-0.18.1\src\app.rs,292,51,0.000000,1,51,51,51,0.000000
plugin cleanup{plugin="forgia_mode_roguelite::hub::HubPlugin"},C:\Users\Antoi\.cargo\registry\src\index.crates.io-1949cf8c6b5b557f\bevy_app-0.18.1\src\app.rs,292,56,0.000000,1,56,56,56,0.000000
system{name="bevy_state::state::transitions::last_transition<forgia_core::states::GameMode>"},C:\Users\Antoi\.cargo\registry\src\index.crates.io-1949cf8c6b5b557f\bevy_ecs-0.18.1\src\system\function_system.rs,52,7552850,0.005871,81240,92,53,20638,97.518831
plugin build{plugin="bevy_window::WindowPlugin"},C:\Users\Antoi\.cargo\registry\src\index.crates.io-1949cf8c6b5b557f\bevy_app-0.18.1\src\app.rs,529,153922,0.000120,1,153922,153922,153922,0.000000
system{name="bevy_pbr::material::extract_mesh_materials<bevy_pbr::pbr_material::StandardMaterial>"},C:\Users\Antoi\.cargo\registry\src\index.crates.io-1949cf8c6b5b557f\bevy_ecs-0.18.1\src\system\function_system.rs,52,79459066,0.061764,27079,2934,345,119544,1783.353075
multithreaded executor,C:\Users\Antoi\.cargo\registry\src\index.crates.io-1949cf8c6b5b557f\bevy_ecs-0.18.1\src\schedule\executor\multi_threaded.rs,400,31970251566,24.850730,17779501,1798,64,51833841,15813.808448
system{name="bevy_asset::assets::Assets<bevy_text::font::Font>::asset_events"},C:\Users\Antoi\.cargo\registry\src\index.crates.io-1949cf8c6b5b557f\bevy_ecs-0.18.1\src\system\function_system.rs,52,957,0.000001,1,957,957,957,0.000000
system{name="bevy_render::view::window::screenshot::init_screenshot_to_screen_pipeline"},C:\Users\Antoi\.cargo\registry\src\index.crates.io-1949cf8c6b5b557f\bevy_ecs-0.18.1\src\system\function_system.rs,52,8483,0.000007,1,8483,8483,8483,0.000000
plugin finish{plugin="bevy_pbr::material::MaterialPlugin<bevy_pbr::extended_material::ExtendedMaterial<bevy_pbr::pbr_material::StandardMaterial, bevy_water::water::material::WaterMaterial>>"},C:\Users\Antoi\.cargo\registry\src\index.crates.io-1949cf8c6b5b557f\bevy_app-0.18.1\src\app.rs,272,127,0.000000,1,127,127,127,0.000000
system{name="forgia_mode_roguelite::enemy_rig_debug::on_enemy_scene_ready"},C:\Users\Antoi\.cargo\registry\src\index.crates.io-1949cf8c6b5b557f\bevy_ecs-0.18.1\src\system\function_system.rs,52,32910,0.000026,12,2742,1266,6834,1854.525227
plugin finish{plugin="forgia_ui_lib::hud::barks::WeaponBarksPlugin"},C:\Users\Antoi\.cargo\registry\src\index.crates.io-1949cf8c6b5b557f\bevy_app-0.18.1\src\app.rs,272,53,0.000000,1,53,53,53,0.000000
system{name="bevy_gizmos_render::extract_gizmo_data"},C:\Users\Antoi\.cargo\registry\src\index.crates.io-1949cf8c6b5b557f\bevy_ecs-0.18.1\src\system\function_system.rs,52,17838175,0.013866,27079,658,299,87008,620.589522
plugin build{plugin="bevy_post_process::PostProcessPlugin"},C:\Users\Antoi\.cargo\registry\src\index.crates.io-1949cf8c6b5b557f\bevy_app-0.18.1\src\app.rs,529,414392,0.000322,1,414392,414392,414392,0.000000
system_commands{name="bevy_pbr::render::light::extract_ambient_light"},C:\Users\Antoi\.cargo\registry\src\index.crates.io-1949cf8c6b5b557f\bevy_ecs-0.18.1\src\system\function_system.rs,54,31946704,0.024832,27078,1179,155,81091,737.193650
system{name="bevy_picking::input::spawn_mouse_pointer"},C:\Users\Antoi\.cargo\registry\src\index.crates.io-1949cf8c6b5b557f\bevy_ecs-0.18.1\src\system\function_system.rs,52,575,0.000000,1,575,575,575,0.000000
asset loading{loader="bevy_shader::shader::ShaderLoader" asset="embedded://bevy_ui_render\\color_space.wgsl"},C:\Users\Antoi\.cargo\registry\src\index.crates.io-1949cf8c6b5b557f\bevy_asset-0.18.1\src\server\loaders.rs,332,388752,0.000302,2,194376,79,388673,274777.452528
system{name="forgia_ui_lib::hud::barks::load_bark_genome"},C:\Users\Antoi\.cargo\registry\src\index.crates.io-1949cf8c6b5b557f\bevy_ecs-0.18.1\src\system\function_system.rs,52,2936,0.000002,1,2936,2936,2936,0.000000
system{name="bevy_scene::scene_spawner::scene_spawner_system"},C:\Users\Antoi\.cargo\registry\src\index.crates.io-1949cf8c6b5b557f\bevy_ecs-0.18.1\src\system\function_system.rs,52,99931352,0.077677,27079,3690,1265,1018977,17228.679193
system{name="forgia_juice_lib::fov_punch::tick_fov_state"},C:\Users\Antoi\.cargo\registry\src\index.crates.io-1949cf8c6b5b557f\bevy_ecs-0.18.1\src\system\function_system.rs,52,5085331,0.003953,27079,187,73,49209,319.347544
plugin build{plugin="bevy_render::render_asset::RenderAssetPlugin<bevy_render::mesh::RenderMesh, bevy_render::texture::gpu_image::GpuImage>"},C:\Users\Antoi\.cargo\registry\src\index.crates.io-1949cf8c6b5b557f\bevy_app-0.18.1\src\app.rs,529,48808,0.000038,1,48808,48808,48808,0.000000
system{name="bevy_asset::assets::Assets<forgia_genome_core::Genome<forgia_level_presets::LevelModulesGenome>>::track_assets"},C:\Users\Antoi\.cargo\registry\src\index.crates.io-1949cf8c6b5b557f\bevy_ecs-0.18.1\src\system\function_system.rs,52,36806087,0.028610,27079,1359,205,1150314,10654.659481
plugin build{plugin="forgia_viewmodel::calibration_sensor::ForgiaViewmodelCalibrationPlugin"},C:\Users\Antoi\.cargo\registry\src\index.crates.io-1949cf8c6b5b557f\bevy_app-0.18.1\src\app.rs,529,6776,0.000005,1,6776,6776,6776,0.000000
system{name="forgia_debug::console::draw_console_system"},C:\Users\Antoi\.cargo\registry\src\index.crates.io-1949cf8c6b5b557f\bevy_ecs-0.18.1\src\system\function_system.rs,52,13016904,0.010118,27079,480,158,93451,756.438620
system{name="forgia_enemy_nameplate::promote_anchored_to_permanent"},C:\Users\Antoi\.cargo\registry\src\index.crates.io-1949cf8c6b5b557f\bevy_ecs-0.18.1\src\system\function_system.rs,52,12443122,0.009672,27079,459,133,77190,506.076306
system_commands{name="forgia_mode_roguelite::boss_portal::sys_ground_portal"},C:\Users\Antoi\.cargo\registry\src\index.crates.io-1949cf8c6b5b557f\bevy_ecs-0.18.1\src\system\function_system.rs,54,2584867,0.002009,25752,100,50,59415,506.603609
system{name="bevy_gizmos::start_gizmo_context<bevy_gizmos::config::DefaultGizmoConfigGroup, bevy_time::fixed::Fixed>"},C:\Users\Antoi\.cargo\registry\src\index.crates.io-1949cf8c6b5b557f\bevy_ecs-0.18.1\src\system\function_system.rs,52,4177510,0.003247,27079,154,63,66588,688.141199
plugin finish{plugin="bevy_diagnostic::frame_time_diagnostics_plugin::FrameTimeDiagnosticsPlugin"},C:\Users\Antoi\.cargo\registry\src\index.crates.io-1949cf8c6b5b557f\bevy_app-0.18.1\src\app.rs,272,119,0.000000,1,119,119,119,0.000000
system_commands{name="bevy_ui_render::pipeline::init_ui_pipeline"},C:\Users\Antoi\.cargo\registry\src\index.crates.io-1949cf8c6b5b557f\bevy_ecs-0.18.1\src\system\function_system.rs,54,4610,0.000004,1,4610,4610,4610,0.000000
plugin build{plugin="bevy_mesh::MeshPlugin"},C:\Users\Antoi\.cargo\registry\src\index.crates.io-1949cf8c6b5b557f\bevy_app-0.18.1\src\app.rs,529,104869,0.000082,1,104869,104869,104869,0.000000
plugin finish{plugin="bevy_render::extract_component::ExtractComponentPlugin<bevy_post_process::bloom::settings::Bloom>"},C:\Users\Antoi\.cargo\registry\src\index.crates.io-1949cf8c6b5b557f\bevy_app-0.18.1\src\app.rs,272,132,0.000000,1,132,132,132,0.000000
asset loading{loader="bevy_image::image_loader::ImageLoader" asset="ui/menu_video/frame_0116.webp"},C:\Users\Antoi\.cargo\registry\src\index.crates.io-1949cf8c6b5b557f\bevy_asset-0.18.1\src\server\loaders.rs,332,14301159,0.011116,6,2383526,173,14271172,5823734.990864
system{name="bevy_asset::assets::Assets<bevy_scene::scene::Scene>::asset_events_condition"},C:\Users\Antoi\.cargo\registry\src\index.crates.io-1949cf8c6b5b557f\bevy_ecs-0.18.1\src\system\function_system.rs,52,4253489,0.003306,27079,157,58,10491,112.159627
asset loading{loader="bevy_image::image_loader::ImageLoader" asset="ui/menu_video/frame_0088.webp"},C:\Users\Antoi\.cargo\registry\src\index.crates.io-1949cf8c6b5b557f\bevy_asset-0.18.1\src\server\loaders.rs,332,14104581,0.010964,8,1763072,142,14071652,4973419.078176
indexed_cpu_metadata,C:\Users\Antoi\.cargo\registry\src\index.crates.io-1949cf8c6b5b557f\bevy_render-0.18.1\src\batching\gpu_preprocessing.rs,2124,798904612,0.620995,243702,3278,47,33066230,67969.982846
plugin cleanup{plugin="bevy_render::render_phase::BinnedRenderPhasePlugin<bevy_core_pipeline::deferred::AlphaMask3dDeferred, bevy_pbr::render::mesh::MeshPipeline>"},C:\Users\Antoi\.cargo\registry\src\index.crates.io-1949cf8c6b5b557f\bevy_app-0.18.1\src\app.rs,292,52,0.000000,1,52,52,52,0.000000
system{name="forgia_fps::pepin::sys_write_pepin_sensor"},C:\Users\Antoi\.cargo\registry\src\index.crates.io-1949cf8c6b5b557f\bevy_ecs-0.18.1\src\system\function_system.rs,52,5102419,0.003966,27079,188,80,76132,496.969254
plugin cleanup{plugin="bevy_render::render_asset::RenderAssetPlugin<bevy_pbr::medium::GpuScatteringMedium>"},C:\Users\Antoi\.cargo\registry\src\index.crates.io-1949cf8c6b5b557f\bevy_app-0.18.1\src\app.rs,292,55,0.000000,1,55,55,55,0.000000
system_commands{name="forgia_mode_roguelite::decor::sys_init_decor_genome"},C:\Users\Antoi\.cargo\registry\src\index.crates.io-1949cf8c6b5b557f\bevy_ecs-0.18.1\src\system\function_system.rs,54,9941,0.000008,1,9941,9941,9941,0.000000
plugin finish{plugin="bevy_ui_render::ui_texture_slice_pipeline::UiTextureSlicerPlugin"},C:\Users\Antoi\.cargo\registry\src\index.crates.io-1949cf8c6b5b557f\bevy_app-0.18.1\src\app.rs,272,123,0.000000,1,123,123,123,0.000000
system_commands{name="forgia_killfeed::tuning::load_killfeed_tuning"},C:\Users\Antoi\.cargo\registry\src\index.crates.io-1949cf8c6b5b557f\bevy_ecs-0.18.1\src\system\function_system.rs,54,4312,0.000003,1,4312,4312,4312,0.000000
plugin cleanup{plugin="bevy_render::extract_component::UniformComponentPlugin<bevy_post_process::bloom::downsampling_pipeline::BloomUniforms>"},C:\Users\Antoi\.cargo\registry\src\index.crates.io-1949cf8c6b5b557f\bevy_app-0.18.1\src\app.rs,292,53,0.000000,1,53,53,53,0.000000
asset loading{loader="bevy_kira_audio::source::ogg_loader::OggLoader" asset="audio/roguelite/sfx/ding_souls.ogg"},C:\Users\Antoi\.cargo\registry\src\index.crates.io-1949cf8c6b5b557f\bevy_asset-0.18.1\src\server\loaders.rs,332,1555350,0.001209,4,388837,164,1537609,765873.036460
system{name="forgia_combat::combat_juice::sys_apply_hit_knockback"},C:\Users\Antoi\.cargo\registry\src\index.crates.io-1949cf8c6b5b557f\bevy_ecs-0.18.1\src\system\function_system.rs,52,16572480,0.012882,27079,612,181,123450,1424.628770
plugin finish{plugin="forgia_mode_roguelite::weapon_select::WeaponSelectPlugin"},C:\Users\Antoi\.cargo\registry\src\index.crates.io-1949cf8c6b5b557f\bevy_app-0.18.1\src\app.rs,272,56,0.000000,1,56,56,56,0.000000
system{name="bevy_render::batching::no_gpu_preprocessing::batch_and_prepare_binned_render_phase<bevy_core_pipeline::core_2d::AlphaMask2d, bevy_sprite_render::mesh2d::mesh::Mesh2dPipeline>"},C:\Users\Antoi\.cargo\registry\src\index.crates.io-1949cf8c6b5b557f\bevy_ecs-0.18.1\src\system\function_system.rs,52,7545882,0.005865,27078,278,117,34575,284.681386
system{name="bevy_rapier3d::plugin::systems::step_simulation<()>"},C:\Users\Antoi\.cargo\registry\src\index.crates.io-1949cf8c6b5b557f\bevy_ecs-0.18.1\src\system\function_system.rs,52,447458644,0.347813,7925,56461,17373,1703804,34359.964074
system_commands{name="bevy_core_pipeline::fullscreen_material::init_pipeline<forgia_postprocess::toon::ToonSettings>"},C:\Users\Antoi\.cargo\registry\src\index.crates.io-1949cf8c6b5b557f\bevy_ecs-0.18.1\src\system\function_system.rs,54,6780,0.000005,1,6780,6780,6780,0.000000
plugin cleanup{plugin="bevy_render::sync_component::SyncComponentPlugin<bevy_pbr::atmosphere::GpuAtmosphereSettings>"},C:\Users\Antoi\.cargo\registry\src\index.crates.io-1949cf8c6b5b557f\bevy_app-0.18.1\src\app.rs,292,52,0.000000,1,52,52,52,0.000000
plugin cleanup{plugin="bevy_anti_alias::fxaa::FxaaPlugin"},C:\Users\Antoi\.cargo\registry\src\index.crates.io-1949cf8c6b5b557f\bevy_app-0.18.1\src\app.rs,292,53,0.000000,1,53,53,53,0.000000
{shadow_directional_light_1_cascade_3},C:\Users\Antoi\.cargo\registry\src\index.crates.io-1949cf8c6b5b557f\bevy_pbr-0.18.1\src\render\light.rs,2326,2162875824,1.681221,25749,83998,21054,1104328,26888.549079
system{name="forgia_killfeed::tick_killfeed"},C:\Users\Antoi\.cargo\registry\src\index.crates.io-1949cf8c6b5b557f\bevy_ecs-0.18.1\src\system\function_system.rs,52,9955590,0.007739,27079,367,123,19215,215.202029
system{name="forgia_mode_roguelite::enemy_anim::sys_wire_enemy_anim"},C:\Users\Antoi\.cargo\registry\src\index.crates.io-1949cf8c6b5b557f\bevy_ecs-0.18.1\src\system\function_system.rs,52,13761381,0.010697,25752,534,186,73731,713.435224
plugin finish{plugin="forgia_rpg_data::shop::ForgiaShopPlugin"},C:\Users\Antoi\.cargo\registry\src\index.crates.io-1949cf8c6b5b557f\bevy_app-0.18.1\src\app.rs,272,55,0.000000,1,55,55,55,0.000000
entity_sync,C:\Users\Antoi\.cargo\registry\src\index.crates.io-1949cf8c6b5b557f\bevy_render-0.18.1\src\lib.rs,517,16659010,0.012949,27079,615,251,169643,1760.472934
system_commands{name="forgia_mode_roguelite::boucherie_rocket::sys_fly_rockets"},C:\Users\Antoi\.cargo\registry\src\index.crates.io-1949cf8c6b5b557f\bevy_ecs-0.18.1\src\system\function_system.rs,54,2956259,0.002298,25752,114,51,104268,985.927828
schedule{name=SpawnScene},C:\Users\Antoi\.cargo\registry\src\index.crates.io-1949cf8c6b5b557f\bevy_ecs-0.18.1\src\schedule\schedule.rs,532,822484658,0.639324,27079,30373,8685,2646333,36388.536832
system_commands{name="bevy_app::propagate::propagate_inherited<bevy_ui::ui_node::ComputedUiTargetCamera, (), bevy_ecs::hierarchy::ChildOf>"},C:\Users\Antoi\.cargo\registry\src\index.crates.io-1949cf8c6b5b557f\bevy_ecs-0.18.1\src\system\function_system.rs,54,13756998,0.010693,27079,508,67,124713,973.301011
plugin cleanup{plugin="bevy_scene::ScenePlugin"},C:\Users\Antoi\.cargo\registry\src\index.crates.io-1949cf8c6b5b557f\bevy_app-0.18.1\src\app.rs,292,54,0.000000,1,54,54,54,0.000000
system{name="forgia_ui_lib::pause_menu::apply_settings_to_tuning"},C:\Users\Antoi\.cargo\registry\src\index.crates.io-1949cf8c6b5b557f\bevy_ecs-0.18.1\src\system\function_system.rs,52,4002697,0.003111,27079,147,57,24563,175.813936
asset loading{loader="bevy_image::image_loader::ImageLoader" asset="ui/menu_video/frame_0086.webp"},C:\Users\Antoi\.cargo\registry\src\index.crates.io-1949cf8c6b5b557f\bevy_asset-0.18.1\src\server\loaders.rs,332,13946822,0.010841,6,2324470,210,13916236,5678784.912146
plugin build{plugin="forgia_mode_roguelite::loot_room::RogueliteLootRoomPlugin"},C:\Users\Antoi\.cargo\registry\src\index.crates.io-1949cf8c6b5b557f\bevy_app-0.18.1\src\app.rs,529,75991,0.000059,1,75991,75991,75991,0.000000
system{name="forgia_observability::player_state_sensor::sys_track_player_state"},C:\Users\Antoi\.cargo\registry\src\index.crates.io-1949cf8c6b5b557f\bevy_ecs-0.18.1\src\system\function_system.rs,52,16417403,0.012761,27079,606,150,47013,593.256261
system{name="forgia_mode_roguelite::hub::reset_hub_tab"},C:\Users\Antoi\.cargo\registry\src\index.crates.io-1949cf8c6b5b557f\bevy_ecs-0.18.1\src\system\function_system.rs,52,427,0.000000,1,427,427,427,0.000000
system{name="bevy_camera::visibility::mark_newly_hidden_entities_invisible"},C:\Users\Antoi\.cargo\registry\src\index.crates.io-1949cf8c6b5b557f\bevy_ecs-0.18.1\src\system\function_system.rs,52,1618780461,1.258291,27079,59779,35416,2969162,32053.989329
asset loading{loader="bevy_gltf::loader::GltfLoader" asset="models/environment/inferno/Crag_003.glb"},C:\Users\Antoi\.cargo\registry\src\index.crates.io-1949cf8c6b5b557f\bevy_asset-0.18.1\src\server\loaders.rs,332,6456020,0.005018,4,1614005,197,6446675,3221781.191501
system{name="forgia_effects::arena_feedback::arena_feedback_sensor_export"},C:\Users\Antoi\.cargo\registry\src\index.crates.io-1949cf8c6b5b557f\bevy_ecs-0.18.1\src\system\function_system.rs,52,8287396,0.006442,27079,306,93,117707,742.353655
plugin finish{plugin="forgia_qa_replay::plugin::ForgiaQaReplayPlugin"},C:\Users\Antoi\.cargo\registry\src\index.crates.io-1949cf8c6b5b557f\bevy_app-0.18.1\src\app.rs,272,55,0.000000,1,55,55,55,0.000000
plugin finish{plugin="bevy_post_process::bloom::BloomPlugin"},C:\Users\Antoi\.cargo\registry\src\index.crates.io-1949cf8c6b5b557f\bevy_app-0.18.1\src\app.rs,272,1197,0.000001,1,1197,1197,1197,0.000000
system{name="bevy_rapier3d::plugin::systems::multiple_rapier_contexts::on_change_context"},C:\Users\Antoi\.cargo\registry\src\index.crates.io-1949cf8c6b5b557f\bevy_ecs-0.18.1\src\system\function_system.rs,52,17789902,0.013828,7925,2244,134,86437,1523.051686
node{name="bevy_render::render_graph::node::ViewNodeRunner<bevy_post_process::msaa_writeback::MsaaWritebackNode>"},C:\Users\Antoi\.cargo\registry\src\index.crates.io-1949cf8c6b5b557f\bevy_render-0.18.1\src\renderer\graph_runner.rs,240,210526336,0.163644,81234,2591,63,112863,2169.090257
system{name="forgia_worldgen::streaming::sys_toggle_streaming"},C:\Users\Antoi\.cargo\registry\src\index.crates.io-1949cf8c6b5b557f\bevy_ecs-0.18.1\src\system\function_system.rs,52,10504355,0.008165,25752,407,105,32190,255.512752
system_commands{name="bevy_pbr::prepass::init_prepass_view_bind_group"},C:\Users\Antoi\.cargo\registry\src\index.crates.io-1949cf8c6b5b557f\bevy_ecs-0.18.1\src\system\function_system.rs,54,1563,0.000001,1,1563,1563,1563,0.000000
system{name="forgia_ui::sys_menu_forgeron"},C:\Users\Antoi\.cargo\registry\src\index.crates.io-1949cf8c6b5b557f\bevy_ecs-0.18.1\src\system\function_system.rs,52,17978459,0.013975,27079,663,106,430183,4026.299825
system{name="bevy_gizmos::collect_requested_gizmos<bevy_gizmos::aabb::AabbGizmoConfigGroup, bevy_time::fixed::Fixed>"},C:\Users\Antoi\.cargo\registry\src\index.crates.io-1949cf8c6b5b557f\bevy_ecs-0.18.1\src\system\function_system.rs,52,2394522,0.001861,7925,302,80,31333,365.783900
asset loading{loader="bevy_gltf::loader::GltfLoader" asset="models/environment/inferno/ColumnBig_001.glb"},C:\Users\Antoi\.cargo\registry\src\index.crates.io-1949cf8c6b5b557f\bevy_asset-0.18.1\src\server\loaders.rs,332,95145764,0.073958,4,23786441,91,95107496,47547371.190687
system{name="bevy_hanabi::render::prepare_batch_inputs"},C:\Users\Antoi\.cargo\registry\src\index.crates.io-1949cf8c6b5b557f\bevy_ecs-0.18.1\src\system\function_system.rs,52,377579696,0.293496,27078,13944,1078,151261,5674.179784
system_commands{name="bevy_app::propagate::update_source<bevy_ui::ui_node::ComputedUiTargetCamera, (), bevy_ecs::hierarchy::ChildOf>"},C:\Users\Antoi\.cargo\registry\src\index.crates.io-1949cf8c6b5b557f\bevy_ecs-0.18.1\src\system\function_system.rs,54,9326036,0.007249,27079,344,56,60195,471.596611
system{name="bevy_winit::system::changed_cursor_options"},C:\Users\Antoi\.cargo\registry\src\index.crates.io-1949cf8c6b5b557f\bevy_ecs-0.18.1\src\system\function_system.rs,52,43162608,0.033551,27079,1593,224,1380244,19398.002872
plugin build{plugin="bevy_render::sync_component::SyncComponentPlugin<bevy_pbr::ssao::ScreenSpaceAmbientOcclusion>"},C:\Users\Antoi\.cargo\registry\src\index.crates.io-1949cf8c6b5b557f\bevy_app-0.18.1\src\app.rs,529,27048,0.000021,1,27048,27048,27048,0.000000
plugin finish{plugin="bevy_sprite_render::mesh2d::material::Material2dPlugin<bevy_sprite_render::tilemap_chunk::tilemap_chunk_material::TilemapChunkMaterial>"},C:\Users\Antoi\.cargo\registry\src\index.crates.io-1949cf8c6b5b557f\bevy_app-0.18.1\src\app.rs,272,52,0.000000,1,52,52,52,0.000000
system_commands{name="forgia_mode_roguelite::audio::sys_init_audio_genome"},C:\Users\Antoi\.cargo\registry\src\index.crates.io-1949cf8c6b5b557f\bevy_ecs-0.18.1\src\system\function_system.rs,54,7511,0.000006,1,7511,7511,7511,0.000000
plugin finish{plugin="bevy_render::extract_component::ExtractComponentPlugin<bevy_core_pipeline::tonemapping::Tonemapping>"},C:\Users\Antoi\.cargo\registry\src\index.crates.io-1949cf8c6b5b557f\bevy_app-0.18.1\src\app.rs,272,61,0.000000,1,61,61,61,0.000000
system{name="forgia_mode_roguelite::render_quality::sys_force_apply_bloom"},C:\Users\Antoi\.cargo\registry\src\index.crates.io-1949cf8c6b5b557f\bevy_ecs-0.18.1\src\system\function_system.rs,52,314689,0.000245,1,314689,314689,314689,0.000000
system_commands{name="bevy_audio::audio_output::play_queued_audio_system<bevy_audio::audio_source::AudioSource>"},C:\Users\Antoi\.cargo\registry\src\index.crates.io-1949cf8c6b5b557f\bevy_ecs-0.18.1\src\system\function_system.rs,54,2460350,0.001912,27079,90,50,119760,1141.924909
plugin build{plugin="forgia_streaming::ForgiaStreamingPlugin"},C:\Users\Antoi\.cargo\registry\src\index.crates.io-1949cf8c6b5b557f\bevy_app-0.18.1\src\app.rs,529,30774,0.000024,1,30774,30774,30774,0.000000
asset loading{loader="bevy_shader::shader::ShaderLoader" asset="embedded://bevy_anti_alias\\contrast_adaptive_sharpening\\robust_contrast_adaptive_sharpening.wgsl"},C:\Users\Antoi\.cargo\registry\src\index.crates.io-1949cf8c6b5b557f\bevy_asset-0.18.1\src\server\loaders.rs,332,148077,0.000115,2,74038,51,148026,104634.125948
plugin finish{plugin="forgia_input::ForgiaInputPlugin"},C:\Users\Antoi\.cargo\registry\src\index.crates.io-1949cf8c6b5b557f\bevy_app-0.18.1\src\app.rs,272,59,0.000000,1,59,59,59,0.000000
system_commands{name="bevy_render::extract_component::extract_components<bevy_render::view::Msaa>"},C:\Users\Antoi\.cargo\registry\src\index.crates.io-1949cf8c6b5b557f\bevy_ecs-0.18.1\src\system\function_system.rs,54,37659828,0.029273,27078,1390,525,46857,565.421867
system{name="forgia_killfeed::tuning::load_killfeed_tuning"},C:\Users\Antoi\.cargo\registry\src\index.crates.io-1949cf8c6b5b557f\bevy_ecs-0.18.1\src\system\function_system.rs,52,30612,0.000024,1,30612,30612,30612,0.000000
asset loading{loader="bevy_image::image_loader::ImageLoader" asset="ui/menu_video/frame_0132.webp"},C:\Users\Antoi\.cargo\registry\src\index.crates.io-1949cf8c6b5b557f\bevy_asset-0.18.1\src\server\loaders.rs,332,14699313,0.011426,6,2449885,163,14645313,5974527.374535
system{name="bevy_asset::assets::Assets<bevy_kira_audio::instance::AudioInstance>::track_assets"},C:\Users\Antoi\.cargo\registry\src\index.crates.io-1949cf8c6b5b557f\bevy_ecs-0.18.1\src\system\function_system.rs,52,44916346,0.034914,27079,1658,126,1390483,13495.713761
system_commands{name="forgia_player::attach_skybox_to_camera"},C:\Users\Antoi\.cargo\registry\src\index.crates.io-1949cf8c6b5b557f\bevy_ecs-0.18.1\src\system\function_system.rs,54,1839252,0.001430,27079,67,50,84532,627.217677
system_commands{name="forgia_terrain::terrain_material::init_terrain_material"},C:\Users\Antoi\.cargo\registry\src\index.crates.io-1949cf8c6b5b557f\bevy_ecs-0.18.1\src\system\function_system.rs,54,4250,0.000003,1,4250,4250,4250,0.000000
plugin finish{plugin="forgia_mode_roguelite::parcours_obstacles::ParcoursObstaclesPlugin"},C:\Users\Antoi\.cargo\registry\src\index.crates.io-1949cf8c6b5b557f\bevy_app-0.18.1\src\app.rs,272,55,0.000000,1,55,55,55,0.000000
node{name="bevy_egui::render::render_pass::EguiPassNode"},C:\Users\Antoi\.cargo\registry\src\index.crates.io-1949cf8c6b5b557f\bevy_render-0.18.1\src\renderer\graph_runner.rs,240,131426380,0.102159,27078,4853,3015,48361,1590.538445
system{name="bevy_ui_render::gradient::queue_gradient"},C:\Users\Antoi\.cargo\registry\src\index.crates.io-1949cf8c6b5b557f\bevy_ecs-0.18.1\src\system\function_system.rs,52,18916816,0.014704,27078,698,191,73493,599.380762
system{name="forgia_stage::floor_merge::sys_build_merged_static"},C:\Users\Antoi\.cargo\registry\src\index.crates.io-1949cf8c6b5b557f\bevy_ecs-0.18.1\src\system\function_system.rs,52,62024497,0.048212,27079,2290,180,25137960,173598.551878
asset loading{loader="bevy_shader::shader::ShaderLoader" asset="embedded://bevy_post_process\\effect_stack\\chromatic_aberration.wgsl"},C:\Users\Antoi\.cargo\registry\src\index.crates.io-1949cf8c6b5b557f\bevy_asset-0.18.1\src\server\loaders.rs,332,121984,0.000095,2,60992,69,121915,86158.132860
node{name="bevy_render::render_graph::node::ViewNodeRunner<bevy_core_pipeline::tonemapping::node::TonemappingNode>"},C:\Users\Antoi\.cargo\registry\src\index.crates.io-1949cf8c6b5b557f\bevy_render-0.18.1\src\renderer\graph_runner.rs,240,36253142,0.028180,81234,446,96,173542,744.059335
system{name="forgia_enemy_nameplate::cleanup_registry_on_target_removed"},C:\Users\Antoi\.cargo\registry\src\index.crates.io-1949cf8c6b5b557f\bevy_ecs-0.18.1\src\system\function_system.rs,52,11915664,0.009262,27079,440,152,80051,607.799359
system{name="forgia_viewmodel::vm_camera::propagate_viewmodel_layer"},C:\Users\Antoi\.cargo\registry\src\index.crates.io-1949cf8c6b5b557f\bevy_ecs-0.18.1\src\system\function_system.rs,52,106864773,0.083067,25752,4149,2244,137529,2199.271942
system{name="forgia_mode_roguelite::intro_dialogue::draw_intro_bubble"},C:\Users\Antoi\.cargo\registry\src\index.crates.io-1949cf8c6b5b557f\bevy_ecs-0.18.1\src\system\function_system.rs,52,55376347,0.043044,27079,2044,64,148105,5917.595374
system{name="forgia_viewmodel::vm_camera::update_viewmodel_camera_fov"},C:\Users\Antoi\.cargo\registry\src\index.crates.io-1949cf8c6b5b557f\bevy_ecs-0.18.1\src\system\function_system.rs,52,10414759,0.008095,25752,404,133,32328,327.001338
main_transparent_pass_3d,C:\Users\Antoi\.cargo\registry\src\index.crates.io-1949cf8c6b5b557f\bevy_core_pipeline-0.18.1\src\core_3d\main_transparent_pass_3d_node.rs,53,822500096,0.639336,25751,31940,8683,2256584,17246.947343
system_commands{name="forgia_ui::weapon_preview::sys_calibrate_previews"},C:\Users\Antoi\.cargo\registry\src\index.crates.io-1949cf8c6b5b557f\bevy_ecs-0.18.1\src\system\function_system.rs,54,207736,0.000161,1327,156,63,14303,444.527748
plugin cleanup{plugin="bevy_render::sync_world::SyncWorldPlugin"},C:\Users\Antoi\.cargo\registry\src\index.crates.io-1949cf8c6b5b557f\bevy_app-0.18.1\src\app.rs,292,55,0.000000,1,55,55,55,0.000000
system_commands{name="bevy_pbr::prepass::prepare_previous_view_uniforms"},C:\Users\Antoi\.cargo\registry\src\index.crates.io-1949cf8c6b5b557f\bevy_ecs-0.18.1\src\system\function_system.rs,54,45023921,0.034997,27078,1662,400,44452,640.130702
cast_ray,C:\Users\Antoi\.cargo\registry\src\index.crates.io-1949cf8c6b5b557f\rapier3d-0.31.0\src\pipeline\query_pipeline.rs,215,78975520,0.061388,55590,1420,161,98948,1966.040348
system_commands{name="bevy_render::globals::extract_frame_count"},C:\Users\Antoi\.cargo\registry\src\index.crates.io-1949cf8c6b5b557f\bevy_ecs-0.18.1\src\system\function_system.rs,54,11204405,0.008709,27078,413,144,47299,353.285153
system{name="bevy_hanabi::render::update_mesh_locations"},C:\Users\Antoi\.cargo\registry\src\index.crates.io-1949cf8c6b5b557f\bevy_ecs-0.18.1\src\system\function_system.rs,52,101979053,0.079269,27078,3766,2389,255539,2435.210974
system{name="forgia_ui_lib::pause_menu::apply_settings_to_volume"},C:\Users\Antoi\.cargo\registry\src\index.crates.io-1949cf8c6b5b557f\bevy_ecs-0.18.1\src\system\function_system.rs,52,3472335,0.002699,27079,128,58,16711,156.953924
plugin finish{plugin="bevy_pbr::atmosphere::AtmospherePlugin"},C:\Users\Antoi\.cargo\registry\src\index.crates.io-1949cf8c6b5b557f\bevy_app-0.18.1\src\app.rs,272,113303,0.000088,1,113303,113303,113303,0.000000
system{name="bevy_asset::assets::Assets<bevy_gltf::assets::GltfNode>::track_assets"},C:\Users\Antoi\.cargo\registry\src\index.crates.io-1949cf8c6b5b557f\bevy_ecs-0.18.1\src\system\function_system.rs,52,25404818,0.019747,27079,938,131,901284,8016.206000
system{name="bevy_render::batching::no_gpu_preprocessing::batch_and_prepare_sorted_render_phase<bevy_core_pipeline::core_2d::Transparent2d, bevy_sprite_render::mesh2d::mesh::Mesh2dPipeline>"},C:\Users\Antoi\.cargo\registry\src\index.crates.io-1949cf8c6b5b557f\bevy_ecs-0.18.1\src\system\function_system.rs,52,9798354,0.007616,27078,361,88,152992,990.473865
plugin build{plugin="forgia_fps::ForgiaFpsPlugin"},C:\Users\Antoi\.cargo\registry\src\index.crates.io-1949cf8c6b5b557f\bevy_app-0.18.1\src\app.rs,529,1027947,0.000799,1,1027947,1027947,1027947,0.000000
system{name="bevy_asset::assets::Assets<bevy_animation::graph::AnimationGraph>::asset_events_condition"},C:\Users\Antoi\.cargo\registry\src\index.crates.io-1949cf8c6b5b557f\bevy_ecs-0.18.1\src\system\function_system.rs,52,2131763,0.001657,27079,78,52,15029,135.430763
plugin cleanup{plugin="leafwing_input_manager::plugin::InputManagerPlugin<forgia_input::PlayerAction>"},C:\Users\Antoi\.cargo\registry\src\index.crates.io-1949cf8c6b5b557f\bevy_app-0.18.1\src\app.rs,292,592,0.000000,1,592,592,592,0.000000
node{name="bevy_egui::render::RunEguiSubgraphOnEguiViewNode"},C:\Users\Antoi\.cargo\registry\src\index.crates.io-1949cf8c6b5b557f\bevy_render-0.18.1\src\renderer\graph_runner.rs,240,346185095,0.269092,81234,4261,1843,108865,1757.942153
system{name="bevy_render::mesh::allocator::allocate_and_free_meshes"},C:\Users\Antoi\.cargo\registry\src\index.crates.io-1949cf8c6b5b557f\bevy_ecs-0.18.1\src\system\function_system.rs,52,69568592,0.054076,27078,2569,300,13751053,117074.333909
system{name="bevy_ui_render::extract_uinode_images"},C:\Users\Antoi\.cargo\registry\src\index.crates.io-1949cf8c6b5b557f\bevy_ecs-0.18.1\src\system\function_system.rs,52,15333111,0.011919,27079,566,154,26572,333.414387
asset loading{loader="bevy_image::image_loader::ImageLoader" asset="ui/menu_video/frame_0026.webp"},C:\Users\Antoi\.cargo\registry\src\index.crates.io-1949cf8c6b5b557f\bevy_asset-0.18.1\src\server\loaders.rs,332,14341540,0.011148,7,2048791,184,14299612,5402106.257997
system{name="forgia_mode_roguelite::element_vfx::sys_reset_vfx_stats"},C:\Users\Antoi\.cargo\registry\src\index.crates.io-1949cf8c6b5b557f\bevy_ecs-0.18.1\src\system\function_system.rs,52,164,0.000000,1,164,164,164,0.000000
system{name="bevy_render::view::visibility::range::write_render_visibility_ranges"},C:\Users\Antoi\.cargo\registry\src\index.crates.io-1949cf8c6b5b557f\bevy_ecs-0.18.1\src\system\function_system.rs,52,6831673,0.005310,27078,252,101,13624,130.489267
plugin finish{plugin="bevy_render::render_asset::RenderAssetPlugin<bevy_sprite_render::mesh2d::material::PreparedMaterial2d<bevy_sprite_render::tilemap_chunk::tilemap_chunk_material::TilemapChunkMaterial>>"},C:\Users\Antoi\.cargo\registry\src\index.crates.io-1949cf8c6b5b557f\bevy_app-0.18.1\src\app.rs,272,55,0.000000,1,55,55,55,0.000000
asset loading{loader="bevy_shader::shader::ShaderLoader" asset="embedded://bevy_pbr\\render\\mesh_bindings.wgsl"},C:\Users\Antoi\.cargo\registry\src\index.crates.io-1949cf8c6b5b557f\bevy_asset-0.18.1\src\server\loaders.rs,332,49236,0.000038,2,24618,97,49139,34677.930763
system_commands{name="forgia_mode_roguelite::status_vfx::sys_attach_poison_vfx"},C:\Users\Antoi\.cargo\registry\src\index.crates.io-1949cf8c6b5b557f\bevy_ecs-0.18.1\src\system\function_system.rs,54,2278731,0.001771,25752,88,50,4510,42.297901
system{name="forgia_ui_lib::hud::coffre_forgeron::draw_coffre"},C:\Users\Antoi\.cargo\registry\src\index.crates.io-1949cf8c6b5b557f\bevy_ecs-0.18.1\src\system\function_system.rs,52,43503005,0.033815,27079,1606,96,568347,9438.456160
system{name="bevy_rapier3d::plugin::systems::character_controller::update_character_controls"},C:\Users\Antoi\.cargo\registry\src\index.crates.io-1949cf8c6b5b557f\bevy_ecs-0.18.1\src\system\function_system.rs,52,190693354,0.148227,7925,24062,136,394644,16328.771055
system{name="bevy_asset::assets::Assets<bevy_kira_audio::source::AudioSource>::track_assets"},C:\Users\Antoi\.cargo\registry\src\index.crates.io-1949cf8c6b5b557f\bevy_ecs-0.18.1\src\system\function_system.rs,52,32782654,0.025482,27079,1210,133,1621684,11676.845257
system{name="forgia_ui_lib::damage_direction::write_damage_dir_sensor"},C:\Users\Antoi\.cargo\registry\src\index.crates.io-1949cf8c6b5b557f\bevy_ecs-0.18.1\src\system\function_system.rs,52,9089838,0.007066,27079,335,96,30779,259.804106
asset loading{loader="bevy_image::image_loader::ImageLoader" asset="ui/menu_video/frame_0074.webp"},C:\Users\Antoi\.cargo\registry\src\index.crates.io-1949cf8c6b5b557f\bevy_asset-0.18.1\src\server\loaders.rs,332,14071524,0.010938,6,2345254,101,14038570,5728534.644911
asset loading{loader="forgia_genome_core::GenomeLoader<forgia_killfeed::tuning::KillfeedTuning>" asset="genomes/killfeed_tuning.toml"},C:\Users\Antoi\.cargo\registry\src\index.crates.io-1949cf8c6b5b557f\bevy_asset-0.18.1\src\server\loaders.rs,332,128961,0.000100,4,32240,69,105112,48978.592068
system_commands{name="bevy_render::globals::extract_time"},C:\Users\Antoi\.cargo\registry\src\index.crates.io-1949cf8c6b5b557f\bevy_ecs-0.18.1\src\system\function_system.rs,54,13873536,0.010784,27078,512,164,29851,277.748252
asset loading{loader="bevy_shader::shader::ShaderLoader" asset="embedded://bevy_pbr\\render/pbr_transmission.wgsl"},C:\Users\Antoi\.cargo\registry\src\index.crates.io-1949cf8c6b5b557f\bevy_asset-0.18.1\src\server\loaders.rs,332,393543,0.000306,2,196771,78,393465,278166.615332
asset loading{loader="bevy_gltf::loader::GltfLoader" asset="models-v1/nature/rock_medium_1.gltf"},C:\Users\Antoi\.cargo\registry\src\index.crates.io-1949cf8c6b5b557f\bevy_asset-0.18.1\src\server\loaders.rs,332,318909,0.000248,8,39863,98,204488,70491.087415
system_commands{name="forgia_mode_roguelite::mushrooms::sys_init_mushroom_assets"},C:\Users\Antoi\.cargo\registry\src\index.crates.io-1949cf8c6b5b557f\bevy_ecs-0.18.1\src\system\function_system.rs,54,3517,0.000003,1,3517,3517,3517,0.000000
plugin cleanup{plugin="forgia_enemy_nameplate::ForgiaEnemyNameplatePlugin"},C:\Users\Antoi\.cargo\registry\src\index.crates.io-1949cf8c6b5b557f\bevy_app-0.18.1\src\app.rs,292,52,0.000000,1,52,52,52,0.000000
system{name="bevy_asset::assets::Assets<forgia_genome_core::Genome<forgia_stage::authored::ArenaLayoutsGenome>>::track_assets"},C:\Users\Antoi\.cargo\registry\src\index.crates.io-1949cf8c6b5b557f\bevy_ecs-0.18.1\src\system\function_system.rs,52,25122570,0.019528,27079,927,99,443519,6500.598027
system{name="bevy_asset::assets::Assets<bevy_render::storage::ShaderStorageBuffer>::asset_events_condition"},C:\Users\Antoi\.cargo\registry\src\index.crates.io-1949cf8c6b5b557f\bevy_ecs-0.18.1\src\system\function_system.rs,52,2944684,0.002289,27079,108,53,5938,70.612843
system_commands{name="forgia_mode_roguelite::decor::sys_hot_reload_decor_genome"},C:\Users\Antoi\.cargo\registry\src\index.crates.io-1949cf8c6b5b557f\bevy_ecs-0.18.1\src\system\function_system.rs,54,2076549,0.001614,25752,80,51,33076,284.296318
system{name="forgia_mode_roguelite::weapon_select::sys_apply_weapon_choice"},C:\Users\Antoi\.cargo\registry\src\index.crates.io-1949cf8c6b5b557f\bevy_ecs-0.18.1\src\system\function_system.rs,52,159774,0.000124,1,159774,159774,159774,0.000000
system_commands{name="bevy_ui_render::box_shadow::extract_shadows"},C:\Users\Antoi\.cargo\registry\src\index.crates.io-1949cf8c6b5b557f\bevy_ecs-0.18.1\src\system\function_system.rs,54,3145679,0.002445,27078,116,50,4037,38.376589
system_commands{name="forgia_mode_roguelite::pipeline_warmup::sys_tick_warmup"},C:\Users\Antoi\.cargo\registry\src\index.crates.io-1949cf8c6b5b557f\bevy_ecs-0.18.1\src\system\function_system.rs,54,736199,0.000572,91,8090,51,726322,76128.223818
system{name="leafwing_input_manager::user_input::updating::input_is_enabled<leafwing_input_manager::user_input::mouse::MouseMove>"},C:\Users\Antoi\.cargo\registry\src\index.crates.io-1949cf8c6b5b557f\bevy_ecs-0.18.1\src\system\function_system.rs,52,3081974,0.002396,27079,113,53,72158,468.017801
asset loading{loader="bevy_image::image_loader::ImageLoader" asset="ui/menu_video/frame_0126.webp"},C:\Users\Antoi\.cargo\registry\src\index.crates.io-1949cf8c6b5b557f\bevy_asset-0.18.1\src\server\loaders.rs,332,15117246,0.011751,6,2519541,78,15080018,6153354.390595
system{name="bevy_asset::assets::Assets<bevy_gltf::assets::Gltf>::asset_events_condition"},C:\Users\Antoi\.cargo\registry\src\index.crates.io-1949cf8c6b5b557f\bevy_ecs-0.18.1\src\system\function_system.rs,52,1772127,0.001377,27079,65,52,5764,77.568123
system{name="forgia_ui::sys_sync_cursor_with_coffre"},C:\Users\Antoi\.cargo\registry\src\index.crates.io-1949cf8c6b5b557f\bevy_ecs-0.18.1\src\system\function_system.rs,52,9988366,0.007764,27079,368,118,90152,1169.685272
system{name="forgia_juice_screen_flash::write_screen_flash_sensor"},C:\Users\Antoi\.cargo\registry\src\index.crates.io-1949cf8c6b5b557f\bevy_ecs-0.18.1\src\system\function_system.rs,52,5707478,0.004436,27079,210,75,70240,532.328776
system{name="forgia_mode_roguelite::boss_portal::sys_calibrate_portal"},C:\Users\Antoi\.cargo\registry\src\index.crates.io-1949cf8c6b5b557f\bevy_ecs-0.18.1\src\system\function_system.rs,52,10883884,0.008460,25752,422,144,86434,759.285211
sub app{name=RenderApp},C:\Users\Antoi\.cargo\registry\src\index.crates.io-1949cf8c6b5b557f\bevy_render-0.18.1\src\pipelined_rendering.rs,167,108769945868,84.547742,27078,4016912,2115881,248841489,2085796.481779
plugin finish{plugin="bevy_render::sync_component::SyncComponentPlugin<bevy_core_pipeline::skybox::Skybox>"},C:\Users\Antoi\.cargo\registry\src\index.crates.io-1949cf8c6b5b557f\bevy_app-0.18.1\src\app.rs,272,59,0.000000,1,59,59,59,0.000000
node{name="bevy_pbr::render::gpu_preprocess::ClearIndirectParametersMetadataNode"},C:\Users\Antoi\.cargo\registry\src\index.crates.io-1949cf8c6b5b557f\bevy_render-0.18.1\src\renderer\graph_runner.rs,240,72874694,0.056646,54156,1345,224,233413,1264.897309
system_commands{name="bevy_anti_alias::contrast_adaptive_sharpening::init_cas_pipeline"},C:\Users\Antoi\.cargo\registry\src\index.crates.io-1949cf8c6b5b557f\bevy_ecs-0.18.1\src\system\function_system.rs,54,2881,0.000002,1,2881,2881,2881,0.000000
run_graph{name="Core3d" debug_group="Camera 1 (62v269)"},C:\Users\Antoi\.cargo\registry\src\index.crates.io-1949cf8c6b5b557f\bevy_render-0.18.1\src\renderer\graph_runner.rs,119,8368354152,6.504788,25751,324972,239620,3052316,85484.300515
system{name="forgia_mode_roguelite::hud::draw_defeat_overlay"},C:\Users\Antoi\.cargo\registry\src\index.crates.io-1949cf8c6b5b557f\bevy_ecs-0.18.1\src\system\function_system.rs,52,11732076,0.009119,27079,433,152,80892,550.557931
plugin cleanup{plugin="bevy_gizmos::GizmoPlugin"},C:\Users\Antoi\.cargo\registry\src\index.crates.io-1949cf8c6b5b557f\bevy_app-0.18.1\src\app.rs,292,70,0.000000,1,70,70,70,0.000000
asset loading{loader="bevy_shader::shader::ShaderLoader" asset="embedded://bevy_pbr\\render/rgb9e5.wgsl"},C:\Users\Antoi\.cargo\registry\src\index.crates.io-1949cf8c6b5b557f\bevy_asset-0.18.1\src\server\loaders.rs,332,106608,0.000083,2,53304,55,106553,75305.457983
plugin finish{plugin="forgia_audio::biome::ForgiaAudioBiomePlugin"},C:\Users\Antoi\.cargo\registry\src\index.crates.io-1949cf8c6b5b557f\bevy_app-0.18.1\src\app.rs,272,57,0.000000,1,57,57,57,0.000000
plugin build{plugin="bevy_render::extract_resource::ExtractResourcePlugin<bevy_core_pipeline::tonemapping::TonemappingLuts>"},C:\Users\Antoi\.cargo\registry\src\index.crates.io-1949cf8c6b5b557f\bevy_app-0.18.1\src\app.rs,529,7725,0.000006,1,7725,7725,7725,0.000000
plugin build{plugin="bevy_core_pipeline::fullscreen_material::FullscreenMaterialPlugin<forgia_postprocess::toon::ToonSettings>"},C:\Users\Antoi\.cargo\registry\src\index.crates.io-1949cf8c6b5b557f\bevy_app-0.18.1\src\app.rs,529,93524,0.000073,1,93524,93524,93524,0.000000
system{name="bevy_pbr::prepass::init_prepass_pipeline"},C:\Users\Antoi\.cargo\registry\src\index.crates.io-1949cf8c6b5b557f\bevy_ecs-0.18.1\src\system\function_system.rs,52,8713,0.000007,1,8713,8713,8713,0.000000
system_commands{name="bevy_hanabi::render::update_mesh_locations"},C:\Users\Antoi\.cargo\registry\src\index.crates.io-1949cf8c6b5b557f\bevy_ecs-0.18.1\src\system\function_system.rs,54,2420070,0.001881,27078,89,50,76721,470.854488
system{name="bevy_pbr::render::mesh::prepare_mesh_bind_groups"},C:\Users\Antoi\.cargo\registry\src\index.crates.io-1949cf8c6b5b557f\bevy_ecs-0.18.1\src\system\function_system.rs,52,1371451644,1.066040,27078,50648,584,1479752,28181.199372
asset loading{loader="bevy_image::image_loader::ImageLoader" asset="ui/menu_video/frame_0083.webp"},C:\Users\Antoi\.cargo\registry\src\index.crates.io-1949cf8c6b5b557f\bevy_asset-0.18.1\src\server\loaders.rs,332,14091193,0.010953,6,2348532,123,14059613,5737236.662238
system_commands{name="bevy_pbr::render::light::init_shadow_samplers"},C:\Users\Antoi\.cargo\registry\src\index.crates.io-1949cf8c6b5b557f\bevy_ecs-0.18.1\src\system\function_system.rs,54,939,0.000001,1,939,939,939,0.000000
system{name="bevy_render::camera::extract_cameras"},C:\Users\Antoi\.cargo\registry\src\index.crates.io-1949cf8c6b5b557f\bevy_ecs-0.18.1\src\system\function_system.rs,52,296073833,0.230141,27079,10933,2214,756701,6050.054759
system{name="forgia_mode_roguelite::merchant::sys_reset_revive_tokens"},C:\Users\Antoi\.cargo\registry\src\index.crates.io-1949cf8c6b5b557f\bevy_ecs-0.18.1\src\system\function_system.rs,52,166,0.000000,1,166,166,166,0.000000
schedule{name=Render},C:\Users\Antoi\.cargo\registry\src\index.crates.io-1949cf8c6b5b557f\bevy_ecs-0.18.1\src\schedule\schedule.rs,532,108662844825,84.464492,27078,4012956,2112287,248834842,2085334.358672
plugin build{plugin="bevy_gizmos_render::pipeline_3d::LineGizmo3dPlugin"},C:\Users\Antoi\.cargo\registry\src\index.crates.io-1949cf8c6b5b557f\bevy_app-0.18.1\src\app.rs,529,56118,0.000044,1,56118,56118,56118,0.000000
system{name="bevy_render::extract_component::extract_components<bevy_anti_alias::fxaa::Fxaa>"},C:\Users\Antoi\.cargo\registry\src\index.crates.io-1949cf8c6b5b557f\bevy_ecs-0.18.1\src\system\function_system.rs,52,11875392,0.009231,27079,438,105,58238,429.892954
system_commands{name="forgia_player::load_player_movement_tuning"},C:\Users\Antoi\.cargo\registry\src\index.crates.io-1949cf8c6b5b557f\bevy_ecs-0.18.1\src\system\function_system.rs,54,1383,0.000001,1,1383,1383,1383,0.000000
system_commands{name="forgia_mode_roguelite::enemy_anim::sys_build_enemy_anim_graphs"},C:\Users\Antoi\.cargo\registry\src\index.crates.io-1949cf8c6b5b557f\bevy_ecs-0.18.1\src\system\function_system.rs,54,1989095,0.001546,25752,77,50,37494,268.369126
plugin finish{plugin="bevy_core_pipeline::skybox::SkyboxPlugin"},C:\Users\Antoi\.cargo\registry\src\index.crates.io-1949cf8c6b5b557f\bevy_app-0.18.1\src\app.rs,272,65,0.000000,1,65,65,65,0.000000
plugin finish{plugin="bevy_render::storage::StoragePlugin"},C:\Users\Antoi\.cargo\registry\src\index.crates.io-1949cf8c6b5b557f\bevy_app-0.18.1\src\app.rs,272,59,0.000000,1,59,59,59,0.000000
plugin cleanup{plugin="forgia_asset_registry::ForgiaAssetRegistryPlugin"},C:\Users\Antoi\.cargo\registry\src\index.crates.io-1949cf8c6b5b557f\bevy_app-0.18.1\src\app.rs,292,53,0.000000,1,53,53,53,0.000000
plugin cleanup{plugin="bevy_render::sync_component::SyncComponentPlugin<bevy_post_process::bloom::settings::Bloom>"},C:\Users\Antoi\.cargo\registry\src\index.crates.io-1949cf8c6b5b557f\bevy_app-0.18.1\src\app.rs,292,61,0.000000,1,61,61,61,0.000000
plugin cleanup{plugin="bevy_render::RenderPlugin"},C:\Users\Antoi\.cargo\registry\src\index.crates.io-1949cf8c6b5b557f\bevy_app-0.18.1\src\app.rs,292,56,0.000000,1,56,56,56,0.000000
check_conditions{name="bevy_time::fixed::run_fixed_main_schedule"},C:\Users\Antoi\.cargo\registry\src\index.crates.io-1949cf8c6b5b557f\bevy_ecs-0.18.1\src\schedule\executor\single_threaded.rs,83,2065176,0.001605,27079,76,56,47492,313.069149
system{name="forgia_mode_roguelite::intro_dialogue::sys_start_intro"},C:\Users\Antoi\.cargo\registry\src\index.crates.io-1949cf8c6b5b557f\bevy_ecs-0.18.1\src\system\function_system.rs,52,218,0.000000,1,218,218,218,0.000000
system_commands{name="bevy_render::extract_resource::extract_resource<bevy_render::texture::manual_texture_view::ManualTextureViews>"},C:\Users\Antoi\.cargo\registry\src\index.crates.io-1949cf8c6b5b557f\bevy_ecs-0.18.1\src\system\function_system.rs,54,2199993,0.001710,27078,81,52,3943,33.850042
system{name="forgia_observability::watchdog_sensor::sys_update_tick_counter"},C:\Users\Antoi\.cargo\registry\src\index.crates.io-1949cf8c6b5b557f\bevy_ecs-0.18.1\src\system\function_system.rs,52,8554700,0.006650,27079,315,82,43741,405.968512
plugin finish{plugin="bevy_camera::visibility::range::VisibilityRangePlugin"},C:\Users\Antoi\.cargo\registry\src\index.crates.io-1949cf8c6b5b557f\bevy_app-0.18.1\src\app.rs,272,55,0.000000,1,55,55,55,0.000000
plugin cleanup{plugin="bevy_render::extract_component::ExtractComponentPlugin<bevy_anti_alias::smaa::Smaa>"},C:\Users\Antoi\.cargo\registry\src\index.crates.io-1949cf8c6b5b557f\bevy_app-0.18.1\src\app.rs,292,58,0.000000,1,58,58,58,0.000000
system{name="forgia_mode_roguelite::status_vfx::sys_attach_burn_vfx"},C:\Users\Antoi\.cargo\registry\src\index.crates.io-1949cf8c6b5b557f\bevy_ecs-0.18.1\src\system\function_system.rs,52,15161246,0.011785,25752,588,177,16579,268.137687
system{name="bevy_pbr::atmosphere::environment::prepare_atmosphere_probe_components"},C:\Users\Antoi\.cargo\registry\src\index.crates.io-1949cf8c6b5b557f\bevy_ecs-0.18.1\src\system\function_system.rs,52,11873393,0.009229,27079,438,120,39491,418.439126
system_commands{name="bevy_hanabi::render::extract_effects"},C:\Users\Antoi\.cargo\registry\src\index.crates.io-1949cf8c6b5b557f\bevy_ecs-0.18.1\src\system\function_system.rs,54,86876400,0.067530,27078,3208,2119,73045,887.633435
plugin build{plugin="bevy_winit::WinitPlugin"},C:\Users\Antoi\.cargo\registry\src\index.crates.io-1949cf8c6b5b557f\bevy_app-0.18.1\src\app.rs,529,2160910,0.001680,1,2160910,2160910,2160910,0.000000
system{name="bevy_render::extract_component::prepare_uniform_components<bevy_pbr::deferred::PbrDeferredLightingDepthId>"},C:\Users\Antoi\.cargo\registry\src\index.crates.io-1949cf8c6b5b557f\bevy_ecs-0.18.1\src\system\function_system.rs,52,9309327,0.007236,27078,343,113,31547,326.574802
plugin finish{plugin="bevy_pbr::decal::forward::ForwardDecalPlugin"},C:\Users\Antoi\.cargo\registry\src\index.crates.io-1949cf8c6b5b557f\bevy_app-0.18.1\src\app.rs,272,55,0.000000,1,55,55,55,0.000000
system{name="forgia_fps::bourrasque::sys_reset_stats"},C:\Users\Antoi\.cargo\registry\src\index.crates.io-1949cf8c6b5b557f\bevy_ecs-0.18.1\src\system\function_system.rs,52,86,0.000000,1,86,86,86,0.000000
asset loading{loader="forgia_genome_core::GenomeLoader<forgia_juice_screen_flash::ScreenFlashTuning>" asset="genomes/screen_flash_tuning.toml"},C:\Users\Antoi\.cargo\registry\src\index.crates.io-1949cf8c6b5b557f\bevy_asset-0.18.1\src\server\loaders.rs,332,72344,0.000056,4,18086,64,50978,22520.043043
plugin build{plugin="forgia_ui::ForgiaUiPlugin"},C:\Users\Antoi\.cargo\registry\src\index.crates.io-1949cf8c6b5b557f\bevy_app-0.18.1\src\app.rs,529,1092732,0.000849,1,1092732,1092732,1092732,0.000000
plugin build{plugin="bevy_render::extract_component::ExtractComponentPlugin<bevy_camera::camera::CameraMainTextureUsages>"},C:\Users\Antoi\.cargo\registry\src\index.crates.io-1949cf8c6b5b557f\bevy_app-0.18.1\src\app.rs,529,18484,0.000014,1,18484,18484,18484,0.000000
system{name="bevy_render::batching::gpu_preprocessing::delete_old_work_item_buffers<bevy_pbr::render::mesh::MeshPipeline>"},C:\Users\Antoi\.cargo\registry\src\index.crates.io-1949cf8c6b5b557f\bevy_ecs-0.18.1\src\system\function_system.rs,52,65916933,0.051238,27078,2434,896,146781,1764.256234
check_conditions{name="bevy_gizmos::end_gizmo_context<bevy_gizmos::light::LightGizmoConfigGroup, bevy_time::fixed::Fixed>"},C:\Users\Antoi\.cargo\registry\src\index.crates.io-1949cf8c6b5b557f\bevy_ecs-0.18.1\src\schedule\executor\single_threaded.rs,83,20769738,0.016144,27079,767,56,137170,2276.501119
system_commands{name="bevy_pbr::render::mesh::prepare_mesh_bind_groups"},C:\Users\Antoi\.cargo\registry\src\index.crates.io-1949cf8c6b5b557f\bevy_ecs-0.18.1\src\system\function_system.rs,54,161649795,0.125652,27078,5969,1483,89086,2102.356666
system_commands{name="bevy_audio::audio_output::play_queued_audio_system<bevy_audio::pitch::Pitch>"},C:\Users\Antoi\.cargo\registry\src\index.crates.io-1949cf8c6b5b557f\bevy_ecs-0.18.1\src\system\function_system.rs,54,2482508,0.001930,27079,91,51,43711,267.763441
system_commands{name="bevy_core_pipeline::core_3d::prepare_prepass_textures"},C:\Users\Antoi\.cargo\registry\src\index.crates.io-1949cf8c6b5b557f\bevy_ecs-0.18.1\src\system\function_system.rs,54,23232472,0.018059,27078,857,349,268547,1703.130250
system_commands{name="bevy_render::camera::extract_cameras"},C:\Users\Antoi\.cargo\registry\src\index.crates.io-1949cf8c6b5b557f\bevy_ecs-0.18.1\src\system\function_system.rs,54,198888782,0.154598,27078,7345,2530,107867,2522.315828
system{name="bevy_core_pipeline::core_3d::extract_core_3d_camera_phases"},C:\Users\Antoi\.cargo\registry\src\index.crates.io-1949cf8c6b5b557f\bevy_ecs-0.18.1\src\system\function_system.rs,52,41358377,0.032148,27079,1527,689,78664,898.015278
plugin finish{plugin="bevy_render::experimental::occlusion_culling::OcclusionCullingPlugin"},C:\Users\Antoi\.cargo\registry\src\index.crates.io-1949cf8c6b5b557f\bevy_app-0.18.1\src\app.rs,272,58,0.000000,1,58,58,58,0.000000
plugin cleanup{plugin="forgia_audio::ForgiaAudioCorePlugin"},C:\Users\Antoi\.cargo\registry\src\index.crates.io-1949cf8c6b5b557f\bevy_app-0.18.1\src\app.rs,292,58,0.000000,1,58,58,58,0.000000
system{name="forgia_mode_roguelite::pipeline_warmup::sys_write_warmup_sensor"},C:\Users\Antoi\.cargo\registry\src\index.crates.io-1949cf8c6b5b557f\bevy_ecs-0.18.1\src\system\function_system.rs,52,7909766,0.006148,27079,292,78,102298,858.317470
system{name="forgia_effects::hitmarker::hitmarker_trigger"},C:\Users\Antoi\.cargo\registry\src\index.crates.io-1949cf8c6b5b557f\bevy_ecs-0.18.1\src\system\function_system.rs,52,7718819,0.006000,27079,285,94,86523,668.871149
system{name="bevy_render::extract_resource::extract_resource<bevy_pbr::material::DefaultOpaqueRendererMethod>"},C:\Users\Antoi\.cargo\registry\src\index.crates.io-1949cf8c6b5b557f\bevy_ecs-0.18.1\src\system\function_system.rs,52,6026053,0.004684,27079,222,83,8554,237.654156
asset loading{loader="bevy_image::image_loader::ImageLoader" asset="ui/menu_video/frame_0079.webp"},C:\Users\Antoi\.cargo\registry\src\index.crates.io-1949cf8c6b5b557f\bevy_asset-0.18.1\src\server\loaders.rs,332,14082050,0.010946,6,2347008,81,14049376,5732967.836941
system{name="forgia_ui_lib::hud::energy::draw_warm_orange_fade"},C:\Users\Antoi\.cargo\registry\src\index.crates.io-1949cf8c6b5b557f\bevy_ecs-0.18.1\src\system\function_system.rs,52,15865248,0.012332,26988,587,86,86087,585.276460
run_graph{name="SubGraphEgui"},C:\Users\Antoi\.cargo\registry\src\index.crates.io-1949cf8c6b5b557f\bevy_render-0.18.1\src\renderer\graph_runner.rs,121,171995217,0.133693,27078,6351,4322,120823,2205.423333
system{name="bevy_render::diagnostic::internal::sync_diagnostics"},C:\Users\Antoi\.cargo\registry\src\index.crates.io-1949cf8c6b5b557f\bevy_ecs-0.18.1\src\system\function_system.rs,52,311726388,0.242307,27079,11511,118,148831,4143.782810
system{name="bevy_pbr::render::light::extract_ambient_light_resource"},C:\Users\Antoi\.cargo\registry\src\index.crates.io-1949cf8c6b5b557f\bevy_ecs-0.18.1\src\system\function_system.rs,52,7938580,0.006171,27079,293,76,21867,466.621702
plugin finish{plugin="bevy_gizmos::light::LightGizmoPlugin"},C:\Users\Antoi\.cargo\registry\src\index.crates.io-1949cf8c6b5b557f\bevy_app-0.18.1\src\app.rs,272,61,0.000000,1,61,61,61,0.000000
system{name="bevy_asset::assets::Assets<forgia_genome_core::Genome<forgia_stage::authored::ArenaLayoutsGenome>>::asset_events_condition"},C:\Users\Antoi\.cargo\registry\src\index.crates.io-1949cf8c6b5b557f\bevy_ecs-0.18.1\src\system\function_system.rs,52,3229889,0.002511,27079,119,53,30034,212.500878
asset loading{loader="bevy_image::image_loader::ImageLoader" asset="ui/menu_video/frame_0140.webp"},C:\Users\Antoi\.cargo\registry\src\index.crates.io-1949cf8c6b5b557f\bevy_asset-0.18.1\src\server\loaders.rs,332,13938444,0.010834,6,2323074,78,13894379,5668762.175828
asset loading{loader="bevy_gltf::loader::GltfLoader" asset="models/kaykit/medieval_hexagon/buildings/red/building_market_red.gltf"},C:\Users\Antoi\.cargo\registry\src\index.crates.io-1949cf8c6b5b557f\bevy_asset-0.18.1\src\server\loaders.rs,332,580255,0.000451,10,58025,168,406572,125071.773862
system{name="bevy_asset::assets::Assets<bevy_audio::pitch::Pitch>::asset_events_condition"},C:\Users\Antoi\.cargo\registry\src\index.crates.io-1949cf8c6b5b557f\bevy_ecs-0.18.1\src\system\function_system.rs,52,3039837,0.002363,27079,112,53,4915,78.904358
system_commands{name="bevy_light::cluster::add_clusters"},C:\Users\Antoi\.cargo\registry\src\index.crates.io-1949cf8c6b5b557f\bevy_ecs-0.18.1\src\system\function_system.rs,54,2049008,0.001593,27079,75,50,66936,463.485223
plugin build{plugin="bevy_audio::AudioPlugin"},C:\Users\Antoi\.cargo\registry\src\index.crates.io-1949cf8c6b5b557f\bevy_app-0.18.1\src\app.rs,529,38959642,0.030284,1,38959642,38959642,38959642,0.000000
system{name="bevy_render::batching::sort_binned_render_phase<bevy_core_pipeline::core_3d::AlphaMask3d>"},C:\Users\Antoi\.cargo\registry\src\index.crates.io-1949cf8c6b5b557f\bevy_ecs-0.18.1\src\system\function_system.rs,52,10201595,0.007930,27078,376,179,30471,244.251919
system{name="forgia_level_presets::write_level_modules_sensor"},C:\Users\Antoi\.cargo\registry\src\index.crates.io-1949cf8c6b5b557f\bevy_ecs-0.18.1\src\system\function_system.rs,52,18091324,0.014063,27079,668,177,55712,563.850128
system{name="bevy_pbr::volumetric_fog::render::prepare_view_depth_textures_for_volumetric_fog"},C:\Users\Antoi\.cargo\registry\src\index.crates.io-1949cf8c6b5b557f\bevy_ecs-0.18.1\src\system\function_system.rs,52,6393606,0.004970,27078,236,90,89699,587.928339
system{name="bevy_state::state_scoped::despawn_entities_on_enter_state<forgia_core::states::GameMode>"},C:\Users\Antoi\.cargo\registry\src\index.crates.io-1949cf8c6b5b557f\bevy_ecs-0.18.1\src\system\function_system.rs,52,4563075,0.003547,27080,168,71,9441,78.309035
asset loading{loader="bevy_image::image_loader::ImageLoader" asset="ui/menu_video/frame_0039.webp"},C:\Users\Antoi\.cargo\registry\src\index.crates.io-1949cf8c6b5b557f\bevy_asset-0.18.1\src\server\loaders.rs,332,15257471,0.011860,6,2542911,120,15226503,6213667.279327
plugin cleanup{plugin="bevy_picking::PickingPlugin"},C:\Users\Antoi\.cargo\registry\src\index.crates.io-1949cf8c6b5b557f\bevy_app-0.18.1\src\app.rs,292,52,0.000000,1,52,52,52,0.000000
plugin finish{plugin="bevy_render::extract_component::ExtractComponentPlugin<bevy_camera::camera::CameraMainTextureUsages>"},C:\Users\Antoi\.cargo\registry\src\index.crates.io-1949cf8c6b5b557f\bevy_app-0.18.1\src\app.rs,272,57,0.000000,1,57,57,57,0.000000
system_commands{name="forgia_combat::weapons::setup_casing_resources"},C:\Users\Antoi\.cargo\registry\src\index.crates.io-1949cf8c6b5b557f\bevy_ecs-0.18.1\src\system\function_system.rs,54,4204,0.000003,1,4204,4204,4204,0.000000
plugin build{plugin="bevy_render::sync_component::SyncComponentPlugin<bevy_core_pipeline::tonemapping::Tonemapping>"},C:\Users\Antoi\.cargo\registry\src\index.crates.io-1949cf8c6b5b557f\bevy_app-0.18.1\src\app.rs,529,8171,0.000006,1,8171,8171,8171,0.000000
system{name="forgia_mode_roguelite::audio::sys_write_audio_sensor"},C:\Users\Antoi\.cargo\registry\src\index.crates.io-1949cf8c6b5b557f\bevy_ecs-0.18.1\src\system\function_system.rs,52,4372082,0.003398,27079,161,65,88087,613.581064
system{name="forgia_ui::main_menu_ui"},C:\Users\Antoi\.cargo\registry\src\index.crates.io-1949cf8c6b5b557f\bevy_ecs-0.18.1\src\system\function_system.rs,52,86218011,0.067018,27079,3183,205,998032,12870.830877
{shadow_directional_light_1_cascade_1},C:\Users\Antoi\.cargo\registry\src\index.crates.io-1949cf8c6b5b557f\bevy_pbr-0.18.1\src\render\light.rs,2326,2100266744,1.632554,25749,81566,18484,793157,24710.485680
system_commands{name="bevy_rapier3d::plugin::systems::multiple_rapier_contexts::on_add_entity_with_parent"},C:\Users\Antoi\.cargo\registry\src\index.crates.io-1949cf8c6b5b557f\bevy_ecs-0.18.1\src\system\function_system.rs,54,1641436,0.001276,7925,207,67,29233,348.055811
plugin finish{plugin="bevy_render::extract_component::ExtractComponentPlugin<bevy_anti_alias::smaa::Smaa>"},C:\Users\Antoi\.cargo\registry\src\index.crates.io-1949cf8c6b5b557f\bevy_app-0.18.1\src\app.rs,272,58,0.000000,1,58,58,58,0.000000
plugin cleanup{plugin="bevy_render::sync_component::SyncComponentPlugin<bevy_pbr::atmosphere::environment::AtmosphereEnvironmentMap>"},C:\Users\Antoi\.cargo\registry\src\index.crates.io-1949cf8c6b5b557f\bevy_app-0.18.1\src\app.rs,292,55,0.000000,1,55,55,55,0.000000
system{name="bevy_render::batching::gpu_preprocessing::collect_buffers_for_phase<bevy_core_pipeline::core_3d::Transparent3d, bevy_pbr::render::mesh::MeshPipeline>"},C:\Users\Antoi\.cargo\registry\src\index.crates.io-1949cf8c6b5b557f\bevy_ecs-0.18.1\src\system\function_system.rs,52,27299166,0.021220,27078,1008,341,857273,5362.302340
plugin cleanup{plugin="forgia_anim_debug::bone_trace::BoneTracePlugin"},C:\Users\Antoi\.cargo\registry\src\index.crates.io-1949cf8c6b5b557f\bevy_app-0.18.1\src\app.rs,292,54,0.000000,1,54,54,54,0.000000
system{name="bevy_hanabi::render::property::allocate_properties"},C:\Users\Antoi\.cargo\registry\src\index.crates.io-1949cf8c6b5b557f\bevy_ecs-0.18.1\src\system\function_system.rs,52,19022410,0.014786,27078,702,246,83177,887.268182
system{name="bevy_render::batching::gpu_preprocessing::write_batched_instance_buffers<bevy_pbr::render::mesh::MeshPipeline>"},C:\Users\Antoi\.cargo\registry\src\index.crates.io-1949cf8c6b5b557f\bevy_ecs-0.18.1\src\system\function_system.rs,52,2230948444,1.734134,27078,82389,11852,33191556,382495.848536
system{name="forgia_game::color_grading::sys_init"},C:\Users\Antoi\.cargo\registry\src\index.crates.io-1949cf8c6b5b557f\bevy_ecs-0.18.1\src\system\function_system.rs,52,1390024,0.001080,1,1390024,1390024,1390024,0.000000
plugin build{plugin="bevy_render::mesh::MorphPlugin"},C:\Users\Antoi\.cargo\registry\src\index.crates.io-1949cf8c6b5b557f\bevy_app-0.18.1\src\app.rs,529,17305,0.000013,1,17305,17305,17305,0.000000
system{name="forgia_water::sync_sea_level_resource"},C:\Users\Antoi\.cargo\registry\src\index.crates.io-1949cf8c6b5b557f\bevy_ecs-0.18.1\src\system\function_system.rs,52,5280623,0.004105,27079,195,68,16393,164.290322
node{name="bevy_pbr::render::gpu_preprocess::LatePrepassBuildIndirectParametersNode"},C:\Users\Antoi\.cargo\registry\src\index.crates.io-1949cf8c6b5b557f\bevy_render-0.18.1\src\renderer\graph_runner.rs,240,8161698,0.006344,54156,150,67,60671,278.575126
system{name="bevy_sprite_render::texture_slice::computed_slices::compute_slices_on_sprite_change"},C:\Users\Antoi\.cargo\registry\src\index.crates.io-1949cf8c6b5b557f\bevy_ecs-0.18.1\src\system\function_system.rs,52,5989717,0.004656,27079,221,90,4541,110.739413
plugin finish{plugin="bevy_render::extract_component::UniformComponentPlugin<bevy_pbr::atmosphere::GpuAtmosphereSettings>"},C:\Users\Antoi\.cargo\registry\src\index.crates.io-1949cf8c6b5b557f\bevy_app-0.18.1\src\app.rs,272,55,0.000000,1,55,55,55,0.000000
system{name="bevy_core_pipeline::deferred::copy_lighting_id::init_copy_deferred_lighting_id_pipeline"},C:\Users\Antoi\.cargo\registry\src\index.crates.io-1949cf8c6b5b557f\bevy_ecs-0.18.1\src\system\function_system.rs,52,14527,0.000011,1,14527,14527,14527,0.000000
asset loading{loader="forgia_genome_core::GenomeLoader<forgia_enemy_nameplate::tuning::EnemyNameplateTuning>" asset="genomes/ui/enemy_nameplate.toml"},C:\Users\Antoi\.cargo\registry\src\index.crates.io-1949cf8c6b5b557f\bevy_asset-0.18.1\src\server\loaders.rs,332,110964,0.000086,5,22192,62,93455,40173.766297
system{name="bevy_picking::PickingSettings::input_should_run"},C:\Users\Antoi\.cargo\registry\src\index.crates.io-1949cf8c6b5b557f\bevy_ecs-0.18.1\src\system\function_system.rs,52,15530257,0.012072,27079,573,58,87963,1536.294507
plugin build{plugin="forgia_rpg_data::dialogue::ForgiaDialoguePlugin"},C:\Users\Antoi\.cargo\registry\src\index.crates.io-1949cf8c6b5b557f\bevy_app-0.18.1\src\app.rs,529,23349,0.000018,1,23349,23349,23349,0.000000
system{name="bevy_water::water::sync_wave_direction_settings"},C:\Users\Antoi\.cargo\registry\src\index.crates.io-1949cf8c6b5b557f\bevy_ecs-0.18.1\src\system\function_system.rs,52,6495,0.000005,1,6495,6495,6495,0.000000
system{name="forgia_mode_roguelite::run::sys_end_run"},C:\Users\Antoi\.cargo\registry\src\index.crates.io-1949cf8c6b5b557f\bevy_ecs-0.18.1\src\system\function_system.rs,52,7756650,0.006029,25752,301,104,72413,474.605195
plugin cleanup{plugin="bevy_render::extract_resource::ExtractResourcePlugin<bevy_camera::clear_color::ClearColor>"},C:\Users\Antoi\.cargo\registry\src\index.crates.io-1949cf8c6b5b557f\bevy_app-0.18.1\src\app.rs,292,118,0.000000,1,118,118,118,0.000000
system{name="forgia_ui_lib::pause_menu::apply_vsync_to_window"},C:\Users\Antoi\.cargo\registry\src\index.crates.io-1949cf8c6b5b557f\bevy_ecs-0.18.1\src\system\function_system.rs,52,13987290,0.010872,27079,516,149,87515,777.792678
asset loading{loader="bevy_image::image_loader::ImageLoader" asset="ui/menu_video/frame_0068.webp"},C:\Users\Antoi\.cargo\registry\src\index.crates.io-1949cf8c6b5b557f\bevy_asset-0.18.1\src\server\loaders.rs,332,15359526,0.011939,6,2559921,226,15326427,6254287.625103
system{name="bevy_asset::assets::Assets<forgia_genome_core::Genome<forgia_damage::HitFeedbackTuning>>::asset_events_condition"},C:\Users\Antoi\.cargo\registry\src\index.crates.io-1949cf8c6b5b557f\bevy_ecs-0.18.1\src\system\function_system.rs,52,2585131,0.002009,27079,95,53,4973,63.575364
asset loading{loader="bevy_image::image_loader::ImageLoader" asset="ui/menu_video/frame_0067.webp"},C:\Users\Antoi\.cargo\registry\src\index.crates.io-1949cf8c6b5b557f\bevy_asset-0.18.1\src\server\loaders.rs,332,14540386,0.011302,7,2077198,110,14494450,5475495.701169
system{name="bevy_asset::assets::Assets<bevy_scene::scene::Scene>::asset_events"},C:\Users\Antoi\.cargo\registry\src\index.crates.io-1949cf8c6b5b557f\bevy_ecs-0.18.1\src\system\function_system.rs,52,15001,0.000012,20,750,405,1947,452.598288
system{name="forgia_mode_roguelite::shockwave::sys_apply_knockback"},C:\Users\Antoi\.cargo\registry\src\index.crates.io-1949cf8c6b5b557f\bevy_ecs-0.18.1\src\system\function_system.rs,52,7888336,0.006132,25752,306,79,82880,763.785343
plugin finish{plugin="forgia_mode_fps_arena::wave::ArenaWavesPlugin"},C:\Users\Antoi\.cargo\registry\src\index.crates.io-1949cf8c6b5b557f\bevy_app-0.18.1\src\app.rs,272,55,0.000000,1,55,55,55,0.000000
system_commands{name="forgia_mode_roguelite::run::sys_start_run"},C:\Users\Antoi\.cargo\registry\src\index.crates.io-1949cf8c6b5b557f\bevy_ecs-0.18.1\src\system\function_system.rs,54,2397105,0.001863,25752,93,50,243666,1578.501752
system_commands{name="bevy_gizmos_render::retained::extract_linegizmos"},C:\Users\Antoi\.cargo\registry\src\index.crates.io-1949cf8c6b5b557f\bevy_ecs-0.18.1\src\system\function_system.rs,54,23982870,0.018642,27078,885,289,89229,867.312251
system_commands{name="bevy_sprite::calculate_bounds_2d"},C:\Users\Antoi\.cargo\registry\src\index.crates.io-1949cf8c6b5b557f\bevy_ecs-0.18.1\src\system\function_system.rs,54,2507899,0.001949,27079,92,51,4190,52.120668
plugin finish{plugin="forgia_ui_lib::hud_ammo::ForgiaUiHudAmmoPlugin"},C:\Users\Antoi\.cargo\registry\src\index.crates.io-1949cf8c6b5b557f\bevy_app-0.18.1\src\app.rs,272,54,0.000000,1,54,54,54,0.000000
system{name="forgia_viewmodel::fade::sync_fader_progress"},C:\Users\Antoi\.cargo\registry\src\index.crates.io-1949cf8c6b5b557f\bevy_ecs-0.18.1\src\system\function_system.rs,52,9672002,0.007518,25752,375,100,11437,151.194319
asset loading{loader="bevy_gltf::loader::GltfLoader" asset="models/kaykit/hexagon/red/building_home_A_red.gltf"},C:\Users\Antoi\.cargo\registry\src\index.crates.io-1949cf8c6b5b557f\bevy_asset-0.18.1\src\server\loaders.rs,332,239789,0.000186,8,29973,62,143885,51270.030189
plugin build{plugin="bevy_camera::visibility::VisibilityPlugin"},C:\Users\Antoi\.cargo\registry\src\index.crates.io-1949cf8c6b5b557f\bevy_app-0.18.1\src\app.rs,529,70875,0.000055,1,70875,70875,70875,0.000000
system{name="forgia_mode_roguelite::elements::sys_reset_element_unlocks"},C:\Users\Antoi\.cargo\registry\src\index.crates.io-1949cf8c6b5b557f\bevy_ecs-0.18.1\src\system\function_system.rs,52,178631,0.000139,1,178631,178631,178631,0.000000
plugin build{plugin="bevy_render::extract_resource::ExtractResourcePlugin<bevy_render::texture::manual_texture_view::ManualTextureViews>"},C:\Users\Antoi\.cargo\registry\src\index.crates.io-1949cf8c6b5b557f\bevy_app-0.18.1\src\app.rs,529,4888,0.000004,1,4888,4888,4888,0.000000
system{name="<bevy_gizmos::light::LightGizmoPlugin as bevy_app::plugin::Plugin>::build::{{closure}}"},C:\Users\Antoi\.cargo\registry\src\index.crates.io-1949cf8c6b5b557f\bevy_ecs-0.18.1\src\system\function_system.rs,52,18625197,0.014478,27079,687,179,95141,873.077745
plugin cleanup{plugin="bevy_render::sync_component::SyncComponentPlugin<bevy_light::directional_light::DirectionalLight>"},C:\Users\Antoi\.cargo\registry\src\index.crates.io-1949cf8c6b5b557f\bevy_app-0.18.1\src\app.rs,292,69,0.000000,1,69,69,69,0.000000
system{name="bevy_hanabi::time::effect_simulation_time_system"},C:\Users\Antoi\.cargo\registry\src\index.crates.io-1949cf8c6b5b557f\bevy_ecs-0.18.1\src\system\function_system.rs,52,10220670,0.007945,27079,377,105,73296,479.081304
system{name="bevy_pbr::render::gpu_preprocess::write_mesh_culling_data_buffer"},C:\Users\Antoi\.cargo\registry\src\index.crates.io-1949cf8c6b5b557f\bevy_ecs-0.18.1\src\system\function_system.rs,52,251091438,0.195175,27078,9272,155,285369,10528.199910
system{name="forgia_mode_roguelite::enemy_anim::sys_build_enemy_anim_graphs"},C:\Users\Antoi\.cargo\registry\src\index.crates.io-1949cf8c6b5b557f\bevy_ecs-0.18.1\src\system\function_system.rs,52,7190985,0.005590,25752,279,95,598234,3769.643360
system_commands{name="bevy_ui_render::extract_uinode_images"},C:\Users\Antoi\.cargo\registry\src\index.crates.io-1949cf8c6b5b557f\bevy_ecs-0.18.1\src\system\function_system.rs,54,2875026,0.002235,27078,106,51,1320,27.066297
system{name="<leafwing_input_manager::user_input::mouse::MouseMove as leafwing_input_manager::user_input::updating::UpdatableInput>::compute"},C:\Users\Antoi\.cargo\registry\src\index.crates.io-1949cf8c6b5b557f\bevy_ecs-0.18.1\src\system\function_system.rs,52,27078400,0.021048,27079,999,300,90359,669.036906
plugin cleanup{plugin="bevy_sprite_render::tilemap_chunk::TilemapChunkPlugin"},C:\Users\Antoi\.cargo\registry\src\index.crates.io-1949cf8c6b5b557f\bevy_app-0.18.1\src\app.rs,292,63,0.000000,1,63,63,63,0.000000
system_commands{name="bevy_sprite_render::mesh2d::material::init_material_2d_pipeline<bevy_sprite_render::tilemap_chunk::tilemap_chunk_material::TilemapChunkMaterial>"},C:\Users\Antoi\.cargo\registry\src\index.crates.io-1949cf8c6b5b557f\bevy_ecs-0.18.1\src\system\function_system.rs,54,3729,0.000003,1,3729,3729,3729,0.000000
plugin build{plugin="bevy_render::extract_component::ExtractComponentPlugin<bevy_pbr::atmosphere::Atmosphere>"},C:\Users\Antoi\.cargo\registry\src\index.crates.io-1949cf8c6b5b557f\bevy_app-0.18.1\src\app.rs,529,14920,0.000012,1,14920,14920,14920,0.000000
system_commands{name="bevy_ui_render::gradient::prepare_gradient"},C:\Users\Antoi\.cargo\registry\src\index.crates.io-1949cf8c6b5b557f\bevy_ecs-0.18.1\src\system\function_system.rs,54,13081736,0.010169,27078,483,203,53524,431.580019
asset loading{loader="bevy_image::image_loader::ImageLoader" asset="ui/menu_video/frame_0060.webp"},C:\Users\Antoi\.cargo\registry\src\index.crates.io-1949cf8c6b5b557f\bevy_asset-0.18.1\src\server\loaders.rs,332,15153228,0.011779,6,2525538,180,15114916,6167513.858098
plugin cleanup{plugin="bevy_render::render_phase::BinnedRenderPhasePlugin<bevy_pbr::render::light::Shadow, bevy_pbr::render::mesh::MeshPipeline>"},C:\Users\Antoi\.cargo\registry\src\index.crates.io-1949cf8c6b5b557f\bevy_app-0.18.1\src\app.rs,292,55,0.000000,1,55,55,55,0.000000
cast_shape,C:\Users\Antoi\.cargo\registry\src\index.crates.io-1949cf8c6b5b557f\rapier3d-0.31.0\src\pipeline\query_pipeline.rs,481,19630830,0.015259,5831,3366,267,87794,5525.361027
plugin build{plugin="forgia_input::ForgiaInputPlugin"},C:\Users\Antoi\.cargo\registry\src\index.crates.io-1949cf8c6b5b557f\bevy_app-0.18.1\src\app.rs,529,361772,0.000281,1,361772,361772,361772,0.000000
asset loading{loader="bevy_image::image_loader::ImageLoader" asset="ui/menu_video/frame_0124.webp"},C:\Users\Antoi\.cargo\registry\src\index.crates.io-1949cf8c6b5b557f\bevy_asset-0.18.1\src\server\loaders.rs,332,15293850,0.011888,4,3823462,71,15274972,7634341.998275
write_work_item_buffers,C:\Users\Antoi\.cargo\registry\src\index.crates.io-1949cf8c6b5b557f\bevy_render-0.18.1\src\batching\gpu_preprocessing.rs,2056,2240791360,1.741785,319632,7010,48,30987452,84598.755760
system{name="bevy_hanabi::render::allocate_parent_child_infos"},C:\Users\Antoi\.cargo\registry\src\index.crates.io-1949cf8c6b5b557f\bevy_ecs-0.18.1\src\system\function_system.rs,52,18493255,0.014375,27078,682,301,452805,2885.962405
system{name="forgia_mode_roguelite::run::sys_tick_run_timer"},C:\Users\Antoi\.cargo\registry\src\index.crates.io-1949cf8c6b5b557f\bevy_ecs-0.18.1\src\system\function_system.rs,52,1324229,0.001029,7533,175,82,10837,142.302512
system{name="forgia_ui::sys_force_lobby_cursor_free"},C:\Users\Antoi\.cargo\registry\src\index.crates.io-1949cf8c6b5b557f\bevy_ecs-0.18.1\src\system\function_system.rs,52,97240,0.000076,91,1068,448,26629,2865.057649
system{name="bevy_core_pipeline::core_3d::prepare_prepass_textures"},C:\Users\Antoi\.cargo\registry\src\index.crates.io-1949cf8c6b5b557f\bevy_ecs-0.18.1\src\system\function_system.rs,52,34404238,0.026743,27078,1270,492,86339,845.972176
system_commands{name="forgia_effects::emissive_fade_tick"},C:\Users\Antoi\.cargo\registry\src\index.crates.io-1949cf8c6b5b557f\bevy_ecs-0.18.1\src\system\function_system.rs,54,4748015,0.003691,27079,175,58,78097,722.034719
plugin cleanup{plugin="bevy_ui::picking_backend::UiPickingPlugin"},C:\Users\Antoi\.cargo\registry\src\index.crates.io-1949cf8c6b5b557f\bevy_app-0.18.1\src\app.rs,292,61,0.000000,1,61,61,61,0.000000
system{name="forgia_juice_screen_flash::tick_flash_layers"},C:\Users\Antoi\.cargo\registry\src\index.crates.io-1949cf8c6b5b557f\bevy_ecs-0.18.1\src\system\function_system.rs,52,4803594,0.003734,27079,177,64,43379,350.788820
asset loading{loader="bevy_image::image_loader::ImageLoader" asset="ui/menu_video/frame_0111.webp"},C:\Users\Antoi\.cargo\registry\src\index.crates.io-1949cf8c6b5b557f\bevy_asset-0.18.1\src\server\loaders.rs,332,13868112,0.010780,6,2311352,235,13837533,5646654.446777
system{name="bevy_audio::audio_output::cleanup_finished_audio<bevy_audio::pitch::Pitch>"},C:\Users\Antoi\.cargo\registry\src\index.crates.io-1949cf8c6b5b557f\bevy_ecs-0.18.1\src\system\function_system.rs,52,16413955,0.012759,27079,606,161,47731,454.631202
plugin cleanup{plugin="bevy_render::globals::GlobalsPlugin"},C:\Users\Antoi\.cargo\registry\src\index.crates.io-1949cf8c6b5b557f\bevy_app-0.18.1\src\app.rs,292,56,0.000000,1,56,56,56,0.000000
system{name="bevy_render::render_asset::extract_render_asset<bevy_pbr::medium::GpuScatteringMedium>"},C:\Users\Antoi\.cargo\registry\src\index.crates.io-1949cf8c6b5b557f\bevy_ecs-0.18.1\src\system\function_system.rs,52,28184039,0.021908,27078,1040,475,37188,385.547916
system{name="forgia_player::weapon_recoil_apply"},C:\Users\Antoi\.cargo\registry\src\index.crates.io-1949cf8c6b5b557f\bevy_ecs-0.18.1\src\system\function_system.rs,52,25206298,0.019593,24878,1013,239,144582,1147.158662
system{name="forgia_mode_roguelite::decor::sys_reconcile_decor"},C:\Users\Antoi\.cargo\registry\src\index.crates.io-1949cf8c6b5b557f\bevy_ecs-0.18.1\src\system\function_system.rs,52,26513288,0.020609,25752,1029,461,165736,1701.432091
system{name="bevy_ui_render::box_shadow::prepare_shadows"},C:\Users\Antoi\.cargo\registry\src\index.crates.io-1949cf8c6b5b557f\bevy_ecs-0.18.1\src\system\function_system.rs,52,205022364,0.159366,27078,7571,1899,546911,8164.142768
system{name="bevy_post_process::effect_stack::init_post_processing_pipeline"},C:\Users\Antoi\.cargo\registry\src\index.crates.io-1949cf8c6b5b557f\bevy_ecs-0.18.1\src\system\function_system.rs,52,78661,0.000061,1,78661,78661,78661,0.000000
asset loading{loader="bevy_image::image_loader::ImageLoader" asset="ui/menu_video/frame_0059.webp"},C:\Users\Antoi\.cargo\registry\src\index.crates.io-1949cf8c6b5b557f\bevy_asset-0.18.1\src\server\loaders.rs,332,15148566,0.011775,6,2524761,122,15116884,6168856.661086
plugin cleanup{plugin="bevy_pbr::medium::ScatteringMediumPlugin"},C:\Users\Antoi\.cargo\registry\src\index.crates.io-1949cf8c6b5b557f\bevy_app-0.18.1\src\app.rs,292,56,0.000000,1,56,56,56,0.000000
system_commands{name="forgia_mode_roguelite::enemy_scaling::sys_init_enemy_scaling"},C:\Users\Antoi\.cargo\registry\src\index.crates.io-1949cf8c6b5b557f\bevy_ecs-0.18.1\src\system\function_system.rs,54,6612,0.000005,1,6612,6612,6612,0.000000
system{name="forgia_observability::physics_sensor::sys_write_physics_sensor"},C:\Users\Antoi\.cargo\registry\src\index.crates.io-1949cf8c6b5b557f\bevy_ecs-0.18.1\src\system\function_system.rs,52,16904539,0.013140,27079,624,204,85594,672.826389
system{name="bevy_sprite_render::render::queue_sprites"},C:\Users\Antoi\.cargo\registry\src\index.crates.io-1949cf8c6b5b557f\bevy_ecs-0.18.1\src\system\function_system.rs,52,47576389,0.036982,27078,1757,897,86526,1107.317494
system_commands{name="bevy_ui_render::extract_text_decorations"},C:\Users\Antoi\.cargo\registry\src\index.crates.io-1949cf8c6b5b557f\bevy_ecs-0.18.1\src\system\function_system.rs,54,2566383,0.001995,27078,94,50,28830,176.108706
system{name="bevy_sprite_render::mesh2d::material::specialize_material2d_meshes<bevy_sprite_render::tilemap_chunk::tilemap_chunk_material::TilemapChunkMaterial>"},C:\Users\Antoi\.cargo\registry\src\index.crates.io-1949cf8c6b5b557f\bevy_ecs-0.18.1\src\system\function_system.rs,52,14381518,0.011179,27078,531,190,88849,891.423281
system_commands{name="forgia_mode_roguelite::loot_room::sys_despawn_demo_level_in_lobby"},C:\Users\Antoi\.cargo\registry\src\index.crates.io-1949cf8c6b5b557f\bevy_ecs-0.18.1\src\system\function_system.rs,54,58,0.000000,1,58,58,58,0.000000
function_scope{egui::context::Context::tessellate},C:\Users\Antoi\.cargo\registry\src\index.crates.io-1949cf8c6b5b557f\egui-0.33.3\src\context.rs,2658,3639370532,2.828912,27079,134398,13080,1678332,41908.327100
plugin build{plugin="forgia_ui_lib::dialogue::ForgiaUiDialoguePlugin"},C:\Users\Antoi\.cargo\registry\src\index.crates.io-1949cf8c6b5b557f\bevy_app-0.18.1\src\app.rs,529,4345,0.000003,1,4345,4345,4345,0.000000
system{name="bevy_hanabi::render::property::prepare_property_buffers"},C:\Users\Antoi\.cargo\registry\src\index.crates.io-1949cf8c6b5b557f\bevy_ecs-0.18.1\src\system\function_system.rs,52,7294364,0.005670,27078,269,84,35932,326.838178
plugin cleanup{plugin="forgia_ui_lib::hud::ForgiaUiHudPlugin"},C:\Users\Antoi\.cargo\registry\src\index.crates.io-1949cf8c6b5b557f\bevy_app-0.18.1\src\app.rs,292,54,0.000000,1,54,54,54,0.000000
plugin finish{plugin="bevy_render::extract_component::UniformComponentPlugin<bevy_core_pipeline::skybox::SkyboxUniforms>"},C:\Users\Antoi\.cargo\registry\src\index.crates.io-1949cf8c6b5b557f\bevy_app-0.18.1\src\app.rs,272,60,0.000000,1,60,60,60,0.000000
{shadow_directional_light_1_cascade_0},C:\Users\Antoi\.cargo\registry\src\index.crates.io-1949cf8c6b5b557f\bevy_pbr-0.18.1\src\render\light.rs,2326,2063211577,1.603751,25749,80127,31170,794586,22764.304621
system{name="bevy_anti_alias::taa::prepare_taa_history_textures"},C:\Users\Antoi\.cargo\registry\src\index.crates.io-1949cf8c6b5b557f\bevy_ecs-0.18.1\src\system\function_system.rs,52,7398749,0.005751,27078,273,70,62649,477.519650
system{name="bevy_render::batching::gpu_preprocessing::collect_buffers_for_phase<bevy_core_pipeline::prepass::Opaque3dPrepass, bevy_pbr::render::mesh::MeshPipeline>"},C:\Users\Antoi\.cargo\registry\src\index.crates.io-1949cf8c6b5b557f\bevy_ecs-0.18.1\src\system\function_system.rs,52,21651421,0.016830,27078,799,300,82726,791.168747
node{name="bevy_render::render_graph::node::ViewNodeRunner<bevy_post_process::bloom::BloomNode>"},C:\Users\Antoi\.cargo\registry\src\index.crates.io-1949cf8c6b5b557f\bevy_render-0.18.1\src\renderer\graph_runner.rs,240,15834298,0.012308,81234,194,54,91956,406.931505
system{name="bevy_animation::trigger_untargeted_animation_events"},C:\Users\Antoi\.cargo\registry\src\index.crates.io-1949cf8c6b5b557f\bevy_ecs-0.18.1\src\system\function_system.rs,52,14694636,0.011422,27079,542,151,12694,350.821914
system_commands{name="bevy_post_process::dof::extract_depth_of_field_settings"},C:\Users\Antoi\.cargo\registry\src\index.crates.io-1949cf8c6b5b557f\bevy_ecs-0.18.1\src\system\function_system.rs,54,1888220,0.001468,27078,69,50,1040,18.999276
plugin cleanup{plugin="bevy_sprite_render::mesh2d::color_material::ColorMaterialPlugin"},C:\Users\Antoi\.cargo\registry\src\index.crates.io-1949cf8c6b5b557f\bevy_app-0.18.1\src\app.rs,292,67,0.000000,1,67,67,67,0.000000
plugin finish{plugin="bevy_render::view::visibility::range::RenderVisibilityRangePlugin"},C:\Users\Antoi\.cargo\registry\src\index.crates.io-1949cf8c6b5b557f\bevy_app-0.18.1\src\app.rs,272,56,0.000000,1,56,56,56,0.000000
plugin cleanup{plugin="bevy_mesh::MeshPlugin"},C:\Users\Antoi\.cargo\registry\src\index.crates.io-1949cf8c6b5b557f\bevy_app-0.18.1\src\app.rs,292,55,0.000000,1,55,55,55,0.000000
system{name="forgia_mode_roguelite::hub::on_armes_tab"},C:\Users\Antoi\.cargo\registry\src\index.crates.io-1949cf8c6b5b557f\bevy_ecs-0.18.1\src\system\function_system.rs,52,3675703,0.002857,27079,135,67,80337,554.730141
system{name="forgia_observability::perf_sensor::sys_write_perf_sensor"},C:\Users\Antoi\.cargo\registry\src\index.crates.io-1949cf8c6b5b557f\bevy_ecs-0.18.1\src\system\function_system.rs,52,12710186,0.009880,27079,469,103,378445,2970.842988
system_commands{name="forgia_ai_arena_bot::bot_shoot_at_target"},C:\Users\Antoi\.cargo\registry\src\index.crates.io-1949cf8c6b5b557f\bevy_ecs-0.18.1\src\system\function_system.rs,54,3034135,0.002358,27079,112,51,106338,935.557508
system_commands{name="bevy_egui::output::process_output_system"},C:\Users\Antoi\.cargo\registry\src\index.crates.io-1949cf8c6b5b557f\bevy_ecs-0.18.1\src\system\function_system.rs,54,2389118,0.001857,27079,88,50,132182,967.271794
system{name="bevy_hanabi::render::batch_effects"},C:\Users\Antoi\.cargo\registry\src\index.crates.io-1949cf8c6b5b557f\bevy_ecs-0.18.1\src\system\function_system.rs,52,594084054,0.461786,27078,21939,562,240203,8637.524879
plugin finish{plugin="bevy_transform::plugins::TransformPlugin"},C:\Users\Antoi\.cargo\registry\src\index.crates.io-1949cf8c6b5b557f\bevy_app-0.18.1\src\app.rs,272,133,0.000000,1,133,133,133,0.000000
system_commands{name="bevy_render::extract_component::extract_components<bevy_core_pipeline::oit::OrderIndependentTransparencySettings>"},C:\Users\Antoi\.cargo\registry\src\index.crates.io-1949cf8c6b5b557f\bevy_ecs-0.18.1\src\system\function_system.rs,54,14992917,0.011654,27078,553,178,77818,588.765582
plugin build{plugin="forgia_effects::damage_numbers::ForgiaDamageNumbersPlugin"},C:\Users\Antoi\.cargo\registry\src\index.crates.io-1949cf8c6b5b557f\bevy_app-0.18.1\src\app.rs,529,9301,0.000007,1,9301,9301,9301,0.000000
plugin finish{plugin="bevy_ui_render::color_space::ColorSpacePlugin"},C:\Users\Antoi\.cargo\registry\src\index.crates.io-1949cf8c6b5b557f\bevy_app-0.18.1\src\app.rs,272,53,0.000000,1,53,53,53,0.000000
system{name="forgia_mode_roguelite::run::sys_start_run"},C:\Users\Antoi\.cargo\registry\src\index.crates.io-1949cf8c6b5b557f\bevy_ecs-0.18.1\src\system\function_system.rs,52,14732290,0.011452,25752,572,144,227153,1641.432369
system_commands{name="forgia_mode_roguelite::decor::sys_drain_decor_queue"},C:\Users\Antoi\.cargo\registry\src\index.crates.io-1949cf8c6b5b557f\bevy_ecs-0.18.1\src\system\function_system.rs,54,2925755,0.002274,25752,113,52,91636,1161.704579
system{name="forgia_mode_roguelite::head_hitbox::sys_bind_head_joints"},C:\Users\Antoi\.cargo\registry\src\index.crates.io-1949cf8c6b5b557f\bevy_ecs-0.18.1\src\system\function_system.rs,52,67257726,0.052280,25752,2611,147,148475,2728.607852
system{name="forgia_mode_roguelite::meta_shop::sys_sync_unlocked_boon_tiers"},C:\Users\Antoi\.cargo\registry\src\index.crates.io-1949cf8c6b5b557f\bevy_ecs-0.18.1\src\system\function_system.rs,52,8632858,0.006710,25752,335,106,45924,324.317516
system{name="forgia_auto_rig::pinocchio_pipeline::auto_rig_pinocchio_v1"},C:\Users\Antoi\.cargo\registry\src\index.crates.io-1949cf8c6b5b557f\bevy_ecs-0.18.1\src\system\function_system.rs,52,25211818,0.019597,27079,931,242,98661,963.443440
system{name="forgia_game::color_grading::sys_write_sensor"},C:\Users\Antoi\.cargo\registry\src\index.crates.io-1949cf8c6b5b557f\bevy_ecs-0.18.1\src\system\function_system.rs,52,7552295,0.005870,27079,278,84,33654,341.048642
system{name="bevy_asset::assets::Assets<forgia_genome_core::Genome<forgia_player::PlayerMovementTuning>>::track_assets"},C:\Users\Antoi\.cargo\registry\src\index.crates.io-1949cf8c6b5b557f\bevy_ecs-0.18.1\src\system\function_system.rs,52,31495586,0.024482,27079,1163,239,1402662,10102.895849
plugin finish{plugin="bevy_render::extract_component::ExtractComponentPlugin<bevy_render::view::Msaa>"},C:\Users\Antoi\.cargo\registry\src\index.crates.io-1949cf8c6b5b557f\bevy_app-0.18.1\src\app.rs,272,56,0.000000,1,56,56,56,0.000000
plugin build{plugin="bevy_render::extract_component::ExtractComponentPlugin<bevy_pbr::deferred::PbrDeferredLightingDepthId>"},C:\Users\Antoi\.cargo\registry\src\index.crates.io-1949cf8c6b5b557f\bevy_app-0.18.1\src\app.rs,529,7648,0.000006,1,7648,7648,7648,0.000000
system{name="bevy_ui::widget::text::measure_text_system"},C:\Users\Antoi\.cargo\registry\src\index.crates.io-1949cf8c6b5b557f\bevy_ecs-0.18.1\src\system\function_system.rs,52,14880684,0.011567,27079,549,165,87432,633.137227
system{name="<bevy_input::mouse::MouseButton as leafwing_input_manager::user_input::updating::UpdatableInput>::compute"},C:\Users\Antoi\.cargo\registry\src\index.crates.io-1949cf8c6b5b557f\bevy_ecs-0.18.1\src\system\function_system.rs,52,10691423,0.008311,27079,394,97,86363,643.533139
system{name="bevy_water::water::update_materials"},C:\Users\Antoi\.cargo\registry\src\index.crates.io-1949cf8c6b5b557f\bevy_ecs-0.18.1\src\system\function_system.rs,52,6546,0.000005,1,6546,6546,6546,0.000000
indexed_batch_sets,C:\Users\Antoi\.cargo\registry\src\index.crates.io-1949cf8c6b5b557f\bevy_render-0.18.1\src\batching\gpu_preprocessing.rs,2154,783820066,0.609270,243702,3216,47,2010191,10327.304449
asset loading{loader="bevy_shader::shader::ShaderLoader" asset="embedded://bevy_core_pipeline\\deferred\\copy_deferred_lighting_id.wgsl"},C:\Users\Antoi\.cargo\registry\src\index.crates.io-1949cf8c6b5b557f\bevy_asset-0.18.1\src\server\loaders.rs,332,21083,0.000016,2,10541,59,21024,14824.493684
system{name="bevy_pbr::render::light::prepare_lights"},C:\Users\Antoi\.cargo\registry\src\index.crates.io-1949cf8c6b5b557f\bevy_ecs-0.18.1\src\system\function_system.rs,52,1339348964,1.041087,27078,49462,15745,3460245,31426.247729
plugin build{plugin="bevy_render::extract_component::ExtractComponentPlugin<bevy_anti_alias::fxaa::Fxaa>"},C:\Users\Antoi\.cargo\registry\src\index.crates.io-1949cf8c6b5b557f\bevy_app-0.18.1\src\app.rs,529,72657,0.000056,1,72657,72657,72657,0.000000
system{name="forgia_mode_roguelite::parcours_obstacles::sys_rotate_obstacles"},C:\Users\Antoi\.cargo\registry\src\index.crates.io-1949cf8c6b5b557f\bevy_ecs-0.18.1\src\system\function_system.rs,52,9040285,0.007027,25752,351,125,13391,164.506820
system{name="<bevy_input::gamepad::GamepadAxis as leafwing_input_manager::user_input::updating::UpdatableInput>::compute"},C:\Users\Antoi\.cargo\registry\src\index.crates.io-1949cf8c6b5b557f\bevy_ecs-0.18.1\src\system\function_system.rs,52,11344197,0.008818,27079,418,120,43953,307.616052
system{name="bevy_water::water::update_wave_direction"},C:\Users\Antoi\.cargo\registry\src\index.crates.io-1949cf8c6b5b557f\bevy_ecs-0.18.1\src\system\function_system.rs,52,21989972,0.017093,27079,812,321,90346,957.653135
asset loading{loader="bevy_image::image_loader::ImageLoader" asset="textures-v1/terrain/grass/roughness.jpg"},C:\Users\Antoi\.cargo\registry\src\index.crates.io-1949cf8c6b5b557f\bevy_asset-0.18.1\src\server\loaders.rs,332,12333426,0.009587,5,2466685,180,12306824,5500806.847485
system{name="bevy_render::batching::sort_binned_render_phase<bevy_core_pipeline::deferred::AlphaMask3dDeferred>"},C:\Users\Antoi\.cargo\registry\src\index.crates.io-1949cf8c6b5b557f\bevy_ecs-0.18.1\src\system\function_system.rs,52,4238838,0.003295,27078,156,67,15431,141.884040
plugin finish{plugin="bevy_render::render_phase::BinnedRenderPhasePlugin<bevy_core_pipeline::core_3d::AlphaMask3d, bevy_pbr::render::mesh::MeshPipeline>"},C:\Users\Antoi\.cargo\registry\src\index.crates.io-1949cf8c6b5b557f\bevy_app-0.18.1\src\app.rs,272,56,0.000000,1,56,56,56,0.000000
system_commands{name="forgia_mode_roguelite::decor::sys_load_decor_assets"},C:\Users\Antoi\.cargo\registry\src\index.crates.io-1949cf8c6b5b557f\bevy_ecs-0.18.1\src\system\function_system.rs,54,3533,0.000003,1,3533,3533,3533,0.000000
system{name="bevy_hanabi::render::prepare_gpu_resources"},C:\Users\Antoi\.cargo\registry\src\index.crates.io-1949cf8c6b5b557f\bevy_ecs-0.18.1\src\system\function_system.rs,52,376354255,0.292543,27078,13898,7799,190534,4838.916594
check_conditions{name="bevy_gizmos::start_gizmo_context<bevy_gizmos::aabb::AabbGizmoConfigGroup, bevy_time::fixed::Fixed>"},C:\Users\Antoi\.cargo\registry\src\index.crates.io-1949cf8c6b5b557f\bevy_ecs-0.18.1\src\schedule\executor\single_threaded.rs,83,2024551,0.001574,27079,74,55,74532,487.751505
asset loading{loader="bevy_shader::shader::ShaderLoader" asset="embedded://bevy_pbr\\render/clustered_forward.wgsl"},C:\Users\Antoi\.cargo\registry\src\index.crates.io-1949cf8c6b5b557f\bevy_asset-0.18.1\src\server\loaders.rs,332,377828,0.000294,2,188914,80,377748,267051.603837
system{name="bevy_post_process::bloom::downsampling_pipeline::prepare_downsampling_pipeline"},C:\Users\Antoi\.cargo\registry\src\index.crates.io-1949cf8c6b5b557f\bevy_ecs-0.18.1\src\system\function_system.rs,52,12632907,0.009820,27078,466,144,88263,623.049215
plugin finish{plugin="bevy_sprite_render::tilemap_chunk::TilemapChunkPlugin"},C:\Users\Antoi\.cargo\registry\src\index.crates.io-1949cf8c6b5b557f\bevy_app-0.18.1\src\app.rs,272,60,0.000000,1,60,60,60,0.000000
system{name="bevy_picking::events::pointer_events"},C:\Users\Antoi\.cargo\registry\src\index.crates.io-1949cf8c6b5b557f\bevy_ecs-0.18.1\src\system\function_system.rs,52,60860209,0.047307,27079,2247,555,78645,970.206307
plugin build{plugin="forgia_mode_roguelite::trempe::RogueliteTrempePlugin"},C:\Users\Antoi\.cargo\registry\src\index.crates.io-1949cf8c6b5b557f\bevy_app-0.18.1\src\app.rs,529,23869,0.000019,1,23869,23869,23869,0.000000
system{name="bevy_gizmos::propagate_gizmos<bevy_gizmos::aabb::AabbGizmoConfigGroup, bevy_time::fixed::Fixed>"},C:\Users\Antoi\.cargo\registry\src\index.crates.io-1949cf8c6b5b557f\bevy_ecs-0.18.1\src\system\function_system.rs,52,9337684,0.007258,27079,344,63,14419,185.107433
system{name="bevy_post_process::dof::prepare_depth_of_field_view_bind_group_layouts"},C:\Users\Antoi\.cargo\registry\src\index.crates.io-1949cf8c6b5b557f\bevy_ecs-0.18.1\src\system\function_system.rs,52,8398968,0.006529,27078,310,98,49621,336.910780
system_commands{name="forgia_rpg_data::loot_tables::sys_collect_pickups"},C:\Users\Antoi\.cargo\registry\src\index.crates.io-1949cf8c6b5b557f\bevy_ecs-0.18.1\src\system\function_system.rs,54,2482991,0.001930,27079,91,50,48518,538.505270
plugin cleanup{plugin="bevy_render::render_asset::RenderAssetPlugin<bevy_render::texture::gpu_image::GpuImage>"},C:\Users\Antoi\.cargo\registry\src\index.crates.io-1949cf8c6b5b557f\bevy_app-0.18.1\src\app.rs,292,122,0.000000,1,122,122,122,0.000000
system{name="bevy_render::render_phase::sweep_old_entities<bevy_core_pipeline::prepass::Opaque3dPrepass>"},C:\Users\Antoi\.cargo\registry\src\index.crates.io-1949cf8c6b5b557f\bevy_ecs-0.18.1\src\system\function_system.rs,52,4714371,0.003665,27078,174,57,4632,90.765282
plugin finish{plugin="forgia_mode_roguelite::render_quality::ForgiaRogueliteRenderPlugin"},C:\Users\Antoi\.cargo\registry\src\index.crates.io-1949cf8c6b5b557f\bevy_app-0.18.1\src\app.rs,272,68,0.000000,1,68,68,68,0.000000
system{name="forgia_mode_roguelite::loot_room::sys_setup"},C:\Users\Antoi\.cargo\registry\src\index.crates.io-1949cf8c6b5b557f\bevy_ecs-0.18.1\src\system\function_system.rs,52,579589,0.000451,1,579589,579589,579589,0.000000
system{name="bevy_core_pipeline::experimental::mip_generation::prepare_view_depth_pyramids"},C:\Users\Antoi\.cargo\registry\src\index.crates.io-1949cf8c6b5b557f\bevy_ecs-0.18.1\src\system\function_system.rs,52,13825769,0.010747,27078,510,184,50272,456.549468
asset loading{loader="bevy_image::image_loader::ImageLoader" asset="ui/menu_video/frame_0071.webp"},C:\Users\Antoi\.cargo\registry\src\index.crates.io-1949cf8c6b5b557f\bevy_asset-0.18.1\src\server\loaders.rs,332,14662060,0.011397,6,2443676,127,14623764,5967003.145239
system{name="forgia_mode_roguelite::loot_room::sys_checkpoint_touch"},C:\Users\Antoi\.cargo\registry\src\index.crates.io-1949cf8c6b5b557f\bevy_ecs-0.18.1\src\system\function_system.rs,52,10132999,0.007876,25752,393,149,36401,310.521145
plugin build{plugin="forgia_anchor::ForgiaAnchorPlugin"},C:\Users\Antoi\.cargo\registry\src\index.crates.io-1949cf8c6b5b557f\bevy_app-0.18.1\src\app.rs,529,19866,0.000015,1,19866,19866,19866,0.000000
system{name="bevy_window::system::close_when_requested"},C:\Users\Antoi\.cargo\registry\src\index.crates.io-1949cf8c6b5b557f\bevy_ecs-0.18.1\src\system\function_system.rs,52,14588650,0.011340,27079,538,139,86024,559.560194
asset loading{loader="bevy_shader::shader::ShaderLoader" asset="embedded://bevy_pbr\\volumetric_fog\\volumetric_fog.wgsl"},C:\Users\Antoi\.cargo\registry\src\index.crates.io-1949cf8c6b5b557f\bevy_asset-0.18.1\src\server\loaders.rs,332,764865,0.000595,2,382432,62,764803,540753.546952
system{name="forgia_mode_roguelite::hub::on_forge_tab"},C:\Users\Antoi\.cargo\registry\src\index.crates.io-1949cf8c6b5b557f\bevy_ecs-0.18.1\src\system\function_system.rs,52,2958770,0.002300,27079,109,53,42595,261.127241
plugin finish{plugin="bevy_camera::CameraPlugin"},C:\Users\Antoi\.cargo\registry\src\index.crates.io-1949cf8c6b5b557f\bevy_app-0.18.1\src\app.rs,272,72,0.000000,1,72,72,72,0.000000
system{name="leafwing_input_manager::systems::tick_action_state<forgia_input::PlayerAction>"},C:\Users\Antoi\.cargo\registry\src\index.crates.io-1949cf8c6b5b557f\bevy_ecs-0.18.1\src\system\function_system.rs,52,30017557,0.023333,35004,857,81,25224,394.672940
system_commands{name="bevy_sprite::text2d::calculate_bounds_text2d"},C:\Users\Antoi\.cargo\registry\src\index.crates.io-1949cf8c6b5b557f\bevy_ecs-0.18.1\src\system\function_system.rs,54,1906486,0.001482,27079,70,50,32907,224.198769
system{name="bevy_anti_alias::fxaa::init_fxaa_pipeline"},C:\Users\Antoi\.cargo\registry\src\index.crates.io-1949cf8c6b5b557f\bevy_ecs-0.18.1\src\system\function_system.rs,52,50321,0.000039,1,50321,50321,50321,0.000000
system{name="forgia_fps::sync_fps_tuning"},C:\Users\Antoi\.cargo\registry\src\index.crates.io-1949cf8c6b5b557f\bevy_ecs-0.18.1\src\system\function_system.rs,52,23352888,0.018152,27079,862,315,73338,721.472726
plugin build{plugin="bevy_rapier3d::plugin::plugin::RapierPhysicsPlugin"},C:\Users\Antoi\.cargo\registry\src\index.crates.io-1949cf8c6b5b557f\bevy_app-0.18.1\src\app.rs,529,161554,0.000126,1,161554,161554,161554,0.000000
system{name="bevy_state::state::transitions::run_transition<forgia_mode_roguelite::run::RunState>"},C:\Users\Antoi\.cargo\registry\src\index.crates.io-1949cf8c6b5b557f\bevy_ecs-0.18.1\src\system\function_system.rs,52,2122895,0.001650,27080,78,61,21002,131.037049
plugin build{plugin="bevy_render::render_phase::BinnedRenderPhasePlugin<bevy_core_pipeline::deferred::AlphaMask3dDeferred, bevy_pbr::render::mesh::MeshPipeline>"},C:\Users\Antoi\.cargo\registry\src\index.crates.io-1949cf8c6b5b557f\bevy_app-0.18.1\src\app.rs,529,28942,0.000022,1,28942,28942,28942,0.000000
plugin cleanup{plugin="forgia_worldgen::ForgiaWorldgenPlugin"},C:\Users\Antoi\.cargo\registry\src\index.crates.io-1949cf8c6b5b557f\bevy_app-0.18.1\src\app.rs,292,51,0.000000,1,51,51,51,0.000000
system_commands{name="bevy_render::extract_component::extract_components<bevy_anti_alias::contrast_adaptive_sharpening::ContrastAdaptiveSharpening>"},C:\Users\Antoi\.cargo\registry\src\index.crates.io-1949cf8c6b5b557f\bevy_ecs-0.18.1\src\system\function_system.rs,54,17981423,0.013977,27078,664,197,169247,1054.156115
plugin finish{plugin="leafwing_input_manager::plugin::CentralInputStorePlugin"},C:\Users\Antoi\.cargo\registry\src\index.crates.io-1949cf8c6b5b557f\bevy_app-0.18.1\src\app.rs,272,52,0.000000,1,52,52,52,0.000000
system{name="forgia_mode_roguelite::ultimate_apply::sys_apply_ultimate_technique"},C:\Users\Antoi\.cargo\registry\src\index.crates.io-1949cf8c6b5b557f\bevy_ecs-0.18.1\src\system\function_system.rs,52,12762938,0.009921,25752,495,203,86884,893.429586
plugin build{plugin="forgia_viewmodel::attach::ForgiaViewmodelAttachPlugin"},C:\Users\Antoi\.cargo\registry\src\index.crates.io-1949cf8c6b5b557f\bevy_app-0.18.1\src\app.rs,529,35019,0.000027,1,35019,35019,35019,0.000000
system{name="forgia_ai_arena_bot::tactical::bot_los_check"},C:\Users\Antoi\.cargo\registry\src\index.crates.io-1949cf8c6b5b557f\bevy_ecs-0.18.1\src\system\function_system.rs,52,46922451,0.036473,27079,1732,247,99440,1598.578015
system_commands{name="forgia_stage::spawn_stage_arena_on_request"},C:\Users\Antoi\.cargo\registry\src\index.crates.io-1949cf8c6b5b557f\bevy_ecs-0.18.1\src\system\function_system.rs,54,3946934,0.003068,27079,145,51,1136156,7100.103751
solve_wo_bias,C:\Users\Antoi\.cargo\registry\src\index.crates.io-1949cf8c6b5b557f\rapier3d-0.31.0\src\dynamics\solver\contact_constraint\contact_constraints_set.rs,549,1877762,0.001460,31700,59,46,38691,223.553568
system{name="bevy_sprite_render::mesh2d::mesh::init_batched_instance_buffer"},C:\Users\Antoi\.cargo\registry\src\index.crates.io-1949cf8c6b5b557f\bevy_ecs-0.18.1\src\system\function_system.rs,52,13314,0.000010,1,13314,13314,13314,0.000000
plugin cleanup{plugin="bevy_app::task_pool_plugin::TaskPoolPlugin"},C:\Users\Antoi\.cargo\registry\src\index.crates.io-1949cf8c6b5b557f\bevy_app-0.18.1\src\app.rs,292,54,0.000000,1,54,54,54,0.000000
system{name="forgia_ui::weapon_preview::sys_calibrate_previews"},C:\Users\Antoi\.cargo\registry\src\index.crates.io-1949cf8c6b5b557f\bevy_ecs-0.18.1\src\system\function_system.rs,52,496782,0.000386,1327,374,189,11515,382.272362
system_commands{name="bevy_hanabi::render::prepare_batch_inputs"},C:\Users\Antoi\.cargo\registry\src\index.crates.io-1949cf8c6b5b557f\bevy_ecs-0.18.1\src\system\function_system.rs,54,219690471,0.170767,27078,8113,58,906892,7247.323524
check_conditions{name="bevy_app::main_schedule::Main::run_main"},C:\Users\Antoi\.cargo\registry\src\index.crates.io-1949cf8c6b5b557f\bevy_ecs-0.18.1\src\schedule\executor\single_threaded.rs,83,8456129,0.006573,27079,312,78,807281,4989.432970
plugin cleanup{plugin="forgia_mode_roguelite::meta_shop::MetaShopPlugin"},C:\Users\Antoi\.cargo\registry\src\index.crates.io-1949cf8c6b5b557f\bevy_app-0.18.1\src\app.rs,292,54,0.000000,1,54,54,54,0.000000
system{name="bevy_time::fixed::run_fixed_main_schedule"},C:\Users\Antoi\.cargo\registry\src\index.crates.io-1949cf8c6b5b557f\bevy_ecs-0.18.1\src\system\function_system.rs,52,4461698306,3.468114,27079,164765,908,20775692,313112.485759
system_commands{name="forgia_mode_roguelite::ultimate_apply::sys_apply_ultimate_technique"},C:\Users\Antoi\.cargo\registry\src\index.crates.io-1949cf8c6b5b557f\bevy_ecs-0.18.1\src\system\function_system.rs,54,4630067,0.003599,25752,179,55,83795,884.882708
plugin build{plugin="forgia_juice_lib::knockback::ForgiaJuiceKnockbackPlugin"},C:\Users\Antoi\.cargo\registry\src\index.crates.io-1949cf8c6b5b557f\bevy_app-0.18.1\src\app.rs,529,57934,0.000045,1,57934,57934,57934,0.000000
Fonts::begin_pass,C:\Users\Antoi\.cargo\registry\src\index.crates.io-1949cf8c6b5b557f\egui-0.33.3\src\context.rs,587,65836745,0.051175,27079,2431,157,735762,6828.441562
system{name="forgia_mode_roguelite::weapon_select::sys_hot_reload_weapon_cards"},C:\Users\Antoi\.cargo\registry\src\index.crates.io-1949cf8c6b5b557f\bevy_ecs-0.18.1\src\system\function_system.rs,52,11623964,0.009035,25752,451,74,100227,3910.702900
plugin cleanup{plugin="forgia_effects::arena_feedback::ArenaFeedbackPlugin"},C:\Users\Antoi\.cargo\registry\src\index.crates.io-1949cf8c6b5b557f\bevy_app-0.18.1\src\app.rs,292,54,0.000000,1,54,54,54,0.000000
system_commands{name="forgia_damage::apply_damage"},C:\Users\Antoi\.cargo\registry\src\index.crates.io-1949cf8c6b5b557f\bevy_ecs-0.18.1\src\system\function_system.rs,54,2724800,0.002118,27079,100,50,93315,638.262598
system_commands{name="bevy_render::extract_component::prepare_uniform_components<bevy_gizmos_render::LineGizmoUniform>"},C:\Users\Antoi\.cargo\registry\src\index.crates.io-1949cf8c6b5b557f\bevy_ecs-0.18.1\src\system\function_system.rs,54,2326553,0.001808,27078,85,50,5975,43.790389
system{name="bevy_pbr::atmosphere::resources::prepare_atmosphere_textures"},C:\Users\Antoi\.cargo\registry\src\index.crates.io-1949cf8c6b5b557f\bevy_ecs-0.18.1\src\system\function_system.rs,52,12091005,0.009398,27078,446,81,149723,1088.662871
plugin build{plugin="forgia_auto_rig::ForgiaAutoRigPlugin"},C:\Users\Antoi\.cargo\registry\src\index.crates.io-1949cf8c6b5b557f\bevy_app-0.18.1\src\app.rs,529,172343,0.000134,1,172343,172343,172343,0.000000
plugin finish{plugin="bevy_pbr::PbrPlugin"},C:\Users\Antoi\.cargo\registry\src\index.crates.io-1949cf8c6b5b557f\bevy_app-0.18.1\src\app.rs,272,5490,0.000004,1,5490,5490,5490,0.000000
system{name="bevy_pbr::material::extract_mesh_materials<bevy_pbr::extended_material::ExtendedMaterial<bevy_pbr::pbr_material::StandardMaterial, bevy_water::water::material::WaterMaterial>>"},C:\Users\Antoi\.cargo\registry\src\index.crates.io-1949cf8c6b5b557f\bevy_ecs-0.18.1\src\system\function_system.rs,52,17667271,0.013733,27079,652,270,19659,354.218800
asset loading{loader="bevy_image::image_loader::ImageLoader" asset="ui/menu_video/frame_0080.webp"},C:\Users\Antoi\.cargo\registry\src\index.crates.io-1949cf8c6b5b557f\bevy_asset-0.18.1\src\server\loaders.rs,332,14495393,0.011267,6,2415898,80,14456505,5898672.460289
system{name="forgia_water::sys_write_water_sensor"},C:\Users\Antoi\.cargo\registry\src\index.crates.io-1949cf8c6b5b557f\bevy_ecs-0.18.1\src\system\function_system.rs,52,12130899,0.009429,27079,447,139,61214,458.306727
system{name="forgia_qa_replay::player::advance_replay_cursor_system"},C:\Users\Antoi\.cargo\registry\src\index.crates.io-1949cf8c6b5b557f\bevy_ecs-0.18.1\src\system\function_system.rs,52,5209176,0.004049,27079,192,83,32226,219.287385
node{name="bevy_render::render_graph::node::ViewNodeRunner<bevy_core_pipeline::upscaling::node::UpscalingNode>"},C:\Users\Antoi\.cargo\registry\src\index.crates.io-1949cf8c6b5b557f\bevy_render-0.18.1\src\renderer\graph_runner.rs,240,395408167,0.307354,81234,4867,323,118970,3286.263168
system{name="bevy_state::condition::in_state<forgia_core::states::AppMode>::{{closure}}"},C:\Users\Antoi\.cargo\registry\src\index.crates.io-1949cf8c6b5b557f\bevy_ecs-0.18.1\src\system\function_system.rs,52,17444140,0.013559,197478,88,52,89933,401.009898
system_commands{name="forgia_viewmodel::fade::identify_viewmodel_faders"},C:\Users\Antoi\.cargo\registry\src\index.crates.io-1949cf8c6b5b557f\bevy_ecs-0.18.1\src\system\function_system.rs,54,3181743,0.002473,25752,123,50,82997,534.238225
asset loading{loader="bevy_shader::shader::ShaderLoader" asset="embedded://bevy_pbr\\atmosphere\\environment.wgsl"},C:\Users\Antoi\.cargo\registry\src\index.crates.io-1949cf8c6b5b557f\bevy_asset-0.18.1\src\server\loaders.rs,332,55075,0.000043,2,27537,71,55004,38843.496817
run_graph{name="Core3d" debug_group="Camera -2 (79v0)"},C:\Users\Antoi\.cargo\registry\src\index.crates.io-1949cf8c6b5b557f\bevy_render-0.18.1\src\renderer\graph_runner.rs,119,254124669,0.197533,1327,191503,156063,967594,49257.728926
system{name="forgia_fps::ammo_systems::reload_key_input"},C:\Users\Antoi\.cargo\registry\src\index.crates.io-1949cf8c6b5b557f\bevy_ecs-0.18.1\src\system\function_system.rs,52,5029227,0.003909,25752,195,62,79498,619.223155
plugin cleanup{plugin="bevy_ui_render::gradient::GradientPlugin"},C:\Users\Antoi\.cargo\registry\src\index.crates.io-1949cf8c6b5b557f\bevy_app-0.18.1\src\app.rs,292,54,0.000000,1,54,54,54,0.000000
plugin cleanup{plugin="bevy_hanabi::plugin::HanabiPlugin"},C:\Users\Antoi\.cargo\registry\src\index.crates.io-1949cf8c6b5b557f\bevy_app-0.18.1\src\app.rs,292,105,0.000000,1,105,105,105,0.000000
plugin finish{plugin="forgia_mode_roguelite::intro_dialogue::IntroDialoguePlugin"},C:\Users\Antoi\.cargo\registry\src\index.crates.io-1949cf8c6b5b557f\bevy_app-0.18.1\src\app.rs,272,56,0.000000,1,56,56,56,0.000000
plugin finish{plugin="forgia_mode_roguelite::mushrooms::ForgiaRogueliteMushroomsPlugin"},C:\Users\Antoi\.cargo\registry\src\index.crates.io-1949cf8c6b5b557f\bevy_app-0.18.1\src\app.rs,272,54,0.000000,1,54,54,54,0.000000
system{name="bevy_pbr::prepass::prepare_previous_view_uniforms"},C:\Users\Antoi\.cargo\registry\src\index.crates.io-1949cf8c6b5b557f\bevy_ecs-0.18.1\src\system\function_system.rs,52,320168035,0.248869,27078,11823,2073,490564,12441.270615
asset loading{loader="bevy_image::image_loader::ImageLoader" asset="ui/menu_video/frame_0096.webp"},C:\Users\Antoi\.cargo\registry\src\index.crates.io-1949cf8c6b5b557f\bevy_asset-0.18.1\src\server\loaders.rs,332,14146848,0.010996,6,2357808,102,14108499,5756642.495811
system{name="bevy_state::state::transitions::run_transition<forgia_core::states::WorldMode>"},C:\Users\Antoi\.cargo\registry\src\index.crates.io-1949cf8c6b5b557f\bevy_ecs-0.18.1\src\system\function_system.rs,52,2285590,0.001777,27080,84,56,87892,751.245371
system_commands{name="forgia_mode_roguelite::toon_config::sys_apply_toon_settings"},C:\Users\Antoi\.cargo\registry\src\index.crates.io-1949cf8c6b5b557f\bevy_ecs-0.18.1\src\system\function_system.rs,54,2235560,0.001738,25752,86,50,90516,833.854827
system_commands{name="forgia_mode_roguelite::run::sys_stage_dispatch"},C:\Users\Antoi\.cargo\registry\src\index.crates.io-1949cf8c6b5b557f\bevy_ecs-0.18.1\src\system\function_system.rs,54,1872835,0.001456,25752,72,50,3580,32.753925
asset loading{loader="bevy_image::image_loader::ImageLoader" asset="ui/menu_video/frame_0044.webp"},C:\Users\Antoi\.cargo\registry\src\index.crates.io-1949cf8c6b5b557f\bevy_asset-0.18.1\src\server\loaders.rs,332,15129358,0.011760,6,2521559,145,15097295,6160828.463975
system_commands{name="bevy_render::extract_component::extract_components<bevy_post_process::effect_stack::ChromaticAberration>"},C:\Users\Antoi\.cargo\registry\src\index.crates.io-1949cf8c6b5b557f\bevy_ecs-0.18.1\src\system\function_system.rs,54,22696568,0.017642,27078,838,231,81724,683.351030
system{name="bevy_pbr::light_probe::generate::generate_environment_map_light"},C:\Users\Antoi\.cargo\registry\src\index.crates.io-1949cf8c6b5b557f\bevy_ecs-0.18.1\src\system\function_system.rs,52,11450452,0.008901,27079,422,158,40382,329.283717
system{name="bevy_ecs::schedule::condition::common_conditions::any_with_component<forgia_secondary_motion::spring_bone::SpringBoneChain>"},C:\Users\Antoi\.cargo\registry\src\index.crates.io-1949cf8c6b5b557f\bevy_ecs-0.18.1\src\system\function_system.rs,52,11512908,0.008949,27079,425,102,78045,645.823372
plugin finish{plugin="bevy_render::extract_component::ExtractComponentPlugin<bevy_render::experimental::occlusion_culling::OcclusionCulling>"},C:\Users\Antoi\.cargo\registry\src\index.crates.io-1949cf8c6b5b557f\bevy_app-0.18.1\src\app.rs,272,58,0.000000,1,58,58,58,0.000000
plugin cleanup{plugin="bevy_pbr::material::MaterialPlugin<bevy_pbr::pbr_material::StandardMaterial>"},C:\Users\Antoi\.cargo\registry\src\index.crates.io-1949cf8c6b5b557f\bevy_app-0.18.1\src\app.rs,292,57,0.000000,1,57,57,57,0.000000
plugin finish{plugin="bevy_render::sync_component::SyncComponentPlugin<bevy_post_process::effect_stack::ChromaticAberration>"},C:\Users\Antoi\.cargo\registry\src\index.crates.io-1949cf8c6b5b557f\bevy_app-0.18.1\src\app.rs,272,55,0.000000,1,55,55,55,0.000000
plugin finish{plugin="bevy_render::extract_resource::ExtractResourcePlugin<bevy_egui::EguiUserTextures>"},C:\Users\Antoi\.cargo\registry\src\index.crates.io-1949cf8c6b5b557f\bevy_app-0.18.1\src\app.rs,272,198,0.000000,1,198,198,198,0.000000
system{name="bevy_render::batching::gpu_preprocessing::write_indirect_parameters_buffers"},C:\Users\Antoi\.cargo\registry\src\index.crates.io-1949cf8c6b5b557f\bevy_ecs-0.18.1\src\system\function_system.rs,52,2555832218,1.986669,27078,94387,30071,60358826,570893.666698
system{name="bevy_render::render_asset::prepare_assets<bevy_render::storage::GpuShaderStorageBuffer>"},C:\Users\Antoi\.cargo\registry\src\index.crates.io-1949cf8c6b5b557f\bevy_ecs-0.18.1\src\system\function_system.rs,52,12524243,0.009735,27078,462,158,84865,811.079187
plugin cleanup{plugin="bevy_render::sync_component::SyncComponentPlugin<bevy_light::spot_light::SpotLight>"},C:\Users\Antoi\.cargo\registry\src\index.crates.io-1949cf8c6b5b557f\bevy_app-0.18.1\src\app.rs,292,55,0.000000,1,55,55,55,0.000000
plugin finish{plugin="bevy_render::render_asset::RenderAssetPlugin<bevy_render::mesh::RenderMesh, bevy_render::texture::gpu_image::GpuImage>"},C:\Users\Antoi\.cargo\registry\src\index.crates.io-1949cf8c6b5b557f\bevy_app-0.18.1\src\app.rs,272,56,0.000000,1,56,56,56,0.000000
system{name="bevy_gizmos_render::pipeline_3d::init_line_gizmo_pipelines"},C:\Users\Antoi\.cargo\registry\src\index.crates.io-1949cf8c6b5b557f\bevy_ecs-0.18.1\src\system\function_system.rs,52,30832,0.000024,1,30832,30832,30832,0.000000
plugin build{plugin="forgia_effects::hitmarker::ForgiaHitmarkerPlugin"},C:\Users\Antoi\.cargo\registry\src\index.crates.io-1949cf8c6b5b557f\bevy_app-0.18.1\src\app.rs,529,36971,0.000029,1,36971,36971,36971,0.000000
system{name="bevy_kira_audio::audio_output::update_instance_states<forgia_audio::biome::BiomeAmbientChannel>"},C:\Users\Antoi\.cargo\registry\src\index.crates.io-1949cf8c6b5b557f\bevy_ecs-0.18.1\src\system\function_system.rs,52,20011439,0.015555,27079,739,156,93720,1505.514170
plugin{tag="CallbackPlugins"},C:\Users\Antoi\.cargo\registry\src\index.crates.io-1949cf8c6b5b557f\egui-0.33.3\src\plugin.rs,145,140440918,0.109166,108316,1296,58,253771,2179.933115
plugin cleanup{plugin="bevy_render::extract_component::UniformComponentPlugin<bevy_core_pipeline::skybox::SkyboxUniforms>"},C:\Users\Antoi\.cargo\registry\src\index.crates.io-1949cf8c6b5b557f\bevy_app-0.18.1\src\app.rs,292,54,0.000000,1,54,54,54,0.000000
system{name="bevy_anti_alias::smaa::init_smaa_pipelines"},C:\Users\Antoi\.cargo\registry\src\index.crates.io-1949cf8c6b5b557f\bevy_ecs-0.18.1\src\system\function_system.rs,52,42908,0.000033,1,42908,42908,42908,0.000000
system{name="forgia_mode_roguelite::meta_shop::sys_lobby_cleanup"},C:\Users\Antoi\.cargo\registry\src\index.crates.io-1949cf8c6b5b557f\bevy_ecs-0.18.1\src\system\function_system.rs,52,2017,0.000002,1,2017,2017,2017,0.000000
plugin finish{plugin="bevy_render::extract_component::ExtractComponentPlugin<bevy_pbr::fog::DistanceFog>"},C:\Users\Antoi\.cargo\registry\src\index.crates.io-1949cf8c6b5b557f\bevy_app-0.18.1\src\app.rs,272,603,0.000000,1,603,603,603,0.000000
asset loading{loader="bevy_image::image_loader::ImageLoader" asset="ui/menu_video/frame_0138.webp"},C:\Users\Antoi\.cargo\registry\src\index.crates.io-1949cf8c6b5b557f\bevy_asset-0.18.1\src\server\loaders.rs,332,14019840,0.010898,7,2002834,176,13979660,5281286.451107
plugin cleanup{plugin="bevy_render::extract_component::UniformComponentPlugin<bevy_gizmos_render::LineGizmoUniform>"},C:\Users\Antoi\.cargo\registry\src\index.crates.io-1949cf8c6b5b557f\bevy_app-0.18.1\src\app.rs,292,126,0.000000,1,126,126,126,0.000000
system{name="forgia_mode_roguelite::elements::sys_hot_reload_element_genome"},C:\Users\Antoi\.cargo\registry\src\index.crates.io-1949cf8c6b5b557f\bevy_ecs-0.18.1\src\system\function_system.rs,52,16497627,0.012824,25752,640,85,322402,5551.495576
plugin build{plugin="bevy_ui_render::UiRenderPlugin"},C:\Users\Antoi\.cargo\registry\src\index.crates.io-1949cf8c6b5b557f\bevy_app-0.18.1\src\app.rs,529,391197,0.000304,1,391197,391197,391197,0.000000
system{name="forgia_ai_arena_bot::bot_state_machine"},C:\Users\Antoi\.cargo\registry\src\index.crates.io-1949cf8c6b5b557f\bevy_ecs-0.18.1\src\system\function_system.rs,52,25761506,0.020025,27079,951,137,150888,1170.056968
system{name="bevy_render::render_asset::prepare_assets<bevy_sprite_render::mesh2d::material::PreparedMaterial2d<bevy_sprite_render::tilemap_chunk::tilemap_chunk_material::TilemapChunkMaterial>>"},C:\Users\Antoi\.cargo\registry\src\index.crates.io-1949cf8c6b5b557f\bevy_ecs-0.18.1\src\system\function_system.rs,52,19633127,0.015261,27078,725,273,15047,266.051720
system{name="bevy_camera::visibility::update_frusta"},C:\Users\Antoi\.cargo\registry\src\index.crates.io-1949cf8c6b5b557f\bevy_ecs-0.18.1\src\system\function_system.rs,52,41702252,0.032415,27079,1540,264,101237,962.247077
plugin build{plugin="bevy_render::extract_component::ExtractComponentPlugin<bevy_pbr::atmosphere::environment::AtmosphereEnvironmentMap>"},C:\Users\Antoi\.cargo\registry\src\index.crates.io-1949cf8c6b5b557f\bevy_app-0.18.1\src\app.rs,529,8568,0.000007,1,8568,8568,8568,0.000000
system{name="bevy_asset::assets::Assets<bevy_kira_audio::source::AudioSource>::asset_events_condition"},C:\Users\Antoi\.cargo\registry\src\index.crates.io-1949cf8c6b5b557f\bevy_ecs-0.18.1\src\system\function_system.rs,52,2279698,0.001772,27079,84,55,21708,147.813214
system{name="forgia_ui::weapon_preview::sys_propagate_preview_layers"},C:\Users\Antoi\.cargo\registry\src\index.crates.io-1949cf8c6b5b557f\bevy_ecs-0.18.1\src\system\function_system.rs,52,4014657,0.003121,1327,3025,1869,9204,679.899425
plugin cleanup{plugin="bevy_camera::projection::CameraProjectionPlugin"},C:\Users\Antoi\.cargo\registry\src\index.crates.io-1949cf8c6b5b557f\bevy_app-0.18.1\src\app.rs,292,58,0.000000,1,58,58,58,0.000000
system{name="bevy_asset::assets::Assets<forgia_genome_core::Genome<forgia_fps::pepin::PepinTuning>>::asset_events"},C:\Users\Antoi\.cargo\registry\src\index.crates.io-1949cf8c6b5b557f\bevy_ecs-0.18.1\src\system\function_system.rs,52,270,0.000000,1,270,270,270,0.000000
system{name="bevy_render::batching::sort_binned_render_phase<bevy_core_pipeline::deferred::Opaque3dDeferred>"},C:\Users\Antoi\.cargo\registry\src\index.crates.io-1949cf8c6b5b557f\bevy_ecs-0.18.1\src\system\function_system.rs,52,4790626,0.003724,27078,176,65,3110,82.949035
asset loading{loader="bevy_image::image_loader::ImageLoader" asset="ui/menu_video/frame_0030.webp"},C:\Users\Antoi\.cargo\registry\src\index.crates.io-1949cf8c6b5b557f\bevy_asset-0.18.1\src\server\loaders.rs,332,14786056,0.011493,6,2464342,107,14757614,6022449.837635
system{name="bevy_render::view::clear_view_attachments"},C:\Users\Antoi\.cargo\registry\src\index.crates.io-1949cf8c6b5b557f\bevy_ecs-0.18.1\src\system\function_system.rs,52,18790623,0.014606,27078,693,244,96706,782.245837
plugin finish{plugin="forgia_mode_roguelite::enemy_anim::ForgiaRogueliteEnemyAnimPlugin"},C:\Users\Antoi\.cargo\registry\src\index.crates.io-1949cf8c6b5b557f\bevy_app-0.18.1\src\app.rs,272,53,0.000000,1,53,53,53,0.000000
system{name="bevy_diagnostic::frame_count_diagnostics_plugin::update_frame_count"},C:\Users\Antoi\.cargo\registry\src\index.crates.io-1949cf8c6b5b557f\bevy_ecs-0.18.1\src\system\function_system.rs,52,4680214,0.003638,27079,172,70,19007,148.246775
plugin build{plugin="forgia_anim_debug::bone_trace::BoneTracePlugin"},C:\Users\Antoi\.cargo\registry\src\index.crates.io-1949cf8c6b5b557f\bevy_app-0.18.1\src\app.rs,529,20297,0.000016,1,20297,20297,20297,0.000000
system{name="bevy_asset::assets::Assets<bevy_gltf::assets::GltfSkin>::asset_events"},C:\Users\Antoi\.cargo\registry\src\index.crates.io-1949cf8c6b5b557f\bevy_ecs-0.18.1\src\system\function_system.rs,52,8066,0.000006,4,2016,426,5641,2438.495574
plugin cleanup{plugin="bevy_render::sync_component::SyncComponentPlugin<bevy_core_pipeline::skybox::Skybox>"},C:\Users\Antoi\.cargo\registry\src\index.crates.io-1949cf8c6b5b557f\bevy_app-0.18.1\src\app.rs,292,52,0.000000,1,52,52,52,0.000000
system{name="forgia_damage::apply_damage"},C:\Users\Antoi\.cargo\registry\src\index.crates.io-1949cf8c6b5b557f\bevy_ecs-0.18.1\src\system\function_system.rs,52,13275364,0.010319,27079,490,123,48078,356.847464
system{name="bevy_state::state::transitions::run_enter<forgia_mode_roguelite::run::RunState>"},C:\Users\Antoi\.cargo\registry\src\index.crates.io-1949cf8c6b5b557f\bevy_ecs-0.18.1\src\system\function_system.rs,52,2681710,0.002085,27080,99,59,353373,2199.972335
asset loading{loader="bevy_image::image_loader::ImageLoader" asset="ui/menu_video/frame_0143.webp"},C:\Users\Antoi\.cargo\registry\src\index.crates.io-1949cf8c6b5b557f\bevy_asset-0.18.1\src\server\loaders.rs,332,14743905,0.011461,6,2457317,111,14700622,5997973.561474
system{name="bevy_pbr::render::mesh::collect_meshes_for_gpu_building"},C:\Users\Antoi\.cargo\registry\src\index.crates.io-1949cf8c6b5b557f\bevy_ecs-0.18.1\src\system\function_system.rs,52,271460518,0.211008,27078,10025,1625,178046,8417.471985
system{name="bevy_pbr::light_probe::generate::prepare_generated_environment_map_intermediate_textures"},C:\Users\Antoi\.cargo\registry\src\index.crates.io-1949cf8c6b5b557f\bevy_ecs-0.18.1\src\system\function_system.rs,52,11409745,0.008869,27078,421,101,10522,217.562245
system{name="bevy_rapier3d::plugin::systems::collider::init_colliders"},C:\Users\Antoi\.cargo\registry\src\index.crates.io-1949cf8c6b5b557f\bevy_ecs-0.18.1\src\system\function_system.rs,52,14071767,0.010938,7925,1775,155,1608945,27670.654864
plugin cleanup{plugin="bevy_pbr::light_probe::generate::EnvironmentMapGenerationPlugin"},C:\Users\Antoi\.cargo\registry\src\index.crates.io-1949cf8c6b5b557f\bevy_app-0.18.1\src\app.rs,292,56,0.000000,1,56,56,56,0.000000
system{name="bevy_core_pipeline::tonemapping::prepare_view_tonemapping_pipelines"},C:\Users\Antoi\.cargo\registry\src\index.crates.io-1949cf8c6b5b557f\bevy_ecs-0.18.1\src\system\function_system.rs,52,35631672,0.027697,27078,1315,458,254332,1846.646529
asset loading{loader="bevy_image::image_loader::ImageLoader" asset="ui/menu_video/frame_0069.webp"},C:\Users\Antoi\.cargo\registry\src\index.crates.io-1949cf8c6b5b557f\bevy_asset-0.18.1\src\server\loaders.rs,332,14127899,0.010982,6,2354649,192,14091902,5750058.566710
system{name="bevy_asset::assets::Assets<bevy_hanabi::asset::EffectAsset>::asset_events"},C:\Users\Antoi\.cargo\registry\src\index.crates.io-1949cf8c6b5b557f\bevy_ecs-0.18.1\src\system\function_system.rs,52,1513,0.000001,1,1513,1513,1513,0.000000
plugin finish{plugin="bevy_render::extract_component::UniformComponentPlugin<bevy_post_process::bloom::downsampling_pipeline::BloomUniforms>"},C:\Users\Antoi\.cargo\registry\src\index.crates.io-1949cf8c6b5b557f\bevy_app-0.18.1\src\app.rs,272,74,0.000000,1,74,74,74,0.000000
system{name="forgia_mode_roguelite::status_vfx::sys_init_status_vfx_pool"},C:\Users\Antoi\.cargo\registry\src\index.crates.io-1949cf8c6b5b557f\bevy_ecs-0.18.1\src\system\function_system.rs,52,235099,0.000183,1,235099,235099,235099,0.000000
system{name="bevy_pbr::volumetric_fog::render::prepare_volumetric_fog_uniforms"},C:\Users\Antoi\.cargo\registry\src\index.crates.io-1949cf8c6b5b557f\bevy_ecs-0.18.1\src\system\function_system.rs,52,17302850,0.013450,27078,639,216,115127,996.213953
system{name="forgia_enemy_nameplate::update_defense_bars"},C:\Users\Antoi\.cargo\registry\src\index.crates.io-1949cf8c6b5b557f\bevy_ecs-0.18.1\src\system\function_system.rs,52,29663829,0.023058,27079,1095,163,36957,708.697888
system{name="forgia_mode_fps_arena::load_arena_bots_genome"},C:\Users\Antoi\.cargo\registry\src\index.crates.io-1949cf8c6b5b557f\bevy_ecs-0.18.1\src\system\function_system.rs,52,1647584,0.001281,1,1647584,1647584,1647584,0.000000
system_commands{name="bevy_render::erased_render_asset::extract_erased_render_asset<bevy_pbr::mesh_material::MeshMaterial3d<bevy_pbr::extended_material::ExtendedMaterial<bevy_pbr::pbr_material::StandardMaterial, bevy_water::water::material::WaterMaterial>>>"},C:\Users\Antoi\.cargo\registry\src\index.crates.io-1949cf8c6b5b557f\bevy_ecs-0.18.1\src\system\function_system.rs,54,45082024,0.035043,27078,1664,696,82637,862.638400
system{name="bevy_pbr::atmosphere::environment::prepare_probe_textures"},C:\Users\Antoi\.cargo\registry\src\index.crates.io-1949cf8c6b5b557f\bevy_ecs-0.18.1\src\system\function_system.rs,52,13848519,0.010765,27078,511,193,36515,389.367964
system{name="forgia_mode_roguelite::trempe::sys_init_trempe"},C:\Users\Antoi\.cargo\registry\src\index.crates.io-1949cf8c6b5b557f\bevy_ecs-0.18.1\src\system\function_system.rs,52,251146,0.000195,1,251146,251146,251146,0.000000
plugin finish{plugin="bevy_post_process::dof::DepthOfFieldPlugin"},C:\Users\Antoi\.cargo\registry\src\index.crates.io-1949cf8c6b5b557f\bevy_app-0.18.1\src\app.rs,272,68,0.000000,1,68,68,68,0.000000
function_scope{egui::memory::Memory::begin_pass},C:\Users\Antoi\.cargo\registry\src\index.crates.io-1949cf8c6b5b557f\egui-0.33.3\src\memory\mod.rs,747,60763074,0.047232,27079,2243,318,93661,2079.146420
plugin finish{plugin="bevy_pbr::material::MaterialsPlugin"},C:\Users\Antoi\.cargo\registry\src\index.crates.io-1949cf8c6b5b557f\bevy_app-0.18.1\src\app.rs,272,55,0.000000,1,55,55,55,0.000000
system{name="bevy_asset::assets::Assets<bevy_gizmos::GizmoAsset>::track_assets"},C:\Users\Antoi\.cargo\registry\src\index.crates.io-1949cf8c6b5b557f\bevy_ecs-0.18.1\src\system\function_system.rs,52,28357405,0.022042,27079,1047,176,1347119,9887.957361
par_for_each{query="(bevy_ecs::entity::Entity, &bevy_camera::visibility::InheritedVisibility, core::option::Option<&bevy_camera::visibility::render_layers::RenderLayers>, core::option::Option<&bevy_camera::primitives::Aabb>, core::option::Option<&bevy_transform::components::global_transform::GlobalTransform>, bevy_ecs::query::fetch::Has<bevy_camera::visibility::range::VisibilityRange>, bevy_ecs::query::fetch::Has<bevy_camera::visibility::NoFrustumCulling>)" filter="(bevy_ecs::query::filter::Without<bevy_light::NotShadowCaster>, bevy_ecs::query::filter::Without<bevy_light::directional_light::DirectionalLight>, bevy_ecs::query::filter::With<bevy_mesh::components::Mesh3d>)"},C:\Users\Antoi\.cargo\registry\src\index.crates.io-1949cf8c6b5b557f\bevy_ecs-0.18.1\src\query\state.rs,246,4012182878,3.118702,4508907,889,70,947760,937.493546
plugin finish{plugin="forgia_rpg_data::ForgiaRpgDataPlugin"},C:\Users\Antoi\.cargo\registry\src\index.crates.io-1949cf8c6b5b557f\bevy_app-0.18.1\src\app.rs,272,66,0.000000,1,66,66,66,0.000000
system{name="forgia_player::attach_skybox_to_camera"},C:\Users\Antoi\.cargo\registry\src\index.crates.io-1949cf8c6b5b557f\bevy_ecs-0.18.1\src\system\function_system.rs,52,15354046,0.011935,27079,567,177,251127,2073.166503
system_commands{name="forgia_rpg_data::dialogue::start_sessions"},C:\Users\Antoi\.cargo\registry\src\index.crates.io-1949cf8c6b5b557f\bevy_ecs-0.18.1\src\system\function_system.rs,54,1708848,0.001328,27079,63,50,82525,542.568011
system_commands{name="bevy_post_process::bloom::upsampling_pipeline::prepare_upsampling_pipeline"},C:\Users\Antoi\.cargo\registry\src\index.crates.io-1949cf8c6b5b557f\bevy_ecs-0.18.1\src\system\function_system.rs,54,2286410,0.001777,27078,84,50,3578,43.966073
system{name="bevy_render::render_asset::extract_render_asset<bevy_sprite_render::mesh2d::material::PreparedMaterial2d<bevy_sprite_render::tilemap_chunk::tilemap_chunk_material::TilemapChunkMaterial>>"},C:\Users\Antoi\.cargo\registry\src\index.crates.io-1949cf8c6b5b557f\bevy_ecs-0.18.1\src\system\function_system.rs,52,26652438,0.020717,27079,984,366,30137,373.162033
plugin cleanup{plugin="bevy_render::sync_component::SyncComponentPlugin<bevy_render::experimental::occlusion_culling::OcclusionCulling>"},C:\Users\Antoi\.cargo\registry\src\index.crates.io-1949cf8c6b5b557f\bevy_app-0.18.1\src\app.rs,292,54,0.000000,1,54,54,54,0.000000
system{name="bevy_render::texture::texture_cache::update_texture_cache_system"},C:\Users\Antoi\.cargo\registry\src\index.crates.io-1949cf8c6b5b557f\bevy_ecs-0.18.1\src\system\function_system.rs,52,17467227,0.013577,27078,645,211,1559929,11330.339925
plugin build{plugin="bevy_render::gpu_readback::GpuReadbackPlugin"},C:\Users\Antoi\.cargo\registry\src\index.crates.io-1949cf8c6b5b557f\bevy_app-0.18.1\src\app.rs,529,21988,0.000017,1,21988,21988,21988,0.000000
system_commands{name="bevy_render::extract_component::extract_components<bevy_post_process::bloom::settings::Bloom>"},C:\Users\Antoi\.cargo\registry\src\index.crates.io-1949cf8c6b5b557f\bevy_ecs-0.18.1\src\system\function_system.rs,54,12709452,0.009879,27078,469,166,83362,557.651732
system_commands{name="forgia_fps::pepin::load_pepin_tuning"},C:\Users\Antoi\.cargo\registry\src\index.crates.io-1949cf8c6b5b557f\bevy_ecs-0.18.1\src\system\function_system.rs,54,1026,0.000001,1,1026,1026,1026,0.000000
plugin cleanup{plugin="forgia_mode_roguelite::merchant::MerchantPlugin"},C:\Users\Antoi\.cargo\registry\src\index.crates.io-1949cf8c6b5b557f\bevy_app-0.18.1\src\app.rs,292,54,0.000000,1,54,54,54,0.000000
system_commands{name="bevy_ui_render::gradient::extract_gradients"},C:\Users\Antoi\.cargo\registry\src\index.crates.io-1949cf8c6b5b557f\bevy_ecs-0.18.1\src\system\function_system.rs,54,2556720,0.001987,27078,94,51,12216,79.748510
indexed_gpu_metadata,C:\Users\Antoi\.cargo\registry\src\index.crates.io-1949cf8c6b5b557f\bevy_render-0.18.1\src\batching\gpu_preprocessing.rs,2146,27838283,0.021639,243702,114,47,132073,473.339063
plugin cleanup{plugin="forgia_ui_lib::hud::coffre_forgeron::CoffreForgeronPlugin"},C:\Users\Antoi\.cargo\registry\src\index.crates.io-1949cf8c6b5b557f\bevy_app-0.18.1\src\app.rs,292,55,0.000000,1,55,55,55,0.000000
asset loading{loader="bevy_image::image_loader::ImageLoader" asset="ui/menu_video/frame_0123.webp"},C:\Users\Antoi\.cargo\registry\src\index.crates.io-1949cf8c6b5b557f\bevy_asset-0.18.1\src\server\loaders.rs,332,14694776,0.011422,6,2449129,172,14658227,5981214.240953
system{name="bevy_egui::setup_primary_egui_context_system"},C:\Users\Antoi\.cargo\registry\src\index.crates.io-1949cf8c6b5b557f\bevy_ecs-0.18.1\src\system\function_system.rs,52,23354464,0.018154,27080,862,305,118853,949.500206
system{name="bevy_rapier3d::plugin::systems::writeback::writeback_mass_properties"},C:\Users\Antoi\.cargo\registry\src\index.crates.io-1949cf8c6b5b557f\bevy_ecs-0.18.1\src\system\function_system.rs,52,3392722,0.002637,7925,428,70,7444,196.183887
plugin build{plugin="bevy_pbr::render::fog::FogPlugin"},C:\Users\Antoi\.cargo\registry\src\index.crates.io-1949cf8c6b5b557f\bevy_app-0.18.1\src\app.rs,529,34754,0.000027,1,34754,34754,34754,0.000000
system{name="bevy_picking::PickingSettings::window_picking_should_run"},C:\Users\Antoi\.cargo\registry\src\index.crates.io-1949cf8c6b5b557f\bevy_ecs-0.18.1\src\system\function_system.rs,52,2804253,0.002180,27079,103,53,13886,131.423431
plugin finish{plugin="leafwing_input_manager::plugin::InputManagerPlugin<forgia_input::PlayerAction>"},C:\Users\Antoi\.cargo\registry\src\index.crates.io-1949cf8c6b5b557f\bevy_app-0.18.1\src\app.rs,272,54,0.000000,1,54,54,54,0.000000
plugin build{plugin="bevy_render::sync_component::SyncComponentPlugin<bevy_pbr::fog::DistanceFog>"},C:\Users\Antoi\.cargo\registry\src\index.crates.io-1949cf8c6b5b557f\bevy_app-0.18.1\src\app.rs,529,5205,0.000004,1,5205,5205,5205,0.000000
system{name="forgia_mode_roguelite::meta_shop::sys_load_meta_shop"},C:\Users\Antoi\.cargo\registry\src\index.crates.io-1949cf8c6b5b557f\bevy_ecs-0.18.1\src\system\function_system.rs,52,4765458,0.003704,1,4765458,4765458,4765458,0.000000
system_commands{name="forgia_mode_roguelite::status_vfx::sys_detach_burn_vfx"},C:\Users\Antoi\.cargo\registry\src\index.crates.io-1949cf8c6b5b557f\bevy_ecs-0.18.1\src\system\function_system.rs,54,1774772,0.001380,25752,68,50,48093,307.335277
system{name="bevy_picking::pointer::update_pointer_map"},C:\Users\Antoi\.cargo\registry\src\index.crates.io-1949cf8c6b5b557f\bevy_ecs-0.18.1\src\system\function_system.rs,52,15889552,0.012351,27079,586,216,32338,296.661073
plugin cleanup{plugin="bevy_render::sync_component::SyncComponentPlugin<bevy_post_process::effect_stack::ChromaticAberration>"},C:\Users\Antoi\.cargo\registry\src\index.crates.io-1949cf8c6b5b557f\bevy_app-0.18.1\src\app.rs,292,52,0.000000,1,52,52,52,0.000000
system{name="bevy_pbr::atmosphere::resources::prepare_atmosphere_bind_groups"},C:\Users\Antoi\.cargo\registry\src\index.crates.io-1949cf8c6b5b557f\bevy_ecs-0.18.1\src\system\function_system.rs,52,22837548,0.017752,27078,843,208,120390,991.962419
system_commands{name="bevy_render::view::window::screenshot::init_screenshot_to_screen_pipeline"},C:\Users\Antoi\.cargo\registry\src\index.crates.io-1949cf8c6b5b557f\bevy_ecs-0.18.1\src\system\function_system.rs,54,3177,0.000002,1,3177,3177,3177,0.000000
system{name="forgia_mode_roguelite::merchant::sys_merchant_proximity"},C:\Users\Antoi\.cargo\registry\src\index.crates.io-1949cf8c6b5b557f\bevy_ecs-0.18.1\src\system\function_system.rs,52,23011420,0.017887,25752,893,400,212790,1487.148907
plugin cleanup{plugin="forgia_combat::ForgiaCombatPlugin"},C:\Users\Antoi\.cargo\registry\src\index.crates.io-1949cf8c6b5b557f\bevy_app-0.18.1\src\app.rs,292,52,0.000000,1,52,52,52,0.000000
system{name="bevy_core_pipeline::oit::init_oit_buffers"},C:\Users\Antoi\.cargo\registry\src\index.crates.io-1949cf8c6b5b557f\bevy_ecs-0.18.1\src\system\function_system.rs,52,49295,0.000038,1,49295,49295,49295,0.000000
system_commands{name="forgia_combat::weapons::weapon_cooldown_tick_system"},C:\Users\Antoi\.cargo\registry\src\index.crates.io-1949cf8c6b5b557f\bevy_ecs-0.18.1\src\system\function_system.rs,54,188196,0.000146,912,206,94,1660,150.176618
plugin finish{plugin="bevy_render::extract_component::UniformComponentPlugin<bevy_pbr::deferred::PbrDeferredLightingDepthId>"},C:\Users\Antoi\.cargo\registry\src\index.crates.io-1949cf8c6b5b557f\bevy_app-0.18.1\src\app.rs,272,57,0.000000,1,57,57,57,0.000000
asset loading{loader="bevy_gltf::loader::GltfLoader" asset="models/kaykit/skeletons/Skeleton_Minion.glb"},C:\Users\Antoi\.cargo\registry\src\index.crates.io-1949cf8c6b5b557f\bevy_asset-0.18.1\src\server\loaders.rs,332,53114026,0.041286,8,6639253,216,29622192,12392040.114995
system_commands{name="bevy_core_pipeline::experimental::mip_generation::prepare_downsample_depth_view_bind_groups"},C:\Users\Antoi\.cargo\registry\src\index.crates.io-1949cf8c6b5b557f\bevy_ecs-0.18.1\src\system\function_system.rs,54,4461966,0.003468,27078,164,54,9874,125.194862
system_commands{name="bevy_render::render_asset::extract_render_asset<bevy_render::mesh::RenderMesh>"},C:\Users\Antoi\.cargo\registry\src\index.crates.io-1949cf8c6b5b557f\bevy_ecs-0.18.1\src\system\function_system.rs,54,17637626,0.013710,27078,651,252,14961,248.248785
system_commands{name="bevy_pbr::ssao::extract_ssao_settings"},C:\Users\Antoi\.cargo\registry\src\index.crates.io-1949cf8c6b5b557f\bevy_ecs-0.18.1\src\system\function_system.rs,54,2010316,0.001563,27078,74,51,1524,16.868581
system{name="bevy_water::water::update_global_wave_state"},C:\Users\Antoi\.cargo\registry\src\index.crates.io-1949cf8c6b5b557f\bevy_ecs-0.18.1\src\system\function_system.rs,52,11515566,0.008951,27079,425,94,83109,629.688305
plugin build{plugin="forgia_mode_roguelite::mushrooms::ForgiaRogueliteMushroomsPlugin"},C:\Users\Antoi\.cargo\registry\src\index.crates.io-1949cf8c6b5b557f\bevy_app-0.18.1\src\app.rs,529,44181,0.000034,1,44181,44181,44181,0.000000
plugin finish{plugin="bevy_render::sync_component::SyncComponentPlugin<bevy_light::spot_light::SpotLight>"},C:\Users\Antoi\.cargo\registry\src\index.crates.io-1949cf8c6b5b557f\bevy_app-0.18.1\src\app.rs,272,52,0.000000,1,52,52,52,0.000000
plugin build{plugin="bevy_render::sync_component::SyncComponentPlugin<bevy_post_process::dof::DepthOfField>"},C:\Users\Antoi\.cargo\registry\src\index.crates.io-1949cf8c6b5b557f\bevy_app-0.18.1\src\app.rs,529,3316,0.000003,1,3316,3316,3316,0.000000
plugin build{plugin="bevy_render::render_phase::BinnedRenderPhasePlugin<bevy_core_pipeline::core_3d::Opaque3d, bevy_pbr::render::mesh::MeshPipeline>"},C:\Users\Antoi\.cargo\registry\src\index.crates.io-1949cf8c6b5b557f\bevy_app-0.18.1\src\app.rs,529,77602,0.000060,1,77602,77602,77602,0.000000
plugin cleanup{plugin="bevy_window::WindowPlugin"},C:\Users\Antoi\.cargo\registry\src\index.crates.io-1949cf8c6b5b557f\bevy_app-0.18.1\src\app.rs,292,55,0.000000,1,55,55,55,0.000000
system{name="forgia_ui_lib::hud::barks::sys_trigger_combat_barks"},C:\Users\Antoi\.cargo\registry\src\index.crates.io-1949cf8c6b5b557f\bevy_ecs-0.18.1\src\system\function_system.rs,52,11479316,0.008923,27079,423,133,39528,447.059958
system{name="bevy_core_pipeline::skybox::prepass::init_skybox_prepass_pipeline"},C:\Users\Antoi\.cargo\registry\src\index.crates.io-1949cf8c6b5b557f\bevy_ecs-0.18.1\src\system\function_system.rs,52,15563,0.000012,1,15563,15563,15563,0.000000
system_commands{name="forgia_damage::load_hit_feedback"},C:\Users\Antoi\.cargo\registry\src\index.crates.io-1949cf8c6b5b557f\bevy_ecs-0.18.1\src\system\function_system.rs,54,1863,0.000001,1,1863,1863,1863,0.000000
system{name="bevy_water::water::setup_water"},C:\Users\Antoi\.cargo\registry\src\index.crates.io-1949cf8c6b5b557f\bevy_ecs-0.18.1\src\system\function_system.rs,52,150387,0.000117,1,150387,150387,150387,0.000000
plugin finish{plugin="forgia_mode_roguelite::enemy_scaling::RogueliteEnemyScalingPlugin"},C:\Users\Antoi\.cargo\registry\src\index.crates.io-1949cf8c6b5b557f\bevy_app-0.18.1\src\app.rs,272,55,0.000000,1,55,55,55,0.000000
system_commands{name="forgia_viewmodel::attach::auto_scale_viewmodel"},C:\Users\Antoi\.cargo\registry\src\index.crates.io-1949cf8c6b5b557f\bevy_ecs-0.18.1\src\system\function_system.rs,54,2666315,0.002073,25752,103,50,90986,740.719290
plugin build{plugin="bevy_core_pipeline::oit::resolve::OitResolvePlugin"},C:\Users\Antoi\.cargo\registry\src\index.crates.io-1949cf8c6b5b557f\bevy_app-0.18.1\src\app.rs,529,5038,0.000004,1,5038,5038,5038,0.000000
plugin cleanup{plugin="bevy_gizmos::aabb::AabbGizmoPlugin"},C:\Users\Antoi\.cargo\registry\src\index.crates.io-1949cf8c6b5b557f\bevy_app-0.18.1\src\app.rs,292,55,0.000000,1,55,55,55,0.000000
system{name="bevy_render::batching::gpu_preprocessing::clear_batched_gpu_instance_buffers<bevy_pbr::render::mesh::MeshPipeline>"},C:\Users\Antoi\.cargo\registry\src\index.crates.io-1949cf8c6b5b557f\bevy_ecs-0.18.1\src\system\function_system.rs,52,18909874,0.014699,27079,698,296,22636,347.059358
plugin finish{plugin="bevy_pbr::material::MaterialPlugin<bevy_pbr::pbr_material::StandardMaterial>"},C:\Users\Antoi\.cargo\registry\src\index.crates.io-1949cf8c6b5b557f\bevy_app-0.18.1\src\app.rs,272,55,0.000000,1,55,55,55,0.000000
system{name="forgia_observability::lag_events_sensor::sys_track_lag_events"},C:\Users\Antoi\.cargo\registry\src\index.crates.io-1949cf8c6b5b557f\bevy_ecs-0.18.1\src\system\function_system.rs,52,7636523,0.005936,27079,282,74,82472,715.692072
system{name="bevy_hanabi::render::extract_sim_params"},C:\Users\Antoi\.cargo\registry\src\index.crates.io-1949cf8c6b5b557f\bevy_ecs-0.18.1\src\system\function_system.rs,52,13890950,0.010798,27079,512,207,91611,842.695832
system{name="bevy_picking::window::update_window_hits"},C:\Users\Antoi\.cargo\registry\src\index.crates.io-1949cf8c6b5b557f\bevy_ecs-0.18.1\src\system\function_system.rs,52,18337272,0.014254,27079,677,129,54112,457.166258
plugin cleanup{plugin="forgia_mode_roguelite::enemy_scaling::RogueliteEnemyScalingPlugin"},C:\Users\Antoi\.cargo\registry\src\index.crates.io-1949cf8c6b5b557f\bevy_app-0.18.1\src\app.rs,292,55,0.000000,1,55,55,55,0.000000
system{name="forgia_mode_roguelite::ultimate_apply::sys_write_ultimate_tech_sensor"},C:\Users\Antoi\.cargo\registry\src\index.crates.io-1949cf8c6b5b557f\bevy_ecs-0.18.1\src\system\function_system.rs,52,6203520,0.004822,27079,229,82,32930,264.854434
system_commands{name="bevy_sprite_render::text2d::extract_text2d_sprite"},C:\Users\Antoi\.cargo\registry\src\index.crates.io-1949cf8c6b5b557f\bevy_ecs-0.18.1\src\system\function_system.rs,54,10499819,0.008162,27078,387,51,80567,824.689912
system{name="bevy_diagnostic::entity_count_diagnostics_plugin::EntityCountDiagnosticsPlugin::diagnostic_system"},C:\Users\Antoi\.cargo\registry\src\index.crates.io-1949cf8c6b5b557f\bevy_ecs-0.18.1\src\system\function_system.rs,52,99493762,0.077337,27079,3674,533,138726,2054.772867
system_commands{name="forgia_mode_fps_arena::load_arena_bots_genome"},C:\Users\Antoi\.cargo\registry\src\index.crates.io-1949cf8c6b5b557f\bevy_ecs-0.18.1\src\system\function_system.rs,54,7584,0.000006,1,7584,7584,7584,0.000000
plugin build{plugin="forgia_ui_lib::inventory_panel::ForgiaUiInventoryPlugin"},C:\Users\Antoi\.cargo\registry\src\index.crates.io-1949cf8c6b5b557f\bevy_app-0.18.1\src\app.rs,529,6736,0.000005,1,6736,6736,6736,0.000000
plugin cleanup{plugin="bevy_asset::AssetPlugin"},C:\Users\Antoi\.cargo\registry\src\index.crates.io-1949cf8c6b5b557f\bevy_app-0.18.1\src\app.rs,292,77,0.000000,1,77,77,77,0.000000
system{name="forgia_mode_roguelite::hud::draw_weapon_slots"},C:\Users\Antoi\.cargo\registry\src\index.crates.io-1949cf8c6b5b557f\bevy_ecs-0.18.1\src\system\function_system.rs,52,470127722,0.365434,25661,18320,233,192718,6328.104836
system{name="forgia_ui_lib::hud_ammo::tuning::sync_ammo_hud_tuning"},C:\Users\Antoi\.cargo\registry\src\index.crates.io-1949cf8c6b5b557f\bevy_ecs-0.18.1\src\system\function_system.rs,52,8648170,0.006722,27079,319,89,599692,4390.417757
system_commands{name="bevy_pbr::light_probe::generate::prepare_generated_environment_map_bind_groups"},C:\Users\Antoi\.cargo\registry\src\index.crates.io-1949cf8c6b5b557f\bevy_ecs-0.18.1\src\system\function_system.rs,54,2820268,0.002192,27078,104,51,19771,132.555292
system{name="bevy_state::condition::in_state<forgia_mode_roguelite::run::RunState>::{{closure}}"},C:\Users\Antoi\.cargo\registry\src\index.crates.io-1949cf8c6b5b557f\bevy_ecs-0.18.1\src\system\function_system.rs,52,25980074,0.020195,243711,106,52,88779,435.993642
solve,C:\Users\Antoi\.cargo\registry\src\index.crates.io-1949cf8c6b5b557f\rapier3d-0.31.0\src\dynamics\solver\joint_constraint\joint_constraints_set.rs,297,1839143,0.001430,31700,58,46,11616,75.342083
plugin cleanup{plugin="forgia_camera_orbit::ForgiaCameraOrbitPlugin"},C:\Users\Antoi\.cargo\registry\src\index.crates.io-1949cf8c6b5b557f\bevy_app-0.18.1\src\app.rs,292,53,0.000000,1,53,53,53,0.000000
system{name="bevy_asset::assets::Assets<bevy_pbr::extended_material::ExtendedMaterial<bevy_pbr::pbr_material::StandardMaterial, bevy_pbr::decal::forward::ForwardDecalMaterialExt>>::asset_events_condition"},C:\Users\Antoi\.cargo\registry\src\index.crates.io-1949cf8c6b5b557f\bevy_ecs-0.18.1\src\system\function_system.rs,52,3403364,0.002645,27079,125,56,17543,141.287716
plugin finish{plugin="bevy_hanabi::plugin::HanabiPlugin"},C:\Users\Antoi\.cargo\registry\src\index.crates.io-1949cf8c6b5b557f\bevy_app-0.18.1\src\app.rs,272,6870523,0.005341,1,6870523,6870523,6870523,0.000000
system{name="bevy_rapier3d::plugin::systems::collider::init_async_colliders"},C:\Users\Antoi\.cargo\registry\src\index.crates.io-1949cf8c6b5b557f\bevy_ecs-0.18.1\src\system\function_system.rs,52,3324869,0.002584,7925,419,86,43614,505.366412
system{name="forgia_combat::ultimate::sys_tick_ultimate"},C:\Users\Antoi\.cargo\registry\src\index.crates.io-1949cf8c6b5b557f\bevy_ecs-0.18.1\src\system\function_system.rs,52,1407407,0.001094,7925,177,58,1555,65.165210
system{name="forgia_player::dash::dash_input_system"},C:\Users\Antoi\.cargo\registry\src\index.crates.io-1949cf8c6b5b557f\bevy_ecs-0.18.1\src\system\function_system.rs,52,7560950,0.005877,7533,1003,289,103896,1256.771208
plugin build{plugin="bevy_sprite::SpritePlugin"},C:\Users\Antoi\.cargo\registry\src\index.crates.io-1949cf8c6b5b557f\bevy_app-0.18.1\src\app.rs,529,113058,0.000088,1,113058,113058,113058,0.000000
system{name="bevy_render::extract_component::extract_components<bevy_core_pipeline::tonemapping::DebandDither>"},C:\Users\Antoi\.cargo\registry\src\index.crates.io-1949cf8c6b5b557f\bevy_ecs-0.18.1\src\system\function_system.rs,52,22221704,0.017273,27079,820,259,20133,335.525164
system_commands{name="bevy_state::state_scoped::despawn_entities_on_enter_state<forgia_core::states::WorldMode>"},C:\Users\Antoi\.cargo\registry\src\index.crates.io-1949cf8c6b5b557f\bevy_ecs-0.18.1\src\system\function_system.rs,54,1784298,0.001387,27080,65,50,90607,560.822631
system{name="bevy_pbr::prepass::specialize_prepass_material_meshes"},C:\Users\Antoi\.cargo\registry\src\index.crates.io-1949cf8c6b5b557f\bevy_ecs-0.18.1\src\system\function_system.rs,52,26831875,0.020857,27078,990,388,95506,942.729321
system{name="forgia_worldgen::sys_worldgen_lod"},C:\Users\Antoi\.cargo\registry\src\index.crates.io-1949cf8c6b5b557f\bevy_ecs-0.18.1\src\system\function_system.rs,52,11872694,0.009229,27079,438,131,47574,444.281383
system{name="forgia_rpg_data::quests::grant_quest_rewards"},C:\Users\Antoi\.cargo\registry\src\index.crates.io-1949cf8c6b5b557f\bevy_ecs-0.18.1\src\system\function_system.rs,52,10806229,0.008400,27079,399,128,39753,283.841662
plugin build{plugin="bevy_render::render_asset::RenderAssetPlugin<bevy_pbr::medium::GpuScatteringMedium>"},C:\Users\Antoi\.cargo\registry\src\index.crates.io-1949cf8c6b5b557f\bevy_app-0.18.1\src\app.rs,529,25617,0.000020,1,25617,25617,25617,0.000000
system{name="bevy_asset::assets::Assets<forgia_genome_core::Genome<forgia_stage::RogueliteStagesGenome>>::track_assets"},C:\Users\Antoi\.cargo\registry\src\index.crates.io-1949cf8c6b5b557f\bevy_ecs-0.18.1\src\system\function_system.rs,52,29036929,0.022571,27079,1072,121,223388,5613.836986
plugin cleanup{plugin="bevy_winit::WinitPlugin"},C:\Users\Antoi\.cargo\registry\src\index.crates.io-1949cf8c6b5b557f\bevy_app-0.18.1\src\app.rs,292,61,0.000000,1,61,61,61,0.000000
plugin finish{plugin="forgia_fps::pepin::ForgiaPepinPlugin"},C:\Users\Antoi\.cargo\registry\src\index.crates.io-1949cf8c6b5b557f\bevy_app-0.18.1\src\app.rs,272,56,0.000000,1,56,56,56,0.000000
system{name="forgia_viewmodel::arms::sync_arm_cosmetics"},C:\Users\Antoi\.cargo\registry\src\index.crates.io-1949cf8c6b5b557f\bevy_ecs-0.18.1\src\system\function_system.rs,52,10838490,0.008425,25752,420,133,94774,678.356278
plugin cleanup{plugin="forgia_effects::mesh_fader::MeshFaderPlugin"},C:\Users\Antoi\.cargo\registry\src\index.crates.io-1949cf8c6b5b557f\bevy_app-0.18.1\src\app.rs,292,54,0.000000,1,54,54,54,0.000000
system{name="<forgia_skeleton_template::SkeletonTemplatePlugin as bevy_app::plugin::Plugin>::build::{{closure}}"},C:\Users\Antoi\.cargo\registry\src\index.crates.io-1949cf8c6b5b557f\bevy_ecs-0.18.1\src\system\function_system.rs,52,111349,0.000087,1,111349,111349,111349,0.000000
system{name="bevy_ui::update::propagate_ui_target_cameras"},C:\Users\Antoi\.cargo\registry\src\index.crates.io-1949cf8c6b5b557f\bevy_ecs-0.18.1\src\system\function_system.rs,52,46841668,0.036410,27079,1729,709,146581,1244.596913
plugin build{plugin="bevy_pbr::render::mesh::MeshRenderPlugin"},C:\Users\Antoi\.cargo\registry\src\index.crates.io-1949cf8c6b5b557f\bevy_app-0.18.1\src\app.rs,529,468839,0.000364,1,468839,468839,468839,0.000000
system{name="bevy_state::state_scoped::despawn_entities_on_enter_state<forgia_core::states::WorldMode>"},C:\Users\Antoi\.cargo\registry\src\index.crates.io-1949cf8c6b5b557f\bevy_ecs-0.18.1\src\system\function_system.rs,52,3982334,0.003095,27080,147,66,1589,71.355292
system{name="bevy_render::extract_resource::extract_resource<bevy_render::texture::manual_texture_view::ManualTextureViews>"},C:\Users\Antoi\.cargo\registry\src\index.crates.io-1949cf8c6b5b557f\bevy_ecs-0.18.1\src\system\function_system.rs,52,6010639,0.004672,27079,221,77,20251,201.209687
plugin build{plugin="bevy_render::sync_component::SyncComponentPlugin<bevy_core_pipeline::tonemapping::DebandDither>"},C:\Users\Antoi\.cargo\registry\src\index.crates.io-1949cf8c6b5b557f\bevy_app-0.18.1\src\app.rs,529,1744,0.000001,1,1744,1744,1744,0.000000
system{name="bevy_pbr::render::skin::no_automatic_skin_batching"},C:\Users\Antoi\.cargo\registry\src\index.crates.io-1949cf8c6b5b557f\bevy_ecs-0.18.1\src\system\function_system.rs,52,13995646,0.010879,27079,516,206,15667,228.950302
plugin build{plugin="bevy_app::propagate::HierarchyPropagatePlugin<bevy_ui::ui_node::ComputedUiRenderTargetInfo>"},C:\Users\Antoi\.cargo\registry\src\index.crates.io-1949cf8c6b5b557f\bevy_app-0.18.1\src\app.rs,529,42545,0.000033,1,42545,42545,42545,0.000000
system{name="bevy_asset::assets::Assets<forgia_genome_core::Genome<forgia_mode_fps_arena::wave::ArenaWavesGenome>>::track_assets"},C:\Users\Antoi\.cargo\registry\src\index.crates.io-1949cf8c6b5b557f\bevy_ecs-0.18.1\src\system\function_system.rs,52,33683759,0.026183,27079,1243,197,1554487,11610.340785
system{name="bevy_render::extract_component::extract_components<bevy_pbr::atmosphere::GpuAtmosphereSettings>"},C:\Users\Antoi\.cargo\registry\src\index.crates.io-1949cf8c6b5b557f\bevy_ecs-0.18.1\src\system\function_system.rs,52,7471796,0.005808,27079,275,112,37234,316.248676
system{name="bevy_render::batching::sort_binned_render_phase<bevy_core_pipeline::prepass::Opaque3dPrepass>"},C:\Users\Antoi\.cargo\registry\src\index.crates.io-1949cf8c6b5b557f\bevy_ecs-0.18.1\src\system\function_system.rs,52,5068704,0.003940,27078,187,65,141799,969.030707
plugin finish{plugin="forgia_rpg::ForgiaRpgPlugin"},C:\Users\Antoi\.cargo\registry\src\index.crates.io-1949cf8c6b5b557f\bevy_app-0.18.1\src\app.rs,272,55,0.000000,1,55,55,55,0.000000
plugin cleanup{plugin="bevy_render::render_phase::BinnedRenderPhasePlugin<bevy_core_pipeline::deferred::Opaque3dDeferred, bevy_pbr::render::mesh::MeshPipeline>"},C:\Users\Antoi\.cargo\registry\src\index.crates.io-1949cf8c6b5b557f\bevy_app-0.18.1\src\app.rs,292,60,0.000000,1,60,60,60,0.000000
system_commands{name="forgia_game::color_grading::sys_apply"},C:\Users\Antoi\.cargo\registry\src\index.crates.io-1949cf8c6b5b557f\bevy_ecs-0.18.1\src\system\function_system.rs,54,2596406,0.002018,27079,95,51,50043,406.844672
system{name="bevy_gizmos::start_gizmo_context<bevy_gizmos::aabb::AabbGizmoConfigGroup, bevy_time::fixed::Fixed>"},C:\Users\Antoi\.cargo\registry\src\index.crates.io-1949cf8c6b5b557f\bevy_ecs-0.18.1\src\system\function_system.rs,52,3394781,0.002639,27079,125,63,37558,237.739050
plugin build{plugin="bevy_time::TimePlugin"},C:\Users\Antoi\.cargo\registry\src\index.crates.io-1949cf8c6b5b557f\bevy_app-0.18.1\src\app.rs,529,121529,0.000094,1,121529,121529,121529,0.000000
system{name="forgia_crosshair::draw_sniper_scope_overlay"},C:\Users\Antoi\.cargo\registry\src\index.crates.io-1949cf8c6b5b557f\bevy_ecs-0.18.1\src\system\function_system.rs,52,13068663,0.010158,27079,482,101,16399,251.697666
plugin cleanup{plugin="bevy_render::sync_component::SyncComponentPlugin<bevy_anti_alias::contrast_adaptive_sharpening::ContrastAdaptiveSharpening>"},C:\Users\Antoi\.cargo\registry\src\index.crates.io-1949cf8c6b5b557f\bevy_app-0.18.1\src\app.rs,292,59,0.000000,1,59,59,59,0.000000
plugin cleanup{plugin="bevy_render::texture::TexturePlugin"},C:\Users\Antoi\.cargo\registry\src\index.crates.io-1949cf8c6b5b557f\bevy_app-0.18.1\src\app.rs,292,56,0.000000,1,56,56,56,0.000000
plugin cleanup{plugin="forgia_mode_roguelite::parcours_obstacles::ParcoursObstaclesPlugin"},C:\Users\Antoi\.cargo\registry\src\index.crates.io-1949cf8c6b5b557f\bevy_app-0.18.1\src\app.rs,292,58,0.000000,1,58,58,58,0.000000
system{name="bevy_asset::assets::Assets<bevy_image::texture_atlas::TextureAtlasLayout>::track_assets"},C:\Users\Antoi\.cargo\registry\src\index.crates.io-1949cf8c6b5b557f\bevy_ecs-0.18.1\src\system\function_system.rs,52,15318728,0.011907,27079,565,164,271208,2374.516119
plugin finish{plugin="bevy_gizmos_render::pipeline_3d::LineGizmo3dPlugin"},C:\Users\Antoi\.cargo\registry\src\index.crates.io-1949cf8c6b5b557f\bevy_app-0.18.1\src\app.rs,272,56,0.000000,1,56,56,56,0.000000
plugin finish{plugin="bevy_winit::cursor::WinitCursorPlugin"},C:\Users\Antoi\.cargo\registry\src\index.crates.io-1949cf8c6b5b557f\bevy_app-0.18.1\src\app.rs,272,54,0.000000,1,54,54,54,0.000000
system_commands{name="forgia_enemy_nameplate::tuning::load_tuning"},C:\Users\Antoi\.cargo\registry\src\index.crates.io-1949cf8c6b5b557f\bevy_ecs-0.18.1\src\system\function_system.rs,54,3867,0.000003,1,3867,3867,3867,0.000000
system_commands{name="bevy_pbr::cluster::extract_clusters"},C:\Users\Antoi\.cargo\registry\src\index.crates.io-1949cf8c6b5b557f\bevy_ecs-0.18.1\src\system\function_system.rs,54,103011888,0.080072,27078,3804,1306,99558,1899.101147
system{name="bevy_pbr::ssao::extract_ssao_settings"},C:\Users\Antoi\.cargo\registry\src\index.crates.io-1949cf8c6b5b557f\bevy_ecs-0.18.1\src\system\function_system.rs,52,13930480,0.010828,27079,514,167,36195,402.506373
plugin finish{plugin="bevy_ui::UiPlugin"},C:\Users\Antoi\.cargo\registry\src\index.crates.io-1949cf8c6b5b557f\bevy_app-0.18.1\src\app.rs,272,52,0.000000,1,52,52,52,0.000000
system{name="forgia_effects::tick_pooled_light_fade"},C:\Users\Antoi\.cargo\registry\src\index.crates.io-1949cf8c6b5b557f\bevy_ecs-0.18.1\src\system\function_system.rs,52,17909286,0.013921,27079,661,68,34419,469.726597
plugin build{plugin="bevy_sprite_render::SpriteRenderPlugin"},C:\Users\Antoi\.cargo\registry\src\index.crates.io-1949cf8c6b5b557f\bevy_app-0.18.1\src\app.rs,529,621541,0.000483,1,621541,621541,621541,0.000000
system{name="bevy_egui::input::write_modifiers_keys_state_system"},C:\Users\Antoi\.cargo\registry\src\index.crates.io-1949cf8c6b5b557f\bevy_ecs-0.18.1\src\system\function_system.rs,52,8045686,0.006254,27079,297,111,90671,556.407589
system{name="forgia_rpg_data::loot_tables::sys_tick_pickup_lifetime"},C:\Users\Antoi\.cargo\registry\src\index.crates.io-1949cf8c6b5b557f\bevy_ecs-0.18.1\src\system\function_system.rs,52,25616952,0.019912,27079,946,109,87706,965.877860
plugin build{plugin="forgia_mode_roguelite::boucherie_rocket::BoucherieRocketPlugin"},C:\Users\Antoi\.cargo\registry\src\index.crates.io-1949cf8c6b5b557f\bevy_app-0.18.1\src\app.rs,529,22464,0.000017,1,22464,22464,22464,0.000000
system{name="bevy_render::render_phase::sweep_old_entities<bevy_core_pipeline::core_3d::Opaque3d>"},C:\Users\Antoi\.cargo\registry\src\index.crates.io-1949cf8c6b5b557f\bevy_ecs-0.18.1\src\system\function_system.rs,52,20408949,0.015864,27078,753,130,106841,1427.181437
plugin build{plugin="bevy_render::sync_component::SyncComponentPlugin<bevy_render::view::Hdr>"},C:\Users\Antoi\.cargo\registry\src\index.crates.io-1949cf8c6b5b557f\bevy_app-0.18.1\src\app.rs,529,4969,0.000004,1,4969,4969,4969,0.000000
system{name="forgia_mode_roguelite::enemy_anim::sys_init_enemy_anim_genome"},C:\Users\Antoi\.cargo\registry\src\index.crates.io-1949cf8c6b5b557f\bevy_ecs-0.18.1\src\system\function_system.rs,52,166759,0.000130,1,166759,166759,166759,0.000000
system_commands{name="forgia_ui::weapon_preview::sys_propagate_preview_layers"},C:\Users\Antoi\.cargo\registry\src\index.crates.io-1949cf8c6b5b557f\bevy_ecs-0.18.1\src\system\function_system.rs,54,367022,0.000285,1327,276,60,69819,2493.325023
system{name="bevy_pbr::material::add_material_bind_group_allocator<bevy_pbr::extended_material::ExtendedMaterial<bevy_pbr::pbr_material::StandardMaterial, bevy_water::water::material::WaterMaterial>>"},C:\Users\Antoi\.cargo\registry\src\index.crates.io-1949cf8c6b5b557f\bevy_ecs-0.18.1\src\system\function_system.rs,52,30874,0.000024,1,30874,30874,30874,0.000000
system{name="forgia_rpg_data::dialogue::advance_sessions"},C:\Users\Antoi\.cargo\registry\src\index.crates.io-1949cf8c6b5b557f\bevy_ecs-0.18.1\src\system\function_system.rs,52,14749127,0.011465,27079,544,186,81674,590.695695
plugin finish{plugin="bevy_render::sync_component::SyncComponentPlugin<bevy_anti_alias::fxaa::Fxaa>"},C:\Users\Antoi\.cargo\registry\src\index.crates.io-1949cf8c6b5b557f\bevy_app-0.18.1\src\app.rs,272,54,0.000000,1,54,54,54,0.000000
plugin cleanup{plugin="forgia_ui_lib::hud::wave_counter::WaveCounterPlugin"},C:\Users\Antoi\.cargo\registry\src\index.crates.io-1949cf8c6b5b557f\bevy_app-0.18.1\src\app.rs,292,53,0.000000,1,53,53,53,0.000000
system{name="bevy_render::batching::gpu_preprocessing::collect_buffers_for_phase<bevy_core_pipeline::deferred::AlphaMask3dDeferred, bevy_pbr::render::mesh::MeshPipeline>"},C:\Users\Antoi\.cargo\registry\src\index.crates.io-1949cf8c6b5b557f\bevy_ecs-0.18.1\src\system\function_system.rs,52,22434171,0.017438,27078,828,263,20298,399.130938
plugin cleanup{plugin="forgia_killfeed::ForgiaKillfeedPlugin"},C:\Users\Antoi\.cargo\registry\src\index.crates.io-1949cf8c6b5b557f\bevy_app-0.18.1\src\app.rs,292,54,0.000000,1,54,54,54,0.000000
asset loading{loader="bevy_gltf::loader::GltfLoader" asset="models/environment/platformer/platformer_underworld.glb"},C:\Users\Antoi\.cargo\registry\src\index.crates.io-1949cf8c6b5b557f\bevy_asset-0.18.1\src\server\loaders.rs,332,73240045,0.056930,8,9155005,168,73119621,25845612.016734
plugin cleanup{plugin="forgia_game::color_grading::ColorGradingPlugin"},C:\Users\Antoi\.cargo\registry\src\index.crates.io-1949cf8c6b5b557f\bevy_app-0.18.1\src\app.rs,292,55,0.000000,1,55,55,55,0.000000
system{name="forgia_mode_roguelite::poi::sys_reset_poi_stats"},C:\Users\Antoi\.cargo\registry\src\index.crates.io-1949cf8c6b5b557f\bevy_ecs-0.18.1\src\system\function_system.rs,52,212,0.000000,1,212,212,212,0.000000
system_commands{name="forgia_effects::weapon_vfx::tracer::tick_bullets_in_flight"},C:\Users\Antoi\.cargo\registry\src\index.crates.io-1949cf8c6b5b557f\bevy_ecs-0.18.1\src\system\function_system.rs,54,2671311,0.002076,27079,98,50,53436,454.970573
system{name="forgia_fps::track_left_mouse_state"},C:\Users\Antoi\.cargo\registry\src\index.crates.io-1949cf8c6b5b557f\bevy_ecs-0.18.1\src\system\function_system.rs,52,3232245,0.002512,25752,125,84,74764,656.179764
asset loading{loader="bevy_shader::shader::ShaderLoader" asset="embedded://bevy_pbr\\render/pbr.wgsl"},C:\Users\Antoi\.cargo\registry\src\index.crates.io-1949cf8c6b5b557f\bevy_asset-0.18.1\src\server\loaders.rs,332,146609,0.000114,2,73304,97,146512,103531.039370
system{name="forgia_mode_roguelite::run::obs_roguelite_player_death"},C:\Users\Antoi\.cargo\registry\src\index.crates.io-1949cf8c6b5b557f\bevy_ecs-0.18.1\src\system\function_system.rs,52,22142,0.000017,26,851,277,11402,2156.237575
plugin cleanup{plugin="bevy_sprite::picking_backend::SpritePickingPlugin"},C:\Users\Antoi\.cargo\registry\src\index.crates.io-1949cf8c6b5b557f\bevy_app-0.18.1\src\app.rs,292,515,0.000000,1,515,515,515,0.000000
system_commands{name="bevy_render::extract_resource::extract_resource<bevy_camera::clear_color::ClearColor>"},C:\Users\Antoi\.cargo\registry\src\index.crates.io-1949cf8c6b5b557f\bevy_ecs-0.18.1\src\system\function_system.rs,54,2665166,0.002072,27078,98,54,11339,74.438334
intersect_aabb_conservative,C:\Users\Antoi\.cargo\registry\src\index.crates.io-1949cf8c6b5b557f\rapier3d-0.31.0\src\pipeline\query_pipeline.rs,421,2720714,0.002115,15515,175,48,5484,137.578105
system{name="bevy_pbr::render::mesh_view_bindings::prepare_mesh_view_bind_groups"},C:\Users\Antoi\.cargo\registry\src\index.crates.io-1949cf8c6b5b557f\bevy_ecs-0.18.1\src\system\function_system.rs,52,1853882191,1.441037,27078,68464,31931,31475773,194246.441434
plugins{tag="on_input"},C:\Users\Antoi\.cargo\registry\src\index.crates.io-1949cf8c6b5b557f\egui-0.33.3\src\plugin.rs,165,199833345,0.155332,27079,7379,3557,644101,6153.828800
asset loading{loader="bevy_image::image_loader::ImageLoader" asset="textures/vfx/kenney/light_01.png"},C:\Users\Antoi\.cargo\registry\src\index.crates.io-1949cf8c6b5b557f\bevy_asset-0.18.1\src\server\loaders.rs,332,704579,0.000548,4,176144,92,693448,344882.568111
system{name="bevy_asset::assets::Assets<bevy_animation::AnimationClip>::asset_events_condition"},C:\Users\Antoi\.cargo\registry\src\index.crates.io-1949cf8c6b5b557f\bevy_ecs-0.18.1\src\system\function_system.rs,52,2165459,0.001683,27079,79,52,5265,58.617817
system{name="forgia_observability::watchdog_sensor::sys_write_watchdog_sensor"},C:\Users\Antoi\.cargo\registry\src\index.crates.io-1949cf8c6b5b557f\bevy_ecs-0.18.1\src\system\function_system.rs,52,5209709,0.004050,27079,192,67,79816,571.024392
system{name="forgia_mode_roguelite::element_vfx::sys_init_vfx_assets"},C:\Users\Antoi\.cargo\registry\src\index.crates.io-1949cf8c6b5b557f\bevy_ecs-0.18.1\src\system\function_system.rs,52,73893,0.000057,1,73893,73893,73893,0.000000
plugin build{plugin="bevy_render::extract_component::ExtractComponentPlugin<bevy_pbr::atmosphere::GpuAtmosphereSettings>"},C:\Users\Antoi\.cargo\registry\src\index.crates.io-1949cf8c6b5b557f\bevy_app-0.18.1\src\app.rs,529,12287,0.000010,1,12287,12287,12287,0.000000
system_commands{name="forgia_mode_roguelite::shockwave::sys_animate_shockwave_vfx"},C:\Users\Antoi\.cargo\registry\src\index.crates.io-1949cf8c6b5b557f\bevy_ecs-0.18.1\src\system\function_system.rs,54,1972450,0.001533,25752,76,50,3492,32.729585
system{name="forgia_mode_roguelite::loot_room::sys_player_shrink"},C:\Users\Antoi\.cargo\registry\src\index.crates.io-1949cf8c6b5b557f\bevy_ecs-0.18.1\src\system\function_system.rs,52,18710143,0.014544,25752,726,296,115036,925.528149
asset loading{loader="bevy_gltf::loader::GltfLoader" asset="models/kaykit/hexagon/neutral/building_scaffolding.gltf"},C:\Users\Antoi\.cargo\registry\src\index.crates.io-1949cf8c6b5b557f\bevy_asset-0.18.1\src\server\loaders.rs,332,296197,0.000230,7,42313,85,203590,74707.108511
plugin cleanup{plugin="bevy_render::extract_resource::ExtractResourcePlugin<bevy_pbr::material::DefaultOpaqueRendererMethod>"},C:\Users\Antoi\.cargo\registry\src\index.crates.io-1949cf8c6b5b557f\bevy_app-0.18.1\src\app.rs,292,55,0.000000,1,55,55,55,0.000000
system{name="bevy_render::render_asset::extract_render_asset<bevy_render::storage::GpuShaderStorageBuffer>"},C:\Users\Antoi\.cargo\registry\src\index.crates.io-1949cf8c6b5b557f\bevy_ecs-0.18.1\src\system\function_system.rs,52,25022616,0.019450,27078,924,507,407606,2492.002651
system{name="bevy_asset::assets::Assets<forgia_genome_core::Genome<forgia_damage::HitFeedbackTuning>>::asset_events"},C:\Users\Antoi\.cargo\registry\src\index.crates.io-1949cf8c6b5b557f\bevy_ecs-0.18.1\src\system\function_system.rs,52,445,0.000000,1,445,445,445,0.000000
asset loading{loader="bevy_shader::shader::ShaderLoader" asset="embedded://bevy_pbr\\render\\occlusion_culling.wgsl"},C:\Users\Antoi\.cargo\registry\src\index.crates.io-1949cf8c6b5b557f\bevy_asset-0.18.1\src\server\loaders.rs,332,52417,0.000041,2,26208,53,52364,36989.462837
system{name="bevy_render::gpu_readback::sync_readbacks"},C:\Users\Antoi\.cargo\registry\src\index.crates.io-1949cf8c6b5b557f\bevy_ecs-0.18.1\src\system\function_system.rs,52,12379970,0.009623,27078,457,194,89980,600.463467
system{name="bevy_render::render_phase::sort_phase_system<bevy_core_pipeline::core_3d::Transparent3d>"},C:\Users\Antoi\.cargo\registry\src\index.crates.io-1949cf8c6b5b557f\bevy_ecs-0.18.1\src\system\function_system.rs,52,54859729,0.042643,27078,2025,94,107951,1272.861894
plugin finish{plugin="forgia_terrain::ForgiaTerrainPlugin"},C:\Users\Antoi\.cargo\registry\src\index.crates.io-1949cf8c6b5b557f\bevy_app-0.18.1\src\app.rs,272,58,0.000000,1,58,58,58,0.000000
system{name="forgia_observability::qa_bridge::sys_crash_bridge_startup"},C:\Users\Antoi\.cargo\registry\src\index.crates.io-1949cf8c6b5b557f\bevy_ecs-0.18.1\src\system\function_system.rs,52,28004,0.000022,1,28004,28004,28004,0.000000
system{name="bevy_render::batching::gpu_preprocessing::batch_and_prepare_binned_render_phase<bevy_core_pipeline::core_3d::AlphaMask3d, bevy_pbr::render::mesh::MeshPipeline>"},C:\Users\Antoi\.cargo\registry\src\index.crates.io-1949cf8c6b5b557f\bevy_ecs-0.18.1\src\system\function_system.rs,52,50016559,0.038878,27078,1847,388,149530,1215.588818
system{name="bevy_asset::assets::Assets<bevy_text::font::Font>::asset_events_condition"},C:\Users\Antoi\.cargo\registry\src\index.crates.io-1949cf8c6b5b557f\bevy_ecs-0.18.1\src\system\function_system.rs,52,2526654,0.001964,27079,93,53,3173,53.113527
plugin build{plugin="bevy_render::diagnostic::RenderDiagnosticsPlugin"},C:\Users\Antoi\.cargo\registry\src\index.crates.io-1949cf8c6b5b557f\bevy_app-0.18.1\src\app.rs,529,10650,0.000008,1,10650,10650,10650,0.000000
system{name="forgia_mode_roguelite::forge_shop::draw_forge_shop_window"},C:\Users\Antoi\.cargo\registry\src\index.crates.io-1949cf8c6b5b557f\bevy_ecs-0.18.1\src\system\function_system.rs,52,8124305,0.006315,25752,315,107,21615,251.473528
tessellate,C:\Users\Antoi\.cargo\registry\src\index.crates.io-1949cf8c6b5b557f\epaint-0.33.3\src\tessellator.rs,2221,3271795253,2.543192,27079,120824,7536,1496417,38613.236326
asset loading{loader="bevy_image::image_loader::ImageLoader" asset="ui/menu_video/frame_0118.webp"},C:\Users\Antoi\.cargo\registry\src\index.crates.io-1949cf8c6b5b557f\bevy_asset-0.18.1\src\server\loaders.rs,332,20907125,0.016251,6,3484520,159,20823593,8494383.621571
system{name="bevy_hanabi::render::extract_effect_events"},C:\Users\Antoi\.cargo\registry\src\index.crates.io-1949cf8c6b5b557f\bevy_ecs-0.18.1\src\system\function_system.rs,52,15255163,0.011858,27079,563,160,73791,627.132853
system{name="forgia_rpg_data::xp_curves::apply_xp_gain"},C:\Users\Antoi\.cargo\registry\src\index.crates.io-1949cf8c6b5b557f\bevy_ecs-0.18.1\src\system\function_system.rs,52,8793856,0.006836,27079,324,108,17222,198.897640
plugin build{plugin="bevy_pbr::PbrPlugin"},C:\Users\Antoi\.cargo\registry\src\index.crates.io-1949cf8c6b5b557f\bevy_app-0.18.1\src\app.rs,529,2226765,0.001731,1,2226765,2226765,2226765,0.000000
system{name="bevy_animation::graph::thread_animation_graphs"},C:\Users\Antoi\.cargo\registry\src\index.crates.io-1949cf8c6b5b557f\bevy_ecs-0.18.1\src\system\function_system.rs,52,15013692,0.011670,27079,554,203,65070,588.653847
plugin cleanup{plugin="bevy_anti_alias::smaa::SmaaPlugin"},C:\Users\Antoi\.cargo\registry\src\index.crates.io-1949cf8c6b5b557f\bevy_app-0.18.1\src\app.rs,292,53,0.000000,1,53,53,53,0.000000
plugin finish{plugin="forgia_mode_roguelite::trempe::RogueliteTrempePlugin"},C:\Users\Antoi\.cargo\registry\src\index.crates.io-1949cf8c6b5b557f\bevy_app-0.18.1\src\app.rs,272,59,0.000000,1,59,59,59,0.000000
system{name="forgia_mode_roguelite::boons_apply::sys_apply_chain_targets"},C:\Users\Antoi\.cargo\registry\src\index.crates.io-1949cf8c6b5b557f\bevy_ecs-0.18.1\src\system\function_system.rs,52,8286792,0.006441,25752,321,99,72917,532.665787
system{name="bevy_render::batching::no_gpu_preprocessing::batch_and_prepare_binned_render_phase<bevy_core_pipeline::core_2d::Opaque2d, bevy_sprite_render::mesh2d::mesh::Mesh2dPipeline>"},C:\Users\Antoi\.cargo\registry\src\index.crates.io-1949cf8c6b5b557f\bevy_ecs-0.18.1\src\system\function_system.rs,52,7976762,0.006200,27078,294,92,34966,419.346093
system{name="forgia_asset_registry::populate_registry"},C:\Users\Antoi\.cargo\registry\src\index.crates.io-1949cf8c6b5b557f\bevy_ecs-0.18.1\src\system\function_system.rs,52,12589103,0.009786,1,12589103,12589103,12589103,0.000000
plugin build{plugin="forgia_ui_lib::pause_menu::ForgiaUiPauseMenuPlugin"},C:\Users\Antoi\.cargo\registry\src\index.crates.io-1949cf8c6b5b557f\bevy_app-0.18.1\src\app.rs,529,25693,0.000020,1,25693,25693,25693,0.000000
system{name="forgia_rpg_data::dialogue::start_sessions"},C:\Users\Antoi\.cargo\registry\src\index.crates.io-1949cf8c6b5b557f\bevy_ecs-0.18.1\src\system\function_system.rs,52,8806363,0.006845,27079,325,87,27850,239.937658
system{name="bevy_asset::assets::Assets<bevy_mesh::skinning::SkinnedMeshInverseBindposes>::asset_events"},C:\Users\Antoi\.cargo\registry\src\index.crates.io-1949cf8c6b5b557f\bevy_ecs-0.18.1\src\system\function_system.rs,52,4709,0.000004,3,1569,644,2782,1097.449315
system{name="bevy_gizmos::update_gizmo_meshes<bevy_gizmos::aabb::AabbGizmoConfigGroup>"},C:\Users\Antoi\.cargo\registry\src\index.crates.io-1949cf8c6b5b557f\bevy_ecs-0.18.1\src\system\function_system.rs,52,10522969,0.008180,27079,388,86,23263,247.910622
plugin finish{plugin="bevy_render::render_phase::SortedRenderPhasePlugin<bevy_core_pipeline::core_3d::Transmissive3d, bevy_pbr::render::mesh::MeshPipeline>"},C:\Users\Antoi\.cargo\registry\src\index.crates.io-1949cf8c6b5b557f\bevy_app-0.18.1\src\app.rs,272,53,0.000000,1,53,53,53,0.000000
system{name="bevy_asset::assets::Assets<bevy_hanabi::asset::EffectAsset>::track_assets"},C:\Users\Antoi\.cargo\registry\src\index.crates.io-1949cf8c6b5b557f\bevy_ecs-0.18.1\src\system\function_system.rs,52,26515202,0.020610,27079,979,193,1343195,9593.359564
system{name="<bevy_input::keyboard::KeyCode as leafwing_input_manager::user_input::updating::UpdatableInput>::compute"},C:\Users\Antoi\.cargo\registry\src\index.crates.io-1949cf8c6b5b557f\bevy_ecs-0.18.1\src\system\function_system.rs,52,20309688,0.015787,27079,750,92,94555,1112.486288
system{name="forgia_mode_roguelite::run::sys_tag_player_as_collector"},C:\Users\Antoi\.cargo\registry\src\index.crates.io-1949cf8c6b5b557f\bevy_ecs-0.18.1\src\system\function_system.rs,52,10746626,0.008353,25752,417,135,529920,3420.766757
system{name="bevy_picking::backend::ray::RayMap::repopulate"},C:\Users\Antoi\.cargo\registry\src\index.crates.io-1949cf8c6b5b557f\bevy_ecs-0.18.1\src\system\function_system.rs,52,48064513,0.037361,27079,1774,377,87586,808.489031
plugin build{plugin="forgia_effects::mesh_fader::MeshFaderPlugin"},C:\Users\Antoi\.cargo\registry\src\index.crates.io-1949cf8c6b5b557f\bevy_app-0.18.1\src\app.rs,529,13202,0.000010,1,13202,13202,13202,0.000000
system_commands{name="forgia_mode_roguelite::status_vfx::sys_attach_burn_vfx"},C:\Users\Antoi\.cargo\registry\src\index.crates.io-1949cf8c6b5b557f\bevy_ecs-0.18.1\src\system\function_system.rs,54,2784589,0.002164,25752,108,50,80037,863.270831
system{name="bevy_core_pipeline::fullscreen_material::init_pipeline<forgia_postprocess::toon::ToonSettings>"},C:\Users\Antoi\.cargo\registry\src\index.crates.io-1949cf8c6b5b557f\bevy_ecs-0.18.1\src\system\function_system.rs,52,133424,0.000104,1,133424,133424,133424,0.000000
system{name="bevy_pbr::material::early_sweep_material_instances<bevy_pbr::pbr_material::StandardMaterial>"},C:\Users\Antoi\.cargo\registry\src\index.crates.io-1949cf8c6b5b557f\bevy_ecs-0.18.1\src\system\function_system.rs,52,8314263,0.006463,27079,307,81,11963,190.623164
system_commands{name="bevy_state::state::freely_mutable_state::apply_state_transition<forgia_core::states::AppMode>"},C:\Users\Antoi\.cargo\registry\src\index.crates.io-1949cf8c6b5b557f\bevy_ecs-0.18.1\src\system\function_system.rs,54,6666471,0.005182,27080,246,51,60683,439.918285
system{name="bevy_asset::assets::Assets<bevy_gltf::assets::Gltf>::track_assets"},C:\Users\Antoi\.cargo\registry\src\index.crates.io-1949cf8c6b5b557f\bevy_ecs-0.18.1\src\system\function_system.rs,52,25465139,0.019794,27079,940,157,270650,5329.575158
system{name="forgia_mode_roguelite::render_quality::sys_init_render_genome"},C:\Users\Antoi\.cargo\registry\src\index.crates.io-1949cf8c6b5b557f\bevy_ecs-0.18.1\src\system\function_system.rs,52,1496747,0.001163,1,1496747,1496747,1496747,0.000000
asset loading{loader="bevy_image::image_loader::ImageLoader" asset="embedded://bevy_anti_alias\\smaa\\SMAAAreaLUT.ktx2"},C:\Users\Antoi\.cargo\registry\src\index.crates.io-1949cf8c6b5b557f\bevy_asset-0.18.1\src\server\loaders.rs,332,416216,0.000324,2,208108,218,415998,294000.857482
asset loading{loader="forgia_genome_core::GenomeLoader<forgia_skeleton_template::SkeletonTemplate>" asset="genomes/skeleton_biped_lizard.toml"},C:\Users\Antoi\.cargo\registry\src\index.crates.io-1949cf8c6b5b557f\bevy_asset-0.18.1\src\server\loaders.rs,332,2188588,0.001701,4,547147,180,2168288,1080786.315383
system{name="bevy_asset::assets::Assets<bevy_scene::scene::Scene>::track_assets"},C:\Users\Antoi\.cargo\registry\src\index.crates.io-1949cf8c6b5b557f\bevy_ecs-0.18.1\src\system\function_system.rs,52,12102657,0.009407,27079,446,121,237268,2307.421861
system{name="bevy_ui_render::extract_uinode_borders"},C:\Users\Antoi\.cargo\registry\src\index.crates.io-1949cf8c6b5b557f\bevy_ecs-0.18.1\src\system\function_system.rs,52,16750027,0.013020,27079,618,166,78757,582.430975
asset loading{loader="bevy_shader::shader::ShaderLoader" asset="embedded://bevy_pbr\\render\\mesh_functions.wgsl"},C:\Users\Antoi\.cargo\registry\src\index.crates.io-1949cf8c6b5b557f\bevy_asset-0.18.1\src\server\loaders.rs,332,335552,0.000261,2,167776,85,335467,237150.886488
system_commands{name="bevy_pbr::material::init_material_pipeline"},C:\Users\Antoi\.cargo\registry\src\index.crates.io-1949cf8c6b5b557f\bevy_ecs-0.18.1\src\system\function_system.rs,54,3734,0.000003,1,3734,3734,3734,0.000000
system{name="forgia_observability::qa_bridge::sys_qa_health_bridge"},C:\Users\Antoi\.cargo\registry\src\index.crates.io-1949cf8c6b5b557f\bevy_ecs-0.18.1\src\system\function_system.rs,52,30305589,0.023557,27079,1119,151,110703,889.161725
plugin finish{plugin="bevy_render::extract_component::ExtractComponentPlugin<bevy_post_process::effect_stack::ChromaticAberration>"},C:\Users\Antoi\.cargo\registry\src\index.crates.io-1949cf8c6b5b557f\bevy_app-0.18.1\src\app.rs,272,65,0.000000,1,65,65,65,0.000000
asset loading{loader="bevy_gltf::loader::GltfLoader" asset="models/environment/inferno/RockMid_001.glb"},C:\Users\Antoi\.cargo\registry\src\index.crates.io-1949cf8c6b5b557f\bevy_asset-0.18.1\src\server\loaders.rs,332,6050966,0.004703,6,1008494,146,6028253,2459172.610338
system_commands{name="bevy_render::extract_component::extract_components<bevy_render::view::Hdr>"},C:\Users\Antoi\.cargo\registry\src\index.crates.io-1949cf8c6b5b557f\bevy_ecs-0.18.1\src\system\function_system.rs,54,15042777,0.011693,27078,555,168,77045,527.166645
plugin cleanup{plugin="forgia_qa_core::plugin::ForgiaQaCorePlugin"},C:\Users\Antoi\.cargo\registry\src\index.crates.io-1949cf8c6b5b557f\bevy_app-0.18.1\src\app.rs,292,55,0.000000,1,55,55,55,0.000000
system{name="bevy_pbr::prepass::init_prepass_view_bind_group"},C:\Users\Antoi\.cargo\registry\src\index.crates.io-1949cf8c6b5b557f\bevy_ecs-0.18.1\src\system\function_system.rs,52,74976,0.000058,1,74976,74976,74976,0.000000
system{name="forgia_viewmodel::arms::on_arm_scene_ready"},C:\Users\Antoi\.cargo\registry\src\index.crates.io-1949cf8c6b5b557f\bevy_ecs-0.18.1\src\system\function_system.rs,52,13829,0.000011,2,6914,6864,6965,71.421285
system{name="bevy_asset::assets::Assets<bevy_pbr::pbr_material::StandardMaterial>::track_assets"},C:\Users\Antoi\.cargo\registry\src\index.crates.io-1949cf8c6b5b557f\bevy_ecs-0.18.1\src\system\function_system.rs,52,19616998,0.015248,27079,724,117,431208,5643.501406
remove_collider,C:\Users\Antoi\.cargo\registry\src\index.crates.io-1949cf8c6b5b557f\rapier3d-0.31.0\src\geometry\narrow_phase.rs,336,79118,0.000061,245,322,64,4670,506.174361
system_commands{name="bevy_core_pipeline::oit::resolve::queue_oit_resolve_pipeline"},C:\Users\Antoi\.cargo\registry\src\index.crates.io-1949cf8c6b5b557f\bevy_ecs-0.18.1\src\system\function_system.rs,54,6344930,0.004932,27078,234,61,56548,391.946129
system_commands{name="forgia_mode_roguelite::render_quality::sys_init_render_genome"},C:\Users\Antoi\.cargo\registry\src\index.crates.io-1949cf8c6b5b557f\bevy_ecs-0.18.1\src\system\function_system.rs,54,4007,0.000003,1,4007,4007,4007,0.000000
plugin finish{plugin="forgia_juice_lib::knockback::ForgiaJuiceKnockbackPlugin"},C:\Users\Antoi\.cargo\registry\src\index.crates.io-1949cf8c6b5b557f\bevy_app-0.18.1\src\app.rs,272,54,0.000000,1,54,54,54,0.000000
system{name="bevy_render::render_phase::sweep_old_entities<bevy_core_pipeline::deferred::AlphaMask3dDeferred>"},C:\Users\Antoi\.cargo\registry\src\index.crates.io-1949cf8c6b5b557f\bevy_ecs-0.18.1\src\system\function_system.rs,52,5403808,0.004200,27078,199,58,33428,359.330874
system{name="forgia_mode_roguelite::decor::sys_drain_decor_queue"},C:\Users\Antoi\.cargo\registry\src\index.crates.io-1949cf8c6b5b557f\bevy_ecs-0.18.1\src\system\function_system.rs,52,8487633,0.006598,25752,329,93,23288,263.812197
asset loading{loader="bevy_shader::shader::ShaderLoader" asset="embedded://bevy_pbr\\light_probe\\irradiance_volume.wgsl"},C:\Users\Antoi\.cargo\registry\src\index.crates.io-1949cf8c6b5b557f\bevy_asset-0.18.1\src\server\loaders.rs,332,108267,0.000084,2,54133,57,108210,76475.719709
system_commands{name="forgia_mode_roguelite::toon_config::sys_force_apply_toon_settings"},C:\Users\Antoi\.cargo\registry\src\index.crates.io-1949cf8c6b5b557f\bevy_ecs-0.18.1\src\system\function_system.rs,54,196,0.000000,1,196,196,196,0.000000
plugin finish{plugin="bevy_window::WindowPlugin"},C:\Users\Antoi\.cargo\registry\src\index.crates.io-1949cf8c6b5b557f\bevy_app-0.18.1\src\app.rs,272,55,0.000000,1,55,55,55,0.000000
plugin cleanup{plugin="forgia_ui_lib::pause_menu::ForgiaUiPauseMenuPlugin"},C:\Users\Antoi\.cargo\registry\src\index.crates.io-1949cf8c6b5b557f\bevy_app-0.18.1\src\app.rs,292,56,0.000000,1,56,56,56,0.000000
system{name="bevy_pbr::atmosphere::environment::init_atmosphere_probe_layout"},C:\Users\Antoi\.cargo\registry\src\index.crates.io-1949cf8c6b5b557f\bevy_ecs-0.18.1\src\system\function_system.rs,52,9700,0.000008,1,9700,9700,9700,0.000000
system{name="bevy_gizmos_render::retained::extract_linegizmos"},C:\Users\Antoi\.cargo\registry\src\index.crates.io-1949cf8c6b5b557f\bevy_ecs-0.18.1\src\system\function_system.rs,52,17432443,0.013550,27079,643,260,29065,354.510947
asset loading{loader="forgia_genome_core::GenomeLoader<forgia_stage::authored::ArenaLayoutsGenome>" asset="genomes/arena_layouts.toml"},C:\Users\Antoi\.cargo\registry\src\index.crates.io-1949cf8c6b5b557f\bevy_asset-0.18.1\src\server\loaders.rs,332,374400,0.000291,4,93600,593,364565,180662.009139
asset loading{loader="bevy_image::image_loader::ImageLoader" asset="textures-v1/terrain/grass/normal.jpg"},C:\Users\Antoi\.cargo\registry\src\index.crates.io-1949cf8c6b5b557f\bevy_asset-0.18.1\src\server\loaders.rs,332,19462163,0.015128,4,4865540,1702,19424302,9705847.724620
system_commands{name="bevy_ui::widget::viewport::viewport_picking"},C:\Users\Antoi\.cargo\registry\src\index.crates.io-1949cf8c6b5b557f\bevy_ecs-0.18.1\src\system\function_system.rs,54,4458157,0.003465,27079,164,56,81309,550.617236
asset loading{loader="bevy_shader::shader::ShaderLoader" asset="embedded://bevy_pbr\\prepass\\prepass.wgsl"},C:\Users\Antoi\.cargo\registry\src\index.crates.io-1949cf8c6b5b557f\bevy_asset-0.18.1\src\server\loaders.rs,332,277714,0.000216,2,138857,59,277655,196290.014030
plugin build{plugin="bevy_render::extract_component::ExtractComponentPlugin<bevy_pbr::fog::DistanceFog>"},C:\Users\Antoi\.cargo\registry\src\index.crates.io-1949cf8c6b5b557f\bevy_app-0.18.1\src\app.rs,529,14436,0.000011,1,14436,14436,14436,0.000000
system{name="bevy_animation::transition::advance_transitions"},C:\Users\Antoi\.cargo\registry\src\index.crates.io-1949cf8c6b5b557f\bevy_ecs-0.18.1\src\system\function_system.rs,52,16953667,0.013178,27079,626,88,33887,422.149492
system{name="bevy_asset::assets::Assets<forgia_genome_core::Genome<forgia_player::skybox_genome::SkyPaletteGenome>>::asset_events_condition"},C:\Users\Antoi\.cargo\registry\src\index.crates.io-1949cf8c6b5b557f\bevy_ecs-0.18.1\src\system\function_system.rs,52,3538437,0.002750,27079,130,61,3962,67.903539
system_commands{name="forgia_mode_roguelite::loot_room::sys_collide_demo_incremental"},C:\Users\Antoi\.cargo\registry\src\index.crates.io-1949cf8c6b5b557f\bevy_ecs-0.18.1\src\system\function_system.rs,54,2227472,0.001731,25752,86,51,16548,142.968704
plugin cleanup{plugin="bevy_sprite_render::mesh2d::material::Material2dPlugin<bevy_sprite_render::mesh2d::color_material::ColorMaterial>"},C:\Users\Antoi\.cargo\registry\src\index.crates.io-1949cf8c6b5b557f\bevy_app-0.18.1\src\app.rs,292,111,0.000000,1,111,111,111,0.000000
node{name="bevy_render::render_graph::node::ViewNodeRunner<bevy_core_pipeline::prepass::node::LatePrepassNode>"},C:\Users\Antoi\.cargo\registry\src\index.crates.io-1949cf8c6b5b557f\bevy_render-0.18.1\src\renderer\graph_runner.rs,240,9044403,0.007030,54156,167,55,16296,111.070225
plugin cleanup{plugin="bevy_render::render_asset::RenderAssetPlugin<bevy_render::mesh::RenderMesh, bevy_render::texture::gpu_image::GpuImage>"},C:\Users\Antoi\.cargo\registry\src\index.crates.io-1949cf8c6b5b557f\bevy_app-0.18.1\src\app.rs,292,107,0.000000,1,107,107,107,0.000000
system{name="bevy_asset::assets::Assets<bevy_mesh::skinning::SkinnedMeshInverseBindposes>::track_assets"},C:\Users\Antoi\.cargo\registry\src\index.crates.io-1949cf8c6b5b557f\bevy_ecs-0.18.1\src\system\function_system.rs,52,22043667,0.017135,27079,814,87,1555471,14442.955401
system{name="bevy_anti_alias::contrast_adaptive_sharpening::init_cas_pipeline"},C:\Users\Antoi\.cargo\registry\src\index.crates.io-1949cf8c6b5b557f\bevy_ecs-0.18.1\src\system\function_system.rs,52,106181,0.000083,1,106181,106181,106181,0.000000
system{name="bevy_asset::assets::Assets<forgia_genome_core::Genome<forgia_enemy_nameplate::tuning::EnemyNameplateTuning>>::track_assets"},C:\Users\Antoi\.cargo\registry\src\index.crates.io-1949cf8c6b5b557f\bevy_ecs-0.18.1\src\system\function_system.rs,52,30576594,0.023767,27079,1129,206,1775350,12939.981363
asset loading{loader="bevy_shader::shader::ShaderLoader" asset="embedded://bevy_render\\color_operations.wgsl"},C:\Users\Antoi\.cargo\registry\src\index.crates.io-1949cf8c6b5b557f\bevy_asset-0.18.1\src\server\loaders.rs,332,96153,0.000075,2,48076,99,96054,67850.431192
system{name="forgia_mode_roguelite::hud::draw_portal_overlay"},C:\Users\Antoi\.cargo\registry\src\index.crates.io-1949cf8c6b5b557f\bevy_ecs-0.18.1\src\system\function_system.rs,52,22586832,0.017557,27079,834,142,199303,3831.124288
system{name="forgia_mode_roguelite::audio::sys_music_update"},C:\Users\Antoi\.cargo\registry\src\index.crates.io-1949cf8c6b5b557f\bevy_ecs-0.18.1\src\system\function_system.rs,52,7910784,0.006149,25752,307,103,149021,1035.806339
system{name="bevy_gizmos_render::pipeline_3d::queue_line_gizmos_3d"},C:\Users\Antoi\.cargo\registry\src\index.crates.io-1949cf8c6b5b557f\bevy_ecs-0.18.1\src\system\function_system.rs,52,36716492,0.028540,27078,1355,473,93677,1166.094728
plugin build{plugin="bevy_image::image::ImagePlugin"},C:\Users\Antoi\.cargo\registry\src\index.crates.io-1949cf8c6b5b557f\bevy_app-0.18.1\src\app.rs,529,50297,0.000039,1,50297,50297,50297,0.000000
plugin cleanup{plugin="forgia_ui_lib::hud::energy::EnergyOverlayPlugin"},C:\Users\Antoi\.cargo\registry\src\index.crates.io-1949cf8c6b5b557f\bevy_app-0.18.1\src\app.rs,292,53,0.000000,1,53,53,53,0.000000
system{name="bevy_picking::PickingSettings::hover_should_run"},C:\Users\Antoi\.cargo\registry\src\index.crates.io-1949cf8c6b5b557f\bevy_ecs-0.18.1\src\system\function_system.rs,52,2102066,0.001634,27079,77,55,789,22.098717
plugin build{plugin="forgia_mode_roguelite::atmosphere::RogueliteAtmospherePlugin"},C:\Users\Antoi\.cargo\registry\src\index.crates.io-1949cf8c6b5b557f\bevy_app-0.18.1\src\app.rs,529,15240,0.000012,1,15240,15240,15240,0.000000
system_commands{name="bevy_ui_render::extract_ui_camera_view"},C:\Users\Antoi\.cargo\registry\src\index.crates.io-1949cf8c6b5b557f\bevy_ecs-0.18.1\src\system\function_system.rs,54,76886938,0.059765,27078,2839,1237,612453,3915.506861
plugin cleanup{plugin="forgia_rpg_data::boons::ForgiaBoonsPlugin"},C:\Users\Antoi\.cargo\registry\src\index.crates.io-1949cf8c6b5b557f\bevy_app-0.18.1\src\app.rs,292,55,0.000000,1,55,55,55,0.000000
system{name="bevy_render::batching::gpu_preprocessing::batch_and_prepare_binned_render_phase<bevy_core_pipeline::deferred::AlphaMask3dDeferred, bevy_pbr::render::mesh::MeshPipeline>"},C:\Users\Antoi\.cargo\registry\src\index.crates.io-1949cf8c6b5b557f\bevy_ecs-0.18.1\src\system\function_system.rs,52,16636756,0.012932,27078,614,271,34601,437.198836
system{name="bevy_input::mouse::accumulate_mouse_scroll_system"},C:\Users\Antoi\.cargo\registry\src\index.crates.io-1949cf8c6b5b557f\bevy_ecs-0.18.1\src\system\function_system.rs,52,4911367,0.003818,27079,181,74,100708,617.533668
system{name="forgia_ui_lib::pause_menu::write_pause_menu_sensor"},C:\Users\Antoi\.cargo\registry\src\index.crates.io-1949cf8c6b5b557f\bevy_ecs-0.18.1\src\system\function_system.rs,52,16271384,0.012648,27079,600,180,67252,826.103691
system_commands{name="bevy_post_process::dof::prepare_depth_of_field_pipelines"},C:\Users\Antoi\.cargo\registry\src\index.crates.io-1949cf8c6b5b557f\bevy_ecs-0.18.1\src\system\function_system.rs,54,2393416,0.001860,27078,88,50,3600,45.331269
system{name="forgia_fps::pepin::sys_update_confidence"},C:\Users\Antoi\.cargo\registry\src\index.crates.io-1949cf8c6b5b557f\bevy_ecs-0.18.1\src\system\function_system.rs,52,9377870,0.007289,27079,346,82,147647,947.321966
plugin build{plugin="forgia_mode_roguelite::enemy_anim::ForgiaRogueliteEnemyAnimPlugin"},C:\Users\Antoi\.cargo\registry\src\index.crates.io-1949cf8c6b5b557f\bevy_app-0.18.1\src\app.rs,529,46448,0.000036,1,46448,46448,46448,0.000000
asset loading{loader="bevy_kira_audio::source::ogg_loader::OggLoader" asset="audio/roguelite/sfx/hurt.ogg"},C:\Users\Antoi\.cargo\registry\src\index.crates.io-1949cf8c6b5b557f\bevy_asset-0.18.1\src\server\loaders.rs,332,1357171,0.001055,4,339292,102,1330376,660806.054058
plugin finish{plugin="forgia_rpg_data::loot_tables::ForgiaLootTablesPlugin"},C:\Users\Antoi\.cargo\registry\src\index.crates.io-1949cf8c6b5b557f\bevy_app-0.18.1\src\app.rs,272,63,0.000000,1,63,63,63,0.000000
plugin build{plugin="bevy_render::sync_component::SyncComponentPlugin<bevy_light::ShadowFilteringMethod>"},C:\Users\Antoi\.cargo\registry\src\index.crates.io-1949cf8c6b5b557f\bevy_app-0.18.1\src\app.rs,529,1491,0.000001,1,1491,1491,1491,0.000000
system{name="bevy_anti_alias::fxaa::prepare_fxaa_pipelines"},C:\Users\Antoi\.cargo\registry\src\index.crates.io-1949cf8c6b5b557f\bevy_ecs-0.18.1\src\system\function_system.rs,52,11393076,0.008856,27078,420,94,69317,600.929603
system{name="bevy_core_pipeline::core_3d::extract_camera_prepass_phase"},C:\Users\Antoi\.cargo\registry\src\index.crates.io-1949cf8c6b5b557f\bevy_ecs-0.18.1\src\system\function_system.rs,52,41072808,0.031926,27079,1516,606,83019,1152.548208
system{name="forgia_observability::lag_events_sensor::sys_write_lag_events_sensor"},C:\Users\Antoi\.cargo\registry\src\index.crates.io-1949cf8c6b5b557f\bevy_ecs-0.18.1\src\system\function_system.rs,52,9307831,0.007235,27079,343,87,45423,626.190039
system{name="bevy_gizmos::end_gizmo_context<bevy_gizmos::config::DefaultGizmoConfigGroup, bevy_time::fixed::Fixed>"},C:\Users\Antoi\.cargo\registry\src\index.crates.io-1949cf8c6b5b557f\bevy_ecs-0.18.1\src\system\function_system.rs,52,2653526,0.002063,27079,97,60,130059,937.475064
system{name="forgia_player::sync_player_movement_tuning"},C:\Users\Antoi\.cargo\registry\src\index.crates.io-1949cf8c6b5b557f\bevy_ecs-0.18.1\src\system\function_system.rs,52,13174720,0.010241,24878,529,157,34948,310.360314
system{name="forgia_observability::render_sensor::sys_write_render_sensor"},C:\Users\Antoi\.cargo\registry\src\index.crates.io-1949cf8c6b5b557f\bevy_ecs-0.18.1\src\system\function_system.rs,52,17266613,0.013421,27079,637,181,38663,941.579441
system_commands{name="forgia_ai_arena_bot::tick_respawns"},C:\Users\Antoi\.cargo\registry\src\index.crates.io-1949cf8c6b5b557f\bevy_ecs-0.18.1\src\system\function_system.rs,54,2331483,0.001812,27079,86,51,80054,596.420468
plugin cleanup{plugin="forgia_mode_roguelite::pipeline_warmup::PipelineWarmupPlugin"},C:\Users\Antoi\.cargo\registry\src\index.crates.io-1949cf8c6b5b557f\bevy_app-0.18.1\src\app.rs,292,55,0.000000,1,55,55,55,0.000000
plugin cleanup{plugin="bevy_pbr::atmosphere::AtmospherePlugin"},C:\Users\Antoi\.cargo\registry\src\index.crates.io-1949cf8c6b5b557f\bevy_app-0.18.1\src\app.rs,292,121,0.000000,1,121,121,121,0.000000
plugin cleanup{plugin="bevy_render::experimental::occlusion_culling::OcclusionCullingPlugin"},C:\Users\Antoi\.cargo\registry\src\index.crates.io-1949cf8c6b5b557f\bevy_app-0.18.1\src\app.rs,292,54,0.000000,1,54,54,54,0.000000
system{name="bevy_pbr::cluster::prepare_clusters"},C:\Users\Antoi\.cargo\registry\src\index.crates.io-1949cf8c6b5b557f\bevy_ecs-0.18.1\src\system\function_system.rs,52,3364849993,2.615525,27078,124265,61208,2586296,41229.708471
schedule{name=Main},C:\Users\Antoi\.cargo\registry\src\index.crates.io-1949cf8c6b5b557f\bevy_ecs-0.18.1\src\schedule\schedule.rs,532,91058704960,70.780654,27079,3362705,1557475,88122846,1588619.979765
system{name="bevy_asset::assets::Assets<bevy_text::font::Font>::track_assets"},C:\Users\Antoi\.cargo\registry\src\index.crates.io-1949cf8c6b5b557f\bevy_ecs-0.18.1\src\system\function_system.rs,52,24496858,0.019042,27079,904,164,222942,5627.132358
plugin cleanup{plugin="bevy_pbr::volumetric_fog::VolumetricFogPlugin"},C:\Users\Antoi\.cargo\registry\src\index.crates.io-1949cf8c6b5b557f\bevy_app-0.18.1\src\app.rs,292,55,0.000000,1,55,55,55,0.000000
system{name="forgia_effects::weapon_vfx::tracer::tick_bullets_in_flight"},C:\Users\Antoi\.cargo\registry\src\index.crates.io-1949cf8c6b5b557f\bevy_ecs-0.18.1\src\system\function_system.rs,52,12237094,0.009512,27079,451,104,91149,717.271428
plugin cleanup{plugin="bevy_render::render_asset::RenderAssetPlugin<bevy_gizmos_render::GpuLineGizmo>"},C:\Users\Antoi\.cargo\registry\src\index.crates.io-1949cf8c6b5b557f\bevy_app-0.18.1\src\app.rs,292,53,0.000000,1,53,53,53,0.000000
asset loading{loader="bevy_gltf::loader::GltfLoader" asset="models/environment/inferno/RockBig_001.glb"},C:\Users\Antoi\.cargo\registry\src\index.crates.io-1949cf8c6b5b557f\bevy_asset-0.18.1\src\server\loaders.rs,332,6214647,0.004831,6,1035774,87,6151263,2506117.591177
plugin build{plugin="bevy_render::sync_component::SyncComponentPlugin<bevy_pbr::deferred::PbrDeferredLightingDepthId>"},C:\Users\Antoi\.cargo\registry\src\index.crates.io-1949cf8c6b5b557f\bevy_app-0.18.1\src\app.rs,529,1459,0.000001,1,1459,1459,1459,0.000000
system{name="bevy_asset::assets::Assets<bevy_gltf::assets::GltfMesh>::asset_events"},C:\Users\Antoi\.cargo\registry\src\index.crates.io-1949cf8c6b5b557f\bevy_ecs-0.18.1\src\system\function_system.rs,52,23425,0.000018,20,1171,384,3708,964.028581
system{name="forgia_rpg::rex_third_person_active"},C:\Users\Antoi\.cargo\registry\src\index.crates.io-1949cf8c6b5b557f\bevy_ecs-0.18.1\src\system\function_system.rs,52,2423148,0.001884,27079,89,52,50681,397.870052
plugin build{plugin="bevy_render::sync_component::SyncComponentPlugin<bevy_post_process::bloom::settings::Bloom>"},C:\Users\Antoi\.cargo\registry\src\index.crates.io-1949cf8c6b5b557f\bevy_app-0.18.1\src\app.rs,529,17108,0.000013,1,17108,17108,17108,0.000000
system{name="forgia_rpg_data::shop::open_shop_sessions"},C:\Users\Antoi\.cargo\registry\src\index.crates.io-1949cf8c6b5b557f\bevy_ecs-0.18.1\src\system\function_system.rs,52,6524128,0.005071,27079,240,77,79993,506.607864
system_commands{name="bevy_pbr::ssao::prepare_ssao_bind_groups"},C:\Users\Antoi\.cargo\registry\src\index.crates.io-1949cf8c6b5b557f\bevy_ecs-0.18.1\src\system\function_system.rs,54,2461329,0.001913,27078,90,52,11343,86.037295
system{name="bevy_render::view::window::screenshot::clear_screenshots"},C:\Users\Antoi\.cargo\registry\src\index.crates.io-1949cf8c6b5b557f\bevy_ecs-0.18.1\src\system\function_system.rs,52,10186780,0.007918,27079,376,78,91060,643.062523
asset loading{loader="bevy_image::image_loader::ImageLoader" asset="ui/menu_video/frame_0005.webp"},C:\Users\Antoi\.cargo\registry\src\index.crates.io-1949cf8c6b5b557f\bevy_asset-0.18.1\src\server\loaders.rs,332,15297913,0.011891,4,3824478,87,15285865,7640925.370824
system{name="bevy_egui::input::write_file_dnd_messages_system"},C:\Users\Antoi\.cargo\registry\src\index.crates.io-1949cf8c6b5b557f\bevy_ecs-0.18.1\src\system\function_system.rs,52,11359879,0.008830,27079,419,190,28025,298.433697
system{name="bevy_gizmos::global::flush_global_gizmos"},C:\Users\Antoi\.cargo\registry\src\index.crates.io-1949cf8c6b5b557f\bevy_ecs-0.18.1\src\system\function_system.rs,52,15176957,0.011797,27079,560,254,58194,512.813762
plugin finish{plugin="bevy_app::main_schedule::MainSchedulePlugin"},C:\Users\Antoi\.cargo\registry\src\index.crates.io-1949cf8c6b5b557f\bevy_app-0.18.1\src\app.rs,272,98,0.000000,1,98,98,98,0.000000
function_scope{epaint::text::fonts::GalleyCache::layout_each_paragraph_individually},C:\Users\Antoi\.cargo\registry\src\index.crates.io-1949cf8c6b5b557f\epaint-0.33.3\src\text\fonts.rs,963,300537,0.000234,22,13660,4543,22083,5077.943796
system{name="bevy_camera::visibility::visibility_propagate_system"},C:\Users\Antoi\.cargo\registry\src\index.crates.io-1949cf8c6b5b557f\bevy_ecs-0.18.1\src\system\function_system.rs,52,235331375,0.182925,27079,8690,1282,306251,4175.569798
asset loading{loader="bevy_image::image_loader::ImageLoader" asset="textures-v1/terrain/grass/diff.jpg"},C:\Users\Antoi\.cargo\registry\src\index.crates.io-1949cf8c6b5b557f\bevy_asset-0.18.1\src\server\loaders.rs,332,18341556,0.014257,4,4585389,346,18323677,9158860.876881
plugin finish{plugin="bevy_pbr::ssr::ScreenSpaceReflectionsPlugin"},C:\Users\Antoi\.cargo\registry\src\index.crates.io-1949cf8c6b5b557f\bevy_app-0.18.1\src\app.rs,272,55,0.000000,1,55,55,55,0.000000
plugin cleanup{plugin="bevy_render::render_phase::SortedRenderPhasePlugin<bevy_core_pipeline::core_3d::Transparent3d, bevy_pbr::render::mesh::MeshPipeline>"},C:\Users\Antoi\.cargo\registry\src\index.crates.io-1949cf8c6b5b557f\bevy_app-0.18.1\src\app.rs,292,54,0.000000,1,54,54,54,0.000000
plugin build{plugin="bevy_scene::ScenePlugin"},C:\Users\Antoi\.cargo\registry\src\index.crates.io-1949cf8c6b5b557f\bevy_app-0.18.1\src\app.rs,529,172690,0.000134,1,172690,172690,172690,0.000000
system_commands{name="bevy_pbr::render::skin::no_automatic_skin_batching"},C:\Users\Antoi\.cargo\registry\src\index.crates.io-1949cf8c6b5b557f\bevy_ecs-0.18.1\src\system\function_system.rs,54,23052245,0.017919,27079,851,183,137608,1533.832014
system{name="forgia_juice_screen_flash::load_screen_flash_tuning"},C:\Users\Antoi\.cargo\registry\src\index.crates.io-1949cf8c6b5b557f\bevy_ecs-0.18.1\src\system\function_system.rs,52,17770,0.000014,1,17770,17770,17770,0.000000
plugin cleanup{plugin="bevy_transform::plugins::TransformPlugin"},C:\Users\Antoi\.cargo\registry\src\index.crates.io-1949cf8c6b5b557f\bevy_app-0.18.1\src\app.rs,292,121,0.000000,1,121,121,121,0.000000
system{name="bevy_render::extract_component::extract_components<bevy_anti_alias::smaa::Smaa>"},C:\Users\Antoi\.cargo\registry\src\index.crates.io-1949cf8c6b5b557f\bevy_ecs-0.18.1\src\system\function_system.rs,52,14422001,0.011210,27079,532,154,75114,524.736410
plugin build{plugin="forgia_anim_debug::ForgiaAnimDebugPlugin"},C:\Users\Antoi\.cargo\registry\src\index.crates.io-1949cf8c6b5b557f\bevy_app-0.18.1\src\app.rs,529,62895,0.000049,1,62895,62895,62895,0.000000
plugin cleanup{plugin="bevy_sprite::SpritePlugin"},C:\Users\Antoi\.cargo\registry\src\index.crates.io-1949cf8c6b5b557f\bevy_app-0.18.1\src\app.rs,292,52,0.000000,1,52,52,52,0.000000
system{name="bevy_scene::scene_spawner::scene_spawner"},C:\Users\Antoi\.cargo\registry\src\index.crates.io-1949cf8c6b5b557f\bevy_ecs-0.18.1\src\system\function_system.rs,52,60973199,0.047395,27079,2251,384,599483,3938.207378
plugin cleanup{plugin="bevy_render::sync_component::SyncComponentPlugin<bevy_render::view::Msaa>"},C:\Users\Antoi\.cargo\registry\src\index.crates.io-1949cf8c6b5b557f\bevy_app-0.18.1\src\app.rs,292,55,0.000000,1,55,55,55,0.000000
system{name="bevy_render::extract_component::prepare_uniform_components<bevy_anti_alias::contrast_adaptive_sharpening::CasUniform>"},C:\Users\Antoi\.cargo\registry\src\index.crates.io-1949cf8c6b5b557f\bevy_ecs-0.18.1\src\system\function_system.rs,52,19787162,0.015381,27078,730,233,101135,1063.112361
plugin finish{plugin="bevy_pbr::prepass::PrepassPipelinePlugin"},C:\Users\Antoi\.cargo\registry\src\index.crates.io-1949cf8c6b5b557f\bevy_app-0.18.1\src\app.rs,272,55,0.000000,1,55,55,55,0.000000
plugin finish{plugin="forgia_damage::ForgiaDamagePlugin"},C:\Users\Antoi\.cargo\registry\src\index.crates.io-1949cf8c6b5b557f\bevy_app-0.18.1\src\app.rs,272,55,0.000000,1,55,55,55,0.000000
plugin cleanup{plugin="bevy_diagnostic::entity_count_diagnostics_plugin::EntityCountDiagnosticsPlugin"},C:\Users\Antoi\.cargo\registry\src\index.crates.io-1949cf8c6b5b557f\bevy_app-0.18.1\src\app.rs,292,54,0.000000,1,54,54,54,0.000000
system{name="bevy_render::render_asset::prepare_assets<bevy_render::mesh::RenderMesh>"},C:\Users\Antoi\.cargo\registry\src\index.crates.io-1949cf8c6b5b557f\bevy_ecs-0.18.1\src\system\function_system.rs,52,16700381,0.012981,27078,616,165,1701880,10727.883387
system_commands{name="forgia_mode_roguelite::boss_portal::sys_reconcile_boss_gate"},C:\Users\Antoi\.cargo\registry\src\index.crates.io-1949cf8c6b5b557f\bevy_ecs-0.18.1\src\system\function_system.rs,54,2744037,0.002133,25752,106,50,146658,1215.867375
system{name="bevy_core_pipeline::deferred::copy_lighting_id::prepare_deferred_lighting_id_textures"},C:\Users\Antoi\.cargo\registry\src\index.crates.io-1949cf8c6b5b557f\bevy_ecs-0.18.1\src\system\function_system.rs,52,6633684,0.005156,27078,244,67,106829,670.230150
plugin build{plugin="bevy_gilrs::GilrsPlugin"},C:\Users\Antoi\.cargo\registry\src\index.crates.io-1949cf8c6b5b557f\bevy_app-0.18.1\src\app.rs,529,2549381,0.001982,1,2549381,2549381,2549381,0.000000
par_for_each{query="(bevy_ecs::entity::Entity, core::option::Option<&bevy_hanabi::render::ChildrenEffects>, bevy_ecs::change_detection::params::Ref<'_, bevy_hanabi::render::CachedPipelines>, &mut bevy_hanabi::render::CachedReadyState)" filter="bevy_ecs::query::filter::Without<bevy_hanabi::render::ChildEffectOf>"},C:\Users\Antoi\.cargo\registry\src\index.crates.io-1949cf8c6b5b557f\bevy_ecs-0.18.1\src\query\state.rs,246,123411927,0.095929,408288,302,65,102717,413.679488
plugin cleanup{plugin="bevy_render::render_asset::RenderAssetPlugin<bevy_sprite_render::mesh2d::material::PreparedMaterial2d<bevy_sprite_render::mesh2d::color_material::ColorMaterial>>"},C:\Users\Antoi\.cargo\registry\src\index.crates.io-1949cf8c6b5b557f\bevy_app-0.18.1\src\app.rs,292,103,0.000000,1,103,103,103,0.000000
plugin finish{plugin="forgia_ui_lib::dialogue::ForgiaUiDialoguePlugin"},C:\Users\Antoi\.cargo\registry\src\index.crates.io-1949cf8c6b5b557f\bevy_app-0.18.1\src\app.rs,272,55,0.000000,1,55,55,55,0.000000
plugin build{plugin="bevy_render::erased_render_asset::ErasedRenderAssetPlugin<bevy_pbr::mesh_material::MeshMaterial3d<bevy_pbr::pbr_material::StandardMaterial>>"},C:\Users\Antoi\.cargo\registry\src\index.crates.io-1949cf8c6b5b557f\bevy_app-0.18.1\src\app.rs,529,19891,0.000015,1,19891,19891,19891,0.000000
plugin finish{plugin="bevy_render::render_phase::BinnedRenderPhasePlugin<bevy_core_pipeline::deferred::AlphaMask3dDeferred, bevy_pbr::render::mesh::MeshPipeline>"},C:\Users\Antoi\.cargo\registry\src\index.crates.io-1949cf8c6b5b557f\bevy_app-0.18.1\src\app.rs,272,58,0.000000,1,58,58,58,0.000000
system{name="bevy_hanabi::render::on_remove_cached_effect"},C:\Users\Antoi\.cargo\registry\src\index.crates.io-1949cf8c6b5b557f\bevy_ecs-0.18.1\src\system\function_system.rs,52,11658,0.000009,4,2914,182,10563,5102.345931
system{name="forgia_mode_roguelite::toon_config::sys_init_toon_genome"},C:\Users\Antoi\.cargo\registry\src\index.crates.io-1949cf8c6b5b557f\bevy_ecs-0.18.1\src\system\function_system.rs,52,2950079,0.002293,1,2950079,2950079,2950079,0.000000
add_pair,C:\Users\Antoi\.cargo\registry\src\index.crates.io-1949cf8c6b5b557f\rapier3d-0.31.0\src\geometry\narrow_phase.rs,608,201712,0.000157,1243,162,55,3072,238.160158
system{name="forgia_mode_roguelite::hud::draw_boss_enrage_banner"},C:\Users\Antoi\.cargo\registry\src\index.crates.io-1949cf8c6b5b557f\bevy_ecs-0.18.1\src\system\function_system.rs,52,9405979,0.007311,27079,347,99,40741,307.861869
command_buffer_generation_tasks,C:\Users\Antoi\.cargo\registry\src\index.crates.io-1949cf8c6b5b557f\bevy_render-0.18.1\src\renderer\mod.rs,610,4602493212,3.577555,27078,169971,71270,58756099,565504.950687
system_commands{name="(bevy_ecs::system::commands::Commands<'_, '_>, bevy_ecs::system::query::Query<'_, '_, bevy_ecs::entity::Entity, bevy_ecs::query::filter::With<bevy_window::window::PrimaryWindow>>, bevy_ecs::system::query::Query<'_, '_, (bevy_ecs::entity::Entity, &bevy_render::view::window::screenshot::Screenshot), bevy_ecs::query::filter::Without<bevy_render::view::window::screenshot::Capturing>>)"},C:\Users\Antoi\.cargo\registry\src\index.crates.io-1949cf8c6b5b557f\bevy_ecs-0.18.1\src\system\function_system.rs,54,5712122,0.004440,27078,210,54,4411,197.198337
system{name="bevy_pbr::material::extract_mesh_materials<bevy_pbr::extended_material::ExtendedMaterial<bevy_pbr::pbr_material::StandardMaterial, bevy_pbr::decal::forward::ForwardDecalMaterialExt>>"},C:\Users\Antoi\.cargo\registry\src\index.crates.io-1949cf8c6b5b557f\bevy_ecs-0.18.1\src\system\function_system.rs,52,13450544,0.010455,27079,496,120,245737,1522.139284
plugin finish{plugin="forgia_ui_lib::damage_direction::ForgiaUiDamageDirectionPlugin"},C:\Users\Antoi\.cargo\registry\src\index.crates.io-1949cf8c6b5b557f\bevy_app-0.18.1\src\app.rs,272,57,0.000000,1,57,57,57,0.000000
system{name="bevy_camera::visibility::reset_view_visibility"},C:\Users\Antoi\.cargo\registry\src\index.crates.io-1949cf8c6b5b557f\bevy_ecs-0.18.1\src\system\function_system.rs,52,3072289915,2.388115,27079,113456,39670,2061910,40131.160972
plugin cleanup{plugin="bevy_render::mesh::MorphPlugin"},C:\Users\Antoi\.cargo\registry\src\index.crates.io-1949cf8c6b5b557f\bevy_app-0.18.1\src\app.rs,292,55,0.000000,1,55,55,55,0.000000
plugin cleanup{plugin="bevy_render::extract_resource::ExtractResourcePlugin<bevy_render::texture::manual_texture_view::ManualTextureViews>"},C:\Users\Antoi\.cargo\registry\src\index.crates.io-1949cf8c6b5b557f\bevy_app-0.18.1\src\app.rs,292,58,0.000000,1,58,58,58,0.000000
system_commands{name="forgia_enemy_nameplate::tick_lifetime_and_despawn"},C:\Users\Antoi\.cargo\registry\src\index.crates.io-1949cf8c6b5b557f\bevy_ecs-0.18.1\src\system\function_system.rs,54,4744995,0.003688,27079,175,57,151867,1001.928789
plugin cleanup{plugin="bevy_gltf::GltfPlugin"},C:\Users\Antoi\.cargo\registry\src\index.crates.io-1949cf8c6b5b557f\bevy_app-0.18.1\src\app.rs,292,57,0.000000,1,57,57,57,0.000000
system{name="bevy_render::mesh::inherit_weights"},C:\Users\Antoi\.cargo\registry\src\index.crates.io-1949cf8c6b5b557f\bevy_ecs-0.18.1\src\system\function_system.rs,52,11955722,0.009293,27079,441,139,52142,419.240146
system{name="forgia_ui_lib::hud::energy::sys_energy_exhaustion_voiceline"},C:\Users\Antoi\.cargo\registry\src\index.crates.io-1949cf8c6b5b557f\bevy_ecs-0.18.1\src\system\function_system.rs,52,16895479,0.013133,27079,623,116,60302,470.002098
asset loading{loader="bevy_image::image_loader::ImageLoader" asset="ui/menu_video/frame_0003.webp"},C:\Users\Antoi\.cargo\registry\src\index.crates.io-1949cf8c6b5b557f\bevy_asset-0.18.1\src\server\loaders.rs,332,16440246,0.012779,4,4110061,111,16431343,8214188.190412
system{name="bevy_core_pipeline::skybox::prepare_skybox_bind_groups"},C:\Users\Antoi\.cargo\registry\src\index.crates.io-1949cf8c6b5b557f\bevy_ecs-0.18.1\src\system\function_system.rs,52,340370926,0.264573,27078,12570,5269,222733,6409.084055
plugin cleanup{plugin="forgia_auto_rig::ForgiaAutoRigPlugin"},C:\Users\Antoi\.cargo\registry\src\index.crates.io-1949cf8c6b5b557f\bevy_app-0.18.1\src\app.rs,292,54,0.000000,1,54,54,54,0.000000
system_commands{name="bevy_pbr::light_probe::gather_environment_map_uniform"},C:\Users\Antoi\.cargo\registry\src\index.crates.io-1949cf8c6b5b557f\bevy_ecs-0.18.1\src\system\function_system.rs,54,29390658,0.022846,27078,1085,400,87585,1082.976878
check_conditions{name="leafwing_input_manager::systems::swap_to_fixed_update<forgia_input::PlayerAction>"},C:\Users\Antoi\.cargo\registry\src\index.crates.io-1949cf8c6b5b557f\bevy_ecs-0.18.1\src\schedule\executor\single_threaded.rs,83,1873627,0.001456,27079,69,55,5820,57.539423
plugin build{plugin="bevy_render::extract_component::ExtractComponentPlugin<bevy_anti_alias::contrast_adaptive_sharpening::ContrastAdaptiveSharpening>"},C:\Users\Antoi\.cargo\registry\src\index.crates.io-1949cf8c6b5b557f\bevy_app-0.18.1\src\app.rs,529,7485,0.000006,1,7485,7485,7485,0.000000
asset loading{loader="bevy_image::image_loader::ImageLoader" asset="ui/menu_video/frame_0113.webp"},C:\Users\Antoi\.cargo\registry\src\index.crates.io-1949cf8c6b5b557f\bevy_asset-0.18.1\src\server\loaders.rs,332,13996393,0.010880,6,2332732,120,13966629,5699423.491670
plugin finish{plugin="bevy_render::sync_component::SyncComponentPlugin<bevy_post_process::bloom::settings::Bloom>"},C:\Users\Antoi\.cargo\registry\src\index.crates.io-1949cf8c6b5b557f\bevy_app-0.18.1\src\app.rs,272,59,0.000000,1,59,59,59,0.000000
system_commands{name="bevy_app::propagate::update_source<bevy_ui::ui_node::ComputedUiRenderTargetInfo, (), bevy_ecs::hierarchy::ChildOf>"},C:\Users\Antoi\.cargo\registry\src\index.crates.io-1949cf8c6b5b557f\bevy_ecs-0.18.1\src\system\function_system.rs,54,16821883,0.013076,27079,621,65,139900,1141.894089
plugin cleanup{plugin="bevy_render::render_phase::BinnedRenderPhasePlugin<bevy_core_pipeline::prepass::AlphaMask3dPrepass, bevy_pbr::render::mesh::MeshPipeline>"},C:\Users\Antoi\.cargo\registry\src\index.crates.io-1949cf8c6b5b557f\bevy_app-0.18.1\src\app.rs,292,61,0.000000,1,61,61,61,0.000000
system{name="bevy_gizmos::clear_gizmo_context<bevy_gizmos::aabb::AabbGizmoConfigGroup, bevy_time::fixed::Fixed>"},C:\Users\Antoi\.cargo\registry\src\index.crates.io-1949cf8c6b5b557f\bevy_ecs-0.18.1\src\system\function_system.rs,52,1476273,0.001148,7925,186,57,2105,69.959779
system{name="bevy_ecs::message::update::signal_message_update_system"},C:\Users\Antoi\.cargo\registry\src\index.crates.io-1949cf8c6b5b557f\bevy_ecs-0.18.1\src\system\function_system.rs,52,1223223,0.000951,7925,154,62,33233,378.256357
system{name="forgia_mode_roguelite::hud::draw_ultimate_banner"},C:\Users\Antoi\.cargo\registry\src\index.crates.io-1949cf8c6b5b557f\bevy_ecs-0.18.1\src\system\function_system.rs,52,8931625,0.006943,25661,348,94,26128,213.352824
write_current_input_buffers,C:\Users\Antoi\.cargo\registry\src\index.crates.io-1949cf8c6b5b557f\bevy_render-0.18.1\src\batching\gpu_preprocessing.rs,2026,345406814,0.268487,27078,12755,293,1749651,16103.417930
plugin build{plugin="bevy_sprite_render::mesh2d::mesh::Mesh2dRenderPlugin"},C:\Users\Antoi\.cargo\registry\src\index.crates.io-1949cf8c6b5b557f\bevy_app-0.18.1\src\app.rs,529,161066,0.000125,1,161066,161066,161066,0.000000
remove_joints_attached_to_rigid_body,C:\Users\Antoi\.cargo\registry\src\index.crates.io-1949cf8c6b5b557f\rapier3d-0.31.0\src\dynamics\joint\impulse_joint\impulse_joint_set.rs,454,13047,0.000010,111,117,48,458,75.433053
plugin cleanup{plugin="forgia_fps::pepin::ForgiaPepinPlugin"},C:\Users\Antoi\.cargo\registry\src\index.crates.io-1949cf8c6b5b557f\bevy_app-0.18.1\src\app.rs,292,76,0.000000,1,76,76,76,0.000000
system{name="forgia_mode_roguelite::defense::sys_hot_reload_defense_genome"},C:\Users\Antoi\.cargo\registry\src\index.crates.io-1949cf8c6b5b557f\bevy_ecs-0.18.1\src\system\function_system.rs,52,10570506,0.008217,25752,410,64,89224,3484.228668
system{name="bevy_asset::assets::Assets<forgia_genome_core::Genome<forgia_skeleton_template::SkeletonTemplate>>::asset_events"},C:\Users\Antoi\.cargo\registry\src\index.crates.io-1949cf8c6b5b557f\bevy_ecs-0.18.1\src\system\function_system.rs,52,1814,0.000001,3,604,384,728,191.546339
system{name="bevy_egui::end_pass_system"},C:\Users\Antoi\.cargo\registry\src\index.crates.io-1949cf8c6b5b557f\bevy_ecs-0.18.1\src\system\function_system.rs,52,12263017,0.009532,27079,452,155,9600,149.755778
plugin cleanup{plugin="forgia_ui_lib::hud::player_hp::PlayerHpPlugin"},C:\Users\Antoi\.cargo\registry\src\index.crates.io-1949cf8c6b5b557f\bevy_app-0.18.1\src\app.rs,292,53,0.000000,1,53,53,53,0.000000
system_commands{name="bevy_pbr::prepass::extract_camera_previous_view_data"},C:\Users\Antoi\.cargo\registry\src\index.crates.io-1949cf8c6b5b557f\bevy_ecs-0.18.1\src\system\function_system.rs,54,29734836,0.023113,27078,1098,58,82365,751.810854
asset loading{loader="bevy_image::image_loader::ImageLoader" asset="ui/menu_video/frame_0094.webp"},C:\Users\Antoi\.cargo\registry\src\index.crates.io-1949cf8c6b5b557f\bevy_asset-0.18.1\src\server\loaders.rs,332,21612433,0.016800,6,3602072,213,21549572,8792447.332913
plugin cleanup{plugin="bevy_render::extract_component::ExtractComponentPlugin<bevy_hanabi::EffectVisibilityClass>"},C:\Users\Antoi\.cargo\registry\src\index.crates.io-1949cf8c6b5b557f\bevy_app-0.18.1\src\app.rs,292,104,0.000000,1,104,104,104,0.000000
system{name="bevy_pbr::material::check_entities_needing_specialization<bevy_pbr::pbr_material::StandardMaterial>"},C:\Users\Antoi\.cargo\registry\src\index.crates.io-1949cf8c6b5b557f\bevy_ecs-0.18.1\src\system\function_system.rs,52,2534829435,1.970343,27079,93608,5397,61393306,792533.730061
plugin build{plugin="bevy_render::globals::GlobalsPlugin"},C:\Users\Antoi\.cargo\registry\src\index.crates.io-1949cf8c6b5b557f\bevy_app-0.18.1\src\app.rs,529,35193,0.000027,1,35193,35193,35193,0.000000
system{name="forgia_viewmodel::vm_camera::manage_viewmodel_camera"},C:\Users\Antoi\.cargo\registry\src\index.crates.io-1949cf8c6b5b557f\bevy_ecs-0.18.1\src\system\function_system.rs,52,12312624,0.009571,25752,478,136,142560,1515.021512
system_commands{name="bevy_ui_render::extract_uinode_background_colors"},C:\Users\Antoi\.cargo\registry\src\index.crates.io-1949cf8c6b5b557f\bevy_ecs-0.18.1\src\system\function_system.rs,54,2577455,0.002003,27078,95,50,105948,657.351615
plugin finish{plugin="bevy_water::water::material::WaterMaterialPlugin"},C:\Users\Antoi\.cargo\registry\src\index.crates.io-1949cf8c6b5b557f\bevy_app-0.18.1\src\app.rs,272,54,0.000000,1,54,54,54,0.000000
asset loading{loader="bevy_shader::shader::ShaderLoader" asset="embedded://bevy_pbr\\render\\mesh_types.wgsl"},C:\Users\Antoi\.cargo\registry\src\index.crates.io-1949cf8c6b5b557f\bevy_asset-0.18.1\src\server\loaders.rs,332,77750,0.000060,2,38875,55,77695,54899.770491
par_for_each{query="(bevy_ecs::entity::Entity, &bevy_animation::AnimationTargetId, &bevy_animation::AnimatedBy, bevy_ecs::world::entity_access::except::EntityMutExcept<'_, '_, (bevy_animation::AnimationTargetId, bevy_animation::AnimatedBy, bevy_animation::AnimationPlayer, bevy_animation::graph::AnimationGraphHandle)>)" filter="()"},C:\Users\Antoi\.cargo\registry\src\index.crates.io-1949cf8c6b5b557f\bevy_ecs-0.18.1\src\query\state.rs,246,789032759,0.613321,245186,3218,69,256610,3185.415875
asset loading{loader="bevy_gltf::loader::GltfLoader" asset="models/kaykit/dungeon/wall_window.glb"},C:\Users\Antoi\.cargo\registry\src\index.crates.io-1949cf8c6b5b557f\bevy_asset-0.18.1\src\server\loaders.rs,332,3752304,0.002917,5,750460,138,3732528,1667029.293806
system{name="bevy_render::render_phase::sweep_old_entities<bevy_core_pipeline::core_2d::Opaque2d>"},C:\Users\Antoi\.cargo\registry\src\index.crates.io-1949cf8c6b5b557f\bevy_ecs-0.18.1\src\system\function_system.rs,52,8650159,0.006724,27078,319,135,13785,149.971032
plugin finish{plugin="forgia_mode_roguelite::atmosphere::RogueliteAtmospherePlugin"},C:\Users\Antoi\.cargo\registry\src\index.crates.io-1949cf8c6b5b557f\bevy_app-0.18.1\src\app.rs,272,55,0.000000,1,55,55,55,0.000000
system{name="forgia_player::despawn_player"},C:\Users\Antoi\.cargo\registry\src\index.crates.io-1949cf8c6b5b557f\bevy_ecs-0.18.1\src\system\function_system.rs,52,306022,0.000238,1,306022,306022,306022,0.000000
remove,C:\Users\Antoi\.cargo\registry\src\index.crates.io-1949cf8c6b5b557f\rapier3d-0.31.0\src\dynamics\rigid_body_set.rs,200,263944,0.000205,111,2377,957,8136,1105.029736
plugin finish{plugin="bevy_render::sync_component::SyncComponentPlugin<bevy_pbr::atmosphere::Atmosphere>"},C:\Users\Antoi\.cargo\registry\src\index.crates.io-1949cf8c6b5b557f\bevy_app-0.18.1\src\app.rs,272,56,0.000000,1,56,56,56,0.000000
asset loading{loader="bevy_image::image_loader::ImageLoader" asset="ui/menu_video/frame_0011.webp"},C:\Users\Antoi\.cargo\registry\src\index.crates.io-1949cf8c6b5b557f\bevy_asset-0.18.1\src\server\loaders.rs,332,15355396,0.011936,7,2193628,136,15321835,5788998.146981
asset loading{loader="bevy_shader::shader::ShaderLoader" asset="embedded://bevy_pbr\\render\\mesh_view_types.wgsl"},C:\Users\Antoi\.cargo\registry\src\index.crates.io-1949cf8c6b5b557f\bevy_asset-0.18.1\src\server\loaders.rs,332,318637,0.000248,2,159318,52,318585,225236.844333
system{name="bevy_asset::assets::Assets<bevy_gltf::assets::GltfMesh>::asset_events_condition"},C:\Users\Antoi\.cargo\registry\src\index.crates.io-1949cf8c6b5b557f\bevy_ecs-0.18.1\src\system\function_system.rs,52,3369097,0.002619,27079,124,53,8895,87.605470
plugins{tag="on_output"},C:\Users\Antoi\.cargo\registry\src\index.crates.io-1949cf8c6b5b557f\egui-0.33.3\src\plugin.rs,172,163093700,0.126774,27079,6022,3252,440569,3967.137299
system{name="bevy_pbr::render::mesh::set_mesh_motion_vector_flags"},C:\Users\Antoi\.cargo\registry\src\index.crates.io-1949cf8c6b5b557f\bevy_ecs-0.18.1\src\system\function_system.rs,52,13133100,0.010208,27078,485,138,23371,296.791974
system_commands{name="bevy_pbr::atmosphere::resources::queue_render_sky_pipelines"},C:\Users\Antoi\.cargo\registry\src\index.crates.io-1949cf8c6b5b557f\bevy_ecs-0.18.1\src\system\function_system.rs,54,2934498,0.002281,27078,108,50,3521,64.668754
system{name="forgia_effects::prespawn_hanabi_dummies"},C:\Users\Antoi\.cargo\registry\src\index.crates.io-1949cf8c6b5b557f\bevy_ecs-0.18.1\src\system\function_system.rs,52,99920,0.000078,1,99920,99920,99920,0.000000
system{name="bevy_pbr::deferred::prepare_deferred_lighting_pipelines"},C:\Users\Antoi\.cargo\registry\src\index.crates.io-1949cf8c6b5b557f\bevy_ecs-0.18.1\src\system\function_system.rs,52,37737468,0.029334,27078,1393,482,101613,1131.120951
system{name="bevy_animation::animate_targets"},C:\Users\Antoi\.cargo\registry\src\index.crates.io-1949cf8c6b5b557f\bevy_ecs-0.18.1\src\system\function_system.rs,52,449046260,0.349047,27079,16582,385,1427224,29943.051380
asset loading{loader="bevy_shader::shader::ShaderLoader" asset="embedded://bevy_core_pipeline\\fullscreen_vertex_shader\\fullscreen.wgsl"},C:\Users\Antoi\.cargo\registry\src\index.crates.io-1949cf8c6b5b557f\bevy_asset-0.18.1\src\server\loaders.rs,332,60285,0.000047,2,30142,126,60159,42449.741401
plugin cleanup{plugin="bevy_render::extract_component::ExtractComponentPlugin<bevy_camera::components::Camera2d>"},C:\Users\Antoi\.cargo\registry\src\index.crates.io-1949cf8c6b5b557f\bevy_app-0.18.1\src\app.rs,292,124,0.000000,1,124,124,124,0.000000
system_commands{name="bevy_pbr::atmosphere::resources::prepare_atmosphere_bind_groups"},C:\Users\Antoi\.cargo\registry\src\index.crates.io-1949cf8c6b5b557f\bevy_ecs-0.18.1\src\system\function_system.rs,54,2936200,0.002282,27078,108,52,9125,65.587487
plugin build{plugin="forgia_mode_roguelite::weapon_select::WeaponSelectPlugin"},C:\Users\Antoi\.cargo\registry\src\index.crates.io-1949cf8c6b5b557f\bevy_app-0.18.1\src\app.rs,529,53764,0.000042,1,53764,53764,53764,0.000000
system{name="bevy_pbr::render::light::specialize_shadows"},C:\Users\Antoi\.cargo\registry\src\index.crates.io-1949cf8c6b5b557f\bevy_ecs-0.18.1\src\system\function_system.rs,52,1658397770,1.289086,27078,61245,402,1813900,52287.812683
plugin finish{plugin="forgia_anchor::ForgiaAnchorPlugin"},C:\Users\Antoi\.cargo\registry\src\index.crates.io-1949cf8c6b5b557f\bevy_app-0.18.1\src\app.rs,272,55,0.000000,1,55,55,55,0.000000
plugin cleanup{plugin="bevy_render::camera::CameraPlugin"},C:\Users\Antoi\.cargo\registry\src\index.crates.io-1949cf8c6b5b557f\bevy_app-0.18.1\src\app.rs,292,66,0.000000,1,66,66,66,0.000000
asset loading{loader="bevy_kira_audio::source::ogg_loader::OggLoader" asset="audio/roguelite/weapons/boucherie.ogg"},C:\Users\Antoi\.cargo\registry\src\index.crates.io-1949cf8c6b5b557f\bevy_asset-0.18.1\src\server\loaders.rs,332,741964,0.000577,4,185491,141,731200,363837.276189
system{name="bevy_asset::assets::Assets<bevy_gltf::assets::GltfPrimitive>::asset_events_condition"},C:\Users\Antoi\.cargo\registry\src\index.crates.io-1949cf8c6b5b557f\bevy_ecs-0.18.1\src\system\function_system.rs,52,2877925,0.002237,27079,106,54,15009,117.623129
system{name="bevy_state::state::transitions::run_enter<forgia_core::states::GameMode>"},C:\Users\Antoi\.cargo\registry\src\index.crates.io-1949cf8c6b5b557f\bevy_ecs-0.18.1\src\system\function_system.rs,52,4572689,0.003554,27080,168,57,1291425,7886.025726
asset loading{loader="bevy_gltf::loader::GltfLoader" asset="models/weapons/forgia/madame_lenoir.glb"},C:\Users\Antoi\.cargo\registry\src\index.crates.io-1949cf8c6b5b557f\bevy_asset-0.18.1\src\server\loaders.rs,332,452240511,0.351530,4,113060127,109,450543682,224990456.431721
asset loading{loader="bevy_image::image_loader::ImageLoader" asset="ui/menu_video/frame_0014.webp"},C:\Users\Antoi\.cargo\registry\src\index.crates.io-1949cf8c6b5b557f\bevy_asset-0.18.1\src\server\loaders.rs,332,14458425,0.011239,7,2065489,80,14424328,5449737.820767
plugin finish{plugin="bevy_render::batching::gpu_preprocessing::BatchingPlugin"},C:\Users\Antoi\.cargo\registry\src\index.crates.io-1949cf8c6b5b557f\bevy_app-0.18.1\src\app.rs,272,89023,0.000069,1,89023,89023,89023,0.000000
plugin finish{plugin="forgia_crosshair::ForgiaCrosshairPlugin"},C:\Users\Antoi\.cargo\registry\src\index.crates.io-1949cf8c6b5b557f\bevy_app-0.18.1\src\app.rs,272,53,0.000000,1,53,53,53,0.000000
asset loading{loader="bevy_gltf::loader::GltfLoader" asset="models/environment/inferno/Gear_002.glb"},C:\Users\Antoi\.cargo\registry\src\index.crates.io-1949cf8c6b5b557f\bevy_asset-0.18.1\src\server\loaders.rs,332,6460117,0.005022,4,1615029,108,6449491,3222976.132262
plugin finish{plugin="bevy_app::terminal_ctrl_c_handler::TerminalCtrlCHandlerPlugin"},C:\Users\Antoi\.cargo\registry\src\index.crates.io-1949cf8c6b5b557f\bevy_app-0.18.1\src\app.rs,272,69,0.000000,1,69,69,69,0.000000
system{name="bevy_render::render_asset::prepare_assets<bevy_gizmos_render::GpuLineGizmo>"},C:\Users\Antoi\.cargo\registry\src\index.crates.io-1949cf8c6b5b557f\bevy_ecs-0.18.1\src\system\function_system.rs,52,20852770,0.016209,27078,770,345,76527,507.233615
system{name="bevy_render::sync_world::despawn_temporary_render_entities"},C:\Users\Antoi\.cargo\registry\src\index.crates.io-1949cf8c6b5b557f\bevy_ecs-0.18.1\src\system\function_system.rs,52,219843113,0.170886,27078,8118,3747,936243,8922.925797
system{name="bevy_asset::assets::Assets<forgia_genome_core::Genome<forgia_fps::FpsTuning>>::asset_events_condition"},C:\Users\Antoi\.cargo\registry\src\index.crates.io-1949cf8c6b5b557f\bevy_ecs-0.18.1\src\system\function_system.rs,52,2106072,0.001637,27079,77,53,77776,477.985614
system{name="bevy_app::propagate::update_removed_limit<bevy_ui::ui_node::ComputedUiRenderTargetInfo, (), bevy_ecs::hierarchy::ChildOf>"},C:\Users\Antoi\.cargo\registry\src\index.crates.io-1949cf8c6b5b557f\bevy_ecs-0.18.1\src\system\function_system.rs,52,5139042,0.003995,27079,189,57,8527,162.334054
asset loading{loader="bevy_image::image_loader::ImageLoader" asset="ui/menu_video/frame_0031.webp"},C:\Users\Antoi\.cargo\registry\src\index.crates.io-1949cf8c6b5b557f\bevy_asset-0.18.1\src\server\loaders.rs,332,15174071,0.011795,7,2167724,113,15139028,5719808.297261
plugin finish{plugin="bevy_light::LightPlugin"},C:\Users\Antoi\.cargo\registry\src\index.crates.io-1949cf8c6b5b557f\bevy_app-0.18.1\src\app.rs,272,55,0.000000,1,55,55,55,0.000000
asset loading{loader="bevy_shader::shader::ShaderLoader" asset="embedded://bevy_pbr\\meshlet/dummy_visibility_buffer_resolve.wgsl"},C:\Users\Antoi\.cargo\registry\src\index.crates.io-1949cf8c6b5b557f\bevy_asset-0.18.1\src\server\loaders.rs,332,8462,0.000007,2,4231,52,8410,5909.998477
plugin cleanup{plugin="bevy_render::sync_component::SyncComponentPlugin<bevy_pbr::ssr::ScreenSpaceReflections>"},C:\Users\Antoi\.cargo\registry\src\index.crates.io-1949cf8c6b5b557f\bevy_app-0.18.1\src\app.rs,292,61,0.000000,1,61,61,61,0.000000
plugin finish{plugin="forgia_rpg_data::xp_curves::ForgiaXpCurvesPlugin"},C:\Users\Antoi\.cargo\registry\src\index.crates.io-1949cf8c6b5b557f\bevy_app-0.18.1\src\app.rs,272,56,0.000000,1,56,56,56,0.000000
plugin finish{plugin="bevy_scene::ScenePlugin"},C:\Users\Antoi\.cargo\registry\src\index.crates.io-1949cf8c6b5b557f\bevy_app-0.18.1\src\app.rs,272,54,0.000000,1,54,54,54,0.000000
plugin build{plugin="bevy_render::extract_component::ExtractComponentPlugin<bevy_core_pipeline::tonemapping::Tonemapping>"},C:\Users\Antoi\.cargo\registry\src\index.crates.io-1949cf8c6b5b557f\bevy_app-0.18.1\src\app.rs,529,18002,0.000014,1,18002,18002,18002,0.000000
system{name="bevy_state::state_scoped::despawn_entities_on_exit_state<forgia_core::states::WorldMode>"},C:\Users\Antoi\.cargo\registry\src\index.crates.io-1949cf8c6b5b557f\bevy_ecs-0.18.1\src\system\function_system.rs,52,10917389,0.008486,27080,403,85,21187,213.088274
system{name="forgia_ui::menu_video::menu_video_sensor"},C:\Users\Antoi\.cargo\registry\src\index.crates.io-1949cf8c6b5b557f\bevy_ecs-0.18.1\src\system\function_system.rs,52,12877908,0.010010,27079,475,111,496620,6780.928809
asset loading{loader="bevy_image::image_loader::ImageLoader" asset="ui/menu_video/frame_0098.webp"},C:\Users\Antoi\.cargo\registry\src\index.crates.io-1949cf8c6b5b557f\bevy_asset-0.18.1\src\server\loaders.rs,332,13955346,0.010848,6,2325891,138,13917875,5678893.099293
asset loading{loader="bevy_gltf::loader::GltfLoader" asset="models/kaykit/medieval_hexagon/buildings/red/building_church_red.gltf"},C:\Users\Antoi\.cargo\registry\src\index.crates.io-1949cf8c6b5b557f\bevy_asset-0.18.1\src\server\loaders.rs,332,410352,0.000319,9,45594,86,226599,71698.175027
plugin finish{plugin="bevy_render::sync_component::SyncComponentPlugin<bevy_anti_alias::taa::TemporalAntiAliasing>"},C:\Users\Antoi\.cargo\registry\src\index.crates.io-1949cf8c6b5b557f\bevy_app-0.18.1\src\app.rs,272,53,0.000000,1,53,53,53,0.000000
system{name="forgia_combat::combat_juice::trauma_decay_system"},C:\Users\Antoi\.cargo\registry\src\index.crates.io-1949cf8c6b5b557f\bevy_ecs-0.18.1\src\system\function_system.rs,52,5754345,0.004473,27079,212,80,128883,789.489595
asset loading{loader="bevy_image::image_loader::ImageLoader" asset="ui/menu_video/frame_0018.webp"},C:\Users\Antoi\.cargo\registry\src\index.crates.io-1949cf8c6b5b557f\bevy_asset-0.18.1\src\server\loaders.rs,332,14491730,0.011265,6,2415288,132,14458548,5899970.835851
system{name="bevy_rapier3d::plugin::plugin::insert_default_context"},C:\Users\Antoi\.cargo\registry\src\index.crates.io-1949cf8c6b5b557f\bevy_ecs-0.18.1\src\system\function_system.rs,52,27345,0.000021,1,27345,27345,27345,0.000000
system{name="bevy_render::extract_component::extract_components<bevy_post_process::bloom::settings::Bloom>"},C:\Users\Antoi\.cargo\registry\src\index.crates.io-1949cf8c6b5b557f\bevy_ecs-0.18.1\src\system\function_system.rs,52,13663111,0.010620,27079,504,186,452735,2794.722969
system{name="bevy_render::extract_component::extract_components<bevy_render::gpu_readback::Readback>"},C:\Users\Antoi\.cargo\registry\src\index.crates.io-1949cf8c6b5b557f\bevy_ecs-0.18.1\src\system\function_system.rs,52,7736820,0.006014,27079,285,113,16896,251.175408
schedule{name=OnEnter(Roguelite)},C:\Users\Antoi\.cargo\registry\src\index.crates.io-1949cf8c6b5b557f\bevy_ecs-0.18.1\src\schedule\schedule.rs,532,1286656,0.001000,1,1286656,1286656,1286656,0.000000
plugin build{plugin="bevy_post_process::effect_stack::EffectStackPlugin"},C:\Users\Antoi\.cargo\registry\src\index.crates.io-1949cf8c6b5b557f\bevy_app-0.18.1\src\app.rs,529,96064,0.000075,1,96064,96064,96064,0.000000
plugin cleanup{plugin="bevy_render::sync_component::SyncComponentPlugin<bevy_light::ShadowFilteringMethod>"},C:\Users\Antoi\.cargo\registry\src\index.crates.io-1949cf8c6b5b557f\bevy_app-0.18.1\src\app.rs,292,53,0.000000,1,53,53,53,0.000000
plugin cleanup{plugin="bevy_core_pipeline::fullscreen_material::FullscreenMaterialPlugin<forgia_postprocess::toon::ToonSettings>"},C:\Users\Antoi\.cargo\registry\src\index.crates.io-1949cf8c6b5b557f\bevy_app-0.18.1\src\app.rs,292,120,0.000000,1,120,120,120,0.000000
system{name="forgia_ui_lib::hud_ammo::sensor::write_ammo_hud_sensor"},C:\Users\Antoi\.cargo\registry\src\index.crates.io-1949cf8c6b5b557f\bevy_ecs-0.18.1\src\system\function_system.rs,52,8136707,0.006325,27079,300,95,39872,555.022370
plugin build{plugin="bevy_a11y::AccessibilityPlugin"},C:\Users\Antoi\.cargo\registry\src\index.crates.io-1949cf8c6b5b557f\bevy_app-0.18.1\src\app.rs,529,11430,0.000009,1,11430,11430,11430,0.000000
system_commands{name="bevy_sprite_render::mesh2d::mesh::prepare_mesh2d_view_bind_groups"},C:\Users\Antoi\.cargo\registry\src\index.crates.io-1949cf8c6b5b557f\bevy_ecs-0.18.1\src\system\function_system.rs,54,121080775,0.094117,27078,4471,1909,91892,1588.037048
plugin cleanup{plugin="bevy_render::sync_component::SyncComponentPlugin<bevy_anti_alias::fxaa::Fxaa>"},C:\Users\Antoi\.cargo\registry\src\index.crates.io-1949cf8c6b5b557f\bevy_app-0.18.1\src\app.rs,292,55,0.000000,1,55,55,55,0.000000
system{name="bevy_core_pipeline::oit::configure_depth_texture_usages"},C:\Users\Antoi\.cargo\registry\src\index.crates.io-1949cf8c6b5b557f\bevy_ecs-0.18.1\src\system\function_system.rs,52,19649960,0.015274,27079,725,270,45544,542.267151
system{name="forgia_mode_roguelite::shockwave::sys_animate_shockwave_vfx"},C:\Users\Antoi\.cargo\registry\src\index.crates.io-1949cf8c6b5b557f\bevy_ecs-0.18.1\src\system\function_system.rs,52,7149084,0.005557,25752,277,75,35712,278.919814
plugin cleanup{plugin="bevy_app::panic_handler::PanicHandlerPlugin"},C:\Users\Antoi\.cargo\registry\src\index.crates.io-1949cf8c6b5b557f\bevy_app-0.18.1\src\app.rs,292,55,0.000000,1,55,55,55,0.000000
plugin finish{plugin="bevy_render::render_asset::RenderAssetPlugin<bevy_render::storage::GpuShaderStorageBuffer>"},C:\Users\Antoi\.cargo\registry\src\index.crates.io-1949cf8c6b5b557f\bevy_app-0.18.1\src\app.rs,272,184,0.000000,1,184,184,184,0.000000
asset loading{loader="bevy_gltf::loader::GltfLoader" asset="models/kaykit/hexagon/red/building_tower_A_red.gltf"},C:\Users\Antoi\.cargo\registry\src\index.crates.io-1949cf8c6b5b557f\bevy_asset-0.18.1\src\server\loaders.rs,332,371571,0.000289,7,53081,87,254921,94867.700313
asset loading{loader="bevy_gltf::loader::GltfLoader" asset="models/kaykit/dungeon/wall_corner.glb"},C:\Users\Antoi\.cargo\registry\src\index.crates.io-1949cf8c6b5b557f\bevy_asset-0.18.1\src\server\loaders.rs,332,6130562,0.004765,4,1532640,187,6121010,3058914.189137
node{name="bevy_render::render_graph::node::ViewNodeRunner<bevy_pbr::ssr::ScreenSpaceReflectionsNode>"},C:\Users\Antoi\.cargo\registry\src\index.crates.io-1949cf8c6b5b557f\bevy_render-0.18.1\src\renderer\graph_runner.rs,240,7680101,0.005970,54156,141,58,40050,202.614487
system{name="forgia_mode_roguelite::ultimate_config::sys_hot_reload_ultimate_genome"},C:\Users\Antoi\.cargo\registry\src\index.crates.io-1949cf8c6b5b557f\bevy_ecs-0.18.1\src\system\function_system.rs,52,17131511,0.013316,25752,665,96,116285,4171.400637
asset loading{loader="bevy_image::image_loader::ImageLoader" asset="ui/menu_video/frame_0009.webp"},C:\Users\Antoi\.cargo\registry\src\index.crates.io-1949cf8c6b5b557f\bevy_asset-0.18.1\src\server\loaders.rs,332,14737618,0.011456,9,1637513,133,14693314,4895927.000100
system{name="bevy_render::extract_component::extract_components<forgia_postprocess::toon::ToonSettings>"},C:\Users\Antoi\.cargo\registry\src\index.crates.io-1949cf8c6b5b557f\bevy_ecs-0.18.1\src\system\function_system.rs,52,24518221,0.019058,27079,905,222,283628,2313.140619
plugin cleanup{plugin="bevy_camera::visibility::VisibilityPlugin"},C:\Users\Antoi\.cargo\registry\src\index.crates.io-1949cf8c6b5b557f\bevy_app-0.18.1\src\app.rs,292,55,0.000000,1,55,55,55,0.000000
system{name="forgia_player::skybox_genome::regen_skybox_image"},C:\Users\Antoi\.cargo\registry\src\index.crates.io-1949cf8c6b5b557f\bevy_ecs-0.18.1\src\system\function_system.rs,52,19364902,0.015052,27079,715,91,3911989,34632.440520
plugin finish{plugin="forgia_effects::pipeline_ready::PipelinesReadyPlugin"},C:\Users\Antoi\.cargo\registry\src\index.crates.io-1949cf8c6b5b557f\bevy_app-0.18.1\src\app.rs,272,61,0.000000,1,61,61,61,0.000000
system_commands{name="bevy_hanabi::render::batch_effects"},C:\Users\Antoi\.cargo\registry\src\index.crates.io-1949cf8c6b5b557f\bevy_ecs-0.18.1\src\system\function_system.rs,54,122219864,0.095002,27078,4513,61,144729,2803.530036
system{name="bevy_rapier3d::plugin::systems::rigid_body::writeback_rigid_bodies"},C:\Users\Antoi\.cargo\registry\src\index.crates.io-1949cf8c6b5b557f\bevy_ecs-0.18.1\src\system\function_system.rs,52,65625520,0.051011,7925,8280,74,143591,4051.707191
asset loading{loader="bevy_gltf::loader::GltfLoader" asset="models/characters/Gobli.glb"},C:\Users\Antoi\.cargo\registry\src\index.crates.io-1949cf8c6b5b557f\bevy_asset-0.18.1\src\server\loaders.rs,332,82786732,0.064351,9,9198525,107,82689081,27558962.372356
system{name="forgia_mode_roguelite::weapon_select::sys_weapon_select_input"},C:\Users\Antoi\.cargo\registry\src\index.crates.io-1949cf8c6b5b557f\bevy_ecs-0.18.1\src\system\function_system.rs,52,14326,0.000011,91,157,63,390,69.316424
system{name="forgia_effects::effects_tick"},C:\Users\Antoi\.cargo\registry\src\index.crates.io-1949cf8c6b5b557f\bevy_ecs-0.18.1\src\system\function_system.rs,52,3681661,0.002862,27079,135,58,4014,87.349664
asset loading{loader="bevy_gltf::loader::GltfLoader" asset="models/environment/inferno/Vase_001.glb"},C:\Users\Antoi\.cargo\registry\src\index.crates.io-1949cf8c6b5b557f\bevy_asset-0.18.1\src\server\loaders.rs,332,68127051,0.052956,5,13625410,63,68067992,30434332.580022
system{name="bevy_sprite::text2d::update_text2d_layout"},C:\Users\Antoi\.cargo\registry\src\index.crates.io-1949cf8c6b5b557f\bevy_ecs-0.18.1\src\system\function_system.rs,52,64234831,0.049930,27079,2372,783,1104231,8361.166946
system_commands{name="bevy_egui::render::extract_egui_camera_view_system"},C:\Users\Antoi\.cargo\registry\src\index.crates.io-1949cf8c6b5b557f\bevy_ecs-0.18.1\src\system\function_system.rs,54,62041712,0.048226,27078,2291,859,273388,1870.791292
system{name="forgia_effects::pipeline_ready::extract_pipelines_ready"},C:\Users\Antoi\.cargo\registry\src\index.crates.io-1949cf8c6b5b557f\bevy_ecs-0.18.1\src\system\function_system.rs,52,14509752,0.011279,27078,535,267,50516,353.738018
plugins{tag="add"},C:\Users\Antoi\.cargo\registry\src\index.crates.io-1949cf8c6b5b557f\egui-0.33.3\src\plugin.rs,197,6309,0.000005,4,1577,105,5170,2412.749676
system{name="bevy_asset::assets::Assets<forgia_genome_core::Genome<forgia_mode_fps_arena::wave::ArenaWavesGenome>>::asset_events"},C:\Users\Antoi\.cargo\registry\src\index.crates.io-1949cf8c6b5b557f\bevy_ecs-0.18.1\src\system\function_system.rs,52,8238,0.000006,1,8238,8238,8238,0.000000
system{name="forgia_mode_roguelite::intro_dialogue::sys_write_intro_sensor"},C:\Users\Antoi\.cargo\registry\src\index.crates.io-1949cf8c6b5b557f\bevy_ecs-0.18.1\src\system\function_system.rs,52,7317090,0.005688,25752,284,83,83982,901.107566
system_commands{name="bevy_rapier3d::plugin::systems::remove::sync_removals"},C:\Users\Antoi\.cargo\registry\src\index.crates.io-1949cf8c6b5b557f\bevy_ecs-0.18.1\src\system\function_system.rs,54,4405285,0.003424,35004,125,51,32898,269.089739
plugin finish{plugin="bevy_render::render_asset::RenderAssetPlugin<bevy_gizmos_render::GpuLineGizmo>"},C:\Users\Antoi\.cargo\registry\src\index.crates.io-1949cf8c6b5b557f\bevy_app-0.18.1\src\app.rs,272,59,0.000000,1,59,59,59,0.000000
system_commands{name="bevy_render::extract_resource::extract_resource<bevy_pbr::material::DefaultOpaqueRendererMethod>"},C:\Users\Antoi\.cargo\registry\src\index.crates.io-1949cf8c6b5b557f\bevy_ecs-0.18.1\src\system\function_system.rs,54,1930869,0.001501,27078,71,50,10282,74.980843
system_commands{name="bevy_pbr::volumetric_fog::render::extract_volumetric_fog"},C:\Users\Antoi\.cargo\registry\src\index.crates.io-1949cf8c6b5b557f\bevy_ecs-0.18.1\src\system\function_system.rs,54,2569368,0.001997,27078,94,50,77276,482.328456
system{name="bevy_app::propagate::update_source<bevy_ui::ui_node::ComputedUiTargetCamera, (), bevy_ecs::hierarchy::ChildOf>"},C:\Users\Antoi\.cargo\registry\src\index.crates.io-1949cf8c6b5b557f\bevy_ecs-0.18.1\src\system\function_system.rs,52,14694556,0.011422,27079,542,131,86245,659.405342
system{name="forgia_player::skybox_genome::track_stage_biome"},C:\Users\Antoi\.cargo\registry\src\index.crates.io-1949cf8c6b5b557f\bevy_ecs-0.18.1\src\system\function_system.rs,52,5793595,0.004503,27079,213,78,241821,1875.781800
system_commands{name="bevy_pbr::light_probe::gather_light_probes<bevy_light::probe::IrradianceVolume>"},C:\Users\Antoi\.cargo\registry\src\index.crates.io-1949cf8c6b5b557f\bevy_ecs-0.18.1\src\system\function_system.rs,54,29236281,0.022726,27078,1079,334,670281,4128.438342
plugin build{plugin="bevy_sprite_render::mesh2d::material::Material2dPlugin<bevy_sprite_render::tilemap_chunk::tilemap_chunk_material::TilemapChunkMaterial>"},C:\Users\Antoi\.cargo\registry\src\index.crates.io-1949cf8c6b5b557f\bevy_app-0.18.1\src\app.rs,529,83706,0.000065,1,83706,83706,83706,0.000000
asset loading{loader="bevy_gltf::loader::GltfLoader" asset="models/kaykit/hexagon/red/building_tower_catapult_red.gltf"},C:\Users\Antoi\.cargo\registry\src\index.crates.io-1949cf8c6b5b557f\bevy_asset-0.18.1\src\server\loaders.rs,332,307566,0.000239,7,43938,104,221671,81016.172809
asset loading{loader="bevy_shader::shader::ShaderLoader" asset="embedded://bevy_pbr\\light_probe\\copy.wgsl"},C:\Users\Antoi\.cargo\registry\src\index.crates.io-1949cf8c6b5b557f\bevy_asset-0.18.1\src\server\loaders.rs,332,28721,0.000022,2,14360,130,28591,20124.966112
system{name="bevy_asset::assets::Assets<bevy_pbr::extended_material::ExtendedMaterial<bevy_pbr::pbr_material::StandardMaterial, bevy_water::water::material::WaterMaterial>>::track_assets"},C:\Users\Antoi\.cargo\registry\src\index.crates.io-1949cf8c6b5b557f\bevy_ecs-0.18.1\src\system\function_system.rs,52,40248939,0.031286,27079,1486,225,1151464,11602.044296
system{name="bevy_asset::assets::Assets<forgia_genome_core::Genome<forgia_ui_lib::hud_ammo::tuning::AmmoHudTuning>>::track_assets"},C:\Users\Antoi\.cargo\registry\src\index.crates.io-1949cf8c6b5b557f\bevy_ecs-0.18.1\src\system\function_system.rs,52,24941747,0.019387,27079,921,140,1413068,10419.920579
system{name="bevy_render::gpu_readback::map_buffers"},C:\Users\Antoi\.cargo\registry\src\index.crates.io-1949cf8c6b5b557f\bevy_ecs-0.18.1\src\system\function_system.rs,52,17955172,0.013957,27078,663,304,585354,3600.438314
system{name="bevy_render::render_asset::extract_render_asset<bevy_render::texture::gpu_image::GpuImage>"},C:\Users\Antoi\.cargo\registry\src\index.crates.io-1949cf8c6b5b557f\bevy_ecs-0.18.1\src\system\function_system.rs,52,4674377242,3.633431,27078,172626,355,57672958,661988.795311
system{name="forgia_mode_roguelite::hub::draw_hub_chrome"},C:\Users\Antoi\.cargo\registry\src\index.crates.io-1949cf8c6b5b557f\bevy_ecs-0.18.1\src\system\function_system.rs,52,4340775,0.003374,91,47700,33176,276498,27082.471464
system{name="bevy_pbr::material::specialize_material_meshes"},C:\Users\Antoi\.cargo\registry\src\index.crates.io-1949cf8c6b5b557f\bevy_ecs-0.18.1\src\system\function_system.rs,52,405122961,0.314905,27078,14961,1400,748535,12243.267202
asset loading{loader="bevy_image::image_loader::ImageLoader" asset="models\\kaykit\\hexagon\\red\\hexagons_medieval.png"},C:\Users\Antoi\.cargo\registry\src\index.crates.io-1949cf8c6b5b557f\bevy_asset-0.18.1\src\server\loaders.rs,332,4623122,0.003594,4,1155780,204,4607028,2300835.942838
system_commands{name="forgia_foliage::material_override::preload_bark_textures"},C:\Users\Antoi\.cargo\registry\src\index.crates.io-1949cf8c6b5b557f\bevy_ecs-0.18.1\src\system\function_system.rs,54,17193,0.000013,1,17193,17193,17193,0.000000
plugin build{plugin="forgia_mode_roguelite::progress::PlayerProgressPlugin"},C:\Users\Antoi\.cargo\registry\src\index.crates.io-1949cf8c6b5b557f\bevy_app-0.18.1\src\app.rs,529,5028,0.000004,1,5028,5028,5028,0.000000
system{name="forgia_ui::menu_video::menu_video_tick"},C:\Users\Antoi\.cargo\registry\src\index.crates.io-1949cf8c6b5b557f\bevy_ecs-0.18.1\src\system\function_system.rs,52,4028864,0.003132,27079,148,73,99961,614.243855
system_commands{name="forgia_mode_roguelite::shockwave::sys_shockwave_input"},C:\Users\Antoi\.cargo\registry\src\index.crates.io-1949cf8c6b5b557f\bevy_ecs-0.18.1\src\system\function_system.rs,54,2941462,0.002286,25752,114,50,145863,956.096949
system{name="forgia_ui::menu_video::setup_menu_video"},C:\Users\Antoi\.cargo\registry\src\index.crates.io-1949cf8c6b5b557f\bevy_ecs-0.18.1\src\system\function_system.rs,52,679085,0.000528,1,679085,679085,679085,0.000000
plugin build{plugin="forgia_viewmodel::fade::ForgiaViewmodelFadePlugin"},C:\Users\Antoi\.cargo\registry\src\index.crates.io-1949cf8c6b5b557f\bevy_app-0.18.1\src\app.rs,529,14474,0.000011,1,14474,14474,14474,0.000000
plugin cleanup{plugin="forgia_stage::graph::ForgiaStageGraphPlugin"},C:\Users\Antoi\.cargo\registry\src\index.crates.io-1949cf8c6b5b557f\bevy_app-0.18.1\src\app.rs,292,56,0.000000,1,56,56,56,0.000000
system{name="forgia_auto_rig::write_auto_rig_sensor"},C:\Users\Antoi\.cargo\registry\src\index.crates.io-1949cf8c6b5b557f\bevy_ecs-0.18.1\src\system\function_system.rs,52,63463512,0.049331,27079,2343,185,2126563,31250.358700
plugin cleanup{plugin="forgia_ui::ForgiaUiPlugin"},C:\Users\Antoi\.cargo\registry\src\index.crates.io-1949cf8c6b5b557f\bevy_app-0.18.1\src\app.rs,292,56,0.000000,1,56,56,56,0.000000
schedule{name=PreUpdate},C:\Users\Antoi\.cargo\registry\src\index.crates.io-1949cf8c6b5b557f\bevy_ecs-0.18.1\src\schedule\schedule.rs,532,8485198166,6.595612,27079,313349,159793,4411043,130416.794658
system_commands{name="bevy_camera::visibility::calculate_bounds"},C:\Users\Antoi\.cargo\registry\src\index.crates.io-1949cf8c6b5b557f\bevy_ecs-0.18.1\src\system\function_system.rs,54,3468781,0.002696,27079,128,50,114257,1258.843679
system{name="bevy_winit::accessibility::window_closed"},C:\Users\Antoi\.cargo\registry\src\index.crates.io-1949cf8c6b5b557f\bevy_ecs-0.18.1\src\system\function_system.rs,52,12279897,0.009545,27079,453,157,116688,1599.847199
plugin build{plugin="bevy_diagnostic::frame_count_diagnostics_plugin::FrameCountPlugin"},C:\Users\Antoi\.cargo\registry\src\index.crates.io-1949cf8c6b5b557f\bevy_app-0.18.1\src\app.rs,529,41040,0.000032,1,41040,41040,41040,0.000000
function_scope{egui::layers::GraphicLayers::drain},C:\Users\Antoi\.cargo\registry\src\index.crates.io-1949cf8c6b5b557f\egui-0.33.3\src\layers.rs,224,230912780,0.179490,27079,8527,587,136176,4446.262803
system{name="bevy_pbr::material::add_material_bind_group_allocator<bevy_pbr::pbr_material::StandardMaterial>"},C:\Users\Antoi\.cargo\registry\src\index.crates.io-1949cf8c6b5b557f\bevy_ecs-0.18.1\src\system\function_system.rs,52,39919,0.000031,1,39919,39919,39919,0.000000
plugin build{plugin="forgia_mode_roguelite::meta_shop::MetaShopPlugin"},C:\Users\Antoi\.cargo\registry\src\index.crates.io-1949cf8c6b5b557f\bevy_app-0.18.1\src\app.rs,529,55731,0.000043,1,55731,55731,55731,0.000000
plugin build{plugin="forgia_mode_roguelite::hub::HubPlugin"},C:\Users\Antoi\.cargo\registry\src\index.crates.io-1949cf8c6b5b557f\bevy_app-0.18.1\src\app.rs,529,21718,0.000017,1,21718,21718,21718,0.000000
system{name="bevy_egui::input::write_ime_messages_system"},C:\Users\Antoi\.cargo\registry\src\index.crates.io-1949cf8c6b5b557f\bevy_ecs-0.18.1\src\system\function_system.rs,52,11367868,0.008836,27079,419,148,86471,756.584179
plugin cleanup{plugin="bevy_audio::AudioPlugin"},C:\Users\Antoi\.cargo\registry\src\index.crates.io-1949cf8c6b5b557f\bevy_app-0.18.1\src\app.rs,292,56,0.000000,1,56,56,56,0.000000
winit event_handler,C:\Users\Antoi\.cargo\registry\src\index.crates.io-1949cf8c6b5b557f\bevy_winit-0.18.1\src\state.rs,151,10393135,0.008079,27340,380,59,6041,210.863641
system{name="forgia_mode_roguelite::merchant::sys_write_merchant_sensor"},C:\Users\Antoi\.cargo\registry\src\index.crates.io-1949cf8c6b5b557f\bevy_ecs-0.18.1\src\system\function_system.rs,52,6647135,0.005167,27079,245,79,137584,959.963816
system{name="forgia_viewmodel::pose::update_ads_progress"},C:\Users\Antoi\.cargo\registry\src\index.crates.io-1949cf8c6b5b557f\bevy_ecs-0.18.1\src\system\function_system.rs,52,11726467,0.009115,25752,455,119,33719,333.858870
system{name="bevy_sprite_render::render::extract_sprites"},C:\Users\Antoi\.cargo\registry\src\index.crates.io-1949cf8c6b5b557f\bevy_ecs-0.18.1\src\system\function_system.rs,52,21600773,0.016790,27079,797,263,21047,382.573715
plugin build{plugin="bevy_pbr::material::MaterialPlugin<bevy_pbr::pbr_material::StandardMaterial>"},C:\Users\Antoi\.cargo\registry\src\index.crates.io-1949cf8c6b5b557f\bevy_app-0.18.1\src\app.rs,529,109799,0.000085,1,109799,109799,109799,0.000000
plugin finish{plugin="bevy_anti_alias::fxaa::FxaaPlugin"},C:\Users\Antoi\.cargo\registry\src\index.crates.io-1949cf8c6b5b557f\bevy_app-0.18.1\src\app.rs,272,55,0.000000,1,55,55,55,0.000000
system_commands{name="bevy_water::water::setup_water"},C:\Users\Antoi\.cargo\registry\src\index.crates.io-1949cf8c6b5b557f\bevy_ecs-0.18.1\src\system\function_system.rs,54,185000,0.000144,1,185000,185000,185000,0.000000
plugin cleanup{plugin="bevy_pbr::deferred::DeferredPbrLightingPlugin"},C:\Users\Antoi\.cargo\registry\src\index.crates.io-1949cf8c6b5b557f\bevy_app-0.18.1\src\app.rs,292,57,0.000000,1,57,57,57,0.000000
asset loading{loader="bevy_image::image_loader::ImageLoader" asset="ui/menu_video/frame_0041.webp"},C:\Users\Antoi\.cargo\registry\src\index.crates.io-1949cf8c6b5b557f\bevy_asset-0.18.1\src\server\loaders.rs,332,15845227,0.012317,7,2263603,171,15815695,5975911.958125
system{name="forgia_mode_roguelite::parcours_obstacles::sys_init_obstacle_genome"},C:\Users\Antoi\.cargo\registry\src\index.crates.io-1949cf8c6b5b557f\bevy_ecs-0.18.1\src\system\function_system.rs,52,249520,0.000194,1,249520,249520,249520,0.000000
system{name="bevy_post_process::dof::prepare_depth_of_field_pipelines"},C:\Users\Antoi\.cargo\registry\src\index.crates.io-1949cf8c6b5b557f\bevy_ecs-0.18.1\src\system\function_system.rs,52,14725767,0.011446,27078,543,170,40158,367.302297
system{name="bevy_gizmos::propagate_gizmos<bevy_gizmos::config::DefaultGizmoConfigGroup, bevy_time::fixed::Fixed>"},C:\Users\Antoi\.cargo\registry\src\index.crates.io-1949cf8c6b5b557f\bevy_ecs-0.18.1\src\system\function_system.rs,52,4799190,0.003730,27079,177,61,42551,356.908057
plugin finish{plugin="bevy_core_pipeline::oit::resolve::OitResolvePlugin"},C:\Users\Antoi\.cargo\registry\src\index.crates.io-1949cf8c6b5b557f\bevy_app-0.18.1\src\app.rs,272,18707,0.000015,1,18707,18707,18707,0.000000
plugin cleanup{plugin="forgia_mode_roguelite::kill_popup::RogueliteKillPopupPlugin"},C:\Users\Antoi\.cargo\registry\src\index.crates.io-1949cf8c6b5b557f\bevy_app-0.18.1\src\app.rs,292,57,0.000000,1,57,57,57,0.000000
system_commands{name="bevy_pbr::atmosphere::environment::prepare_atmosphere_probe_components"},C:\Users\Antoi\.cargo\registry\src\index.crates.io-1949cf8c6b5b557f\bevy_ecs-0.18.1\src\system\function_system.rs,54,2546905,0.001980,27079,94,51,3375,38.308988
plugin finish{plugin="forgia_effects::hitmarker::ForgiaHitmarkerPlugin"},C:\Users\Antoi\.cargo\registry\src\index.crates.io-1949cf8c6b5b557f\bevy_app-0.18.1\src\app.rs,272,74,0.000000,1,74,74,74,0.000000
plugin finish{plugin="forgia_mode_roguelite::pipeline_warmup::PipelineWarmupPlugin"},C:\Users\Antoi\.cargo\registry\src\index.crates.io-1949cf8c6b5b557f\bevy_app-0.18.1\src\app.rs,272,55,0.000000,1,55,55,55,0.000000
system_commands{name="forgia_mode_roguelite::element_vfx::sys_spawn_element_impact"},C:\Users\Antoi\.cargo\registry\src\index.crates.io-1949cf8c6b5b557f\bevy_ecs-0.18.1\src\system\function_system.rs,54,2190677,0.001703,25752,85,50,11037,196.084628
system{name="bevy_core_pipeline::core_2d::extract_core_2d_camera_phases"},C:\Users\Antoi\.cargo\registry\src\index.crates.io-1949cf8c6b5b557f\bevy_ecs-0.18.1\src\system\function_system.rs,52,33065334,0.025702,27079,1221,437,54813,682.600857
plugin cleanup{plugin="bevy_sprite_render::SpriteRenderPlugin"},C:\Users\Antoi\.cargo\registry\src\index.crates.io-1949cf8c6b5b557f\bevy_app-0.18.1\src\app.rs,292,56,0.000000,1,56,56,56,0.000000
system{name="bevy_kira_audio::audio_output::update_instance_states<forgia_audio::MusicChannel>"},C:\Users\Antoi\.cargo\registry\src\index.crates.io-1949cf8c6b5b557f\bevy_ecs-0.18.1\src\system\function_system.rs,52,23942004,0.018610,27079,884,119,131948,1426.036309
plugin cleanup{plugin="bevy_core_pipeline::skybox::SkyboxPlugin"},C:\Users\Antoi\.cargo\registry\src\index.crates.io-1949cf8c6b5b557f\bevy_app-0.18.1\src\app.rs,292,52,0.000000,1,52,52,52,0.000000
node{name="bevy_render::render_graph::node::ViewNodeRunner<bevy_core_pipeline::core_2d::main_transparent_pass_2d_node::MainTransparentPass2dNode>"},C:\Users\Antoi\.cargo\registry\src\index.crates.io-1949cf8c6b5b557f\bevy_render-0.18.1\src\renderer\graph_runner.rs,240,17400330,0.013525,27078,642,363,53415,457.791246
system_commands{name="forgia_mode_roguelite::poi::sys_clear_poi_on_run_start"},C:\Users\Antoi\.cargo\registry\src\index.crates.io-1949cf8c6b5b557f\bevy_ecs-0.18.1\src\system\function_system.rs,54,2493982,0.001939,25752,96,50,123829,981.850797
plugin build{plugin="bevy_render::extract_component::ExtractComponentPlugin<bevy_core_pipeline::oit::OrderIndependentTransparencySettings>"},C:\Users\Antoi\.cargo\registry\src\index.crates.io-1949cf8c6b5b557f\bevy_app-0.18.1\src\app.rs,529,7791,0.000006,1,7791,7791,7791,0.000000
plugin cleanup{plugin="bevy_render::extract_component::UniformComponentPlugin<bevy_pbr::atmosphere::resources::GpuAtmosphere>"},C:\Users\Antoi\.cargo\registry\src\index.crates.io-1949cf8c6b5b557f\bevy_app-0.18.1\src\app.rs,292,55,0.000000,1,55,55,55,0.000000
system_commands{name="bevy_anti_alias::smaa::init_smaa_pipelines"},C:\Users\Antoi\.cargo\registry\src\index.crates.io-1949cf8c6b5b557f\bevy_ecs-0.18.1\src\system\function_system.rs,54,2766,0.000002,1,2766,2766,2766,0.000000
plugin finish{plugin="forgia_stage::graph::ForgiaStageGraphPlugin"},C:\Users\Antoi\.cargo\registry\src\index.crates.io-1949cf8c6b5b557f\bevy_app-0.18.1\src\app.rs,272,55,0.000000,1,55,55,55,0.000000
plugin finish{plugin="bevy_gizmos_render::GizmoRenderPlugin"},C:\Users\Antoi\.cargo\registry\src\index.crates.io-1949cf8c6b5b557f\bevy_app-0.18.1\src\app.rs,272,55,0.000000,1,55,55,55,0.000000
system_commands{name="forgia_mode_roguelite::shockwave::sys_apply_knockback"},C:\Users\Antoi\.cargo\registry\src\index.crates.io-1949cf8c6b5b557f\bevy_ecs-0.18.1\src\system\function_system.rs,54,2098250,0.001631,25752,81,50,103051,896.183708
plugin finish{plugin="forgia_mode_roguelite::boucherie_rocket::BoucherieRocketPlugin"},C:\Users\Antoi\.cargo\registry\src\index.crates.io-1949cf8c6b5b557f\bevy_app-0.18.1\src\app.rs,272,55,0.000000,1,55,55,55,0.000000
system_commands{name="forgia_ui_lib::damage_direction::tuning::load_damage_dir_tuning"},C:\Users\Antoi\.cargo\registry\src\index.crates.io-1949cf8c6b5b557f\bevy_ecs-0.18.1\src\system\function_system.rs,54,7128,0.000006,1,7128,7128,7128,0.000000
system{name="bevy_render::extract_resource::extract_resource<bevy_egui::render::systems::ExtractedEguiManagedTextures>"},C:\Users\Antoi\.cargo\registry\src\index.crates.io-1949cf8c6b5b557f\bevy_ecs-0.18.1\src\system\function_system.rs,52,10699752,0.008317,27079,395,79,25240,496.690936
plugin finish{plugin="bevy_gizmos::GizmoPlugin"},C:\Users\Antoi\.cargo\registry\src\index.crates.io-1949cf8c6b5b557f\bevy_app-0.18.1\src\app.rs,272,56,0.000000,1,56,56,56,0.000000
plugin build{plugin="bevy_ui::UiPlugin"},C:\Users\Antoi\.cargo\registry\src\index.crates.io-1949cf8c6b5b557f\bevy_app-0.18.1\src\app.rs,529,410279,0.000319,1,410279,410279,410279,0.000000
system{name="forgia_mode_roguelite::defense::sys_init_defense_genome"},C:\Users\Antoi\.cargo\registry\src\index.crates.io-1949cf8c6b5b557f\bevy_ecs-0.18.1\src\system\function_system.rs,52,4432375,0.003445,1,4432375,4432375,4432375,0.000000
plugin finish{plugin="bevy_render::sync_component::SyncComponentPlugin<bevy_render::experimental::occlusion_culling::OcclusionCulling>"},C:\Users\Antoi\.cargo\registry\src\index.crates.io-1949cf8c6b5b557f\bevy_app-0.18.1\src\app.rs,272,55,0.000000,1,55,55,55,0.000000
plugin build{plugin="bevy_water::water::material::WaterMaterialPlugin"},C:\Users\Antoi\.cargo\registry\src\index.crates.io-1949cf8c6b5b557f\bevy_app-0.18.1\src\app.rs,529,815166,0.000634,1,815166,815166,815166,0.000000
handle_user_changes_on_colliders,C:\Users\Antoi\.cargo\registry\src\index.crates.io-1949cf8c6b5b557f\rapier3d-0.31.0\src\geometry\narrow_phase.rs,428,2877137,0.002236,7925,363,54,29552,378.913065
asset loading{loader="bevy_image::image_loader::ImageLoader" asset="ui/menu_video/frame_0038.webp"},C:\Users\Antoi\.cargo\registry\src\index.crates.io-1949cf8c6b5b557f\bevy_asset-0.18.1\src\server\loaders.rs,332,15275358,0.011874,6,2545893,135,15243484,6220525.432716
asset loading{loader="bevy_image::image_loader::ImageLoader" asset="textures/vfx/kenney/twirl_01.png"},C:\Users\Antoi\.cargo\registry\src\index.crates.io-1949cf8c6b5b557f\bevy_asset-0.18.1\src\server\loaders.rs,332,549475,0.000427,4,137368,98,536316,265994.220193
plugin cleanup{plugin="forgia_ui_lib::theme::ForgeThemePlugin"},C:\Users\Antoi\.cargo\registry\src\index.crates.io-1949cf8c6b5b557f\bevy_app-0.18.1\src\app.rs,292,71,0.000000,1,71,71,71,0.000000
asset loading{loader="bevy_shader::shader::ShaderLoader" asset="embedded://bevy_pbr\\atmosphere\\sky_view_lut.wgsl"},C:\Users\Antoi\.cargo\registry\src\index.crates.io-1949cf8c6b5b557f\bevy_asset-0.18.1\src\server\loaders.rs,332,64666,0.000050,2,32333,74,64592,45621.115309
plugin finish{plugin="forgia_effects::mesh_fader::MeshFaderPlugin"},C:\Users\Antoi\.cargo\registry\src\index.crates.io-1949cf8c6b5b557f\bevy_app-0.18.1\src\app.rs,272,52,0.000000,1,52,52,52,0.000000
system{name="forgia_observability::migration_baseline::sys_capture_and_compare_baseline"},C:\Users\Antoi\.cargo\registry\src\index.crates.io-1949cf8c6b5b557f\bevy_ecs-0.18.1\src\system\function_system.rs,52,23710297,0.018430,27079,875,281,698551,4557.682569
plugin cleanup{plugin="forgia_juice_lib::knockback::ForgiaJuiceKnockbackPlugin"},C:\Users\Antoi\.cargo\registry\src\index.crates.io-1949cf8c6b5b557f\bevy_app-0.18.1\src\app.rs,292,57,0.000000,1,57,57,57,0.000000
system_commands{name="bevy_ui_render::extract_text_sections"},C:\Users\Antoi\.cargo\registry\src\index.crates.io-1949cf8c6b5b557f\bevy_ecs-0.18.1\src\system\function_system.rs,54,3147934,0.002447,27078,116,50,15540,102.868993
system{name="forgia_mode_roguelite::boucherie_rocket::sys_spawn_rockets"},C:\Users\Antoi\.cargo\registry\src\index.crates.io-1949cf8c6b5b557f\bevy_ecs-0.18.1\src\system\function_system.rs,52,12029839,0.009351,25752,467,134,76096,536.637861
plugin cleanup{plugin="bevy_anti_alias::taa::TemporalAntiAliasPlugin"},C:\Users\Antoi\.cargo\registry\src\index.crates.io-1949cf8c6b5b557f\bevy_app-0.18.1\src\app.rs,292,52,0.000000,1,52,52,52,0.000000
asset loading{loader="bevy_image::image_loader::ImageLoader" asset="ui/menu_video/frame_0015.webp"},C:\Users\Antoi\.cargo\registry\src\index.crates.io-1949cf8c6b5b557f\bevy_asset-0.18.1\src\server\loaders.rs,332,14603474,0.011351,6,2433912,175,14569945,5945420.357163
system{name="forgia_mode_roguelite::identity::sys_write_identity_sensor"},C:\Users\Antoi\.cargo\registry\src\index.crates.io-1949cf8c6b5b557f\bevy_ecs-0.18.1\src\system\function_system.rs,52,7008266,0.005448,27079,258,89,138457,1118.872688
system{name="bevy_asset::assets::Assets<forgia_genome_core::Genome<forgia_fps::FpsTuning>>::track_assets"},C:\Users\Antoi\.cargo\registry\src\index.crates.io-1949cf8c6b5b557f\bevy_ecs-0.18.1\src\system\function_system.rs,52,25301581,0.019667,27079,934,103,1559243,11394.895593
system{name="bevy_egui::input::write_non_window_pointer_moved_messages_system"},C:\Users\Antoi\.cargo\registry\src\index.crates.io-1949cf8c6b5b557f\bevy_ecs-0.18.1\src\system\function_system.rs,52,6784879,0.005274,27079,250,105,77485,481.280289
plugin finish{plugin="bevy_anti_alias::smaa::SmaaPlugin"},C:\Users\Antoi\.cargo\registry\src\index.crates.io-1949cf8c6b5b557f\bevy_app-0.18.1\src\app.rs,272,54,0.000000,1,54,54,54,0.000000
system{name="bevy_egui::capture_pointer_input_system"},C:\Users\Antoi\.cargo\registry\src\index.crates.io-1949cf8c6b5b557f\bevy_ecs-0.18.1\src\system\function_system.rs,52,99710322,0.077506,27079,3682,305,169365,2930.137901
asset loading{loader="bevy_gltf::loader::GltfLoader" asset="models/environment/inferno/Coin_001.glb"},C:\Users\Antoi\.cargo\registry\src\index.crates.io-1949cf8c6b5b557f\bevy_asset-0.18.1\src\server\loaders.rs,332,2360855,0.001835,25,94434,69,590695,204306.321299
system{name="bevy_hanabi::render::prepare_bind_groups"},C:\Users\Antoi\.cargo\registry\src\index.crates.io-1949cf8c6b5b557f\bevy_ecs-0.18.1\src\system\function_system.rs,52,1374543631,1.068444,27078,50762,150,602373,24485.139157
system_commands{name="bevy_post_process::motion_blur::pipeline::init_motion_blur_pipeline"},C:\Users\Antoi\.cargo\registry\src\index.crates.io-1949cf8c6b5b557f\bevy_ecs-0.18.1\src\system\function_system.rs,54,2684,0.000002,1,2684,2684,2684,0.000000
system{name="forgia_mode_roguelite::boucherie_rocket::sys_count_kills"},C:\Users\Antoi\.cargo\registry\src\index.crates.io-1949cf8c6b5b557f\bevy_ecs-0.18.1\src\system\function_system.rs,52,4028563,0.003131,25752,156,72,23910,161.379443
system{name="forgia_mode_roguelite::hud::draw_stage_notification"},C:\Users\Antoi\.cargo\registry\src\index.crates.io-1949cf8c6b5b557f\bevy_ecs-0.18.1\src\system\function_system.rs,52,4276124,0.003324,27079,157,56,29156,199.564844
system{name="bevy_picking::input::PointerInputSettings::is_mouse_enabled"},C:\Users\Antoi\.cargo\registry\src\index.crates.io-1949cf8c6b5b557f\bevy_ecs-0.18.1\src\system\function_system.rs,52,3261435,0.002535,27079,120,58,4668,101.241578
plugin build{plugin="forgia_secondary_motion::ForgiaSecondaryMotionPlugin"},C:\Users\Antoi\.cargo\registry\src\index.crates.io-1949cf8c6b5b557f\bevy_app-0.18.1\src\app.rs,529,32571,0.000025,1,32571,32571,32571,0.000000
non_indexed_batch_sets,C:\Users\Antoi\.cargo\registry\src\index.crates.io-1949cf8c6b5b557f\bevy_render-0.18.1\src\batching\gpu_preprocessing.rs,2161,28361998,0.022046,243702,116,47,153084,473.757722
plugin build{plugin="bevy_render::sync_component::SyncComponentPlugin<bevy_core_pipeline::skybox::Skybox>"},C:\Users\Antoi\.cargo\registry\src\index.crates.io-1949cf8c6b5b557f\bevy_app-0.18.1\src\app.rs,529,1847,0.000001,1,1847,1847,1847,0.000000
node{name="bevy_pbr::light_probe::generate::FilteringNode"},C:\Users\Antoi\.cargo\registry\src\index.crates.io-1949cf8c6b5b557f\bevy_render-0.18.1\src\renderer\graph_runner.rs,240,14987090,0.011650,54156,276,88,42627,322.484252
plugin finish{plugin="bevy_pbr::render::mesh::MeshRenderPlugin"},C:\Users\Antoi\.cargo\registry\src\index.crates.io-1949cf8c6b5b557f\bevy_app-0.18.1\src\app.rs,272,908476,0.000706,1,908476,908476,908476,0.000000
system{name="bevy_app::propagate::on_r_inserted<bevy_ui::ui_node::ComputedUiRenderTargetInfo, (), bevy_ecs::hierarchy::ChildOf>"},C:\Users\Antoi\.cargo\registry\src\index.crates.io-1949cf8c6b5b557f\bevy_ecs-0.18.1\src\system\function_system.rs,52,503071,0.000391,3940,127,60,7756,312.997793
asset loading{loader="bevy_shader::shader::ShaderLoader" asset="embedded://bevy_core_pipeline\\skybox\\skybox.wgsl"},C:\Users\Antoi\.cargo\registry\src\index.crates.io-1949cf8c6b5b557f\bevy_asset-0.18.1\src\server\loaders.rs,332,108997,0.000085,2,54498,63,108934,76983.422378
asset loading{loader="bevy_gltf::loader::GltfLoader" asset="models/environment/inferno/Mound_005.glb"},C:\Users\Antoi\.cargo\registry\src\index.crates.io-1949cf8c6b5b557f\bevy_asset-0.18.1\src\server\loaders.rs,332,6346176,0.004933,4,1586544,183,6334626,3165389.883793
system{name="bevy_core_pipeline::core_3d::prepare_core_3d_transmission_textures"},C:\Users\Antoi\.cargo\registry\src\index.crates.io-1949cf8c6b5b557f\bevy_ecs-0.18.1\src\system\function_system.rs,52,30590521,0.023778,27078,1129,331,70283,735.960792
plugin finish{plugin="bevy_render::sync_component::SyncComponentPlugin<bevy_core_pipeline::oit::OrderIndependentTransparencySettings>"},C:\Users\Antoi\.cargo\registry\src\index.crates.io-1949cf8c6b5b557f\bevy_app-0.18.1\src\app.rs,272,71,0.000000,1,71,71,71,0.000000
system{name="bevy_render::render_phase::sweep_old_entities<bevy_core_pipeline::core_2d::AlphaMask2d>"},C:\Users\Antoi\.cargo\registry\src\index.crates.io-1949cf8c6b5b557f\bevy_ecs-0.18.1\src\system\function_system.rs,52,10363441,0.008056,27078,382,136,18636,243.413290
system{name="bevy_asset::assets::Assets<bevy_gizmos::GizmoAsset>::asset_events_condition"},C:\Users\Antoi\.cargo\registry\src\index.crates.io-1949cf8c6b5b557f\bevy_ecs-0.18.1\src\system\function_system.rs,52,3937170,0.003060,27079,145,58,14070,113.303404
system{name="forgia_ui_lib::pause_menu::apply_msaa_to_cameras"},C:\Users\Antoi\.cargo\registry\src\index.crates.io-1949cf8c6b5b557f\bevy_ecs-0.18.1\src\system\function_system.rs,52,16921996,0.013154,27079,624,110,76696,585.773650
system_commands{name="bevy_hanabi::render::allocate_effects"},C:\Users\Antoi\.cargo\registry\src\index.crates.io-1949cf8c6b5b557f\bevy_ecs-0.18.1\src\system\function_system.rs,54,5426529,0.004218,27078,200,56,123575,760.074523
plugin cleanup{plugin="bevy_image::image::ImagePlugin"},C:\Users\Antoi\.cargo\registry\src\index.crates.io-1949cf8c6b5b557f\bevy_app-0.18.1\src\app.rs,292,52,0.000000,1,52,52,52,0.000000
system_commands{name="bevy_core_pipeline::core_3d::prepare_core_3d_transmission_textures"},C:\Users\Antoi\.cargo\registry\src\index.crates.io-1949cf8c6b5b557f\bevy_ecs-0.18.1\src\system\function_system.rs,54,2525642,0.001963,27078,93,51,2682,33.796586
system_commands{name="forgia_combat::combat_juice::hit_flash_tick_system"},C:\Users\Antoi\.cargo\registry\src\index.crates.io-1949cf8c6b5b557f\bevy_ecs-0.18.1\src\system\function_system.rs,54,2277158,0.001770,27079,84,51,80629,520.083437
plugin finish{plugin="bevy_render::extract_component::ExtractComponentPlugin<bevy_render::gpu_readback::Readback>"},C:\Users\Antoi\.cargo\registry\src\index.crates.io-1949cf8c6b5b557f\bevy_app-0.18.1\src\app.rs,272,101,0.000000,1,101,101,101,0.000000
asset loading{loader="bevy_shader::shader::ShaderLoader" asset="embedded://bevy_pbr\\ssr\\raymarch.wgsl"},C:\Users\Antoi\.cargo\registry\src\index.crates.io-1949cf8c6b5b557f\bevy_asset-0.18.1\src\server\loaders.rs,332,861402,0.000670,2,430701,80,861322,608990.058443
plugin build{plugin="forgia_rpg_data::loot_tables::ForgiaLootTablesPlugin"},C:\Users\Antoi\.cargo\registry\src\index.crates.io-1949cf8c6b5b557f\bevy_app-0.18.1\src\app.rs,529,12711,0.000010,1,12711,12711,12711,0.000000
schedule{name=First},C:\Users\Antoi\.cargo\registry\src\index.crates.io-1949cf8c6b5b557f\bevy_ecs-0.18.1\src\schedule\schedule.rs,532,1747860004,1.358625,27079,64546,20618,5686219,82954.420015
system{name="forgia_mode_roguelite::weapon_select::sys_weapon_unlock_input"},C:\Users\Antoi\.cargo\registry\src\index.crates.io-1949cf8c6b5b557f\bevy_ecs-0.18.1\src\system\function_system.rs,52,24687,0.000019,91,271,117,751,93.771946
system_commands{name="bevy_anti_alias::smaa::prepare_smaa_textures"},C:\Users\Antoi\.cargo\registry\src\index.crates.io-1949cf8c6b5b557f\bevy_ecs-0.18.1\src\system\function_system.rs,54,2275931,0.001769,27078,84,50,4567,48.247061
asset loading{loader="bevy_image::image_loader::ImageLoader" asset="ui/menu_video/frame_0045.webp"},C:\Users\Antoi\.cargo\registry\src\index.crates.io-1949cf8c6b5b557f\bevy_asset-0.18.1\src\server\loaders.rs,332,15352146,0.011933,6,2558691,152,15316903,6250224.545364
system_commands{name="bevy_pbr::render::mesh_view_bindings::prepare_mesh_view_bind_groups"},C:\Users\Antoi\.cargo\registry\src\index.crates.io-1949cf8c6b5b557f\bevy_ecs-0.18.1\src\system\function_system.rs,54,94164463,0.073195,27078,3477,1746,87498,1358.151806
system{name="bevy_input::keyboard::keyboard_input_system"},C:\Users\Antoi\.cargo\registry\src\index.crates.io-1949cf8c6b5b557f\bevy_ecs-0.18.1\src\system\function_system.rs,52,18930012,0.014714,27079,699,176,85285,690.965709
plugin build{plugin="forgia_stage::ForgiaStageArenaPlugin"},C:\Users\Antoi\.cargo\registry\src\index.crates.io-1949cf8c6b5b557f\bevy_app-0.18.1\src\app.rs,529,480274,0.000373,1,480274,480274,480274,0.000000
asset loading{loader="bevy_image::image_loader::ImageLoader" asset="textures/vfx/kenney/flare_01.png"},C:\Users\Antoi\.cargo\registry\src\index.crates.io-1949cf8c6b5b557f\bevy_asset-0.18.1\src\server\loaders.rs,332,451662,0.000351,4,112915,91,434389,214457.174533
plugin cleanup{plugin="bevy_rapier3d::plugin::plugin::RapierPhysicsPlugin"},C:\Users\Antoi\.cargo\registry\src\index.crates.io-1949cf8c6b5b557f\bevy_app-0.18.1\src\app.rs,292,108,0.000000,1,108,108,108,0.000000
plugin cleanup{plugin="forgia_rpg_data::dialogue::ForgiaDialoguePlugin"},C:\Users\Antoi\.cargo\registry\src\index.crates.io-1949cf8c6b5b557f\bevy_app-0.18.1\src\app.rs,292,53,0.000000,1,53,53,53,0.000000
system{name="bevy_pbr::render::light::remove_light_view_entities"},C:\Users\Antoi\.cargo\registry\src\index.crates.io-1949cf8c6b5b557f\bevy_ecs-0.18.1\src\system\function_system.rs,52,8585,0.000007,32,268,59,2318,533.570293
plugin finish{plugin="bevy_render::extract_component::ExtractComponentPlugin<bevy_post_process::motion_blur::MotionBlur>"},C:\Users\Antoi\.cargo\registry\src\index.crates.io-1949cf8c6b5b557f\bevy_app-0.18.1\src\app.rs,272,59,0.000000,1,59,59,59,0.000000
plugin cleanup{plugin="bevy_render::erased_render_asset::ErasedRenderAssetPlugin<bevy_pbr::mesh_material::MeshMaterial3d<bevy_pbr::pbr_material::StandardMaterial>>"},C:\Users\Antoi\.cargo\registry\src\index.crates.io-1949cf8c6b5b557f\bevy_app-0.18.1\src\app.rs,292,55,0.000000,1,55,55,55,0.000000
plugin build{plugin="forgia_qa_core::plugin::ForgiaQaCorePlugin"},C:\Users\Antoi\.cargo\registry\src\index.crates.io-1949cf8c6b5b557f\bevy_app-0.18.1\src\app.rs,529,48285,0.000038,1,48285,48285,48285,0.000000
system_commands{name="bevy_hanabi::spawn::tick_spawners"},C:\Users\Antoi\.cargo\registry\src\index.crates.io-1949cf8c6b5b557f\bevy_ecs-0.18.1\src\system\function_system.rs,54,2524930,0.001963,27079,93,50,57138,474.158467
system_commands{name="bevy_core_pipeline::skybox::init_skybox_pipeline"},C:\Users\Antoi\.cargo\registry\src\index.crates.io-1949cf8c6b5b557f\bevy_ecs-0.18.1\src\system\function_system.rs,54,388,0.000000,1,388,388,388,0.000000
system{name="bevy_asset::assets::Assets<bevy_sprite_render::tilemap_chunk::tilemap_chunk_material::TilemapChunkMaterial>::asset_events_condition"},C:\Users\Antoi\.cargo\registry\src\index.crates.io-1949cf8c6b5b557f\bevy_ecs-0.18.1\src\system\function_system.rs,52,3484598,0.002709,27079,128,53,150176,916.772023
plugin cleanup{plugin="bevy_ui_render::box_shadow::BoxShadowPlugin"},C:\Users\Antoi\.cargo\registry\src\index.crates.io-1949cf8c6b5b557f\bevy_app-0.18.1\src\app.rs,292,53,0.000000,1,53,53,53,0.000000
plugin finish{plugin="bevy_audio::AudioPlugin"},C:\Users\Antoi\.cargo\registry\src\index.crates.io-1949cf8c6b5b557f\bevy_app-0.18.1\src\app.rs,272,67,0.000000,1,67,67,67,0.000000
plugin finish{plugin="bevy_render::render_phase::SortedRenderPhasePlugin<bevy_core_pipeline::core_3d::Transparent3d, bevy_pbr::render::mesh::MeshPipeline>"},C:\Users\Antoi\.cargo\registry\src\index.crates.io-1949cf8c6b5b557f\bevy_app-0.18.1\src\app.rs,272,57,0.000000,1,57,57,57,0.000000
system{name="bevy_gizmos::update_gizmo_meshes<bevy_gizmos::light::LightGizmoConfigGroup>"},C:\Users\Antoi\.cargo\registry\src\index.crates.io-1949cf8c6b5b557f\bevy_ecs-0.18.1\src\system\function_system.rs,52,6517361,0.005066,27079,240,75,56323,547.238895
asset loading{loader="bevy_shader::shader::ShaderLoader" asset="embedded://bevy_render\\maths.wgsl"},C:\Users\Antoi\.cargo\registry\src\index.crates.io-1949cf8c6b5b557f\bevy_asset-0.18.1\src\server\loaders.rs,332,284350,0.000221,2,142175,104,284246,200918.735020
system_commands{name="bevy_core_pipeline::oit::resolve::prepare_oit_resolve_bind_group"},C:\Users\Antoi\.cargo\registry\src\index.crates.io-1949cf8c6b5b557f\bevy_ecs-0.18.1\src\system\function_system.rs,54,58092056,0.045155,27078,2145,928,69090,920.828488
node{name="bevy_pbr::render::gpu_preprocess::LateGpuPreprocessNode"},C:\Users\Antoi\.cargo\registry\src\index.crates.io-1949cf8c6b5b557f\bevy_render-0.18.1\src\renderer\graph_runner.rs,240,72449337,0.056315,54156,1337,247,86042,1119.995174
plugin finish{plugin="bevy_render::erased_render_asset::ErasedRenderAssetPlugin<bevy_pbr::mesh_material::MeshMaterial3d<bevy_pbr::extended_material::ExtendedMaterial<bevy_pbr::pbr_material::StandardMaterial, bevy_water::water::material::WaterMaterial>>>"},C:\Users\Antoi\.cargo\registry\src\index.crates.io-1949cf8c6b5b557f\bevy_app-0.18.1\src\app.rs,272,19700,0.000015,1,19700,19700,19700,0.000000
system{name="forgia_mode_roguelite::ftue::sys_write_ftue_sensor"},C:\Users\Antoi\.cargo\registry\src\index.crates.io-1949cf8c6b5b557f\bevy_ecs-0.18.1\src\system\function_system.rs,52,4109959,0.003195,27079,151,61,143340,913.343939
system{name="bevy_pbr::material_bind_groups::init_fallback_bindless_resources"},C:\Users\Antoi\.cargo\registry\src\index.crates.io-1949cf8c6b5b557f\bevy_ecs-0.18.1\src\system\function_system.rs,52,35481,0.000028,1,35481,35481,35481,0.000000
plugin cleanup{plugin="forgia_fps::score::ArenaScorePlugin"},C:\Users\Antoi\.cargo\registry\src\index.crates.io-1949cf8c6b5b557f\bevy_app-0.18.1\src\app.rs,292,57,0.000000,1,57,57,57,0.000000
system{name="forgia_fps::lenoir::sys_reset_stats"},C:\Users\Antoi\.cargo\registry\src\index.crates.io-1949cf8c6b5b557f\bevy_ecs-0.18.1\src\system\function_system.rs,52,127,0.000000,1,127,127,127,0.000000
system{name="forgia_audio::sys_apply_user_master_volume"},C:\Users\Antoi\.cargo\registry\src\index.crates.io-1949cf8c6b5b557f\bevy_ecs-0.18.1\src\system\function_system.rs,52,4875716,0.003790,27079,180,73,42141,357.810091
system{name="forgia_damage::load_hit_feedback"},C:\Users\Antoi\.cargo\registry\src\index.crates.io-1949cf8c6b5b557f\bevy_ecs-0.18.1\src\system\function_system.rs,52,23530,0.000018,1,23530,23530,23530,0.000000
system{name="bevy_render::batching::gpu_preprocessing::collect_buffers_for_phase<bevy_core_pipeline::prepass::AlphaMask3dPrepass, bevy_pbr::render::mesh::MeshPipeline>"},C:\Users\Antoi\.cargo\registry\src\index.crates.io-1949cf8c6b5b557f\bevy_ecs-0.18.1\src\system\function_system.rs,52,21179305,0.016463,27078,782,258,156905,1057.392327
asset loading{loader="bevy_image::image_loader::ImageLoader" asset="ui/menu_video/frame_0102.webp"},C:\Users\Antoi\.cargo\registry\src\index.crates.io-1949cf8c6b5b557f\bevy_asset-0.18.1\src\server\loaders.rs,332,14084571,0.010948,6,2347428,93,14048896,5732527.914708
plugin cleanup{plugin="forgia_damage::ForgiaDamagePlugin"},C:\Users\Antoi\.cargo\registry\src\index.crates.io-1949cf8c6b5b557f\bevy_app-0.18.1\src\app.rs,292,55,0.000000,1,55,55,55,0.000000
plugin build{plugin="forgia_effects::pipeline_ready::PipelinesReadyPlugin"},C:\Users\Antoi\.cargo\registry\src\index.crates.io-1949cf8c6b5b557f\bevy_app-0.18.1\src\app.rs,529,47414,0.000037,1,47414,47414,47414,0.000000
system_commands{name="bevy_state::state_scoped::despawn_entities_on_enter_state<forgia_mode_roguelite::run::RunState>"},C:\Users\Antoi\.cargo\registry\src\index.crates.io-1949cf8c6b5b557f\bevy_ecs-0.18.1\src\system\function_system.rs,54,1632177,0.001269,27080,60,50,3798,35.449449
plugin build{plugin="bevy_render::sync_component::SyncComponentPlugin<bevy_camera::components::Camera2d>"},C:\Users\Antoi\.cargo\registry\src\index.crates.io-1949cf8c6b5b557f\bevy_app-0.18.1\src\app.rs,529,4615,0.000004,1,4615,4615,4615,0.000000
system{name="bevy_egui::input_system_is_enabled<<bevy_egui::EguiPlugin as bevy_app::plugin::Plugin>::build::{{closure}}>::{{closure}}"},C:\Users\Antoi\.cargo\registry\src\index.crates.io-1949cf8c6b5b557f\bevy_ecs-0.18.1\src\system\function_system.rs,52,25957583,0.020177,270790,95,52,87598,353.353636
system{name="forgia_worldgen::debug_viz::sys_layout_gizmos"},C:\Users\Antoi\.cargo\registry\src\index.crates.io-1949cf8c6b5b557f\bevy_ecs-0.18.1\src\system\function_system.rs,52,14369950,0.011170,25752,558,164,30097,295.107702
asset loading{loader="bevy_shader::shader::ShaderLoader" asset="embedded://bevy_sprite_render\\mesh2d\\mesh2d_view_bindings.wgsl"},C:\Users\Antoi\.cargo\registry\src\index.crates.io-1949cf8c6b5b557f\bevy_asset-0.18.1\src\server\loaders.rs,332,27791,0.000022,2,13895,76,27715,19543.724338
system_commands{name="bevy_app::propagate::propagate_inherited<bevy_ui::ui_node::ComputedUiRenderTargetInfo, (), bevy_ecs::hierarchy::ChildOf>"},C:\Users\Antoi\.cargo\registry\src\index.crates.io-1949cf8c6b5b557f\bevy_ecs-0.18.1\src\system\function_system.rs,54,10086174,0.007840,27079,372,55,25999,303.032032
asset loading{loader="bevy_image::image_loader::ImageLoader" asset="ui/menu_video/frame_0101.webp"},C:\Users\Antoi\.cargo\registry\src\index.crates.io-1949cf8c6b5b557f\bevy_asset-0.18.1\src\server\loaders.rs,332,13987324,0.010872,7,1998189,179,13954743,5272346.585380
plugin finish{plugin="forgia_viewmodel::attach::ForgiaViewmodelAttachPlugin"},C:\Users\Antoi\.cargo\registry\src\index.crates.io-1949cf8c6b5b557f\bevy_app-0.18.1\src\app.rs,272,55,0.000000,1,55,55,55,0.000000
plugin cleanup{plugin="bevy_core_pipeline::core_3d::Core3dPlugin"},C:\Users\Antoi\.cargo\registry\src\index.crates.io-1949cf8c6b5b557f\bevy_app-0.18.1\src\app.rs,292,55,0.000000,1,55,55,55,0.000000
plugin finish{plugin="bevy_egui::EguiPlugin"},C:\Users\Antoi\.cargo\registry\src\index.crates.io-1949cf8c6b5b557f\bevy_app-0.18.1\src\app.rs,272,163757,0.000127,1,163757,163757,163757,0.000000
system{name="forgia_ui_lib::hud::energy::draw_energy_label_overlay"},C:\Users\Antoi\.cargo\registry\src\index.crates.io-1949cf8c6b5b557f\bevy_ecs-0.18.1\src\system\function_system.rs,52,97722996,0.075961,26988,3620,71,302112,2731.583736
system{name="bevy_ecs::schedule::condition::common_conditions::resource_exists<forgia_mode_roguelite::enemies::EnemyStatsConfig>"},C:\Users\Antoi\.cargo\registry\src\index.crates.io-1949cf8c6b5b557f\bevy_ecs-0.18.1\src\system\function_system.rs,52,2974985,0.002312,27079,109,55,55220,555.469497
plugin cleanup{plugin="bevy_gizmos::global::GlobalGizmosPlugin"},C:\Users\Antoi\.cargo\registry\src\index.crates.io-1949cf8c6b5b557f\bevy_app-0.18.1\src\app.rs,292,84,0.000000,1,84,84,84,0.000000
node{name="bevy_render::render_graph::node::ViewNodeRunner<bevy_core_pipeline::core_3d::main_opaque_pass_3d_node::MainOpaquePass3dNode>"},C:\Users\Antoi\.cargo\registry\src\index.crates.io-1949cf8c6b5b557f\bevy_render-0.18.1\src\renderer\graph_runner.rs,240,5805012754,4.512282,54156,107190,13568,1813944,92240.987704
system{name="bevy_render::extract_component::extract_components<bevy_camera::camera::CameraMainTextureUsages>"},C:\Users\Antoi\.cargo\registry\src\index.crates.io-1949cf8c6b5b557f\bevy_ecs-0.18.1\src\system\function_system.rs,52,19344887,0.015037,27079,714,244,98910,730.101138
system{name="bevy_asset::assets::Assets<bevy_mesh::mesh::Mesh>::asset_events"},C:\Users\Antoi\.cargo\registry\src\index.crates.io-1949cf8c6b5b557f\bevy_ecs-0.18.1\src\system\function_system.rs,52,97715,0.000076,58,1684,519,13943,2337.268150
system{name="bevy_render::batching::gpu_preprocessing::collect_buffers_for_phase<bevy_core_pipeline::core_3d::Opaque3d, bevy_pbr::render::mesh::MeshPipeline>"},C:\Users\Antoi\.cargo\registry\src\index.crates.io-1949cf8c6b5b557f\bevy_ecs-0.18.1\src\system\function_system.rs,52,42413747,0.032969,27078,1566,722,148490,1273.577942
plugin build{plugin="forgia_ui_lib::hud::player_hp::PlayerHpPlugin"},C:\Users\Antoi\.cargo\registry\src\index.crates.io-1949cf8c6b5b557f\bevy_app-0.18.1\src\app.rs,529,22694,0.000018,1,22694,22694,22694,0.000000
system{name="forgia_mode_roguelite::ultimate_vfx::sys_init_ultimate_vfx_assets"},C:\Users\Antoi\.cargo\registry\src\index.crates.io-1949cf8c6b5b557f\bevy_ecs-0.18.1\src\system\function_system.rs,52,25261,0.000020,1,25261,25261,25261,0.000000
system_commands{name="bevy_anti_alias::taa::extract_taa_settings"},C:\Users\Antoi\.cargo\registry\src\index.crates.io-1949cf8c6b5b557f\bevy_ecs-0.18.1\src\system\function_system.rs,54,24128467,0.018755,27078,891,312,87211,576.945511
system_commands{name="bevy_winit::cursor::update_cursors"},C:\Users\Antoi\.cargo\registry\src\index.crates.io-1949cf8c6b5b557f\bevy_ecs-0.18.1\src\system\function_system.rs,54,2392645,0.001860,27079,88,51,59553,500.910809
plugin build{plugin="bevy_app::task_pool_plugin::TaskPoolPlugin"},C:\Users\Antoi\.cargo\registry\src\index.crates.io-1949cf8c6b5b557f\bevy_app-0.18.1\src\app.rs,529,497944,0.000387,1,497944,497944,497944,0.000000
system{name="bevy_asset::assets::Assets<forgia_genome_core::Genome<forgia_ui_lib::hud::barks::BarkGenome>>::track_assets"},C:\Users\Antoi\.cargo\registry\src\index.crates.io-1949cf8c6b5b557f\bevy_ecs-0.18.1\src\system\function_system.rs,52,25686755,0.019967,27079,948,159,998251,8836.515952
plugin finish{plugin="forgia_mode_roguelite::boss_portal::BossPortalPlugin"},C:\Users\Antoi\.cargo\registry\src\index.crates.io-1949cf8c6b5b557f\bevy_app-0.18.1\src\app.rs,272,55,0.000000,1,55,55,55,0.000000
plugin cleanup{plugin="bevy_render::render_phase::BinnedRenderPhasePlugin<bevy_core_pipeline::prepass::Opaque3dPrepass, bevy_pbr::render::mesh::MeshPipeline>"},C:\Users\Antoi\.cargo\registry\src\index.crates.io-1949cf8c6b5b557f\bevy_app-0.18.1\src\app.rs,292,125,0.000000,1,125,125,125,0.000000
asset loading{loader="bevy_image::image_loader::ImageLoader" asset="ui/menu_video/frame_0115.webp"},C:\Users\Antoi\.cargo\registry\src\index.crates.io-1949cf8c6b5b557f\bevy_asset-0.18.1\src\server\loaders.rs,332,14238519,0.011068,6,2373086,150,14206011,5796927.570256
system_commands{name="forgia_mode_roguelite::loot_room::sys_mark_demo_meshes"},C:\Users\Antoi\.cargo\registry\src\index.crates.io-1949cf8c6b5b557f\bevy_ecs-0.18.1\src\system\function_system.rs,54,2512627,0.001953,25752,97,52,72837,510.277254
system{name="forgia_terrain::terrain_material::init_terrain_material"},C:\Users\Antoi\.cargo\registry\src\index.crates.io-1949cf8c6b5b557f\bevy_ecs-0.18.1\src\system\function_system.rs,52,36765,0.000029,1,36765,36765,36765,0.000000
system{name="<bevy_gizmos::aabb::AabbGizmoPlugin as bevy_app::plugin::Plugin>::build::{{closure}}"},C:\Users\Antoi\.cargo\registry\src\index.crates.io-1949cf8c6b5b557f\bevy_ecs-0.18.1\src\system\function_system.rs,52,15125356,0.011757,27079,558,202,30694,244.230214
asset loading{loader="bevy_image::image_loader::ImageLoader" asset="textures/pbr/jolcham_oak_bark_01/jolcham_oak_bark_01_arm_2k.ktx2"},C:\Users\Antoi\.cargo\registry\src\index.crates.io-1949cf8c6b5b557f\bevy_asset-0.18.1\src\server\loaders.rs,332,101085286,0.078574,4,25271321,311,101071506,50533456.673830
plugin cleanup{plugin="bevy_render::sync_component::SyncComponentPlugin<bevy_render::gpu_readback::Readback>"},C:\Users\Antoi\.cargo\registry\src\index.crates.io-1949cf8c6b5b557f\bevy_app-0.18.1\src\app.rs,292,57,0.000000,1,57,57,57,0.000000
system{name="forgia_mode_roguelite::transform_hierarchy_sensor::sys_write_transform_hierarchy_sensor"},C:\Users\Antoi\.cargo\registry\src\index.crates.io-1949cf8c6b5b557f\bevy_ecs-0.18.1\src\system\function_system.rs,52,23489325,0.018258,25752,912,129,211686,7770.305557
system{name="forgia_fps::hitscan_sensor::write_hitscan_sensor"},C:\Users\Antoi\.cargo\registry\src\index.crates.io-1949cf8c6b5b557f\bevy_ecs-0.18.1\src\system\function_system.rs,52,10705702,0.008322,27079,395,66,86276,3174.266573
system_commands{name="bevy_pbr::light_probe::gather_light_probes<bevy_light::probe::EnvironmentMapLight>"},C:\Users\Antoi\.cargo\registry\src\index.crates.io-1949cf8c6b5b557f\bevy_ecs-0.18.1\src\system\function_system.rs,54,11690800,0.009087,27078,431,161,17877,215.600845
plugin finish{plugin="bevy_render::sync_component::SyncComponentPlugin<forgia_postprocess::toon::ToonSettings>"},C:\Users\Antoi\.cargo\registry\src\index.crates.io-1949cf8c6b5b557f\bevy_app-0.18.1\src\app.rs,272,54,0.000000,1,54,54,54,0.000000
asset loading{loader="bevy_image::image_loader::ImageLoader" asset="ui/menu_video/frame_0139.webp"},C:\Users\Antoi\.cargo\registry\src\index.crates.io-1949cf8c6b5b557f\bevy_asset-0.18.1\src\server\loaders.rs,332,14456966,0.011238,6,2409494,82,14419615,5883736.006928
plugin build{plugin="bevy_core_pipeline::blit::BlitPlugin"},C:\Users\Antoi\.cargo\registry\src\index.crates.io-1949cf8c6b5b557f\bevy_app-0.18.1\src\app.rs,529,15690,0.000012,1,15690,15690,15690,0.000000
par_for_each{query="(&bevy_transform::components::transform::Transform, &mut bevy_transform::components::global_transform::GlobalTransform)" filter="(bevy_ecs::query::filter::Or<(bevy_ecs::query::filter::Changed<bevy_transform::components::transform::Transform>, bevy_ecs::query::filter::Added<bevy_transform::components::global_transform::GlobalTransform>)>, bevy_ecs::query::filter::Without<bevy_ecs::hierarchy::ChildOf>, bevy_ecs::query::filter::Without<bevy_ecs::hierarchy::Children>)"},C:\Users\Antoi\.cargo\registry\src\index.crates.io-1949cf8c6b5b557f\bevy_ecs-0.18.1\src\query\state.rs,246,454710543,0.353450,1816814,250,54,137552,426.362141
plugin build{plugin="bevy_render::batching::gpu_preprocessing::BatchingPlugin"},C:\Users\Antoi\.cargo\registry\src\index.crates.io-1949cf8c6b5b557f\bevy_app-0.18.1\src\app.rs,529,14940,0.000012,1,14940,14940,14940,0.000000
plugin finish{plugin="bevy_core_pipeline::upscaling::UpscalingPlugin"},C:\Users\Antoi\.cargo\registry\src\index.crates.io-1949cf8c6b5b557f\bevy_app-0.18.1\src\app.rs,272,68,0.000000,1,68,68,68,0.000000
asset loading{loader="bevy_gltf::loader::GltfLoader" asset="models/environment/inferno/RockBig_004.glb"},C:\Users\Antoi\.cargo\registry\src\index.crates.io-1949cf8c6b5b557f\bevy_asset-0.18.1\src\server\loaders.rs,332,6294902,0.004893,4,1573725,2315,6278833,3136739.308051
schedule{name=FixedUpdate},C:\Users\Antoi\.cargo\registry\src\index.crates.io-1949cf8c6b5b557f\bevy_ecs-0.18.1\src\schedule\schedule.rs,532,3823815762,2.972282,7925,482500,158167,20698485,311944.028248
plugin build{plugin="forgia_mode_roguelite::forge_shop::RogueliteForgeShopPlugin"},C:\Users\Antoi\.cargo\registry\src\index.crates.io-1949cf8c6b5b557f\bevy_app-0.18.1\src\app.rs,529,24229,0.000019,1,24229,24229,24229,0.000000
plugin build{plugin="bevy_render::sync_component::SyncComponentPlugin<bevy_light::ambient_light::AmbientLight>"},C:\Users\Antoi\.cargo\registry\src\index.crates.io-1949cf8c6b5b557f\bevy_app-0.18.1\src\app.rs,529,6354,0.000005,1,6354,6354,6354,0.000000
plugin build{plugin="bevy_render::sync_component::SyncComponentPlugin<bevy_light::spot_light::SpotLight>"},C:\Users\Antoi\.cargo\registry\src\index.crates.io-1949cf8c6b5b557f\bevy_app-0.18.1\src\app.rs,529,27318,0.000021,1,27318,27318,27318,0.000000
main app,C:\Users\Antoi\.cargo\registry\src\index.crates.io-1949cf8c6b5b557f\bevy_app-0.18.1\src\sub_app.rs,516,91123154744,70.830752,27079,3365085,1560593,88129153,1588764.576640
plugin build{plugin="bevy_gltf::GltfPlugin"},C:\Users\Antoi\.cargo\registry\src\index.crates.io-1949cf8c6b5b557f\bevy_app-0.18.1\src\app.rs,529,190636,0.000148,1,190636,190636,190636,0.000000
asset loading{loader="bevy_gltf::loader::GltfLoader" asset="models/environment/platformer/one_file_assets.glb"},C:\Users\Antoi\.cargo\registry\src\index.crates.io-1949cf8c6b5b557f\bevy_asset-0.18.1\src\server\loaders.rs,332,135735607,0.105508,5,27147121,81,135730002,60699675.584511
system{name="bevy_render::batching::gpu_preprocessing::batch_and_prepare_binned_render_phase<bevy_core_pipeline::prepass::Opaque3dPrepass, bevy_pbr::render::mesh::MeshPipeline>"},C:\Users\Antoi\.cargo\registry\src\index.crates.io-1949cf8c6b5b557f\bevy_ecs-0.18.1\src\system\function_system.rs,52,16115484,0.012527,27078,595,260,96695,787.827431
system{name="bevy_rapier3d::plugin::systems::rigid_body::apply_rigid_body_user_changes"},C:\Users\Antoi\.cargo\registry\src\index.crates.io-1949cf8c6b5b557f\bevy_ecs-0.18.1\src\system\function_system.rs,52,46242445,0.035945,7925,5835,198,128845,2757.710683
asset loading{loader="bevy_image::image_loader::ImageLoader" asset="textures/vfx/kenney/muzzle_03.png"},C:\Users\Antoi\.cargo\registry\src\index.crates.io-1949cf8c6b5b557f\bevy_asset-0.18.1\src\server\loaders.rs,332,499670,0.000388,4,124917,106,480529,237147.860330
plugin cleanup{plugin="bevy_render::sync_component::SyncComponentPlugin<bevy_pbr::fog::DistanceFog>"},C:\Users\Antoi\.cargo\registry\src\index.crates.io-1949cf8c6b5b557f\bevy_app-0.18.1\src\app.rs,292,54,0.000000,1,54,54,54,0.000000
system_commands{name="bevy_pbr::cluster::prepare_clusters"},C:\Users\Antoi\.cargo\registry\src\index.crates.io-1949cf8c6b5b557f\bevy_ecs-0.18.1\src\system\function_system.rs,54,190797604,0.148308,27078,7046,3474,203344,2667.386740
plugin build{plugin="forgia_ui_lib::hud::barks::WeaponBarksPlugin"},C:\Users\Antoi\.cargo\registry\src\index.crates.io-1949cf8c6b5b557f\bevy_app-0.18.1\src\app.rs,529,92141,0.000072,1,92141,92141,92141,0.000000
system{name="bevy_core_pipeline::skybox::prepare_skybox_pipelines"},C:\Users\Antoi\.cargo\registry\src\index.crates.io-1949cf8c6b5b557f\bevy_ecs-0.18.1\src\system\function_system.rs,52,26004986,0.020214,27078,960,290,1053391,6470.261918
plugin cleanup{plugin="forgia_mode_roguelite::mushrooms::ForgiaRogueliteMushroomsPlugin"},C:\Users\Antoi\.cargo\registry\src\index.crates.io-1949cf8c6b5b557f\bevy_app-0.18.1\src\app.rs,292,62,0.000000,1,62,62,62,0.000000
asset loading{loader="bevy_image::image_loader::ImageLoader" asset="ui/menu_video/frame_0043.webp"},C:\Users\Antoi\.cargo\registry\src\index.crates.io-1949cf8c6b5b557f\bevy_asset-0.18.1\src\server\loaders.rs,332,15121499,0.011754,6,2520249,128,15088190,6157009.838831
system_commands{name="bevy_core_pipeline::skybox::prepass::prepare_skybox_prepass_pipelines"},C:\Users\Antoi\.cargo\registry\src\index.crates.io-1949cf8c6b5b557f\bevy_ecs-0.18.1\src\system\function_system.rs,54,2368240,0.001841,27078,87,50,43293,312.931523
plugin finish{plugin="forgia_viewmodel::calibration_sensor::ForgiaViewmodelCalibrationPlugin"},C:\Users\Antoi\.cargo\registry\src\index.crates.io-1949cf8c6b5b557f\bevy_app-0.18.1\src\app.rs,272,52,0.000000,1,52,52,52,0.000000
system{name="forgia_assets::preload_assets"},C:\Users\Antoi\.cargo\registry\src\index.crates.io-1949cf8c6b5b557f\bevy_ecs-0.18.1\src\system\function_system.rs,52,2611561,0.002030,1,2611561,2611561,2611561,0.000000
plugin finish{plugin="bevy_pbr::volumetric_fog::VolumetricFogPlugin"},C:\Users\Antoi\.cargo\registry\src\index.crates.io-1949cf8c6b5b557f\bevy_app-0.18.1\src\app.rs,272,56,0.000000,1,56,56,56,0.000000
system{name="forgia_mode_roguelite::ultimate_apply::sys_tick_ultimate_freeze"},C:\Users\Antoi\.cargo\registry\src\index.crates.io-1949cf8c6b5b557f\bevy_ecs-0.18.1\src\system\function_system.rs,52,6903478,0.005366,25752,268,75,148495,944.013985
plugin cleanup{plugin="forgia_mode_roguelite::identity::IdentityPlugin"},C:\Users\Antoi\.cargo\registry\src\index.crates.io-1949cf8c6b5b557f\bevy_app-0.18.1\src\app.rs,292,53,0.000000,1,53,53,53,0.000000
plugin cleanup{plugin="bevy_light::LightPlugin"},C:\Users\Antoi\.cargo\registry\src\index.crates.io-1949cf8c6b5b557f\bevy_app-0.18.1\src\app.rs,292,56,0.000000,1,56,56,56,0.000000
system{name="forgia_mode_roguelite::coffre_sensor::sys_track_coffre_picks"},C:\Users\Antoi\.cargo\registry\src\index.crates.io-1949cf8c6b5b557f\bevy_ecs-0.18.1\src\system\function_system.rs,52,8785301,0.006829,27079,324,107,51121,392.322227
node{name="bevy_render::render_graph::camera_driver_node::CameraDriverNode"},C:\Users\Antoi\.cargo\registry\src\index.crates.io-1949cf8c6b5b557f\bevy_render-0.18.1\src\renderer\graph_runner.rs,240,100905775,0.078435,27078,3726,2211,124428,1634.563983
plugin build{plugin="bevy_gizmos::global::GlobalGizmosPlugin"},C:\Users\Antoi\.cargo\registry\src\index.crates.io-1949cf8c6b5b557f\bevy_app-0.18.1\src\app.rs,529,8182,0.000006,1,8182,8182,8182,0.000000
plugin finish{plugin="forgia_foliage::ForgiaFoliagePlugin"},C:\Users\Antoi\.cargo\registry\src\index.crates.io-1949cf8c6b5b557f\bevy_app-0.18.1\src\app.rs,272,55,0.000000,1,55,55,55,0.000000
system{name="forgia_fps::fire_allowed"},C:\Users\Antoi\.cargo\registry\src\index.crates.io-1949cf8c6b5b557f\bevy_ecs-0.18.1\src\system\function_system.rs,52,730169,0.000568,7925,92,53,1006,33.992559
asset loading{loader="bevy_image::image_loader::ImageLoader" asset="ui/menu_video/frame_0065.webp"},C:\Users\Antoi\.cargo\registry\src\index.crates.io-1949cf8c6b5b557f\bevy_asset-0.18.1\src\server\loaders.rs,332,15104287,0.011741,6,2517381,167,15053478,6141413.491796
system_commands{name="bevy_post_process::bloom::prepare_bloom_textures"},C:\Users\Antoi\.cargo\registry\src\index.crates.io-1949cf8c6b5b557f\bevy_ecs-0.18.1\src\system\function_system.rs,54,2906903,0.002260,27078,107,50,216550,1319.518523
plugin build{plugin="bevy_render::extract_component::UniformComponentPlugin<bevy_anti_alias::contrast_adaptive_sharpening::CasUniform>"},C:\Users\Antoi\.cargo\registry\src\index.crates.io-1949cf8c6b5b557f\bevy_app-0.18.1\src\app.rs,529,2569,0.000002,1,2569,2569,2569,0.000000
system{name="forgia_mode_roguelite::boons_apply::obs_heal_on_kill"},C:\Users\Antoi\.cargo\registry\src\index.crates.io-1949cf8c6b5b557f\bevy_ecs-0.18.1\src\system\function_system.rs,52,26684,0.000021,26,1026,269,7760,1527.000589
plugin finish{plugin="bevy_core_pipeline::blit::BlitPlugin"},C:\Users\Antoi\.cargo\registry\src\index.crates.io-1949cf8c6b5b557f\bevy_app-0.18.1\src\app.rs,272,54,0.000000,1,54,54,54,0.000000
asset loading{loader="bevy_image::image_loader::ImageLoader" asset="ui/menu_video/frame_0075.webp"},C:\Users\Antoi\.cargo\registry\src\index.crates.io-1949cf8c6b5b557f\bevy_asset-0.18.1\src\server\loaders.rs,332,13938848,0.010835,6,2323141,163,13904697,5673783.272429
system{name="forgia_observability::forgia2_aggregator::sys_write_forgia2_aggregates"},C:\Users\Antoi\.cargo\registry\src\index.crates.io-1949cf8c6b5b557f\bevy_ecs-0.18.1\src\system\function_system.rs,52,72891909,0.056659,25752,2830,93,902643,37729.307527
update,C:\Users\Antoi\.cargo\registry\src\index.crates.io-1949cf8c6b5b557f\rapier3d-0.31.0\src\dynamics\solver\contact_constraint\contact_constraints_set.rs,569,2082581,0.001619,31700,65,46,5276,53.753077
system{name="forgia_mode_roguelite::hud::draw_enemy_archetype_labels"},C:\Users\Antoi\.cargo\registry\src\index.crates.io-1949cf8c6b5b557f\bevy_ecs-0.18.1\src\system\function_system.rs,52,193317618,0.150267,25661,7533,514,3402708,26911.047714
system_commands{name="bevy_core_pipeline::core_2d::prepare_core_2d_depth_textures"},C:\Users\Antoi\.cargo\registry\src\index.crates.io-1949cf8c6b5b557f\bevy_ecs-0.18.1\src\system\function_system.rs,54,52355126,0.040696,27078,1933,888,66110,847.164507
asset loading{loader="bevy_shader::shader::ShaderLoader" asset="embedded://bevy_sprite_render\\mesh2d\\mesh2d_functions.wgsl"},C:\Users\Antoi\.cargo\registry\src\index.crates.io-1949cf8c6b5b557f\bevy_asset-0.18.1\src\server\loaders.rs,332,74408,0.000058,2,37204,72,74336,52512.577998
system_commands{name="bevy_render::extract_component::extract_components<bevy_pbr::ssr::ScreenSpaceReflections>"},C:\Users\Antoi\.cargo\registry\src\index.crates.io-1949cf8c6b5b557f\bevy_ecs-0.18.1\src\system\function_system.rs,54,15689206,0.012195,27078,579,180,81805,541.427988
plugin cleanup{plugin="forgia_ui_lib::inventory_panel::ForgiaUiInventoryPlugin"},C:\Users\Antoi\.cargo\registry\src\index.crates.io-1949cf8c6b5b557f\bevy_app-0.18.1\src\app.rs,292,55,0.000000,1,55,55,55,0.000000
system{name="bevy_ui_render::ui_texture_slice_pipeline::queue_ui_slices"},C:\Users\Antoi\.cargo\registry\src\index.crates.io-1949cf8c6b5b557f\bevy_ecs-0.18.1\src\system\function_system.rs,52,17938026,0.013943,27078,662,226,93939,902.644122
system_commands{name="bevy_pbr::light_probe::generate::initialize_generated_environment_map_resources"},C:\Users\Antoi\.cargo\registry\src\index.crates.io-1949cf8c6b5b557f\bevy_ecs-0.18.1\src\system\function_system.rs,54,15352,0.000012,1,15352,15352,15352,0.000000
plugin cleanup{plugin="bevy_picking::input::PointerInputPlugin"},C:\Users\Antoi\.cargo\registry\src\index.crates.io-1949cf8c6b5b557f\bevy_app-0.18.1\src\app.rs,292,54,0.000000,1,54,54,54,0.000000
plugin build{plugin="bevy_render::sync_component::SyncComponentPlugin<bevy_light::probe::GeneratedEnvironmentMapLight>"},C:\Users\Antoi\.cargo\registry\src\index.crates.io-1949cf8c6b5b557f\bevy_app-0.18.1\src\app.rs,529,7454,0.000006,1,7454,7454,7454,0.000000
plugin finish{plugin="bevy_render::extract_resource::ExtractResourcePlugin<bevy_pbr::material::DefaultOpaqueRendererMethod>"},C:\Users\Antoi\.cargo\registry\src\index.crates.io-1949cf8c6b5b557f\bevy_app-0.18.1\src\app.rs,272,56,0.000000,1,56,56,56,0.000000
system{name="bevy_hanabi::render::prepare_init_update_pipelines"},C:\Users\Antoi\.cargo\registry\src\index.crates.io-1949cf8c6b5b557f\bevy_ecs-0.18.1\src\system\function_system.rs,52,271250456,0.210845,27078,10017,6188,332574,3921.692112
plugin finish{plugin="bevy_kira_audio::AudioPlugin"},C:\Users\Antoi\.cargo\registry\src\index.crates.io-1949cf8c6b5b557f\bevy_app-0.18.1\src\app.rs,272,55,0.000000,1,55,55,55,0.000000
plugin finish{plugin="bevy_pbr::light_probe::LightProbePlugin"},C:\Users\Antoi\.cargo\registry\src\index.crates.io-1949cf8c6b5b557f\bevy_app-0.18.1\src\app.rs,272,53,0.000000,1,53,53,53,0.000000
system{name="bevy_kira_audio::audio_output::play_audio_channel<forgia_audio::MusicChannel>"},C:\Users\Antoi\.cargo\registry\src\index.crates.io-1949cf8c6b5b557f\bevy_ecs-0.18.1\src\system\function_system.rs,52,9641330,0.007494,27079,356,126,83142,1019.327670
plugin cleanup{plugin="bevy_pbr::render::gpu_preprocess::GpuMeshPreprocessPlugin"},C:\Users\Antoi\.cargo\registry\src\index.crates.io-1949cf8c6b5b557f\bevy_app-0.18.1\src\app.rs,292,53,0.000000,1,53,53,53,0.000000
asset loading{loader="bevy_image::image_loader::ImageLoader" asset="textures/vfx/kenney/flame_03.png"},C:\Users\Antoi\.cargo\registry\src\index.crates.io-1949cf8c6b5b557f\bevy_asset-0.18.1\src\server\loaders.rs,332,642702,0.000500,4,160675,97,452133,213043.591605
system{name="forgia_rpg_data::quests::advance_quests"},C:\Users\Antoi\.cargo\registry\src\index.crates.io-1949cf8c6b5b557f\bevy_ecs-0.18.1\src\system\function_system.rs,52,6603327,0.005133,27079,243,80,10782,143.629214
plugin finish{plugin="bevy_render::sync_component::SyncComponentPlugin<bevy_render::gpu_readback::Readback>"},C:\Users\Antoi\.cargo\registry\src\index.crates.io-1949cf8c6b5b557f\bevy_app-0.18.1\src\app.rs,272,63,0.000000,1,63,63,63,0.000000
plugin cleanup{plugin="bevy_anti_alias::contrast_adaptive_sharpening::CasPlugin"},C:\Users\Antoi\.cargo\registry\src\index.crates.io-1949cf8c6b5b557f\bevy_app-0.18.1\src\app.rs,292,53,0.000000,1,53,53,53,0.000000
system{name="bevy_ecs::schedule::condition::common_conditions::resource_exists<bevy_render::batching::no_gpu_preprocessing::BatchedInstanceBuffer<bevy_pbr::render::mesh::MeshUniform>>"},C:\Users\Antoi\.cargo\registry\src\index.crates.io-1949cf8c6b5b557f\bevy_ecs-0.18.1\src\system\function_system.rs,52,24811591,0.019286,243702,101,52,71999,233.933314
plugin finish{plugin="bevy_sprite::picking_backend::SpritePickingPlugin"},C:\Users\Antoi\.cargo\registry\src\index.crates.io-1949cf8c6b5b557f\bevy_app-0.18.1\src\app.rs,272,56,0.000000,1,56,56,56,0.000000
system{name="forgia_debug::console::console_history_navigation_system"},C:\Users\Antoi\.cargo\registry\src\index.crates.io-1949cf8c6b5b557f\bevy_ecs-0.18.1\src\system\function_system.rs,52,8895738,0.006915,27079,328,98,23511,193.341602
system{name="forgia_mode_roguelite::merchant::sys_ground_merchant"},C:\Users\Antoi\.cargo\registry\src\index.crates.io-1949cf8c6b5b557f\bevy_ecs-0.18.1\src\system\function_system.rs,52,10980177,0.008535,25752,426,143,141984,980.678598
asset loading{loader="bevy_image::image_loader::ImageLoader" asset="ui/menu_video/frame_0061.webp"},C:\Users\Antoi\.cargo\registry\src\index.crates.io-1949cf8c6b5b557f\bevy_asset-0.18.1\src\server\loaders.rs,332,14981989,0.011646,6,2496998,156,14949612,6100512.415926
asset loading{loader="bevy_shader::shader::ShaderLoader" asset="embedded://bevy_pbr\\render/pbr_bindings.wgsl"},C:\Users\Antoi\.cargo\registry\src\index.crates.io-1949cf8c6b5b557f\bevy_asset-0.18.1\src\server\loaders.rs,332,201640,0.000157,2,100820,74,201566,142476.359555
system{name="bevy_rapier3d::plugin::systems::collider::apply_scale"},C:\Users\Antoi\.cargo\registry\src\index.crates.io-1949cf8c6b5b557f\bevy_ecs-0.18.1\src\system\function_system.rs,52,27423541,0.021317,7925,3460,157,2706016,46592.153542
system_commands{name="bevy_core_pipeline::deferred::copy_lighting_id::prepare_deferred_lighting_id_textures"},C:\Users\Antoi\.cargo\registry\src\index.crates.io-1949cf8c6b5b557f\bevy_ecs-0.18.1\src\system\function_system.rs,54,2486680,0.001933,27078,91,50,84618,515.246919
plugin cleanup{plugin="bevy_render::extract_component::ExtractComponentPlugin<forgia_postprocess::toon::ToonSettings>"},C:\Users\Antoi\.cargo\registry\src\index.crates.io-1949cf8c6b5b557f\bevy_app-0.18.1\src\app.rs,292,59,0.000000,1,59,59,59,0.000000
plugin finish{plugin="bevy_render::extract_component::UniformComponentPlugin<bevy_gizmos_render::LineGizmoUniform>"},C:\Users\Antoi\.cargo\registry\src\index.crates.io-1949cf8c6b5b557f\bevy_app-0.18.1\src\app.rs,272,125,0.000000,1,125,125,125,0.000000
system_commands{name="bevy_anti_alias::fxaa::init_fxaa_pipeline"},C:\Users\Antoi\.cargo\registry\src\index.crates.io-1949cf8c6b5b557f\bevy_ecs-0.18.1\src\system\function_system.rs,54,395,0.000000,1,395,395,395,0.000000
system{name="forgia_mode_roguelite::loot_room::sys_spin_portals"},C:\Users\Antoi\.cargo\registry\src\index.crates.io-1949cf8c6b5b557f\bevy_ecs-0.18.1\src\system\function_system.rs,52,13678949,0.010633,25752,531,188,44436,412.402077
system{name="bevy_pbr::render::light::check_light_entities_needing_specialization<bevy_pbr::extended_material::ExtendedMaterial<bevy_pbr::pbr_material::StandardMaterial, bevy_water::water::material::WaterMaterial>>"},C:\Users\Antoi\.cargo\registry\src\index.crates.io-1949cf8c6b5b557f\bevy_ecs-0.18.1\src\system\function_system.rs,52,20273603,0.015759,27079,748,271,104835,765.021555
system{name="forgia_mode_roguelite::stations::sys_use_ammo_stations"},C:\Users\Antoi\.cargo\registry\src\index.crates.io-1949cf8c6b5b557f\bevy_ecs-0.18.1\src\system\function_system.rs,52,19779750,0.015375,25752,768,357,139194,1438.665746
system{name="forgia_mode_roguelite::parcours_obstacles::sys_slide_obstacles"},C:\Users\Antoi\.cargo\registry\src\index.crates.io-1949cf8c6b5b557f\bevy_ecs-0.18.1\src\system\function_system.rs,52,8482727,0.006594,25752,329,91,85135,872.484195
system{name="forgia_mode_roguelite::element_vfx::sys_refresh_vfx_materials"},C:\Users\Antoi\.cargo\registry\src\index.crates.io-1949cf8c6b5b557f\bevy_ecs-0.18.1\src\system\function_system.rs,52,6046414,0.004700,25752,234,70,7604,142.288227
system{name="bevy_asset::assets::Assets<bevy_animation::AnimationClip>::asset_events"},C:\Users\Antoi\.cargo\registry\src\index.crates.io-1949cf8c6b5b557f\bevy_ecs-0.18.1\src\system\function_system.rs,52,12500,0.000010,3,4166,1692,8640,3881.324259
system{name="bevy_asset::assets::Assets<bevy_asset::assets::LoadedUntypedAsset>::track_assets"},C:\Users\Antoi\.cargo\registry\src\index.crates.io-1949cf8c6b5b557f\bevy_ecs-0.18.1\src\system\function_system.rs,52,32545349,0.025298,27079,1201,96,509743,8424.409262
system{name="bevy_asset::assets::Assets<forgia_genome_core::Genome<forgia_mode_fps_arena::ArenaBotsGenome>>::asset_events_condition"},C:\Users\Antoi\.cargo\registry\src\index.crates.io-1949cf8c6b5b557f\bevy_ecs-0.18.1\src\system\function_system.rs,52,2939842,0.002285,27079,108,53,18187,154.583987
system{name="forgia_mode_roguelite::toon_config::sys_force_apply_toon_settings"},C:\Users\Antoi\.cargo\registry\src\index.crates.io-1949cf8c6b5b557f\bevy_ecs-0.18.1\src\system\function_system.rs,52,116632,0.000091,1,116632,116632,116632,0.000000
plugin cleanup{plugin="bevy_pbr::material::MaterialPlugin<bevy_pbr::extended_material::ExtendedMaterial<bevy_pbr::pbr_material::StandardMaterial, bevy_pbr::decal::forward::ForwardDecalMaterialExt>>"},C:\Users\Antoi\.cargo\registry\src\index.crates.io-1949cf8c6b5b557f\bevy_app-0.18.1\src\app.rs,292,122,0.000000,1,122,122,122,0.000000
system{name="forgia_ui_lib::theme::sys_apply_forge_theme"},C:\Users\Antoi\.cargo\registry\src\index.crates.io-1949cf8c6b5b557f\bevy_ecs-0.18.1\src\system\function_system.rs,52,9881597,0.007681,27079,364,84,200257,1242.793439
plugin cleanup{plugin="bevy_render::view::window::screenshot::ScreenshotPlugin"},C:\Users\Antoi\.cargo\registry\src\index.crates.io-1949cf8c6b5b557f\bevy_app-0.18.1\src\app.rs,292,56,0.000000,1,56,56,56,0.000000
system_commands{name="forgia_auto_rig::pinocchio_pipeline::auto_rig_pinocchio_v1"},C:\Users\Antoi\.cargo\registry\src\index.crates.io-1949cf8c6b5b557f\bevy_ecs-0.18.1\src\system\function_system.rs,54,2763368,0.002148,27079,102,50,2943,40.690862
run_graph{name="Core3d" debug_group="Camera 0 (61v269)"},C:\Users\Antoi\.cargo\registry\src\index.crates.io-1949cf8c6b5b557f\bevy_render-0.18.1\src\renderer\graph_runner.rs,119,11453322315,8.902758,25751,444771,226110,7226110,126691.005323
system{name="leafwing_input_manager::user_input::updating::input_is_enabled<leafwing_input_manager::user_input::mouse::MouseScroll>"},C:\Users\Antoi\.cargo\registry\src\index.crates.io-1949cf8c6b5b557f\bevy_ecs-0.18.1\src\system\function_system.rs,52,2317504,0.001801,27079,85,53,46021,291.768932
system_commands{name="forgia_worldgen::sys_load_registry"},C:\Users\Antoi\.cargo\registry\src\index.crates.io-1949cf8c6b5b557f\bevy_ecs-0.18.1\src\system\function_system.rs,54,4316,0.000003,1,4316,4316,4316,0.000000
asset loading{loader="bevy_image::image_loader::ImageLoader" asset="hdri/sky_129_stacked.png"},C:\Users\Antoi\.cargo\registry\src\index.crates.io-1949cf8c6b5b557f\bevy_asset-0.18.1\src\server\loaders.rs,332,10006200,0.007778,4,2501550,225,9990466,4992615.391901
par_for_each{query="bevy_ecs::entity::Entity" filter="(bevy_ecs::query::filter::Or<(bevy_ecs::query::filter::Changed<bevy_mesh::components::Mesh3d>, bevy_asset::asset_changed::AssetChanged<bevy_mesh::components::Mesh3d>, bevy_ecs::query::filter::Changed<bevy_pbr::mesh_material::MeshMaterial3d<bevy_pbr::pbr_material::StandardMaterial>>, bevy_asset::asset_changed::AssetChanged<bevy_pbr::mesh_material::MeshMaterial3d<bevy_pbr::pbr_material::StandardMaterial>>)>, bevy_ecs::query::filter::With<bevy_pbr::mesh_material::MeshMaterial3d<bevy_pbr::pbr_material::StandardMaterial>>)"},C:\Users\Antoi\.cargo\registry\src\index.crates.io-1949cf8c6b5b557f\bevy_ecs-0.18.1\src\query\state.rs,246,740219782,0.575379,1508171,490,63,232960,671.677781
plugin cleanup{plugin="forgia_effects::pipeline_ready::PipelinesReadyPlugin"},C:\Users\Antoi\.cargo\registry\src\index.crates.io-1949cf8c6b5b557f\bevy_app-0.18.1\src\app.rs,292,55,0.000000,1,55,55,55,0.000000
plugin build{plugin="bevy_pbr::atmosphere::AtmospherePlugin"},C:\Users\Antoi\.cargo\registry\src\index.crates.io-1949cf8c6b5b557f\bevy_app-0.18.1\src\app.rs,529,85896,0.000067,1,85896,85896,85896,0.000000
system{name="forgia_anim_debug::bone_trace::write_bone_trace_sensor"},C:\Users\Antoi\.cargo\registry\src\index.crates.io-1949cf8c6b5b557f\bevy_ecs-0.18.1\src\system\function_system.rs,52,37370432,0.029048,27079,1380,147,250238,8724.940456
asset loading{loader="bevy_shader::shader::ShaderLoader" asset="embedded://bevy_sprite_render\\mesh2d\\mesh2d.wgsl"},C:\Users\Antoi\.cargo\registry\src\index.crates.io-1949cf8c6b5b557f\bevy_asset-0.18.1\src\server\loaders.rs,332,76113,0.000059,2,38056,60,76053,53735.165627
system{name="bevy_egui::input::process_ime_system"},C:\Users\Antoi\.cargo\registry\src\index.crates.io-1949cf8c6b5b557f\bevy_ecs-0.18.1\src\system\function_system.rs,52,39918060,0.031029,27079,1474,601,141847,1356.548504
plugin cleanup{plugin="forgia_viewmodel::vm_camera::ForgiaViewmodelCameraPlugin"},C:\Users\Antoi\.cargo\registry\src\index.crates.io-1949cf8c6b5b557f\bevy_app-0.18.1\src\app.rs,292,52,0.000000,1,52,52,52,0.000000
asset loading{loader="bevy_image::image_loader::ImageLoader" asset="ui/menu_video/frame_0058.webp"},C:\Users\Antoi\.cargo\registry\src\index.crates.io-1949cf8c6b5b557f\bevy_asset-0.18.1\src\server\loaders.rs,332,15571472,0.012104,6,2595245,171,15536272,6339784.575421
system{name="bevy_mesh::components::mark_3d_meshes_as_changed_if_their_assets_changed"},C:\Users\Antoi\.cargo\registry\src\index.crates.io-1949cf8c6b5b557f\bevy_ecs-0.18.1\src\system\function_system.rs,52,19387550,0.015070,27079,715,215,48814,481.453873
system{name="bevy_render::extract_component::extract_components<bevy_pbr::ssr::ScreenSpaceReflections>"},C:\Users\Antoi\.cargo\registry\src\index.crates.io-1949cf8c6b5b557f\bevy_ecs-0.18.1\src\system\function_system.rs,52,6274525,0.004877,27079,231,93,75423,529.205777
system{name="bevy_render::view::visibility::range::extract_visibility_ranges"},C:\Users\Antoi\.cargo\registry\src\index.crates.io-1949cf8c6b5b557f\bevy_ecs-0.18.1\src\system\function_system.rs,52,12689052,0.009863,27079,468,153,13715,200.728509
system{name="bevy_pbr::atmosphere::resources::prepare_atmosphere_transforms"},C:\Users\Antoi\.cargo\registry\src\index.crates.io-1949cf8c6b5b557f\bevy_ecs-0.18.1\src\system\function_system.rs,52,20851960,0.016208,27078,770,233,120862,1112.001346
sub app{name=RenderExtractApp},C:\Users\Antoi\.cargo\registry\src\index.crates.io-1949cf8c6b5b557f\bevy_app-0.18.1\src\sub_app.rs,521,30178633735,23.458092,27078,1114507,234803,245485405,1875837.162323
system{name="forgia_juice_lib::camera_shake::consume_impulses"},C:\Users\Antoi\.cargo\registry\src\index.crates.io-1949cf8c6b5b557f\bevy_ecs-0.18.1\src\system\function_system.rs,52,13733766,0.010675,27079,507,165,127217,907.552944
system{name="forgia_ui::block_look_on"},C:\Users\Antoi\.cargo\registry\src\index.crates.io-1949cf8c6b5b557f\bevy_ecs-0.18.1\src\system\function_system.rs,52,94641,0.000074,1,94641,94641,94641,0.000000
asset loading{loader="bevy_image::image_loader::ImageLoader" asset="ui/menu_video/frame_0108.webp"},C:\Users\Antoi\.cargo\registry\src\index.crates.io-1949cf8c6b5b557f\bevy_asset-0.18.1\src\server\loaders.rs,332,14115634,0.010972,6,2352605,86,14080676,5745560.288806
plugin build{plugin="bevy_diagnostic::frame_time_diagnostics_plugin::FrameTimeDiagnosticsPlugin"},C:\Users\Antoi\.cargo\registry\src\index.crates.io-1949cf8c6b5b557f\bevy_app-0.18.1\src\app.rs,529,6273,0.000005,1,6273,6273,6273,0.000000
system{name="bevy_state::state::transitions::run_transition<forgia_core::states::AppMode>"},C:\Users\Antoi\.cargo\registry\src\index.crates.io-1949cf8c6b5b557f\bevy_ecs-0.18.1\src\system\function_system.rs,52,2070687,0.001610,27080,76,55,3954,49.023229
plugin build{plugin="bevy_anti_alias::fxaa::FxaaPlugin"},C:\Users\Antoi\.cargo\registry\src\index.crates.io-1949cf8c6b5b557f\bevy_app-0.18.1\src\app.rs,529,141008,0.000110,1,141008,141008,141008,0.000000
asset loading{loader="bevy_image::image_loader::ImageLoader" asset="ui/menu_video/frame_0127.webp"},C:\Users\Antoi\.cargo\registry\src\index.crates.io-1949cf8c6b5b557f\bevy_asset-0.18.1\src\server\loaders.rs,332,14476488,0.011253,6,2412748,166,14442824,5893511.437143
system{name="bevy_sprite_render::render::extract_sprite_events"},C:\Users\Antoi\.cargo\registry\src\index.crates.io-1949cf8c6b5b557f\bevy_ecs-0.18.1\src\system\function_system.rs,52,7206511,0.005602,27079,266,94,6913,273.212418
plugin build{plugin="bevy_render::extract_component::UniformComponentPlugin<bevy_pbr::deferred::PbrDeferredLightingDepthId>"},C:\Users\Antoi\.cargo\registry\src\index.crates.io-1949cf8c6b5b557f\bevy_app-0.18.1\src\app.rs,529,2357,0.000002,1,2357,2357,2357,0.000000
asset loading{loader="bevy_image::image_loader::ImageLoader" asset="ui/menu_video/frame_0136.webp"},C:\Users\Antoi\.cargo\registry\src\index.crates.io-1949cf8c6b5b557f\bevy_asset-0.18.1\src\server\loaders.rs,332,15189012,0.011807,6,2531502,151,15151153,6182343.053060
plugin build{plugin="bevy_render::sync_component::SyncComponentPlugin<bevy_anti_alias::taa::TemporalAntiAliasing>"},C:\Users\Antoi\.cargo\registry\src\index.crates.io-1949cf8c6b5b557f\bevy_app-0.18.1\src\app.rs,529,10719,0.000008,1,10719,10719,10719,0.000000
system_commands{name="bevy_render::extract_component::extract_components<bevy_camera::components::Camera3d>"},C:\Users\Antoi\.cargo\registry\src\index.crates.io-1949cf8c6b5b557f\bevy_ecs-0.18.1\src\system\function_system.rs,54,34056648,0.026473,27078,1257,396,122074,1238.716881
asset loading{loader="bevy_shader::shader::ShaderLoader" asset="embedded://bevy_render\\view\\view.wgsl"},C:\Users\Antoi\.cargo\registry\src\index.crates.io-1949cf8c6b5b557f\bevy_asset-0.18.1\src\server\loaders.rs,332,4746847,0.003690,2,2373423,108,4746739,3356374.967890
asset loading{loader="bevy_image::image_loader::ImageLoader" asset="ui/menu_video/frame_0093.webp"},C:\Users\Antoi\.cargo\registry\src\index.crates.io-1949cf8c6b5b557f\bevy_asset-0.18.1\src\server\loaders.rs,332,14041916,0.010915,6,2340319,120,14006990,5715480.224311
system{name="forgia_effects::mesh_fader::clone_material_on_fader_add"},C:\Users\Antoi\.cargo\registry\src\index.crates.io-1949cf8c6b5b557f\bevy_ecs-0.18.1\src\system\function_system.rs,52,14765927,0.011478,27079,545,128,200652,1274.566782
plugin finish{plugin="bevy_render::sync_component::SyncComponentPlugin<bevy_anti_alias::smaa::Smaa>"},C:\Users\Antoi\.cargo\registry\src\index.crates.io-1949cf8c6b5b557f\bevy_app-0.18.1\src\app.rs,272,54,0.000000,1,54,54,54,0.000000
system{name="bevy_render::extract_component::prepare_uniform_components<bevy_post_process::bloom::downsampling_pipeline::BloomUniforms>"},C:\Users\Antoi\.cargo\registry\src\index.crates.io-1949cf8c6b5b557f\bevy_ecs-0.18.1\src\system\function_system.rs,52,13093946,0.010178,27078,483,151,162858,1245.371989
system{name="bevy_text::font_atlas_set::free_unused_font_atlases_system"},C:\Users\Antoi\.cargo\registry\src\index.crates.io-1949cf8c6b5b557f\bevy_ecs-0.18.1\src\system\function_system.rs,52,6235285,0.004847,27079,230,88,30106,254.967960
plugin build{plugin="forgia_fps::lenoir::ForgiaLenoirPlugin"},C:\Users\Antoi\.cargo\registry\src\index.crates.io-1949cf8c6b5b557f\bevy_app-0.18.1\src\app.rs,529,5291,0.000004,1,5291,5291,5291,0.000000
system{name="forgia_fps::ammo_systems::tick_ammo_reload"},C:\Users\Antoi\.cargo\registry\src\index.crates.io-1949cf8c6b5b557f\bevy_ecs-0.18.1\src\system\function_system.rs,52,3753379,0.002918,7533,498,156,60335,702.745150
check_conditions{name="bevy_gizmos::start_gizmo_context<bevy_gizmos::light::LightGizmoConfigGroup, bevy_time::fixed::Fixed>"},C:\Users\Antoi\.cargo\registry\src\index.crates.io-1949cf8c6b5b557f\bevy_ecs-0.18.1\src\schedule\executor\single_threaded.rs,83,17128551,0.013314,27079,632,98,84743,1105.641318
asset loading{loader="bevy_shader::shader::ShaderLoader" asset="embedded://bevy_ui_render\\box_shadow.wgsl"},C:\Users\Antoi\.cargo\registry\src\index.crates.io-1949cf8c6b5b557f\bevy_asset-0.18.1\src\server\loaders.rs,332,143443,0.000111,2,71721,61,143382,101343.250989
plugin finish{plugin="bevy_gizmos::aabb::AabbGizmoPlugin"},C:\Users\Antoi\.cargo\registry\src\index.crates.io-1949cf8c6b5b557f\bevy_app-0.18.1\src\app.rs,272,58,0.000000,1,58,58,58,0.000000
system_commands{name="bevy_anti_alias::taa::prepare_taa_pipelines"},C:\Users\Antoi\.cargo\registry\src\index.crates.io-1949cf8c6b5b557f\bevy_ecs-0.18.1\src\system\function_system.rs,54,2111082,0.001641,27078,77,50,3200,37.840378
plugin finish{plugin="bevy_render::RenderPlugin"},C:\Users\Antoi\.cargo\registry\src\index.crates.io-1949cf8c6b5b557f\bevy_app-0.18.1\src\app.rs,272,7624165,0.005926,1,7624165,7624165,7624165,0.000000
system{name="bevy_hanabi::render::prepare_effect_metadata"},C:\Users\Antoi\.cargo\registry\src\index.crates.io-1949cf8c6b5b557f\bevy_ecs-0.18.1\src\system\function_system.rs,52,63621864,0.049454,27078,2349,1195,73929,1366.141319
system{name="bevy_asset::assets::Assets<forgia_genome_core::Genome<forgia_ui_lib::damage_direction::tuning::DamageDirTuning>>::track_assets"},C:\Users\Antoi\.cargo\registry\src\index.crates.io-1949cf8c6b5b557f\bevy_ecs-0.18.1\src\system\function_system.rs,52,31773072,0.024697,27079,1173,156,1559815,12027.118841
system{name="bevy_state::state_scoped::despawn_entities_on_exit_state<forgia_core::states::AppMode>"},C:\Users\Antoi\.cargo\registry\src\index.crates.io-1949cf8c6b5b557f\bevy_ecs-0.18.1\src\system\function_system.rs,52,12482637,0.009703,27080,460,92,80477,609.591633
plugin build{plugin="bevy_render::extract_component::UniformComponentPlugin<bevy_pbr::atmosphere::resources::GpuAtmosphere>"},C:\Users\Antoi\.cargo\registry\src\index.crates.io-1949cf8c6b5b557f\bevy_app-0.18.1\src\app.rs,529,4301,0.000003,1,4301,4301,4301,0.000000
node{name="bevy_render::render_graph::node::ViewNodeRunner<bevy_anti_alias::taa::TemporalAntiAliasNode>"},C:\Users\Antoi\.cargo\registry\src\index.crates.io-1949cf8c6b5b557f\bevy_render-0.18.1\src\renderer\graph_runner.rs,240,10172368,0.007907,54156,187,58,5224,94.860399
plugin finish{plugin="forgia_enemy_nameplate::ForgiaEnemyNameplatePlugin"},C:\Users\Antoi\.cargo\registry\src\index.crates.io-1949cf8c6b5b557f\bevy_app-0.18.1\src\app.rs,272,58,0.000000,1,58,58,58,0.000000
system{name="forgia_mode_roguelite::load_timing::sys_load_timing"},C:\Users\Antoi\.cargo\registry\src\index.crates.io-1949cf8c6b5b557f\bevy_ecs-0.18.1\src\system\function_system.rs,52,112918872,0.087773,25752,4384,2345,713645,5514.862010
system{name="forgia_ui::spawn_menu_camera_permanent"},C:\Users\Antoi\.cargo\registry\src\index.crates.io-1949cf8c6b5b557f\bevy_ecs-0.18.1\src\system\function_system.rs,52,4318121,0.003357,1,4318121,4318121,4318121,0.000000
system{name="bevy_pbr::prepass::update_previous_view_data"},C:\Users\Antoi\.cargo\registry\src\index.crates.io-1949cf8c6b5b557f\bevy_ecs-0.18.1\src\system\function_system.rs,52,23934569,0.018605,27079,883,384,85048,901.253116
system{name="bevy_post_process::dof::prepare_auxiliary_depth_of_field_textures"},C:\Users\Antoi\.cargo\registry\src\index.crates.io-1949cf8c6b5b557f\bevy_ecs-0.18.1\src\system\function_system.rs,52,13701062,0.010650,27078,505,112,34482,346.156824
plugin finish{plugin="bevy_render::extract_component::UniformComponentPlugin<bevy_post_process::motion_blur::MotionBlurUniform>"},C:\Users\Antoi\.cargo\registry\src\index.crates.io-1949cf8c6b5b557f\bevy_app-0.18.1\src\app.rs,272,59,0.000000,1,59,59,59,0.000000
system_commands{name="forgia_ui_lib::hud_ammo::tuning::load_ammo_hud_tuning"},C:\Users\Antoi\.cargo\registry\src\index.crates.io-1949cf8c6b5b557f\bevy_ecs-0.18.1\src\system\function_system.rs,54,818,0.000001,1,818,818,818,0.000000
system{name="bevy_pbr::atmosphere::resources::prepare_atmosphere_uniforms"},C:\Users\Antoi\.cargo\registry\src\index.crates.io-1949cf8c6b5b557f\bevy_ecs-0.18.1\src\system\function_system.rs,52,10670636,0.008294,27078,394,112,73182,637.223467
plugin build{plugin="bevy_egui::EguiPlugin"},C:\Users\Antoi\.cargo\registry\src\index.crates.io-1949cf8c6b5b557f\bevy_app-0.18.1\src\app.rs,529,703456,0.000547,1,703456,703456,703456,0.000000
system{name="bevy_asset::assets::Assets<bevy_shader::shader::Shader>::asset_events"},C:\Users\Antoi\.cargo\registry\src\index.crates.io-1949cf8c6b5b557f\bevy_ecs-0.18.1\src\system\function_system.rs,52,8296,0.000006,2,4148,1691,6605,3474.722723
system_commands{name="forgia_fps::fire_weapon_minimal"},C:\Users\Antoi\.cargo\registry\src\index.crates.io-1949cf8c6b5b557f\bevy_ecs-0.18.1\src\system\function_system.rs,54,3139163,0.002440,7214,435,54,102519,2801.881615
system_commands{name="bevy_pbr::render::light::extract_lights"},C:\Users\Antoi\.cargo\registry\src\index.crates.io-1949cf8c6b5b557f\bevy_ecs-0.18.1\src\system\function_system.rs,54,310126317,0.241064,27078,11453,1447,367052,4613.913514
system{name="bevy_asset::assets::Assets<bevy_kira_audio::source::AudioSource>::asset_events"},C:\Users\Antoi\.cargo\registry\src\index.crates.io-1949cf8c6b5b557f\bevy_ecs-0.18.1\src\system\function_system.rs,52,6307,0.000005,1,6307,6307,6307,0.000000
asset loading{loader="bevy_image::image_loader::ImageLoader" asset="models\\kaykit\\medieval_hexagon\\walls\\hexagons_medieval.png"},C:\Users\Antoi\.cargo\registry\src\index.crates.io-1949cf8c6b5b557f\bevy_asset-0.18.1\src\server\loaders.rs,332,4499010,0.003497,6,749835,81,4478453,1826643.976987
system{name="forgia_mode_roguelite::audio::sys_load_audio_handles"},C:\Users\Antoi\.cargo\registry\src\index.crates.io-1949cf8c6b5b557f\bevy_ecs-0.18.1\src\system\function_system.rs,52,42778,0.000033,1,42778,42778,42778,0.000000
system{name="forgia_mode_roguelite::elements::sys_reset_element_stats"},C:\Users\Antoi\.cargo\registry\src\index.crates.io-1949cf8c6b5b557f\bevy_ecs-0.18.1\src\system\function_system.rs,52,121,0.000000,1,121,121,121,0.000000
asset loading{loader="bevy_gltf::loader::GltfLoader" asset="models/environment/inferno/GoldPileSmall_001.glb"},C:\Users\Antoi\.cargo\registry\src\index.crates.io-1949cf8c6b5b557f\bevy_asset-0.18.1\src\server\loaders.rs,332,58654205,0.045592,6,9775700,162,58607722,23922710.034516
system_commands{name="forgia_mode_roguelite::loot_room::sys_portal_walkover"},C:\Users\Antoi\.cargo\registry\src\index.crates.io-1949cf8c6b5b557f\bevy_ecs-0.18.1\src\system\function_system.rs,54,2447147,0.001902,25752,95,50,73508,492.646545
system{name="bevy_anti_alias::smaa::prepare_smaa_pipelines"},C:\Users\Antoi\.cargo\registry\src\index.crates.io-1949cf8c6b5b557f\bevy_ecs-0.18.1\src\system\function_system.rs,52,9530415,0.007408,27078,351,89,109230,935.754604
system{name="forgia_observability::audio_sensor::sys_write_audio_sensor"},C:\Users\Antoi\.cargo\registry\src\index.crates.io-1949cf8c6b5b557f\bevy_ecs-0.18.1\src\system\function_system.rs,52,8188568,0.006365,27079,302,93,118321,944.045383
system{name="bevy_core_pipeline::oit::check_msaa"},C:\Users\Antoi\.cargo\registry\src\index.crates.io-1949cf8c6b5b557f\bevy_ecs-0.18.1\src\system\function_system.rs,52,7526874,0.005851,27079,277,99,34584,308.119726
plugin finish{plugin="forgia_viewmodel::vm_camera::ForgiaViewmodelCameraPlugin"},C:\Users\Antoi\.cargo\registry\src\index.crates.io-1949cf8c6b5b557f\bevy_app-0.18.1\src\app.rs,272,58,0.000000,1,58,58,58,0.000000
plugin cleanup{plugin="bevy_render::render_phase::SortedRenderPhasePlugin<bevy_core_pipeline::core_3d::Transmissive3d, bevy_pbr::render::mesh::MeshPipeline>"},C:\Users\Antoi\.cargo\registry\src\index.crates.io-1949cf8c6b5b557f\bevy_app-0.18.1\src\app.rs,292,54,0.000000,1,54,54,54,0.000000
plugin cleanup{plugin="bevy_render::erased_render_asset::ErasedRenderAssetPlugin<bevy_pbr::mesh_material::MeshMaterial3d<bevy_pbr::extended_material::ExtendedMaterial<bevy_pbr::pbr_material::StandardMaterial, bevy_water::water::material::WaterMaterial>>>"},C:\Users\Antoi\.cargo\registry\src\index.crates.io-1949cf8c6b5b557f\bevy_app-0.18.1\src\app.rs,292,113,0.000000,1,113,113,113,0.000000
system{name="bevy_ecs::schedule::condition::common_conditions::resource_exists<bevy_core_pipeline::experimental::mip_generation::DownsampleDepthPipelines>"},C:\Users\Antoi\.cargo\registry\src\index.crates.io-1949cf8c6b5b557f\bevy_ecs-0.18.1\src\system\function_system.rs,52,3560048,0.002767,27078,131,56,8560,73.719918
plugin build{plugin="forgia_asset_registry::ForgiaAssetRegistryPlugin"},C:\Users\Antoi\.cargo\registry\src\index.crates.io-1949cf8c6b5b557f\bevy_app-0.18.1\src\app.rs,529,53128,0.000041,1,53128,53128,53128,0.000000
system_commands{name="bevy_render::extract_component::extract_components<bevy_core_pipeline::tonemapping::Tonemapping>"},C:\Users\Antoi\.cargo\registry\src\index.crates.io-1949cf8c6b5b557f\bevy_ecs-0.18.1\src\system\function_system.rs,54,25885089,0.020121,27078,955,405,75079,611.275791
system{name="forgia_ai_arena_bot::tactical::bot_separation"},C:\Users\Antoi\.cargo\registry\src\index.crates.io-1949cf8c6b5b557f\bevy_ecs-0.18.1\src\system\function_system.rs,52,22864849,0.017773,27079,844,257,85930,873.619802
node{name="bevy_render::render_graph::node::ViewNodeRunner<bevy_core_pipeline::deferred::node::EarlyDeferredGBufferPrepassNode>"},C:\Users\Antoi\.cargo\registry\src\index.crates.io-1949cf8c6b5b557f\bevy_render-0.18.1\src\renderer\graph_runner.rs,240,10033467,0.007799,54156,185,55,13424,152.867930
submit_graph_commands,C:\Users\Antoi\.cargo\registry\src\index.crates.io-1949cf8c6b5b557f\bevy_render-0.18.1\src\renderer\graph_runner.rs,86,10025875554,7.793193,27078,370259,156013,18041249,127399.557615
system{name="forgia_mode_roguelite::stations::sys_reset_stations_on_stage_change"},C:\Users\Antoi\.cargo\registry\src\index.crates.io-1949cf8c6b5b557f\bevy_ecs-0.18.1\src\system\function_system.rs,52,10434476,0.008111,25752,405,102,79577,603.209309
system{name="forgia_observability::lifecycle_sensor::sys_write_lifecycle_sensor"},C:\Users\Antoi\.cargo\registry\src\index.crates.io-1949cf8c6b5b557f\bevy_ecs-0.18.1\src\system\function_system.rs,52,5175327,0.004023,27079,191,75,77730,583.730969
system{name="forgia_enemy_nameplate::tuning::sync_tuning"},C:\Users\Antoi\.cargo\registry\src\index.crates.io-1949cf8c6b5b557f\bevy_ecs-0.18.1\src\system\function_system.rs,52,12090109,0.009398,27079,446,141,53729,441.554860
asset loading{loader="bevy_image::image_loader::ImageLoader" asset="models\\kaykit\\medieval_hexagon\\buildings\\red\\hexagons_medieval.png"},C:\Users\Antoi\.cargo\registry\src\index.crates.io-1949cf8c6b5b557f\bevy_asset-0.18.1\src\server\loaders.rs,332,3877214,0.003014,6,646202,253,3846287,1567734.461988
system_commands{name="bevy_pbr::render::fog::prepare_fog"},C:\Users\Antoi\.cargo\registry\src\index.crates.io-1949cf8c6b5b557f\bevy_ecs-0.18.1\src\system\function_system.rs,54,90308523,0.070198,27078,3335,1614,88798,1265.907161
system{name="bevy_pbr::atmosphere::environment::init_atmosphere_probe_pipeline"},C:\Users\Antoi\.cargo\registry\src\index.crates.io-1949cf8c6b5b557f\bevy_ecs-0.18.1\src\system\function_system.rs,52,26837,0.000021,1,26837,26837,26837,0.000000
system{name="forgia_viewmodel::pose::apply_ads_camera_fov"},C:\Users\Antoi\.cargo\registry\src\index.crates.io-1949cf8c6b5b557f\bevy_ecs-0.18.1\src\system\function_system.rs,52,18488676,0.014371,25752,717,259,92741,721.878047
plugin build{plugin="forgia_water::ForgiaWaterPlugin"},C:\Users\Antoi\.cargo\registry\src\index.crates.io-1949cf8c6b5b557f\bevy_app-0.18.1\src\app.rs,529,967437,0.000752,1,967437,967437,967437,0.000000
system{name="forgia_mode_roguelite::elements::sys_enforce_always_on"},C:\Users\Antoi\.cargo\registry\src\index.crates.io-1949cf8c6b5b557f\bevy_ecs-0.18.1\src\system\function_system.rs,52,6986481,0.005431,25752,271,86,90657,597.298304
system{name="forgia_ui_lib::hud::barks::sys_write_barks_sensor"},C:\Users\Antoi\.cargo\registry\src\index.crates.io-1949cf8c6b5b557f\bevy_ecs-0.18.1\src\system\function_system.rs,52,8349235,0.006490,27079,308,94,22294,246.979373
plugin build{plugin="bevy_gizmos_render::pipeline_2d::LineGizmo2dPlugin"},C:\Users\Antoi\.cargo\registry\src\index.crates.io-1949cf8c6b5b557f\bevy_app-0.18.1\src\app.rs,529,74304,0.000058,1,74304,74304,74304,0.000000
plugin cleanup{plugin="forgia_rpg_data::inventory::ForgiaInventoryPlugin"},C:\Users\Antoi\.cargo\registry\src\index.crates.io-1949cf8c6b5b557f\bevy_app-0.18.1\src\app.rs,292,52,0.000000,1,52,52,52,0.000000
system{name="bevy_asset::assets::Assets<forgia_genome_core::Genome<forgia_level_presets::LevelModulesGenome>>::asset_events"},C:\Users\Antoi\.cargo\registry\src\index.crates.io-1949cf8c6b5b557f\bevy_ecs-0.18.1\src\system\function_system.rs,52,313,0.000000,1,313,313,313,0.000000
system_commands{name="bevy_ui_render::gradient::init_gradient_pipeline"},C:\Users\Antoi\.cargo\registry\src\index.crates.io-1949cf8c6b5b557f\bevy_ecs-0.18.1\src\system\function_system.rs,54,673,0.000001,1,673,673,673,0.000000
system{name="forgia_mode_roguelite::weapon_select::sys_lobby_weapon_preview"},C:\Users\Antoi\.cargo\registry\src\index.crates.io-1949cf8c6b5b557f\bevy_ecs-0.18.1\src\system\function_system.rs,52,154563,0.000120,91,1698,149,120462,12596.922230
system{name="forgia_fps::pepin::load_pepin_tuning"},C:\Users\Antoi\.cargo\registry\src\index.crates.io-1949cf8c6b5b557f\bevy_ecs-0.18.1\src\system\function_system.rs,52,56649,0.000044,1,56649,56649,56649,0.000000
system{name="bevy_app::propagate::on_r_removed<bevy_ui::ui_node::ComputedUiRenderTargetInfo, (), bevy_ecs::hierarchy::ChildOf>"},C:\Users\Antoi\.cargo\registry\src\index.crates.io-1949cf8c6b5b557f\bevy_ecs-0.18.1\src\system\function_system.rs,52,193359,0.000150,2654,72,53,3093,74.432293
system{name="forgia_mode_roguelite::poi::sys_write_poi_sensor"},C:\Users\Antoi\.cargo\registry\src\index.crates.io-1949cf8c6b5b557f\bevy_ecs-0.18.1\src\system\function_system.rs,52,10064662,0.007823,27079,371,117,82295,581.558623
plugin finish{plugin="bevy_render::sync_component::SyncComponentPlugin<bevy_camera::components::Camera2d>"},C:\Users\Antoi\.cargo\registry\src\index.crates.io-1949cf8c6b5b557f\bevy_app-0.18.1\src\app.rs,272,60,0.000000,1,60,60,60,0.000000
system{name="forgia_ai_arena_bot::tactical::bot_tactical_movement"},C:\Users\Antoi\.cargo\registry\src\index.crates.io-1949cf8c6b5b557f\bevy_ecs-0.18.1\src\system\function_system.rs,52,216412899,0.168219,27079,7991,136,150894,14253.343469
asset loading{loader="bevy_shader::shader::ShaderLoader" asset="embedded://bevy_pbr\\atmosphere\\transmittance_lut.wgsl"},C:\Users\Antoi\.cargo\registry\src\index.crates.io-1949cf8c6b5b557f\bevy_asset-0.18.1\src\server\loaders.rs,332,95063,0.000074,2,47531,97,94966,67082.513228
system{name="forgia_ui::sys_auto_start_when_warm"},C:\Users\Antoi\.cargo\registry\src\index.crates.io-1949cf8c6b5b557f\bevy_ecs-0.18.1\src\system\function_system.rs,52,24023,0.000019,91,263,127,620,93.922663
system{name="forgia_mode_roguelite::forge_shop::sys_forge_shop_cursor"},C:\Users\Antoi\.cargo\registry\src\index.crates.io-1949cf8c6b5b557f\bevy_ecs-0.18.1\src\system\function_system.rs,52,5591554,0.004346,25752,217,73,32840,250.690512
system{name="forgia_mode_roguelite::boucherie_rocket::sys_write_boucherie_sensor"},C:\Users\Antoi\.cargo\registry\src\index.crates.io-1949cf8c6b5b557f\bevy_ecs-0.18.1\src\system\function_system.rs,52,6147775,0.004779,27079,227,70,34309,321.180358
system{name="bevy_gizmos::collect_requested_gizmos<bevy_gizmos::light::LightGizmoConfigGroup, bevy_time::fixed::Fixed>"},C:\Users\Antoi\.cargo\registry\src\index.crates.io-1949cf8c6b5b557f\bevy_ecs-0.18.1\src\system\function_system.rs,52,1377053,0.001070,7925,173,77,13161,174.653847
system_commands{name="bevy_animation::trigger_untargeted_animation_events"},C:\Users\Antoi\.cargo\registry\src\index.crates.io-1949cf8c6b5b557f\bevy_ecs-0.18.1\src\system\function_system.rs,54,4186590,0.003254,27079,154,55,44382,298.231977
node{name="bevy_render::render_graph::node::EmptyNode"},C:\Users\Antoi\.cargo\registry\src\index.crates.io-1949cf8c6b5b557f\bevy_render-0.18.1\src\renderer\graph_runner.rs,240,31352568,0.024371,379092,82,49,25830,91.268072
system{name="leafwing_input_manager::user_input::updating::input_is_enabled<bevy_input::gamepad::GamepadButton>"},C:\Users\Antoi\.cargo\registry\src\index.crates.io-1949cf8c6b5b557f\bevy_ecs-0.18.1\src\system\function_system.rs,52,2449643,0.001904,27079,90,52,6490,75.290541
system{name="bevy_ui::update::update_clipping_system"},C:\Users\Antoi\.cargo\registry\src\index.crates.io-1949cf8c6b5b557f\bevy_ecs-0.18.1\src\system\function_system.rs,52,12844069,0.009984,27079,474,138,93033,609.483239
plugin build{plugin="bevy_gizmos_render::GizmoRenderPlugin"},C:\Users\Antoi\.cargo\registry\src\index.crates.io-1949cf8c6b5b557f\bevy_app-0.18.1\src\app.rs,529,310581,0.000241,1,310581,310581,310581,0.000000
system{name="forgia_mode_roguelite::decor::sys_hot_reload_decor_genome"},C:\Users\Antoi\.cargo\registry\src\index.crates.io-1949cf8c6b5b557f\bevy_ecs-0.18.1\src\system\function_system.rs,52,12658685,0.009840,25752,491,90,93145,3574.692198
system{name="bevy_rapier3d::plugin::systems::joint::apply_joint_user_changes"},C:\Users\Antoi\.cargo\registry\src\index.crates.io-1949cf8c6b5b557f\bevy_ecs-0.18.1\src\system\function_system.rs,52,3983074,0.003096,7925,502,93,4507,141.901826
plugin cleanup{plugin="forgia_mode_roguelite::render_quality::ForgiaRogueliteRenderPlugin"},C:\Users\Antoi\.cargo\registry\src\index.crates.io-1949cf8c6b5b557f\bevy_app-0.18.1\src\app.rs,292,103,0.000000,1,103,103,103,0.000000
system_commands{name="forgia_auto_rig::skinning::inject_skinning_for_rigged_meshes"},C:\Users\Antoi\.cargo\registry\src\index.crates.io-1949cf8c6b5b557f\bevy_ecs-0.18.1\src\system\function_system.rs,54,9973309,0.007752,27079,368,75,79100,794.751855
plugin build{plugin="forgia_skeleton_template::SkeletonTemplatePlugin"},C:\Users\Antoi\.cargo\registry\src\index.crates.io-1949cf8c6b5b557f\bevy_app-0.18.1\src\app.rs,529,103088,0.000080,1,103088,103088,103088,0.000000
system{name="bevy_rapier3d::plugin::systems::collider::init_async_scene_colliders"},C:\Users\Antoi\.cargo\registry\src\index.crates.io-1949cf8c6b5b557f\bevy_ecs-0.18.1\src\system\function_system.rs,52,4369718,0.003397,7925,551,151,79179,950.321435
system{name="forgia_fps::lenoir::sys_update_stats"},C:\Users\Antoi\.cargo\registry\src\index.crates.io-1949cf8c6b5b557f\bevy_ecs-0.18.1\src\system\function_system.rs,52,5812799,0.004518,27079,214,80,84291,635.047944
schedule{name=OnExit(Menu)},C:\Users\Antoi\.cargo\registry\src\index.crates.io-1949cf8c6b5b557f\bevy_ecs-0.18.1\src\schedule\schedule.rs,532,164901,0.000128,1,164901,164901,164901,0.000000
asset loading{loader="bevy_shader::shader::ShaderLoader" asset="embedded://bevy_pbr\\render\\fog.wgsl"},C:\Users\Antoi\.cargo\registry\src\index.crates.io-1949cf8c6b5b557f\bevy_asset-0.18.1\src\server\loaders.rs,332,139814,0.000109,2,69907,78,139736,98753.118847
system{name="bevy_light::cascade::clear_directional_light_cascades"},C:\Users\Antoi\.cargo\registry\src\index.crates.io-1949cf8c6b5b557f\bevy_ecs-0.18.1\src\system\function_system.rs,52,41592867,0.032330,27079,1535,246,102513,915.072528
system{name="bevy_core_pipeline::experimental::mip_generation::init_depth_pyramid_dummy_texture"},C:\Users\Antoi\.cargo\registry\src\index.crates.io-1949cf8c6b5b557f\bevy_ecs-0.18.1\src\system\function_system.rs,52,105167,0.000082,1,105167,105167,105167,0.000000
system{name="forgia_player::dash::dash_recharge_system"},C:\Users\Antoi\.cargo\registry\src\index.crates.io-1949cf8c6b5b557f\bevy_ecs-0.18.1\src\system\function_system.rs,52,4184779,0.003253,7533,555,92,80680,947.418520
plugin cleanup{plugin="forgia_ui_lib::dialogue::ForgiaUiDialoguePlugin"},C:\Users\Antoi\.cargo\registry\src\index.crates.io-1949cf8c6b5b557f\bevy_app-0.18.1\src\app.rs,292,53,0.000000,1,53,53,53,0.000000
system{name="bevy_egui::input::write_egui_wants_input_system"},C:\Users\Antoi\.cargo\registry\src\index.crates.io-1949cf8c6b5b557f\bevy_ecs-0.18.1\src\system\function_system.rs,52,51750452,0.040226,27079,1911,544,78337,935.749904
plugin finish{plugin="bevy_render::extract_resource::ExtractResourcePlugin<bevy_egui::render::systems::ExtractedEguiManagedTextures>"},C:\Users\Antoi\.cargo\registry\src\index.crates.io-1949cf8c6b5b557f\bevy_app-0.18.1\src\app.rs,272,80,0.000000,1,80,80,80,0.000000
plugin cleanup{plugin="forgia_viewmodel::calibration_sensor::ForgiaViewmodelCalibrationPlugin"},C:\Users\Antoi\.cargo\registry\src\index.crates.io-1949cf8c6b5b557f\bevy_app-0.18.1\src\app.rs,292,104,0.000000,1,104,104,104,0.000000
system{name="forgia_skeleton_template::update_skeleton_registry_load_state"},C:\Users\Antoi\.cargo\registry\src\index.crates.io-1949cf8c6b5b557f\bevy_ecs-0.18.1\src\system\function_system.rs,52,10800948,0.008396,27079,398,119,41221,379.438437
plugin build{plugin="bevy_render::sync_component::SyncComponentPlugin<bevy_pbr::ssr::ScreenSpaceReflections>"},C:\Users\Antoi\.cargo\registry\src\index.crates.io-1949cf8c6b5b557f\bevy_app-0.18.1\src\app.rs,529,6753,0.000005,1,6753,6753,6753,0.000000
plugin cleanup{plugin="forgia_mode_roguelite::trempe::RogueliteTrempePlugin"},C:\Users\Antoi\.cargo\registry\src\index.crates.io-1949cf8c6b5b557f\bevy_app-0.18.1\src\app.rs,292,54,0.000000,1,54,54,54,0.000000
schedule{name=StateTransition},C:\Users\Antoi\.cargo\registry\src\index.crates.io-1949cf8c6b5b557f\bevy_ecs-0.18.1\src\schedule\schedule.rs,532,2588033596,2.011699,27080,95569,45444,11110899,85714.654119
system{name="forgia_player::skybox_genome::force_regen_on_overlay_load"},C:\Users\Antoi\.cargo\registry\src\index.crates.io-1949cf8c6b5b557f\bevy_ecs-0.18.1\src\system\function_system.rs,52,8097672,0.006294,27079,299,113,10219,155.936877
plugin finish{plugin="forgia_rpg_data::dialogue::ForgiaDialoguePlugin"},C:\Users\Antoi\.cargo\registry\src\index.crates.io-1949cf8c6b5b557f\bevy_app-0.18.1\src\app.rs,272,55,0.000000,1,55,55,55,0.000000
plugin finish{plugin="bevy_core_pipeline::core_2d::Core2dPlugin"},C:\Users\Antoi\.cargo\registry\src\index.crates.io-1949cf8c6b5b557f\bevy_app-0.18.1\src\app.rs,272,55,0.000000,1,55,55,55,0.000000
system{name="bevy_asset::assets::Assets<bevy_animation::graph::AnimationGraph>::asset_events"},C:\Users\Antoi\.cargo\registry\src\index.crates.io-1949cf8c6b5b557f\bevy_ecs-0.18.1\src\system\function_system.rs,52,1049,0.000001,1,1049,1049,1049,0.000000
system_commands{name="bevy_render::extract_component::prepare_uniform_components<forgia_postprocess::toon::ToonSettings>"},C:\Users\Antoi\.cargo\registry\src\index.crates.io-1949cf8c6b5b557f\bevy_ecs-0.18.1\src\system\function_system.rs,54,29858757,0.023209,27078,1102,51,74377,817.447966
system{name="bevy_pbr::render::light::add_light_view_entities"},C:\Users\Antoi\.cargo\registry\src\index.crates.io-1949cf8c6b5b557f\bevy_ecs-0.18.1\src\system\function_system.rs,52,12506,0.000010,96,130,59,3444,345.557947
write_phase_instance_buffers,C:\Users\Antoi\.cargo\registry\src\index.crates.io-1949cf8c6b5b557f\bevy_render-0.18.1\src\batching\gpu_preprocessing.rs,2047,36855733,0.028648,243702,151,48,73389,312.360288
indexed_data,C:\Users\Antoi\.cargo\registry\src\index.crates.io-1949cf8c6b5b557f\bevy_render-0.18.1\src\batching\gpu_preprocessing.rs,2109,31406211,0.024412,243702,128,47,105426,421.113555
system{name="bevy_kira_audio::audio_output::play_audio_channel<forgia_audio::biome::BiomeAmbientChannel>"},C:\Users\Antoi\.cargo\registry\src\index.crates.io-1949cf8c6b5b557f\bevy_ecs-0.18.1\src\system\function_system.rs,52,16313643,0.012681,27079,602,244,134777,1456.472582
asset loading{loader="bevy_image::image_loader::ImageLoader" asset="ui/menu_video/frame_0040.webp"},C:\Users\Antoi\.cargo\registry\src\index.crates.io-1949cf8c6b5b557f\bevy_asset-0.18.1\src\server\loaders.rs,332,15413348,0.011981,6,2568891,139,15380283,6276276.939967
system{name="bevy_egui::input::write_window_touch_messages_system"},C:\Users\Antoi\.cargo\registry\src\index.crates.io-1949cf8c6b5b557f\bevy_ecs-0.18.1\src\system\function_system.rs,52,14184905,0.011026,27079,523,166,34779,354.870842
asset loading{loader="forgia_genome_core::GenomeLoader<forgia_player::PlayerMovementTuning>" asset="genomes/player_movement.toml"},C:\Users\Antoi\.cargo\registry\src\index.crates.io-1949cf8c6b5b557f\bevy_asset-0.18.1\src\server\loaders.rs,332,109405,0.000085,4,27351,88,100086,48549.304887
plugin cleanup{plugin="bevy_sprite_render::tilemap_chunk::tilemap_chunk_material::TilemapChunkMaterialPlugin"},C:\Users\Antoi\.cargo\registry\src\index.crates.io-1949cf8c6b5b557f\bevy_app-0.18.1\src\app.rs,292,58,0.000000,1,58,58,58,0.000000
system{name="forgia_ui::weapon_preview::sys_spawn_weapon_preview"},C:\Users\Antoi\.cargo\registry\src\index.crates.io-1949cf8c6b5b557f\bevy_ecs-0.18.1\src\system\function_system.rs,52,486508,0.000378,1,486508,486508,486508,0.000000
plugin finish{plugin="bevy_render::extract_component::ExtractComponentPlugin<bevy_render::view::Hdr>"},C:\Users\Antoi\.cargo\registry\src\index.crates.io-1949cf8c6b5b557f\bevy_app-0.18.1\src\app.rs,272,64,0.000000,1,64,64,64,0.000000
asset loading{loader="bevy_shader::shader::ShaderLoader" asset="embedded://bevy_pbr\\light_probe\\environment_filter.wgsl"},C:\Users\Antoi\.cargo\registry\src\index.crates.io-1949cf8c6b5b557f\bevy_asset-0.18.1\src\server\loaders.rs,332,269494,0.000209,2,134747,67,269427,190466.282580
plugin finish{plugin="bevy_render::view::ViewPlugin"},C:\Users\Antoi\.cargo\registry\src\index.crates.io-1949cf8c6b5b557f\bevy_app-0.18.1\src\app.rs,272,2929,0.000002,1,2929,2929,2929,0.000000
plugin build{plugin="bevy_render::extract_component::UniformComponentPlugin<bevy_core_pipeline::skybox::SkyboxUniforms>"},C:\Users\Antoi\.cargo\registry\src\index.crates.io-1949cf8c6b5b557f\bevy_app-0.18.1\src\app.rs,529,7120,0.000006,1,7120,7120,7120,0.000000
non_indexed_data,C:\Users\Antoi\.cargo\registry\src\index.crates.io-1949cf8c6b5b557f\bevy_render-0.18.1\src\batching\gpu_preprocessing.rs,2116,27791809,0.021603,243702,114,47,77987,269.474654
plugin build{plugin="bevy_pbr::ssao::ScreenSpaceAmbientOcclusionPlugin"},C:\Users\Antoi\.cargo\registry\src\index.crates.io-1949cf8c6b5b557f\bevy_app-0.18.1\src\app.rs,529,75023,0.000058,1,75023,75023,75023,0.000000
system{name="bevy_sprite_render::mesh2d::mesh::prepare_mesh2d_view_bind_groups"},C:\Users\Antoi\.cargo\registry\src\index.crates.io-1949cf8c6b5b557f\bevy_ecs-0.18.1\src\system\function_system.rs,52,363652649,0.282670,27078,13429,3706,4065859,26302.055788
asset loading{loader="bevy_shader::shader::ShaderLoader" asset="embedded://bevy_pbr\\render/pbr_prepass.wgsl"},C:\Users\Antoi\.cargo\registry\src\index.crates.io-1949cf8c6b5b557f\bevy_asset-0.18.1\src\server\loaders.rs,332,192074,0.000149,2,96037,56,192018,135737.631930
plugin build{plugin="forgia_mode_roguelite::head_hitbox::RogueliteHeadHitboxPlugin"},C:\Users\Antoi\.cargo\registry\src\index.crates.io-1949cf8c6b5b557f\bevy_app-0.18.1\src\app.rs,529,11236,0.000009,1,11236,11236,11236,0.000000
system{name="bevy_egui::render::extract_egui_camera_view_system"},C:\Users\Antoi\.cargo\registry\src\index.crates.io-1949cf8c6b5b557f\bevy_ecs-0.18.1\src\system\function_system.rs,52,189276791,0.147126,27079,6989,3703,92996,2986.190298
asset loading{loader="bevy_image::image_loader::ImageLoader" asset="ui/menu_video/frame_0073.webp"},C:\Users\Antoi\.cargo\registry\src\index.crates.io-1949cf8c6b5b557f\bevy_asset-0.18.1\src\server\loaders.rs,332,14067024,0.010934,6,2344504,167,14033208,5726274.234571
system_commands{name="bevy_core_pipeline::upscaling::prepare_view_upscaling_pipelines"},C:\Users\Antoi\.cargo\registry\src\index.crates.io-1949cf8c6b5b557f\bevy_ecs-0.18.1\src\system\function_system.rs,54,25931855,0.020157,27078,957,353,98374,1027.036570
plugin build{plugin="forgia_foliage::ForgiaFoliagePlugin"},C:\Users\Antoi\.cargo\registry\src\index.crates.io-1949cf8c6b5b557f\bevy_app-0.18.1\src\app.rs,529,199522,0.000155,1,199522,199522,199522,0.000000
system_commands{name="bevy_pbr::light_probe::generate::prepare_generated_environment_map_intermediate_textures"},C:\Users\Antoi\.cargo\registry\src\index.crates.io-1949cf8c6b5b557f\bevy_ecs-0.18.1\src\system\function_system.rs,54,2711417,0.002108,27078,100,50,3503,36.536043
asset loading{loader="bevy_shader::shader::ShaderLoader" asset="embedded://bevy_sprite_render\\tilemap_chunk\\tilemap_chunk_material.wgsl"},C:\Users\Antoi\.cargo\registry\src\index.crates.io-1949cf8c6b5b557f\bevy_asset-0.18.1\src\server\loaders.rs,332,75742,0.000059,2,37871,63,75679,53468.586366
asset loading{loader="bevy_gltf::loader::GltfLoader" asset="models/environment/inferno/ColumnBigBroken_001.glb"},C:\Users\Antoi\.cargo\registry\src\index.crates.io-1949cf8c6b5b557f\bevy_asset-0.18.1\src\server\loaders.rs,332,7011467,0.005450,6,1168577,128,6935237,2825099.958644
mesh,C:\Users\Antoi\.cargo\registry\src\index.crates.io-1949cf8c6b5b557f\epaint-0.33.3\src\tessellator.rs,1437,905704,0.000704,2642,342,97,14628,341.367402
system{name="forgia_viewmodel::arms::position_hands"},C:\Users\Antoi\.cargo\registry\src\index.crates.io-1949cf8c6b5b557f\bevy_ecs-0.18.1\src\system\function_system.rs,52,30840958,0.023973,25752,1197,555,102140,1046.487503
system{name="bevy_winit::system::changed_windows"},C:\Users\Antoi\.cargo\registry\src\index.crates.io-1949cf8c6b5b557f\bevy_ecs-0.18.1\src\system\function_system.rs,52,25230510,0.019612,27079,931,276,2211901,13537.617243
plugin finish{plugin="bevy_gilrs::GilrsPlugin"},C:\Users\Antoi\.cargo\registry\src\index.crates.io-1949cf8c6b5b557f\bevy_app-0.18.1\src\app.rs,272,60,0.000000,1,60,60,60,0.000000
system{name="bevy_render::renderer::render_system"},C:\Users\Antoi\.cargo\registry\src\index.crates.io-1949cf8c6b5b557f\bevy_ecs-0.18.1\src\system\function_system.rs,52,42300296051,32.880356,27078,1562164,715883,60204074,679131.582093
plugin finish{plugin="forgia_water::ForgiaWaterPlugin"},C:\Users\Antoi\.cargo\registry\src\index.crates.io-1949cf8c6b5b557f\bevy_app-0.18.1\src\app.rs,272,60,0.000000,1,60,60,60,0.000000
node{name="bevy_render::render_graph::node::ViewNodeRunner<bevy_core_pipeline::fullscreen_material::FullscreenMaterialNode<forgia_postprocess::toon::ToonSettings>>"},C:\Users\Antoi\.cargo\registry\src\index.crates.io-1949cf8c6b5b557f\bevy_render-0.18.1\src\renderer\graph_runner.rs,240,264527311,0.205619,51502,5136,80,129529,5366.439762
system{name="bevy_render::render_phase::sort_phase_system<bevy_ui_render::render_pass::TransparentUi>"},C:\Users\Antoi\.cargo\registry\src\index.crates.io-1949cf8c6b5b557f\bevy_ecs-0.18.1\src\system\function_system.rs,52,6206360,0.004824,27078,229,106,125748,933.904708
system{name="forgia_ui::weapon_preview::sys_retint_arm_materials"},C:\Users\Antoi\.cargo\registry\src\index.crates.io-1949cf8c6b5b557f\bevy_ecs-0.18.1\src\system\function_system.rs,52,480642,0.000374,1327,362,124,1515,181.205158
plugin cleanup{plugin="bevy_render::extract_component::ExtractComponentPlugin<bevy_render::experimental::occlusion_culling::OcclusionCulling>"},C:\Users\Antoi\.cargo\registry\src\index.crates.io-1949cf8c6b5b557f\bevy_app-0.18.1\src\app.rs,292,60,0.000000,1,60,60,60,0.000000
system{name="bevy_ui_render::extract_text_shadows"},C:\Users\Antoi\.cargo\registry\src\index.crates.io-1949cf8c6b5b557f\bevy_ecs-0.18.1\src\system\function_system.rs,52,22496149,0.017486,27079,830,279,27369,404.251962
system{name="forgia_mode_roguelite::status_vfx::sys_attach_shock_vfx"},C:\Users\Antoi\.cargo\registry\src\index.crates.io-1949cf8c6b5b557f\bevy_ecs-0.18.1\src\system\function_system.rs,52,13149431,0.010221,25752,510,158,42495,444.840545
plugin build{plugin="bevy_render::sync_component::SyncComponentPlugin<bevy_anti_alias::fxaa::Fxaa>"},C:\Users\Antoi\.cargo\registry\src\index.crates.io-1949cf8c6b5b557f\bevy_app-0.18.1\src\app.rs,529,19006,0.000015,1,19006,19006,19006,0.000000
system_commands{name="bevy_render::extract_component::extract_components<bevy_render::experimental::occlusion_culling::OcclusionCulling>"},C:\Users\Antoi\.cargo\registry\src\index.crates.io-1949cf8c6b5b557f\bevy_ecs-0.18.1\src\system\function_system.rs,54,13042887,0.010138,27078,481,139,80325,580.917814
plugin finish{plugin="bevy_render::sync_component::SyncComponentPlugin<bevy_render::view::Msaa>"},C:\Users\Antoi\.cargo\registry\src\index.crates.io-1949cf8c6b5b557f\bevy_app-0.18.1\src\app.rs,272,55,0.000000,1,55,55,55,0.000000
system{name="bevy_render::view::prepare_view_targets"},C:\Users\Antoi\.cargo\registry\src\index.crates.io-1949cf8c6b5b557f\bevy_ecs-0.18.1\src\system\function_system.rs,52,145872194,0.113388,27078,5387,3121,337735,2998.955128
system{name="forgia_mode_roguelite::forge_shop::sys_toggle_forge_shop"},C:\Users\Antoi\.cargo\registry\src\index.crates.io-1949cf8c6b5b557f\bevy_ecs-0.18.1\src\system\function_system.rs,52,6532440,0.005078,25752,253,83,76244,521.863828
node{name="bevy_render::render_graph::node::ViewNodeRunner<bevy_core_pipeline::core_3d::main_transmissive_pass_3d_node::MainTransmissivePass3dNode>"},C:\Users\Antoi\.cargo\registry\src\index.crates.io-1949cf8c6b5b557f\bevy_render-0.18.1\src\renderer\graph_runner.rs,240,79214921,0.061574,54156,1462,676,101262,942.753472
system{name="bevy_pbr::light_probe::gather_light_probes<bevy_light::probe::EnvironmentMapLight>"},C:\Users\Antoi\.cargo\registry\src\index.crates.io-1949cf8c6b5b557f\bevy_ecs-0.18.1\src\system\function_system.rs,52,39834779,0.030964,27079,1471,511,251349,1610.008371
asset loading{loader="bevy_shader::shader::ShaderLoader" asset="embedded://bevy_pbr\\ssao\\ssao.wgsl"},C:\Users\Antoi\.cargo\registry\src\index.crates.io-1949cf8c6b5b557f\bevy_asset-0.18.1\src\server\loaders.rs,332,408313,0.000317,2,204156,119,408194,288552.599734
system{name="bevy_render::extract_component::prepare_uniform_components<bevy_core_pipeline::skybox::SkyboxUniforms>"},C:\Users\Antoi\.cargo\registry\src\index.crates.io-1949cf8c6b5b557f\bevy_ecs-0.18.1\src\system\function_system.rs,52,236375602,0.183737,27078,8729,2852,263157,4745.229627
system{name="bevy_hanabi::render::on_remove_cached_metadata"},C:\Users\Antoi\.cargo\registry\src\index.crates.io-1949cf8c6b5b557f\bevy_ecs-0.18.1\src\system\function_system.rs,52,2531,0.000002,4,632,69,2288,1103.584010
system{name="bevy_asset::assets::Assets<forgia_genome_core::Genome<forgia_level_presets::LevelModulesGenome>>::asset_events_condition"},C:\Users\Antoi\.cargo\registry\src\index.crates.io-1949cf8c6b5b557f\bevy_ecs-0.18.1\src\system\function_system.rs,52,2653011,0.002062,27079,97,55,65855,406.223830
plugin finish{plugin="bevy_asset::AssetPlugin"},C:\Users\Antoi\.cargo\registry\src\index.crates.io-1949cf8c6b5b557f\bevy_app-0.18.1\src\app.rs,272,64,0.000000,1,64,64,64,0.000000
system{name="forgia_mode_roguelite::loot_room::sys_roll_zone_reward"},C:\Users\Antoi\.cargo\registry\src\index.crates.io-1949cf8c6b5b557f\bevy_ecs-0.18.1\src\system\function_system.rs,52,7013533,0.005452,25752,272,91,31658,243.155641
plugin finish{plugin="bevy_render::extract_component::UniformComponentPlugin<forgia_postprocess::toon::ToonSettings>"},C:\Users\Antoi\.cargo\registry\src\index.crates.io-1949cf8c6b5b557f\bevy_app-0.18.1\src\app.rs,272,54,0.000000,1,54,54,54,0.000000
plugin build{plugin="bevy_pbr::prepass::PrepassPipelinePlugin"},C:\Users\Antoi\.cargo\registry\src\index.crates.io-1949cf8c6b5b557f\bevy_app-0.18.1\src\app.rs,529,46751,0.000036,1,46751,46751,46751,0.000000
system{name="bevy_state::state::transitions::run_transition<forgia_core::states::GameMode>"},C:\Users\Antoi\.cargo\registry\src\index.crates.io-1949cf8c6b5b557f\bevy_ecs-0.18.1\src\system\function_system.rs,52,2371207,0.001843,27080,87,58,4111,46.159226
system{name="bevy_post_process::bloom::prepare_bloom_bind_groups"},C:\Users\Antoi\.cargo\registry\src\index.crates.io-1949cf8c6b5b557f\bevy_ecs-0.18.1\src\system\function_system.rs,52,12649854,0.009833,27078,467,149,68541,550.356333
system_commands{name="bevy_pbr::render::morph::no_automatic_morph_batching"},C:\Users\Antoi\.cargo\registry\src\index.crates.io-1949cf8c6b5b557f\bevy_ecs-0.18.1\src\system\function_system.rs,54,2074308,0.001612,27079,76,50,9425,91.014889
system{name="bevy_sprite_render::texture_slice::computed_slices::compute_slices_on_asset_event"},C:\Users\Antoi\.cargo\registry\src\index.crates.io-1949cf8c6b5b557f\bevy_ecs-0.18.1\src\system\function_system.rs,52,14945504,0.011617,27079,551,165,28618,500.542093
par_for_each{query="(bevy_ecs::entity::Entity, &bevy_camera::visibility::InheritedVisibility, &mut bevy_camera::visibility::ViewVisibility, core::option::Option<&bevy_camera::visibility::VisibilityClass>, core::option::Option<&bevy_camera::visibility::render_layers::RenderLayers>, core::option::Option<&bevy_camera::primitives::Aabb>, &bevy_transform::components::global_transform::GlobalTransform, bevy_ecs::query::fetch::Has<bevy_camera::visibility::NoFrustumCulling>, bevy_ecs::query::fetch::Has<bevy_camera::visibility::range::VisibilityRange>)" filter="()"},C:\Users\Antoi\.cargo\registry\src\index.crates.io-1949cf8c6b5b557f\bevy_ecs-0.18.1\src\query\state.rs,246,4428237254,3.442104,9803826,451,64,519240,603.892160
system{name="forgia_player::player_floor_safety_net"},C:\Users\Antoi\.cargo\registry\src\index.crates.io-1949cf8c6b5b557f\bevy_ecs-0.18.1\src\system\function_system.rs,52,4104734,0.003191,7533,544,108,70534,828.976534
system_commands{name="bevy_ui::update::update_clipping_system"},C:\Users\Antoi\.cargo\registry\src\index.crates.io-1949cf8c6b5b557f\bevy_ecs-0.18.1\src\system\function_system.rs,54,5611642,0.004362,27079,207,66,95772,593.978488
system{name="bevy_audio::audio_output::update_emitter_positions"},C:\Users\Antoi\.cargo\registry\src\index.crates.io-1949cf8c6b5b557f\bevy_ecs-0.18.1\src\system\function_system.rs,52,12678892,0.009855,27079,468,98,89859,715.291420
asset loading{loader="bevy_gltf::loader::GltfLoader" asset="models/environment/inferno/TowerBig_001.glb"},C:\Users\Antoi\.cargo\registry\src\index.crates.io-1949cf8c6b5b557f\bevy_asset-0.18.1\src\server\loaders.rs,332,81348807,0.063233,6,13558134,472,81244608,33159475.666028
system{name="bevy_asset::assets::Assets<bevy_mesh::mesh::Mesh>::track_assets"},C:\Users\Antoi\.cargo\registry\src\index.crates.io-1949cf8c6b5b557f\bevy_ecs-0.18.1\src\system\function_system.rs,52,31968521,0.024849,27079,1180,141,1556892,15037.592182
system{name="bevy_light::cluster::add_clusters"},C:\Users\Antoi\.cargo\registry\src\index.crates.io-1949cf8c6b5b557f\bevy_ecs-0.18.1\src\system\function_system.rs,52,16457762,0.012793,27079,607,152,53409,464.446520
plugin finish{plugin="forgia_juice_lib::camera_shake::ForgiaJuiceCameraShakePlugin"},C:\Users\Antoi\.cargo\registry\src\index.crates.io-1949cf8c6b5b557f\bevy_app-0.18.1\src\app.rs,272,55,0.000000,1,55,55,55,0.000000
plugin finish{plugin="forgia_viewmodel::fade::ForgiaViewmodelFadePlugin"},C:\Users\Antoi\.cargo\registry\src\index.crates.io-1949cf8c6b5b557f\bevy_app-0.18.1\src\app.rs,272,61,0.000000,1,61,61,61,0.000000
asset loading{loader="bevy_image::image_loader::ImageLoader" asset="ui/menu_video/frame_0013.webp"},C:\Users\Antoi\.cargo\registry\src\index.crates.io-1949cf8c6b5b557f\bevy_asset-0.18.1\src\server\loaders.rs,332,14686304,0.011416,7,2098043,176,14651218,5535432.426937
system{name="forgia_ui_lib::hud_ammo::track_ammo_events"},C:\Users\Antoi\.cargo\registry\src\index.crates.io-1949cf8c6b5b557f\bevy_ecs-0.18.1\src\system\function_system.rs,52,4566564,0.003550,27079,168,73,40517,290.941500
system{name="forgia_mode_roguelite::hud::draw_player_identity_badge"},C:\Users\Antoi\.cargo\registry\src\index.crates.io-1949cf8c6b5b557f\bevy_ecs-0.18.1\src\system\function_system.rs,52,126669832,0.098461,25661,4936,109,213412,2535.425072
system{name="forgia_mode_roguelite::boss_portal::sys_write_boss_gate_sensor"},C:\Users\Antoi\.cargo\registry\src\index.crates.io-1949cf8c6b5b557f\bevy_ecs-0.18.1\src\system\function_system.rs,52,8788903,0.006832,25752,341,105,26453,301.144762
system{name="bevy_core_pipeline::core_3d::prepare_core_3d_depth_textures"},C:\Users\Antoi\.cargo\registry\src\index.crates.io-1949cf8c6b5b557f\bevy_ecs-0.18.1\src\system\function_system.rs,52,150772816,0.117197,27078,5568,2070,3524153,21679.191586
system_commands{name="forgia_player::skybox_genome::load_sky_palette_genome"},C:\Users\Antoi\.cargo\registry\src\index.crates.io-1949cf8c6b5b557f\bevy_ecs-0.18.1\src\system\function_system.rs,54,4856,0.000004,1,4856,4856,4856,0.000000
plugin build{plugin="bevy_render::view::window::screenshot::ScreenshotPlugin"},C:\Users\Antoi\.cargo\registry\src\index.crates.io-1949cf8c6b5b557f\bevy_app-0.18.1\src\app.rs,529,84629,0.000066,1,84629,84629,84629,0.000000
system{name="forgia_observability::lifecycle_sensor::obs_nameplate_inserted"},C:\Users\Antoi\.cargo\registry\src\index.crates.io-1949cf8c6b5b557f\bevy_ecs-0.18.1\src\system\function_system.rs,52,1986,0.000002,28,70,59,155,24.935472
plugin build{plugin="bevy_render::extract_component::ExtractComponentPlugin<bevy_core_pipeline::tonemapping::DebandDither>"},C:\Users\Antoi\.cargo\registry\src\index.crates.io-1949cf8c6b5b557f\bevy_app-0.18.1\src\app.rs,529,13809,0.000011,1,13809,13809,13809,0.000000
system_commands{name="bevy_ui_render::ui_texture_slice_pipeline::init_ui_texture_slice_pipeline"},C:\Users\Antoi\.cargo\registry\src\index.crates.io-1949cf8c6b5b557f\bevy_ecs-0.18.1\src\system\function_system.rs,54,5921,0.000005,1,5921,5921,5921,0.000000
plugin finish{plugin="bevy_render::sync_component::SyncComponentPlugin<bevy_core_pipeline::tonemapping::DebandDither>"},C:\Users\Antoi\.cargo\registry\src\index.crates.io-1949cf8c6b5b557f\bevy_app-0.18.1\src\app.rs,272,53,0.000000,1,53,53,53,0.000000
asset loading{loader="bevy_shader::shader::ShaderLoader" asset="embedded://bevy_pbr\\prepass\\prepass_utils.wgsl"},C:\Users\Antoi\.cargo\registry\src\index.crates.io-1949cf8c6b5b557f\bevy_asset-0.18.1\src\server\loaders.rs,332,60768,0.000047,2,30384,55,60713,42891.683133
system{name="bevy_asset::assets::Assets<forgia_genome_core::Genome<forgia_enemy_nameplate::tuning::EnemyNameplateTuning>>::asset_events_condition"},C:\Users\Antoi\.cargo\registry\src\index.crates.io-1949cf8c6b5b557f\bevy_ecs-0.18.1\src\system\function_system.rs,52,2274258,0.001768,27079,83,52,136303,854.143717
system_commands{name="bevy_pbr::render::gpu_preprocess::prepare_preprocess_bind_groups"},C:\Users\Antoi\.cargo\registry\src\index.crates.io-1949cf8c6b5b557f\bevy_ecs-0.18.1\src\system\function_system.rs,54,216023400,0.167917,27078,7977,89,139820,2726.509455
system{name="bevy_render::extract_component::extract_components<bevy_core_pipeline::skybox::Skybox>"},C:\Users\Antoi\.cargo\registry\src\index.crates.io-1949cf8c6b5b557f\bevy_ecs-0.18.1\src\system\function_system.rs,52,29591462,0.023002,27079,1092,427,78031,652.492205
system{name="bevy_ui_render::pipeline::init_ui_pipeline"},C:\Users\Antoi\.cargo\registry\src\index.crates.io-1949cf8c6b5b557f\bevy_ecs-0.18.1\src\system\function_system.rs,52,8663,0.000007,1,8663,8663,8663,0.000000
system{name="forgia_ui_lib::hud::player_hp::draw_player_hp"},C:\Users\Antoi\.cargo\registry\src\index.crates.io-1949cf8c6b5b557f\bevy_ecs-0.18.1\src\system\function_system.rs,52,148677362,0.115568,26988,5509,136,104314,2763.680224
system{name="forgia_ui_lib::damage_direction::draw_damage_arcs"},C:\Users\Antoi\.cargo\registry\src\index.crates.io-1949cf8c6b5b557f\bevy_ecs-0.18.1\src\system\function_system.rs,52,9168592,0.007127,27079,338,91,11237,159.959866
system{name="forgia_mode_roguelite::hud::sys_track_boss_enrage_banner"},C:\Users\Antoi\.cargo\registry\src\index.crates.io-1949cf8c6b5b557f\bevy_ecs-0.18.1\src\system\function_system.rs,52,5899529,0.004586,25752,229,98,86238,650.952909
asset loading{loader="bevy_image::image_loader::ImageLoader" asset="embedded://bevy_anti_alias\\smaa\\SMAASearchLUT.ktx2"},C:\Users\Antoi\.cargo\registry\src\index.crates.io-1949cf8c6b5b557f\bevy_asset-0.18.1\src\server\loaders.rs,332,29345,0.000023,2,14672,69,29276,20652.467770
system_commands{name="forgia_viewmodel::vm_camera::propagate_viewmodel_layer"},C:\Users\Antoi\.cargo\registry\src\index.crates.io-1949cf8c6b5b557f\bevy_ecs-0.18.1\src\system\function_system.rs,54,2654461,0.002063,25752,103,51,82696,665.554447
system{name="bevy_render::extract_component::extract_components<bevy_core_pipeline::tonemapping::Tonemapping>"},C:\Users\Antoi\.cargo\registry\src\index.crates.io-1949cf8c6b5b557f\bevy_ecs-0.18.1\src\system\function_system.rs,52,13766204,0.010701,27079,508,221,75843,598.627459
system_commands{name="forgia_mode_roguelite::merchant::sys_apply_purchase"},C:\Users\Antoi\.cargo\registry\src\index.crates.io-1949cf8c6b5b557f\bevy_ecs-0.18.1\src\system\function_system.rs,54,4471637,0.003476,25752,173,61,124030,853.145905
plugin build{plugin="bevy_render::camera::CameraPlugin"},C:\Users\Antoi\.cargo\registry\src\index.crates.io-1949cf8c6b5b557f\bevy_app-0.18.1\src\app.rs,529,180273,0.000140,1,180273,180273,180273,0.000000
system{name="bevy_render::view::prepare_view_attachments"},C:\Users\Antoi\.cargo\registry\src\index.crates.io-1949cf8c6b5b557f\bevy_ecs-0.18.1\src\system\function_system.rs,52,49778179,0.038693,27078,1838,901,59848,833.979679
plugin build{plugin="bevy_render::extract_component::ExtractComponentPlugin<bevy_render::gpu_readback::Readback>"},C:\Users\Antoi\.cargo\registry\src\index.crates.io-1949cf8c6b5b557f\bevy_app-0.18.1\src\app.rs,529,10875,0.000008,1,10875,10875,10875,0.000000
plugin build{plugin="bevy_core_pipeline::core_3d::Core3dPlugin"},C:\Users\Antoi\.cargo\registry\src\index.crates.io-1949cf8c6b5b557f\bevy_app-0.18.1\src\app.rs,529,254244,0.000198,1,254244,254244,254244,0.000000
asset loading{loader="bevy_gltf::loader::GltfLoader" asset="models/environment/inferno/CirclePlatformSmall_001.glb"},C:\Users\Antoi\.cargo\registry\src\index.crates.io-1949cf8c6b5b557f\bevy_asset-0.18.1\src\server\loaders.rs,332,7203858,0.005600,4,1800964,80,7191477,3593677.630523
plugin finish{plugin="bevy_gizmos::global::GlobalGizmosPlugin"},C:\Users\Antoi\.cargo\registry\src\index.crates.io-1949cf8c6b5b557f\bevy_app-0.18.1\src\app.rs,272,56,0.000000,1,56,56,56,0.000000
system{name="forgia_mode_roguelite::ultimate_apply::sys_reset_ultimate_tech_stats"},C:\Users\Antoi\.cargo\registry\src\index.crates.io-1949cf8c6b5b557f\bevy_ecs-0.18.1\src\system\function_system.rs,52,202,0.000000,1,202,202,202,0.000000
plugin finish{plugin="forgia_stage::ForgiaStageArenaPlugin"},C:\Users\Antoi\.cargo\registry\src\index.crates.io-1949cf8c6b5b557f\bevy_app-0.18.1\src\app.rs,272,54,0.000000,1,54,54,54,0.000000
system{name="forgia_mode_roguelite::atmosphere::sys_ensure_atmosphere"},C:\Users\Antoi\.cargo\registry\src\index.crates.io-1949cf8c6b5b557f\bevy_ecs-0.18.1\src\system\function_system.rs,52,12364469,0.009611,25752,480,114,86301,711.316542
plugin build{plugin="forgia_juice_lib::fov_punch::ForgiaJuiceFovPunchPlugin"},C:\Users\Antoi\.cargo\registry\src\index.crates.io-1949cf8c6b5b557f\bevy_app-0.18.1\src\app.rs,529,8714,0.000007,1,8714,8714,8714,0.000000
system{name="bevy_pbr::material::queue_material_meshes"},C:\Users\Antoi\.cargo\registry\src\index.crates.io-1949cf8c6b5b557f\bevy_ecs-0.18.1\src\system\function_system.rs,52,276716026,0.215094,27078,10219,805,460997,7897.694412
system_commands{name="forgia_worldgen::streaming::sys_stream_city"},C:\Users\Antoi\.cargo\registry\src\index.crates.io-1949cf8c6b5b557f\bevy_ecs-0.18.1\src\system\function_system.rs,54,2526316,0.001964,25752,98,51,1441,31.296292
system_commands{name="bevy_ui_render::ui_texture_slice_pipeline::extract_ui_texture_slices"},C:\Users\Antoi\.cargo\registry\src\index.crates.io-1949cf8c6b5b557f\bevy_ecs-0.18.1\src\system\function_system.rs,54,2461921,0.001914,27078,90,51,3716,30.893024
plugin build{plugin="bevy_gizmos::GizmoPlugin"},C:\Users\Antoi\.cargo\registry\src\index.crates.io-1949cf8c6b5b557f\bevy_app-0.18.1\src\app.rs,529,291839,0.000227,1,291839,291839,291839,0.000000
system_commands{name="forgia_game::color_grading::sys_init"},C:\Users\Antoi\.cargo\registry\src\index.crates.io-1949cf8c6b5b557f\bevy_ecs-0.18.1\src\system\function_system.rs,54,13461,0.000010,1,13461,13461,13461,0.000000
plugin cleanup{plugin="bevy_core_pipeline::oit::resolve::OitResolvePlugin"},C:\Users\Antoi\.cargo\registry\src\index.crates.io-1949cf8c6b5b557f\bevy_app-0.18.1\src\app.rs,292,53,0.000000,1,53,53,53,0.000000
asset loading{loader="forgia_genome_core::GenomeLoader<forgia_stage::RogueliteStagesGenome>" asset="genomes/roguelite_stages.toml"},C:\Users\Antoi\.cargo\registry\src\index.crates.io-1949cf8c6b5b557f\bevy_asset-0.18.1\src\server\loaders.rs,332,187153,0.000145,5,37430,160,174566,76695.744453
plugin finish{plugin="forgia_juice_lib::fov_punch::ForgiaJuiceFovPunchPlugin"},C:\Users\Antoi\.cargo\registry\src\index.crates.io-1949cf8c6b5b557f\bevy_app-0.18.1\src\app.rs,272,55,0.000000,1,55,55,55,0.000000
system_commands{name="forgia_worldgen::streaming::sys_toggle_streaming"},C:\Users\Antoi\.cargo\registry\src\index.crates.io-1949cf8c6b5b557f\bevy_ecs-0.18.1\src\system\function_system.rs,54,4684650,0.003641,25752,181,74,139994,932.897299
system{name="bevy_pbr::lightmap::init_render_lightmaps"},C:\Users\Antoi\.cargo\registry\src\index.crates.io-1949cf8c6b5b557f\bevy_ecs-0.18.1\src\system\function_system.rs,52,2051,0.000002,1,2051,2051,2051,0.000000
system{name="bevy_gizmos_render::init_line_gizmo_uniform_bind_group_layout"},C:\Users\Antoi\.cargo\registry\src\index.crates.io-1949cf8c6b5b557f\bevy_ecs-0.18.1\src\system\function_system.rs,52,2010,0.000002,1,2010,2010,2010,0.000000
plugin build{plugin="bevy_sprite_render::tilemap_chunk::TilemapChunkPlugin"},C:\Users\Antoi\.cargo\registry\src\index.crates.io-1949cf8c6b5b557f\bevy_app-0.18.1\src\app.rs,529,5124,0.000004,1,5124,5124,5124,0.000000
handle_stairs,C:\Users\Antoi\.cargo\registry\src\index.crates.io-1949cf8c6b5b557f\rapier3d-0.31.0\src\control\character_controller.rs,676,3996916,0.003107,229,17453,48,77117,15472.044447
system{name="forgia_ui::weapon_preview::sys_despawn_previews"},C:\Users\Antoi\.cargo\registry\src\index.crates.io-1949cf8c6b5b557f\bevy_ecs-0.18.1\src\system\function_system.rs,52,2759,0.000002,1,2759,2759,2759,0.000000
system{name="bevy_app::terminal_ctrl_c_handler::TerminalCtrlCHandlerPlugin::exit_on_flag"},C:\Users\Antoi\.cargo\registry\src\index.crates.io-1949cf8c6b5b557f\bevy_ecs-0.18.1\src\system\function_system.rs,52,5842526,0.004541,27079,215,66,130295,848.511451
plugin cleanup{plugin="forgia_mode_roguelite::progress::PlayerProgressPlugin"},C:\Users\Antoi\.cargo\registry\src\index.crates.io-1949cf8c6b5b557f\bevy_app-0.18.1\src\app.rs,292,55,0.000000,1,55,55,55,0.000000
node{name="bevy_render::render_graph::node::ViewNodeRunner<bevy_post_process::effect_stack::PostProcessingNode>"},C:\Users\Antoi\.cargo\registry\src\index.crates.io-1949cf8c6b5b557f\bevy_render-0.18.1\src\renderer\graph_runner.rs,240,10185920,0.007918,81234,125,53,10305,82.125306
system_commands{name="forgia_ai_arena_bot::bot_tracer_lifetime"},C:\Users\Antoi\.cargo\registry\src\index.crates.io-1949cf8c6b5b557f\bevy_ecs-0.18.1\src\system\function_system.rs,54,2597588,0.002019,27079,95,51,32384,215.600614
plugin build{plugin="forgia_fps::bourrasque::ForgiaBourrasquePlugin"},C:\Users\Antoi\.cargo\registry\src\index.crates.io-1949cf8c6b5b557f\bevy_app-0.18.1\src\app.rs,529,17382,0.000014,1,17382,17382,17382,0.000000
system_commands{name="forgia_mode_roguelite::stations::sys_use_health_stations"},C:\Users\Antoi\.cargo\registry\src\index.crates.io-1949cf8c6b5b557f\bevy_ecs-0.18.1\src\system\function_system.rs,54,2161649,0.001680,25752,83,55,83753,611.707142
system{name="bevy_sprite::picking_backend::sprite_picking"},C:\Users\Antoi\.cargo\registry\src\index.crates.io-1949cf8c6b5b557f\bevy_ecs-0.18.1\src\system\function_system.rs,52,56096455,0.043604,27079,2071,570,91325,1256.866852
asset loading{loader="bevy_shader::shader::ShaderLoader" asset="embedded://bevy_pbr\\atmosphere\\types.wgsl"},C:\Users\Antoi\.cargo\registry\src\index.crates.io-1949cf8c6b5b557f\bevy_asset-0.18.1\src\server\loaders.rs,332,51027,0.000040,2,25513,57,50970,36000.927557
system{name="forgia_mode_roguelite::parcours_obstacles::sys_reset_obstacle_stats"},C:\Users\Antoi\.cargo\registry\src\index.crates.io-1949cf8c6b5b557f\bevy_ecs-0.18.1\src\system\function_system.rs,52,139,0.000000,1,139,139,139,0.000000
system_commands{name="bevy_state::state_scoped::despawn_entities_on_exit_state<forgia_mode_roguelite::run::RunState>"},C:\Users\Antoi\.cargo\registry\src\index.crates.io-1949cf8c6b5b557f\bevy_ecs-0.18.1\src\system\function_system.rs,54,1662936,0.001293,27080,61,50,4491,39.305026
system{name="forgia_ui::pause_time"},C:\Users\Antoi\.cargo\registry\src\index.crates.io-1949cf8c6b5b557f\bevy_ecs-0.18.1\src\system\function_system.rs,52,120014,0.000093,1,120014,120014,120014,0.000000
system_commands{name="bevy_state::state::freely_mutable_state::apply_state_transition<forgia_core::states::GameMode>"},C:\Users\Antoi\.cargo\registry\src\index.crates.io-1949cf8c6b5b557f\bevy_ecs-0.18.1\src\system\function_system.rs,54,14399492,0.011193,27080,531,71,92449,1223.616228
system{name="forgia_foliage::init_proc_meshes"},C:\Users\Antoi\.cargo\registry\src\index.crates.io-1949cf8c6b5b557f\bevy_ecs-0.18.1\src\system\function_system.rs,52,99572,0.000077,1,99572,99572,99572,0.000000
system{name="forgia_effects::weapon_vfx::tracer::setup_tracer_resources"},C:\Users\Antoi\.cargo\registry\src\index.crates.io-1949cf8c6b5b557f\bevy_ecs-0.18.1\src\system\function_system.rs,52,26419,0.000021,1,26419,26419,26419,0.000000
system{name="forgia_fps::load_fps_tuning"},C:\Users\Antoi\.cargo\registry\src\index.crates.io-1949cf8c6b5b557f\bevy_ecs-0.18.1\src\system\function_system.rs,52,460649,0.000358,1,460649,460649,460649,0.000000
system{name="bevy_kira_audio::audio_output::cleanup_stopped_instances"},C:\Users\Antoi\.cargo\registry\src\index.crates.io-1949cf8c6b5b557f\bevy_ecs-0.18.1\src\system\function_system.rs,52,30492478,0.023702,27079,1126,141,86080,1027.756306
system{name="forgia_combat::weapons::setup_casing_resources"},C:\Users\Antoi\.cargo\registry\src\index.crates.io-1949cf8c6b5b557f\bevy_ecs-0.18.1\src\system\function_system.rs,52,10695,0.000008,1,10695,10695,10695,0.000000
plugin build{plugin="bevy_render::sync_component::SyncComponentPlugin<bevy_core_pipeline::oit::OrderIndependentTransparencySettings>"},C:\Users\Antoi\.cargo\registry\src\index.crates.io-1949cf8c6b5b557f\bevy_app-0.18.1\src\app.rs,529,1122,0.000001,1,1122,1122,1122,0.000000
asset loading{loader="bevy_shader::shader::ShaderLoader" asset="embedded://bevy_render\\bindless.wgsl"},C:\Users\Antoi\.cargo\registry\src\index.crates.io-1949cf8c6b5b557f\bevy_asset-0.18.1\src\server\loaders.rs,332,96215,0.000075,2,48107,122,96093,67861.744901
plugin build{plugin="bevy_kira_audio::AudioPlugin"},C:\Users\Antoi\.cargo\registry\src\index.crates.io-1949cf8c6b5b557f\bevy_app-0.18.1\src\app.rs,529,10250600,0.007968,1,10250600,10250600,10250600,0.000000
system{name="forgia_worldgen::debug_viz::sys_worldgen_gizmos"},C:\Users\Antoi\.cargo\registry\src\index.crates.io-1949cf8c6b5b557f\bevy_ecs-0.18.1\src\system\function_system.rs,52,22009178,0.017108,25752,854,237,83213,703.446468
plugin build{plugin="bevy_render::extract_component::UniformComponentPlugin<bevy_post_process::bloom::downsampling_pipeline::BloomUniforms>"},C:\Users\Antoi\.cargo\registry\src\index.crates.io-1949cf8c6b5b557f\bevy_app-0.18.1\src\app.rs,529,7791,0.000006,1,7791,7791,7791,0.000000
asset loading{loader="bevy_image::image_loader::ImageLoader" asset="ui/menu_video/frame_0082.webp"},C:\Users\Antoi\.cargo\registry\src\index.crates.io-1949cf8c6b5b557f\bevy_asset-0.18.1\src\server\loaders.rs,332,14213557,0.011048,6,2368926,73,14178268,5785374.919493
system_commands{name="bevy_pbr::ssao::prepare_ssao_textures"},C:\Users\Antoi\.cargo\registry\src\index.crates.io-1949cf8c6b5b557f\bevy_ecs-0.18.1\src\system\function_system.rs,54,2343400,0.001822,27078,86,50,3296,33.428550
system{name="bevy_app::propagate::propagate_inherited<bevy_ui::ui_node::ComputedUiTargetCamera, (), bevy_ecs::hierarchy::ChildOf>"},C:\Users\Antoi\.cargo\registry\src\index.crates.io-1949cf8c6b5b557f\bevy_ecs-0.18.1\src\system\function_system.rs,52,16496470,0.012823,27079,609,222,53165,464.384645
plugin finish{plugin="bevy_app::panic_handler::PanicHandlerPlugin"},C:\Users\Antoi\.cargo\registry\src\index.crates.io-1949cf8c6b5b557f\bevy_app-0.18.1\src\app.rs,272,56,0.000000,1,56,56,56,0.000000
system_commands{name="bevy_pbr::ssr::prepare_ssr_pipelines"},C:\Users\Antoi\.cargo\registry\src\index.crates.io-1949cf8c6b5b557f\bevy_ecs-0.18.1\src\system\function_system.rs,54,2325459,0.001808,27078,85,51,9867,65.318225
plugin build{plugin="bevy_pbr::ssr::ScreenSpaceReflectionsPlugin"},C:\Users\Antoi\.cargo\registry\src\index.crates.io-1949cf8c6b5b557f\bevy_app-0.18.1\src\app.rs,529,91901,0.000071,1,91901,91901,91901,0.000000
system{name="forgia_mode_roguelite::trempe::sys_reset_trempe"},C:\Users\Antoi\.cargo\registry\src\index.crates.io-1949cf8c6b5b557f\bevy_ecs-0.18.1\src\system\function_system.rs,52,247,0.000000,1,247,247,247,0.000000
system{name="forgia_mode_roguelite::poi::sys_loot_vault_walkover"},C:\Users\Antoi\.cargo\registry\src\index.crates.io-1949cf8c6b5b557f\bevy_ecs-0.18.1\src\system\function_system.rs,52,20741776,0.016123,25752,805,352,138562,1392.702252
system{name="forgia_ui_lib::damage_direction::tuning::load_damage_dir_tuning"},C:\Users\Antoi\.cargo\registry\src\index.crates.io-1949cf8c6b5b557f\bevy_ecs-0.18.1\src\system\function_system.rs,52,30525,0.000024,1,30525,30525,30525,0.000000
system{name="forgia_combat::weapons::weapon_cooldown_tick_system"},C:\Users\Antoi\.cargo\registry\src\index.crates.io-1949cf8c6b5b557f\bevy_ecs-0.18.1\src\system\function_system.rs,52,351420,0.000273,912,385,150,1724,114.481286
system{name="bevy_render::erased_render_asset::prepare_erased_assets<bevy_pbr::mesh_material::MeshMaterial3d<bevy_pbr::extended_material::ExtendedMaterial<bevy_pbr::pbr_material::StandardMaterial, bevy_water::water::material::WaterMaterial>>>"},C:\Users\Antoi\.cargo\registry\src\index.crates.io-1949cf8c6b5b557f\bevy_ecs-0.18.1\src\system\function_system.rs,52,9376224312,7.288214,27078,346267,266893,2622420,74731.135692
system{name="forgia_rpg_data::shop::close_shop_sessions"},C:\Users\Antoi\.cargo\registry\src\index.crates.io-1949cf8c6b5b557f\bevy_ecs-0.18.1\src\system\function_system.rs,52,6760170,0.005255,27079,249,77,78744,683.238779
asset loading{loader="bevy_kira_audio::source::ogg_loader::OggLoader" asset="audio/roguelite/weapons/lenoir.ogg"},C:\Users\Antoi\.cargo\registry\src\index.crates.io-1949cf8c6b5b557f\bevy_asset-0.18.1\src\server\loaders.rs,332,614900,0.000478,4,153725,168,600640,298012.304952
plugin build{plugin="forgia_rpg_data::boons::ForgiaBoonsPlugin"},C:\Users\Antoi\.cargo\registry\src\index.crates.io-1949cf8c6b5b557f\bevy_app-0.18.1\src\app.rs,529,79375,0.000062,1,79375,79375,79375,0.000000
system{name="forgia_fps::lenoir::sys_write_lenoir_sensor"},C:\Users\Antoi\.cargo\registry\src\index.crates.io-1949cf8c6b5b557f\bevy_ecs-0.18.1\src\system\function_system.rs,52,4652541,0.003616,27079,171,67,114450,720.933132
system{name="forgia_mode_roguelite::stations::sys_use_health_stations"},C:\Users\Antoi\.cargo\registry\src\index.crates.io-1949cf8c6b5b557f\bevy_ecs-0.18.1\src\system\function_system.rs,52,20491515,0.015928,25752,795,357,139397,1505.603390
system{name="bevy_render::gpu_readback::prepare_buffers"},C:\Users\Antoi\.cargo\registry\src\index.crates.io-1949cf8c6b5b557f\bevy_ecs-0.18.1\src\system\function_system.rs,52,12944849,0.010062,27078,478,169,87831,669.903515
system{name="forgia_ui::sys_menu_enclume"},C:\Users\Antoi\.cargo\registry\src\index.crates.io-1949cf8c6b5b557f\bevy_ecs-0.18.1\src\system\function_system.rs,52,8830333,0.006864,27079,326,88,4553,146.832916
system{name="forgia_mode_roguelite::hud::draw_shockwave_indicator"},C:\Users\Antoi\.cargo\registry\src\index.crates.io-1949cf8c6b5b557f\bevy_ecs-0.18.1\src\system\function_system.rs,52,84054084,0.065336,25661,3275,121,154684,1966.964666
system{name="bevy_rapier3d::plugin::systems::collider::update_colliding_entities"},C:\Users\Antoi\.cargo\registry\src\index.crates.io-1949cf8c6b5b557f\bevy_ecs-0.18.1\src\system\function_system.rs,52,2738182,0.002128,7925,345,77,29534,401.027308
plugin build{plugin="bevy_core_pipeline::skybox::SkyboxPlugin"},C:\Users\Antoi\.cargo\registry\src\index.crates.io-1949cf8c6b5b557f\bevy_app-0.18.1\src\app.rs,529,86229,0.000067,1,86229,86229,86229,0.000000
system_commands{name="bevy_sprite_render::texture_slice::computed_slices::compute_slices_on_sprite_change"},C:\Users\Antoi\.cargo\registry\src\index.crates.io-1949cf8c6b5b557f\bevy_ecs-0.18.1\src\system\function_system.rs,54,9303676,0.007232,27079,343,52,83982,774.816320
system{name="bevy_render::render_asset::prepare_assets<bevy_sprite_render::mesh2d::material::PreparedMaterial2d<bevy_sprite_render::mesh2d::color_material::ColorMaterial>>"},C:\Users\Antoi\.cargo\registry\src\index.crates.io-1949cf8c6b5b557f\bevy_ecs-0.18.1\src\system\function_system.rs,52,21551139,0.016752,27078,795,224,491602,3183.557026
plugin cleanup{plugin="forgia_assets::ForgiaAssetsPlugin"},C:\Users\Antoi\.cargo\registry\src\index.crates.io-1949cf8c6b5b557f\bevy_app-0.18.1\src\app.rs,292,57,0.000000,1,57,57,57,0.000000
system{name="bevy_pbr::atmosphere::resources::init_atmosphere_buffer"},C:\Users\Antoi\.cargo\registry\src\index.crates.io-1949cf8c6b5b557f\bevy_ecs-0.18.1\src\system\function_system.rs,52,571,0.000000,1,571,571,571,0.000000
system{name="forgia_worldgen::sys_load_kit"},C:\Users\Antoi\.cargo\registry\src\index.crates.io-1949cf8c6b5b557f\bevy_ecs-0.18.1\src\system\function_system.rs,52,79920,0.000062,1,79920,79920,79920,0.000000
plugin cleanup{plugin="bevy_rapier3d::render::RapierDebugRenderPlugin"},C:\Users\Antoi\.cargo\registry\src\index.crates.io-1949cf8c6b5b557f\bevy_app-0.18.1\src\app.rs,292,54,0.000000,1,54,54,54,0.000000
system{name="bevy_asset::assets::Assets<forgia_genome_core::Genome<forgia_player::skybox_genome::SkyPaletteGenome>>::asset_events"},C:\Users\Antoi\.cargo\registry\src\index.crates.io-1949cf8c6b5b557f\bevy_ecs-0.18.1\src\system\function_system.rs,52,4865,0.000004,1,4865,4865,4865,0.000000
system_commands{name="bevy_render::extract_component::extract_components<forgia_postprocess::toon::ToonSettings>"},C:\Users\Antoi\.cargo\registry\src\index.crates.io-1949cf8c6b5b557f\bevy_ecs-0.18.1\src\system\function_system.rs,54,24521872,0.019061,27078,905,166,52996,618.886413
plugin cleanup{plugin="bevy_pbr::PbrPlugin"},C:\Users\Antoi\.cargo\registry\src\index.crates.io-1949cf8c6b5b557f\bevy_app-0.18.1\src\app.rs,292,52,0.000000,1,52,52,52,0.000000
plugin cleanup{plugin="forgia_viewmodel::pose::ForgiaViewmodelPosePlugin"},C:\Users\Antoi\.cargo\registry\src\index.crates.io-1949cf8c6b5b557f\bevy_app-0.18.1\src\app.rs,292,53,0.000000,1,53,53,53,0.000000
plugin cleanup{plugin="forgia_stage::ForgiaStageArenaPlugin"},C:\Users\Antoi\.cargo\registry\src\index.crates.io-1949cf8c6b5b557f\bevy_app-0.18.1\src\app.rs,292,54,0.000000,1,54,54,54,0.000000
system{name="bevy_pbr::ssao::prepare_ssao_textures"},C:\Users\Antoi\.cargo\registry\src\index.crates.io-1949cf8c6b5b557f\bevy_ecs-0.18.1\src\system\function_system.rs,52,13786666,0.010716,27078,509,94,52649,459.333402
system_commands{name="forgia_effects::lifetime_tick"},C:\Users\Antoi\.cargo\registry\src\index.crates.io-1949cf8c6b5b557f\bevy_ecs-0.18.1\src\system\function_system.rs,54,2483760,0.001931,27079,91,51,78728,537.731535
system_commands{name="bevy_pbr::medium::init_scattering_medium_sampler"},C:\Users\Antoi\.cargo\registry\src\index.crates.io-1949cf8c6b5b557f\bevy_ecs-0.18.1\src\system\function_system.rs,54,602,0.000000,1,602,602,602,0.000000
system{name="forgia_mode_roguelite::loot_room::sys_spawn_demo_level_after_boss"},C:\Users\Antoi\.cargo\registry\src\index.crates.io-1949cf8c6b5b557f\bevy_ecs-0.18.1\src\system\function_system.rs,52,8812298,0.006850,25752,342,116,63871,430.817396
plugin cleanup{plugin="bevy_render::extract_resource::ExtractResourcePlugin<bevy_egui::render::systems::ExtractedEguiManagedTextures>"},C:\Users\Antoi\.cargo\registry\src\index.crates.io-1949cf8c6b5b557f\bevy_app-0.18.1\src\app.rs,292,61,0.000000,1,61,61,61,0.000000
plugin build{plugin="forgia_mode_roguelite::intro_dialogue::IntroDialoguePlugin"},C:\Users\Antoi\.cargo\registry\src\index.crates.io-1949cf8c6b5b557f\bevy_app-0.18.1\src\app.rs,529,26065,0.000020,1,26065,26065,26065,0.000000
plugin build{plugin="bevy_pbr::lightmap::LightmapPlugin"},C:\Users\Antoi\.cargo\registry\src\index.crates.io-1949cf8c6b5b557f\bevy_app-0.18.1\src\app.rs,529,18998,0.000015,1,18998,18998,18998,0.000000
asset loading{loader="bevy_shader::shader::ShaderLoader" asset="embedded://bevy_pbr\\render\\forward_io.wgsl"},C:\Users\Antoi\.cargo\registry\src\index.crates.io-1949cf8c6b5b557f\bevy_asset-0.18.1\src\server\loaders.rs,332,64046,0.000050,2,32023,80,63966,45174.223823
plugin build{plugin="bevy_pbr::prepass::PrepassPlugin"},C:\Users\Antoi\.cargo\registry\src\index.crates.io-1949cf8c6b5b557f\bevy_app-0.18.1\src\app.rs,529,221977,0.000173,1,221977,221977,221977,0.000000
plugin finish{plugin="bevy_render::extract_component::ExtractComponentPlugin<bevy_core_pipeline::oit::OrderIndependentTransparencySettings>"},C:\Users\Antoi\.cargo\registry\src\index.crates.io-1949cf8c6b5b557f\bevy_app-0.18.1\src\app.rs,272,109,0.000000,1,109,109,109,0.000000
system_commands{name="bevy_rapier3d::plugin::systems::collider::init_colliders"},C:\Users\Antoi\.cargo\registry\src\index.crates.io-1949cf8c6b5b557f\bevy_ecs-0.18.1\src\system\function_system.rs,54,1845397,0.001434,7925,232,58,166909,2164.910908
system{name="bevy_render::batching::gpu_preprocessing::batch_and_prepare_binned_render_phase<bevy_core_pipeline::core_3d::Opaque3d, bevy_pbr::render::mesh::MeshPipeline>"},C:\Users\Antoi\.cargo\registry\src\index.crates.io-1949cf8c6b5b557f\bevy_ecs-0.18.1\src\system\function_system.rs,52,140403364,0.109137,27078,5185,857,123305,2411.688189
system{name="forgia_ui_lib::pause_menu::draw_pause_menu"},C:\Users\Antoi\.cargo\registry\src\index.crates.io-1949cf8c6b5b557f\bevy_ecs-0.18.1\src\system\function_system.rs,52,36292679,0.028211,27079,1340,105,213960,5755.917494
system{name="bevy_hanabi::update_properties_from_asset"},C:\Users\Antoi\.cargo\registry\src\index.crates.io-1949cf8c6b5b557f\bevy_ecs-0.18.1\src\system\function_system.rs,52,15459638,0.012017,27079,570,220,132331,1037.275874
system{name="forgia_mode_roguelite::decor::sys_write_decor_sensor"},C:\Users\Antoi\.cargo\registry\src\index.crates.io-1949cf8c6b5b557f\bevy_ecs-0.18.1\src\system\function_system.rs,52,12146390,0.009441,27079,448,99,135931,2369.362359
asset loading{loader="bevy_shader::shader::ShaderLoader" asset="shaders/post_process/toon.wgsl"},C:\Users\Antoi\.cargo\registry\src\index.crates.io-1949cf8c6b5b557f\bevy_asset-0.18.1\src\server\loaders.rs,332,159548,0.000124,4,39887,71,141234,67741.797353
system{name="forgia_effects::damage_numbers::setup_damage_number_pool"},C:\Users\Antoi\.cargo\registry\src\index.crates.io-1949cf8c6b5b557f\bevy_ecs-0.18.1\src\system\function_system.rs,52,183944,0.000143,1,183944,183944,183944,0.000000
asset loading{loader="bevy_gltf::loader::GltfLoader" asset="models/environment/inferno/Brazier_004.glb"},C:\Users\Antoi\.cargo\registry\src\index.crates.io-1949cf8c6b5b557f\bevy_asset-0.18.1\src\server\loaders.rs,332,74696100,0.058062,4,18674025,63,74676500,37334983.701221
system{name="forgia_mode_roguelite::element_vfx::sys_write_element_vfx_sensor"},C:\Users\Antoi\.cargo\registry\src\index.crates.io-1949cf8c6b5b557f\bevy_ecs-0.18.1\src\system\function_system.rs,52,9398485,0.007306,27079,347,107,55426,491.952756
system{name="<leafwing_input_manager::user_input::mouse::MouseScroll as leafwing_input_manager::user_input::updating::UpdatableInput>::compute"},C:\Users\Antoi\.cargo\registry\src\index.crates.io-1949cf8c6b5b557f\bevy_ecs-0.18.1\src\system\function_system.rs,52,21216591,0.016492,27079,783,167,80811,636.413315
system_commands{name="bevy_render::extract_component::prepare_uniform_components<bevy_core_pipeline::skybox::SkyboxUniforms>"},C:\Users\Antoi\.cargo\registry\src\index.crates.io-1949cf8c6b5b557f\bevy_ecs-0.18.1\src\system\function_system.rs,54,34025196,0.026448,27078,1256,557,145936,1098.941676
plugin build{plugin="bevy_render::sync_component::SyncComponentPlugin<bevy_anti_alias::contrast_adaptive_sharpening::ContrastAdaptiveSharpening>"},C:\Users\Antoi\.cargo\registry\src\index.crates.io-1949cf8c6b5b557f\bevy_app-0.18.1\src\app.rs,529,862,0.000001,1,862,862,862,0.000000
asset loading{loader="bevy_gltf::loader::GltfLoader" asset="models/kaykit/hexagon/red/building_market_red.gltf"},C:\Users\Antoi\.cargo\registry\src\index.crates.io-1949cf8c6b5b557f\bevy_asset-0.18.1\src\server\loaders.rs,332,306483,0.000238,7,43783,85,225549,82701.895938
system_commands{name="forgia_mode_roguelite::elements::sys_init_element_genome"},C:\Users\Antoi\.cargo\registry\src\index.crates.io-1949cf8c6b5b557f\bevy_ecs-0.18.1\src\system\function_system.rs,54,5563,0.000004,1,5563,5563,5563,0.000000
plugin finish{plugin="bevy_picking::input::PointerInputPlugin"},C:\Users\Antoi\.cargo\registry\src\index.crates.io-1949cf8c6b5b557f\bevy_app-0.18.1\src\app.rs,272,57,0.000000,1,57,57,57,0.000000
plugin finish{plugin="forgia_rpg_data::quests::ForgiaQuestsPlugin"},C:\Users\Antoi\.cargo\registry\src\index.crates.io-1949cf8c6b5b557f\bevy_app-0.18.1\src\app.rs,272,63,0.000000,1,63,63,63,0.000000
asset loading{loader="bevy_image::image_loader::ImageLoader" asset="ui/menu_video/frame_0052.webp"},C:\Users\Antoi\.cargo\registry\src\index.crates.io-1949cf8c6b5b557f\bevy_asset-0.18.1\src\server\loaders.rs,332,15229609,0.011838,6,2538268,147,15192783,6199424.568674
system{name="forgia_ui_lib::hud_ammo::draw_ammo_counter"},C:\Users\Antoi\.cargo\registry\src\index.crates.io-1949cf8c6b5b557f\bevy_ecs-0.18.1\src\system\function_system.rs,52,217091979,0.168747,26988,8044,136,2915187,21960.486533
system{name="bevy_ui_render::extract_viewport_nodes"},C:\Users\Antoi\.cargo\registry\src\index.crates.io-1949cf8c6b5b557f\bevy_ecs-0.18.1\src\system\function_system.rs,52,28111314,0.021851,27079,1038,448,45574,510.604907
asset loading{loader="bevy_shader::shader::ShaderLoader" asset="embedded://bevy_pbr\\render/utils.wgsl"},C:\Users\Antoi\.cargo\registry\src\index.crates.io-1949cf8c6b5b557f\bevy_asset-0.18.1\src\server\loaders.rs,332,508774,0.000395,2,254387,65,508709,359665.621610
system_commands{name="forgia_juice_lib::knockback::sys_init_knockback_genome"},C:\Users\Antoi\.cargo\registry\src\index.crates.io-1949cf8c6b5b557f\bevy_ecs-0.18.1\src\system\function_system.rs,54,5000,0.000004,1,5000,5000,5000,0.000000
system{name="forgia_mode_roguelite::ultimate_config::sys_init_ultimate_genome"},C:\Users\Antoi\.cargo\registry\src\index.crates.io-1949cf8c6b5b557f\bevy_ecs-0.18.1\src\system\function_system.rs,52,4485266,0.003486,1,4485266,4485266,4485266,0.000000
non_indexed_cpu_metadata,C:\Users\Antoi\.cargo\registry\src\index.crates.io-1949cf8c6b5b557f\bevy_render-0.18.1\src\batching\gpu_preprocessing.rs,2131,28519785,0.022169,243702,117,47,131356,402.701682
plugin finish{plugin="bevy_render::render_asset::RenderAssetPlugin<bevy_sprite_render::mesh2d::material::PreparedMaterial2d<bevy_sprite_render::mesh2d::color_material::ColorMaterial>>"},C:\Users\Antoi\.cargo\registry\src\index.crates.io-1949cf8c6b5b557f\bevy_app-0.18.1\src\app.rs,272,54,0.000000,1,54,54,54,0.000000
system{name="forgia_juice_lib::knockback::sys_write_knockback_sensor"},C:\Users\Antoi\.cargo\registry\src\index.crates.io-1949cf8c6b5b557f\bevy_ecs-0.18.1\src\system\function_system.rs,52,11620686,0.009033,27079,429,136,68536,498.309000
system{name="bevy_light::cascade::build_directional_light_cascades"},C:\Users\Antoi\.cargo\registry\src\index.crates.io-1949cf8c6b5b557f\bevy_ecs-0.18.1\src\system\function_system.rs,52,113584453,0.088290,27079,4194,616,192330,2111.592366
plugin build{plugin="leafwing_input_manager::plugin::CentralInputStorePlugin"},C:\Users\Antoi\.cargo\registry\src\index.crates.io-1949cf8c6b5b557f\bevy_app-0.18.1\src\app.rs,529,113510,0.000088,1,113510,113510,113510,0.000000
system_commands{name="bevy_core_pipeline::blit::init_blit_pipeline"},C:\Users\Antoi\.cargo\registry\src\index.crates.io-1949cf8c6b5b557f\bevy_ecs-0.18.1\src\system\function_system.rs,54,3437,0.000003,1,3437,3437,3437,0.000000
plugin finish{plugin="forgia_ai_arena_bot::ForgiaAiArenaBotPlugin"},C:\Users\Antoi\.cargo\registry\src\index.crates.io-1949cf8c6b5b557f\bevy_app-0.18.1\src\app.rs,272,52,0.000000,1,52,52,52,0.000000
system_commands{name="bevy_picking::input::deactivate_touch_pointers"},C:\Users\Antoi\.cargo\registry\src\index.crates.io-1949cf8c6b5b557f\bevy_ecs-0.18.1\src\system\function_system.rs,54,3827128,0.002975,27079,141,57,31139,257.698858
system{name="bevy_camera::visibility::calculate_bounds"},C:\Users\Antoi\.cargo\registry\src\index.crates.io-1949cf8c6b5b557f\bevy_ecs-0.18.1\src\system\function_system.rs,52,4586434203,3.565072,27079,169372,59425,2206317,49520.114686
plugin cleanup{plugin="bevy_camera::CameraPlugin"},C:\Users\Antoi\.cargo\registry\src\index.crates.io-1949cf8c6b5b557f\bevy_app-0.18.1\src\app.rs,292,57,0.000000,1,57,57,57,0.000000
system{name="forgia_water::hide_water_on_spawn"},C:\Users\Antoi\.cargo\registry\src\index.crates.io-1949cf8c6b5b557f\bevy_ecs-0.18.1\src\system\function_system.rs,52,18714780,0.014547,27079,691,230,274187,1826.825903
function_scope{egui::context::Context::run},C:\Users\Antoi\.cargo\registry\src\index.crates.io-1949cf8c6b5b557f\egui-0.33.3\src\context.rs,788,11303225828,8.786087,27079,417416,193211,6487618,122396.152086
plugin finish{plugin="bevy_render::diagnostic::RenderDiagnosticsPlugin"},C:\Users\Antoi\.cargo\registry\src\index.crates.io-1949cf8c6b5b557f\bevy_app-0.18.1\src\app.rs,272,1393797,0.001083,1,1393797,1393797,1393797,0.000000
plugin cleanup{plugin="bevy_time::TimePlugin"},C:\Users\Antoi\.cargo\registry\src\index.crates.io-1949cf8c6b5b557f\bevy_app-0.18.1\src\app.rs,292,55,0.000000,1,55,55,55,0.000000
system{name="bevy_egui::render::systems::queue_bind_groups_system"},C:\Users\Antoi\.cargo\registry\src\index.crates.io-1949cf8c6b5b557f\bevy_ecs-0.18.1\src\system\function_system.rs,52,577296125,0.448737,27078,21319,12490,712541,7367.435459
system{name="bevy_time::time_system"},C:\Users\Antoi\.cargo\registry\src\index.crates.io-1949cf8c6b5b557f\bevy_ecs-0.18.1\src\system\function_system.rs,52,36932964,0.028708,27079,1363,537,84724,802.561283
asset loading{loader="bevy_image::image_loader::ImageLoader" asset="ui/menu_video/frame_0091.webp"},C:\Users\Antoi\.cargo\registry\src\index.crates.io-1949cf8c6b5b557f\bevy_asset-0.18.1\src\server\loaders.rs,332,14004218,0.010886,7,2000602,165,13969580,5277825.261124
system{name="bevy_render::batching::gpu_preprocessing::clear_indirect_parameters_buffers"},C:\Users\Antoi\.cargo\registry\src\index.crates.io-1949cf8c6b5b557f\bevy_ecs-0.18.1\src\system\function_system.rs,52,14132202,0.010985,27078,521,289,83347,535.476992
system_commands{name="forgia_mode_roguelite::enemies::sys_init_enemy_genome"},C:\Users\Antoi\.cargo\registry\src\index.crates.io-1949cf8c6b5b557f\bevy_ecs-0.18.1\src\system\function_system.rs,54,1361,0.000001,1,1361,1361,1361,0.000000
plugin finish{plugin="forgia_mode_roguelite::hud::RogueliteHudPlugin"},C:\Users\Antoi\.cargo\registry\src\index.crates.io-1949cf8c6b5b557f\bevy_app-0.18.1\src\app.rs,272,53,0.000000,1,53,53,53,0.000000
system{name="forgia_audio::sys_write_volume_sensor"},C:\Users\Antoi\.cargo\registry\src\index.crates.io-1949cf8c6b5b557f\bevy_ecs-0.18.1\src\system\function_system.rs,52,7633528,0.005934,27079,281,80,89689,740.630365
asset loading{loader="bevy_gltf::loader::GltfLoader" asset="models/kaykit/medieval_hexagon/buildings/red/building_well_red.gltf"},C:\Users\Antoi\.cargo\registry\src\index.crates.io-1949cf8c6b5b557f\bevy_asset-0.18.1\src\server\loaders.rs,332,413162,0.000321,10,41316,208,262150,81792.891818
node{name="bevy_ui_render::render_pass::UiPassNode"},C:\Users\Antoi\.cargo\registry\src\index.crates.io-1949cf8c6b5b557f\bevy_render-0.18.1\src\renderer\graph_runner.rs,240,38553652,0.029968,81234,474,103,96145,576.204630
system_commands{name="bevy_pbr::material_bind_groups::init_fallback_bindless_resources"},C:\Users\Antoi\.cargo\registry\src\index.crates.io-1949cf8c6b5b557f\bevy_ecs-0.18.1\src\system\function_system.rs,54,2575,0.000002,1,2575,2575,2575,0.000000
plugin finish{plugin="forgia_asset_registry::ForgiaAssetRegistryPlugin"},C:\Users\Antoi\.cargo\registry\src\index.crates.io-1949cf8c6b5b557f\bevy_app-0.18.1\src\app.rs,272,52,0.000000,1,52,52,52,0.000000
system{name="bevy_winit::system::check_keyboard_focus_lost"},C:\Users\Antoi\.cargo\registry\src\index.crates.io-1949cf8c6b5b557f\bevy_ecs-0.18.1\src\system\function_system.rs,52,9672294,0.007518,27079,357,136,85581,601.552820
plugin cleanup{plugin="bevy_sprite_render::mesh2d::mesh::Mesh2dRenderPlugin"},C:\Users\Antoi\.cargo\registry\src\index.crates.io-1949cf8c6b5b557f\bevy_app-0.18.1\src\app.rs,292,52,0.000000,1,52,52,52,0.000000
asset loading{loader="bevy_shader::shader::ShaderLoader" asset="embedded://bevy_pbr\\render/pbr_functions.wgsl"},C:\Users\Antoi\.cargo\registry\src\index.crates.io-1949cf8c6b5b557f\bevy_asset-0.18.1\src\server\loaders.rs,332,1594378,0.001239,2,797189,252,1594126,1127039.113757
system{name="forgia_fps::pepin::sys_reset_confidence"},C:\Users\Antoi\.cargo\registry\src\index.crates.io-1949cf8c6b5b557f\bevy_ecs-0.18.1\src\system\function_system.rs,52,117,0.000000,1,117,117,117,0.000000
plugin build{plugin="bevy_sprite_render::mesh2d::material::Material2dPlugin<bevy_sprite_render::mesh2d::color_material::ColorMaterial>"},C:\Users\Antoi\.cargo\registry\src\index.crates.io-1949cf8c6b5b557f\bevy_app-0.18.1\src\app.rs,529,175595,0.000136,1,175595,175595,175595,0.000000
asset loading{loader="bevy_gltf::loader::GltfLoader" asset="models/environment/inferno/Box_001.glb"},C:\Users\Antoi\.cargo\registry\src\index.crates.io-1949cf8c6b5b557f\bevy_asset-0.18.1\src\server\loaders.rs,332,78553140,0.061060,4,19638285,289,78537579,39266196.365054
plugin build{plugin="bevy_internal::default_plugins::IgnoreAmbiguitiesPlugin"},C:\Users\Antoi\.cargo\registry\src\index.crates.io-1949cf8c6b5b557f\bevy_app-0.18.1\src\app.rs,529,11274,0.000009,1,11274,11274,11274,0.000000
system{name="forgia_ai_arena_bot::bot_fireball_fly"},C:\Users\Antoi\.cargo\registry\src\index.crates.io-1949cf8c6b5b557f\bevy_ecs-0.18.1\src\system\function_system.rs,52,17157540,0.013337,27079,633,147,140464,977.119943
system{name="bevy_render::extract_component::prepare_uniform_components<bevy_pbr::atmosphere::GpuAtmosphereSettings>"},C:\Users\Antoi\.cargo\registry\src\index.crates.io-1949cf8c6b5b557f\bevy_ecs-0.18.1\src\system\function_system.rs,52,10050688,0.007812,27078,371,105,89011,608.149890
plugin finish{plugin="forgia_core::ForgiaCorePlugin"},C:\Users\Antoi\.cargo\registry\src\index.crates.io-1949cf8c6b5b557f\bevy_app-0.18.1\src\app.rs,272,55,0.000000,1,55,55,55,0.000000
plugin finish{plugin="forgia_mode_roguelite::identity::IdentityPlugin"},C:\Users\Antoi\.cargo\registry\src\index.crates.io-1949cf8c6b5b557f\bevy_app-0.18.1\src\app.rs,272,55,0.000000,1,55,55,55,0.000000
system{name="bevy_render::extract_component::extract_components<bevy_core_pipeline::oit::OrderIndependentTransparencySettings>"},C:\Users\Antoi\.cargo\registry\src\index.crates.io-1949cf8c6b5b557f\bevy_ecs-0.18.1\src\system\function_system.rs,52,8915286,0.006930,27079,329,107,32736,340.944699
system_commands{name="bevy_pbr::light_probe::generate::generate_environment_map_light"},C:\Users\Antoi\.cargo\registry\src\index.crates.io-1949cf8c6b5b557f\bevy_ecs-0.18.1\src\system\function_system.rs,54,2372090,0.001844,27079,87,51,146261,1099.136082
plugin build{plugin="bevy_render::experimental::occlusion_culling::OcclusionCullingPlugin"},C:\Users\Antoi\.cargo\registry\src\index.crates.io-1949cf8c6b5b557f\bevy_app-0.18.1\src\app.rs,529,11198,0.000009,1,11198,11198,11198,0.000000
main_opaque_pass_3d,C:\Users\Antoi\.cargo\registry\src\index.crates.io-1949cf8c6b5b557f\bevy_core_pipeline-0.18.1\src\core_3d\main_opaque_pass_3d_node.rs,76,3978095488,3.092205,54156,73456,22681,857077,25017.475551
system{name="forgia_viewmodel::attach::ensure_camera_shake_component"},C:\Users\Antoi\.cargo\registry\src\index.crates.io-1949cf8c6b5b557f\bevy_ecs-0.18.1\src\system\function_system.rs,52,11852899,0.009213,25752,460,125,677563,4275.156384
plugin build{plugin="forgia_mode_roguelite::merchant::MerchantPlugin"},C:\Users\Antoi\.cargo\registry\src\index.crates.io-1949cf8c6b5b557f\bevy_app-0.18.1\src\app.rs,529,292819,0.000228,1,292819,292819,292819,0.000000
system{name="bevy_render::extract_component::prepare_uniform_components<bevy_gizmos_render::LineGizmoUniform>"},C:\Users\Antoi\.cargo\registry\src\index.crates.io-1949cf8c6b5b557f\bevy_ecs-0.18.1\src\system\function_system.rs,52,13952049,0.010845,27078,515,169,143636,1217.178407
system{name="bevy_rapier3d::plugin::plugin::setup_rapier_configuration"},C:\Users\Antoi\.cargo\registry\src\index.crates.io-1949cf8c6b5b557f\bevy_ecs-0.18.1\src\system\function_system.rs,52,3779332,0.002938,7926,476,82,51332,764.184421
system_commands{name="forgia_worldgen::spawn::sys_spawn_drain"},C:\Users\Antoi\.cargo\registry\src\index.crates.io-1949cf8c6b5b557f\bevy_ecs-0.18.1\src\system\function_system.rs,54,2263992,0.001760,27079,83,50,93884,631.492594
asset loading{loader="bevy_gltf::loader::GltfLoader" asset="models/environment/inferno/ChestBig_001.glb"},C:\Users\Antoi\.cargo\registry\src\index.crates.io-1949cf8c6b5b557f\bevy_asset-0.18.1\src\server\loaders.rs,332,30478277,0.023691,5,6095655,220,30429752,13603175.375328
system{name="bevy_asset::assets::Assets<bevy_pbr::medium::ScatteringMedium>::asset_events_condition"},C:\Users\Antoi\.cargo\registry\src\index.crates.io-1949cf8c6b5b557f\bevy_ecs-0.18.1\src\system\function_system.rs,52,2302318,0.001790,27079,85,53,8239,75.466544
system{name="forgia_mode_roguelite::enemy_anim::sys_load_enemy_gltf"},C:\Users\Antoi\.cargo\registry\src\index.crates.io-1949cf8c6b5b557f\bevy_ecs-0.18.1\src\system\function_system.rs,52,51237,0.000040,1,51237,51237,51237,0.000000
system{name="forgia_fps::weapon_select_system"},C:\Users\Antoi\.cargo\registry\src\index.crates.io-1949cf8c6b5b557f\bevy_ecs-0.18.1\src\system\function_system.rs,52,11449582,0.008900,25752,444,86,132878,1884.795920
plugin cleanup{plugin="bevy_render::extract_instances::ExtractInstancesPlugin<bevy_pbr::light_probe::environment_map::EnvironmentMapIds>"},C:\Users\Antoi\.cargo\registry\src\index.crates.io-1949cf8c6b5b557f\bevy_app-0.18.1\src\app.rs,292,120,0.000000,1,120,120,120,0.000000
system{name="bevy_egui::input::write_mouse_wheel_messages_system"},C:\Users\Antoi\.cargo\registry\src\index.crates.io-1949cf8c6b5b557f\bevy_ecs-0.18.1\src\system\function_system.rs,52,8352461,0.006492,27079,308,114,12492,120.184222
system{name="bevy_pbr::material::mark_meshes_as_changed_if_their_materials_changed<bevy_pbr::extended_material::ExtendedMaterial<bevy_pbr::pbr_material::StandardMaterial, bevy_water::water::material::WaterMaterial>>"},C:\Users\Antoi\.cargo\registry\src\index.crates.io-1949cf8c6b5b557f\bevy_ecs-0.18.1\src\system\function_system.rs,52,40227499,0.031269,27079,1485,592,131285,1002.457724
asset loading{loader="bevy_image::image_loader::ImageLoader" asset="ui/menu_video/frame_0072.webp"},C:\Users\Antoi\.cargo\registry\src\index.crates.io-1949cf8c6b5b557f\bevy_asset-0.18.1\src\server\loaders.rs,332,14580517,0.011334,7,2082931,81,14539659,5492902.685694
system{name="forgia_effects::weapon_vfx::setup_weapon_vfx"},C:\Users\Antoi\.cargo\registry\src\index.crates.io-1949cf8c6b5b557f\bevy_ecs-0.18.1\src\system\function_system.rs,52,4632844,0.003601,1,4632844,4632844,4632844,0.000000
system{name="forgia_mode_roguelite::merchant::sys_apply_purchase"},C:\Users\Antoi\.cargo\registry\src\index.crates.io-1949cf8c6b5b557f\bevy_ecs-0.18.1\src\system\function_system.rs,52,10916313,0.008485,25752,423,137,84875,612.382264
system_commands{name="bevy_pbr::volumetric_fog::render::prepare_volumetric_fog_pipelines"},C:\Users\Antoi\.cargo\registry\src\index.crates.io-1949cf8c6b5b557f\bevy_ecs-0.18.1\src\system\function_system.rs,54,2208087,0.001716,27078,81,50,3165,30.791112
system{name="forgia_observability::qa_bridge::sys_write_qa_sensor"},C:\Users\Antoi\.cargo\registry\src\index.crates.io-1949cf8c6b5b557f\bevy_ecs-0.18.1\src\system\function_system.rs,52,10221779,0.007945,27079,377,105,28830,465.149673
system{name="bevy_ui_render::extract_text_sections"},C:\Users\Antoi\.cargo\registry\src\index.crates.io-1949cf8c6b5b557f\bevy_ecs-0.18.1\src\system\function_system.rs,52,18304868,0.014229,27079,675,170,40463,518.852340
plugin build{plugin="bevy_render::erased_render_asset::ErasedRenderAssetPlugin<bevy_pbr::mesh_material::MeshMaterial3d<bevy_pbr::extended_material::ExtendedMaterial<bevy_pbr::pbr_material::StandardMaterial, bevy_water::water::material::WaterMaterial>>>"},C:\Users\Antoi\.cargo\registry\src\index.crates.io-1949cf8c6b5b557f\bevy_app-0.18.1\src\app.rs,529,9744,0.000008,1,9744,9744,9744,0.000000
system{name="forgia_mode_roguelite::hud::draw_zone_reward_cards"},C:\Users\Antoi\.cargo\registry\src\index.crates.io-1949cf8c6b5b557f\bevy_ecs-0.18.1\src\system\function_system.rs,52,9743541,0.007574,27079,359,114,9592,148.097361
plugin build{plugin="forgia_game::color_grading::ColorGradingPlugin"},C:\Users\Antoi\.cargo\registry\src\index.crates.io-1949cf8c6b5b557f\bevy_app-0.18.1\src\app.rs,529,18481,0.000014,1,18481,18481,18481,0.000000
asset loading{loader="bevy_image::image_loader::ImageLoader" asset="ui/menu_video/frame_0084.webp"},C:\Users\Antoi\.cargo\registry\src\index.crates.io-1949cf8c6b5b557f\bevy_asset-0.18.1\src\server\loaders.rs,332,14305335,0.011120,6,2384222,149,14272841,5824211.596054
system{name="forgia_ui::weapon_preview::sys_clone_arm_materials"},C:\Users\Antoi\.cargo\registry\src\index.crates.io-1949cf8c6b5b557f\bevy_ecs-0.18.1\src\system\function_system.rs,52,4097019,0.003185,1327,3087,1819,13511,841.146288
system{name="forgia_mode_roguelite::enemy_scaling::sys_init_enemy_scaling"},C:\Users\Antoi\.cargo\registry\src\index.crates.io-1949cf8c6b5b557f\bevy_ecs-0.18.1\src\system\function_system.rs,52,146522,0.000114,1,146522,146522,146522,0.000000
