name;src_file;src_line;total_ns;total_perc;counts;mean_ns;min_ns;max_ns;std_ns
node{name="bevy_render::render_graph::camera_driver_node::CameraDriverNode"};C:\Users\Antoi\.cargo\registry\src\index.crates.io-1949cf8c6b5b557f\bevy_render-0.18.1\src\renderer\graph_runner.rs;240;69399829;0.075011;18162;3821;2167;85055;1528.781836
plugin build{plugin="forgia_core::ForgiaCorePlugin"};C:\Users\Antoi\.cargo\registry\src\index.crates.io-1949cf8c6b5b557f\bevy_app-0.18.1\src\app.rs;529;155348;0.000168;1;155348;155348;155348;0.000000
system{name="bevy_asset::assets::Assets<forgia_genome_core::Genome<forgia_mode_fps_arena::wave::ArenaWavesGenome>>::asset_events_condition"};C:\Users\Antoi\.cargo\registry\src\index.crates.io-1949cf8c6b5b557f\bevy_ecs-0.18.1\src\system\function_system.rs;52;2082540;0.002251;18163;114;55;5327;67.990549
schedule{name=FixedUpdate};C:\Users\Antoi\.cargo\registry\src\index.crates.io-1949cf8c6b5b557f\bevy_ecs-0.18.1\src\schedule\schedule.rs;532;2262200081;2.445109;5734;394523;115222;44100429;783439.285755
system{name="bevy_sprite_render::mesh2d::material::check_entities_needing_specialization<bevy_sprite_render::mesh2d::color_material::ColorMaterial>"};C:\Users\Antoi\.cargo\registry\src\index.crates.io-1949cf8c6b5b557f\bevy_ecs-0.18.1\src\system\function_system.rs;52;24319995;0.026286;18163;1338;315;94080;1449.361791
system{name="bevy_asset::assets::Assets<forgia_genome_core::Genome<forgia_stage::authored::ArenaLayoutsGenome>>::asset_events"};C:\Users\Antoi\.cargo\registry\src\index.crates.io-1949cf8c6b5b557f\bevy_ecs-0.18.1\src\system\function_system.rs;52;485;0.000001;1;485;485;485;0.000000
system{name="forgia_auto_rig::debug_gizmos::draw_rig_gizmos"};C:\Users\Antoi\.cargo\registry\src\index.crates.io-1949cf8c6b5b557f\bevy_ecs-0.18.1\src\system\function_system.rs;52;66396862;0.071765;18163;3655;535;514026;26191.658912
system_commands{name="forgia_mode_roguelite::element_vfx::sys_init_vfx_assets"};C:\Users\Antoi\.cargo\registry\src\index.crates.io-1949cf8c6b5b557f\bevy_ecs-0.18.1\src\system\function_system.rs;54;3281;0.000004;1;3281;3281;3281;0.000000
system{name="forgia_mode_roguelite::perf_diag::sys_perf_diag"};C:\Users\Antoi\.cargo\registry\src\index.crates.io-1949cf8c6b5b557f\bevy_ecs-0.18.1\src\system\function_system.rs;52;12429725;0.013435;17308;718;239;51186;1083.330273
system{name="bevy_post_process::dof::configure_depth_of_field_view_targets"};C:\Users\Antoi\.cargo\registry\src\index.crates.io-1949cf8c6b5b557f\bevy_ecs-0.18.1\src\system\function_system.rs;52;5903021;0.006380;18162;325;60;45198;431.990823
system{name="forgia_mode_roguelite::loot_room::sys_collide_demo_incremental"};C:\Users\Antoi\.cargo\registry\src\index.crates.io-1949cf8c6b5b557f\bevy_ecs-0.18.1\src\system\function_system.rs;52;7841807;0.008476;17308;453;125;162326;1344.456018
system{name="bevy_picking::window::update_window_hits"};C:\Users\Antoi\.cargo\registry\src\index.crates.io-1949cf8c6b5b557f\bevy_ecs-0.18.1\src\system\function_system.rs;52;13300977;0.014376;18163;732;240;203340;1593.034959
plugin cleanup{plugin="bevy_anti_alias::fxaa::FxaaPlugin"};C:\Users\Antoi\.cargo\registry\src\index.crates.io-1949cf8c6b5b557f\bevy_app-0.18.1\src\app.rs;292;71;0.000000;1;71;71;71;0.000000
system{name="bevy_pbr::cluster::init_global_clusterable_object_meta"};C:\Users\Antoi\.cargo\registry\src\index.crates.io-1949cf8c6b5b557f\bevy_ecs-0.18.1\src\system\function_system.rs;52;3181;0.000003;1;3181;3181;3181;0.000000
plugin finish{plugin="bevy_camera::projection::CameraProjectionPlugin"};C:\Users\Antoi\.cargo\registry\src\index.crates.io-1949cf8c6b5b557f\bevy_app-0.18.1\src\app.rs;272;143;0.000000;1;143;143;143;0.000000
system_commands{name="bevy_render::extract_component::prepare_uniform_components<bevy_pbr::atmosphere::resources::GpuAtmosphere>"};C:\Users\Antoi\.cargo\registry\src\index.crates.io-1949cf8c6b5b557f\bevy_ecs-0.18.1\src\system\function_system.rs;54;1579522;0.001707;18162;86;53;4007;41.347645
system{name="forgia_mode_roguelite::mushrooms::sys_write_mushroom_sensor"};C:\Users\Antoi\.cargo\registry\src\index.crates.io-1949cf8c6b5b557f\bevy_ecs-0.18.1\src\system\function_system.rs;52;5499926;0.005945;17308;317;92;20890;271.586707
system_commands{name="forgia_enemy_nameplate::spawn_or_refresh_on_hit"};C:\Users\Antoi\.cargo\registry\src\index.crates.io-1949cf8c6b5b557f\bevy_ecs-0.18.1\src\system\function_system.rs;54;2032228;0.002197;18163;111;51;79155;757.310804
system{name="bevy_ui_render::gradient::extract_gradients"};C:\Users\Antoi\.cargo\registry\src\index.crates.io-1949cf8c6b5b557f\bevy_ecs-0.18.1\src\system\function_system.rs;52;16043578;0.017341;18163;883;267;98632;842.551454
asset loading{loader="bevy_shader::shader::ShaderLoader" asset="embedded://bevy_pbr\\atmosphere\\render_sky.wgsl"};C:\Users\Antoi\.cargo\registry\src\index.crates.io-1949cf8c6b5b557f\bevy_asset-0.18.1\src\server\loaders.rs;332;161575;0.000175;2;80787;189;161386;113983.491809
system{name="bevy_pbr::material::add_material_bind_group_allocator<bevy_pbr::extended_material::ExtendedMaterial<bevy_pbr::pbr_material::StandardMaterial, bevy_pbr::decal::forward::ForwardDecalMaterialExt>>"};C:\Users\Antoi\.cargo\registry\src\index.crates.io-1949cf8c6b5b557f\bevy_ecs-0.18.1\src\system\function_system.rs;52;17543;0.000019;1;17543;17543;17543;0.000000
system{name="bevy_sprite::text2d::calculate_bounds_text2d"};C:\Users\Antoi\.cargo\registry\src\index.crates.io-1949cf8c6b5b557f\bevy_ecs-0.18.1\src\system\function_system.rs;52;14975985;0.016187;18163;824;290;55574;518.568763
plugin build{plugin="forgia_viewmodel::vm_camera::ForgiaViewmodelCameraPlugin"};C:\Users\Antoi\.cargo\registry\src\index.crates.io-1949cf8c6b5b557f\bevy_app-0.18.1\src\app.rs;529;12920;0.000014;1;12920;12920;12920;0.000000
asset loading{loader="bevy_shader::shader::ShaderLoader" asset="embedded://bevy_pbr\\ssao\\preprocess_depth.wgsl"};C:\Users\Antoi\.cargo\registry\src\index.crates.io-1949cf8c6b5b557f\bevy_asset-0.18.1\src\server\loaders.rs;332;212400;0.000230;2;106200;107;212293;150038.159473
plugin finish{plugin="forgia_mode_roguelite::progress::PlayerProgressPlugin"};C:\Users\Antoi\.cargo\registry\src\index.crates.io-1949cf8c6b5b557f\bevy_app-0.18.1\src\app.rs;272;55;0.000000;1;55;55;55;0.000000
system_commands{name="bevy_ui_render::extract_text_shadows"};C:\Users\Antoi\.cargo\registry\src\index.crates.io-1949cf8c6b5b557f\bevy_ecs-0.18.1\src\system\function_system.rs;54;2175178;0.002351;18162;119;51;9137;98.512713
plugin build{plugin="bevy_render::render_asset::RenderAssetPlugin<bevy_render::texture::gpu_image::GpuImage>"};C:\Users\Antoi\.cargo\registry\src\index.crates.io-1949cf8c6b5b557f\bevy_app-0.18.1\src\app.rs;529;16228;0.000018;1;16228;16228;16228;0.000000
plugin finish{plugin="forgia_juice_lib::fov_punch::ForgiaJuiceFovPunchPlugin"};C:\Users\Antoi\.cargo\registry\src\index.crates.io-1949cf8c6b5b557f\bevy_app-0.18.1\src\app.rs;272;58;0.000000;1;58;58;58;0.000000
plugin finish{plugin="bevy_winit::cursor::WinitCursorPlugin"};C:\Users\Antoi\.cargo\registry\src\index.crates.io-1949cf8c6b5b557f\bevy_app-0.18.1\src\app.rs;272;56;0.000000;1;56;56;56;0.000000
plugin finish{plugin="bevy_sprite_render::mesh2d::material::Material2dPlugin<bevy_sprite_render::tilemap_chunk::tilemap_chunk_material::TilemapChunkMaterial>"};C:\Users\Antoi\.cargo\registry\src\index.crates.io-1949cf8c6b5b557f\bevy_app-0.18.1\src\app.rs;272;57;0.000000;1;57;57;57;0.000000
plugin cleanup{plugin="bevy_anti_alias::AntiAliasPlugin"};C:\Users\Antoi\.cargo\registry\src\index.crates.io-1949cf8c6b5b557f\bevy_app-0.18.1\src\app.rs;292;58;0.000000;1;58;58;58;0.000000
plugin cleanup{plugin="bevy_core_pipeline::experimental::mip_generation::MipGenerationPlugin"};C:\Users\Antoi\.cargo\registry\src\index.crates.io-1949cf8c6b5b557f\bevy_app-0.18.1\src\app.rs;292;55;0.000000;1;55;55;55;0.000000
plugin build{plugin="forgia_mode_roguelite::head_hitbox::RogueliteHeadHitboxPlugin"};C:\Users\Antoi\.cargo\registry\src\index.crates.io-1949cf8c6b5b557f\bevy_app-0.18.1\src\app.rs;529;12532;0.000014;1;12532;12532;12532;0.000000
system{name="bevy_render::batching::sort_binned_render_phase<bevy_core_pipeline::core_2d::AlphaMask2d>"};C:\Users\Antoi\.cargo\registry\src\index.crates.io-1949cf8c6b5b557f\bevy_ecs-0.18.1\src\system\function_system.rs;52;6083477;0.006575;18162;334;121;120126;903.333646
system{name="bevy_pbr::render::light::add_light_view_entities"};C:\Users\Antoi\.cargo\registry\src\index.crates.io-1949cf8c6b5b557f\bevy_ecs-0.18.1\src\system\function_system.rs;52;7536;0.000008;66;114;57;1869;222.760858
plugin cleanup{plugin="bevy_render::sync_component::SyncComponentPlugin<bevy_camera::camera::CameraMainTextureUsages>"};C:\Users\Antoi\.cargo\registry\src\index.crates.io-1949cf8c6b5b557f\bevy_app-0.18.1\src\app.rs;292;60;0.000000;1;60;60;60;0.000000
system{name="forgia_ui::resume_time"};C:\Users\Antoi\.cargo\registry\src\index.crates.io-1949cf8c6b5b557f\bevy_ecs-0.18.1\src\system\function_system.rs;52;94072;0.000102;1;94072;94072;94072;0.000000
asset loading{loader="bevy_image::image_loader::ImageLoader" asset="models\\kaykit\\medieval_hexagon\\buildings\\red\\hexagons_medieval.png"};C:\Users\Antoi\.cargo\registry\src\index.crates.io-1949cf8c6b5b557f\bevy_asset-0.18.1\src\server\loaders.rs;332;4376922;0.004731;7;625274;96;4353256;1643889.237172
plugin cleanup{plugin="bevy_render::extract_resource::ExtractResourcePlugin<bevy_egui::render::systems::ExtractedEguiManagedTextures>"};C:\Users\Antoi\.cargo\registry\src\index.crates.io-1949cf8c6b5b557f\bevy_app-0.18.1\src\app.rs;292;61;0.000000;1;61;61;61;0.000000
system{name="forgia_mode_roguelite::element_vfx::sys_write_element_vfx_sensor"};C:\Users\Antoi\.cargo\registry\src\index.crates.io-1949cf8c6b5b557f\bevy_ecs-0.18.1\src\system\function_system.rs;52;6930209;0.007491;18163;381;120;80175;685.682482
asset loading{loader="bevy_image::image_loader::ImageLoader" asset="embedded://bevy_anti_alias\\smaa\\SMAASearchLUT.ktx2"};C:\Users\Antoi\.cargo\registry\src\index.crates.io-1949cf8c6b5b557f\bevy_asset-0.18.1\src\server\loaders.rs;332;21721;0.000023;2;10860;99;21622;15219.059268
plugin cleanup{plugin="bevy_render::gpu_readback::GpuReadbackPlugin"};C:\Users\Antoi\.cargo\registry\src\index.crates.io-1949cf8c6b5b557f\bevy_app-0.18.1\src\app.rs;292;56;0.000000;1;56;56;56;0.000000
plugin finish{plugin="forgia_qa_core::plugin::ForgiaQaCorePlugin"};C:\Users\Antoi\.cargo\registry\src\index.crates.io-1949cf8c6b5b557f\bevy_app-0.18.1\src\app.rs;272;142;0.000000;1;142;142;142;0.000000
system{name="bevy_sprite_render::mesh2d::material::queue_material2d_meshes<bevy_sprite_render::tilemap_chunk::tilemap_chunk_material::TilemapChunkMaterial>"};C:\Users\Antoi\.cargo\registry\src\index.crates.io-1949cf8c6b5b557f\bevy_ecs-0.18.1\src\system\function_system.rs;52;6119371;0.006614;18162;336;127;7327;185.134366
plugin build{plugin="forgia_fps::bourrasque::ForgiaBourrasquePlugin"};C:\Users\Antoi\.cargo\registry\src\index.crates.io-1949cf8c6b5b557f\bevy_app-0.18.1\src\app.rs;529;10778;0.000012;1;10778;10778;10778;0.000000
system_commands{name="bevy_render::extract_component::extract_components<bevy_post_process::bloom::settings::Bloom>"};C:\Users\Antoi\.cargo\registry\src\index.crates.io-1949cf8c6b5b557f\bevy_ecs-0.18.1\src\system\function_system.rs;54;7581636;0.008195;18162;417;202;21783;229.844421
system_commands{name="bevy_gizmos_render::extract_gizmo_data"};C:\Users\Antoi\.cargo\registry\src\index.crates.io-1949cf8c6b5b557f\bevy_ecs-0.18.1\src\system\function_system.rs;54;1853994;0.002004;18162;102;51;9429;99.967710
system{name="bevy_render::extract_component::extract_components<bevy_hanabi::EffectVisibilityClass>"};C:\Users\Antoi\.cargo\registry\src\index.crates.io-1949cf8c6b5b557f\bevy_ecs-0.18.1\src\system\function_system.rs;52;7492415;0.008098;18163;412;131;18505;405.778860
system{name="forgia_killfeed::ingest_kill_events"};C:\Users\Antoi\.cargo\registry\src\index.crates.io-1949cf8c6b5b557f\bevy_ecs-0.18.1\src\system\function_system.rs;52;10156283;0.010977;18163;559;218;52793;527.171425
plugin cleanup{plugin="bevy_render::render_phase::SortedRenderPhasePlugin<bevy_core_pipeline::core_3d::Transparent3d, bevy_pbr::render::mesh::MeshPipeline>"};C:\Users\Antoi\.cargo\registry\src\index.crates.io-1949cf8c6b5b557f\bevy_app-0.18.1\src\app.rs;292;55;0.000000;1;55;55;55;0.000000
plugin finish{plugin="bevy_render::extract_component::UniformComponentPlugin<bevy_gizmos_render::LineGizmoUniform>"};C:\Users\Antoi\.cargo\registry\src\index.crates.io-1949cf8c6b5b557f\bevy_app-0.18.1\src\app.rs;272;98;0.000000;1;98;98;98;0.000000
system{name="bevy_asset::assets::Assets<forgia_genome_core::Genome<forgia_fps::FpsTuning>>::asset_events_condition"};C:\Users\Antoi\.cargo\registry\src\index.crates.io-1949cf8c6b5b557f\bevy_ecs-0.18.1\src\system\function_system.rs;52;1694287;0.001831;18163;93;53;1019;53.434624
system{name="forgia_mode_roguelite::parcours_obstacles::sys_reset_obstacle_stats"};C:\Users\Antoi\.cargo\registry\src\index.crates.io-1949cf8c6b5b557f\bevy_ecs-0.18.1\src\system\function_system.rs;52;181;0.000000;1;181;181;181;0.000000
system_commands{name="bevy_egui::render::extract_egui_camera_view_system"};C:\Users\Antoi\.cargo\registry\src\index.crates.io-1949cf8c6b5b557f\bevy_ecs-0.18.1\src\system\function_system.rs;54;40796827;0.044095;18162;2246;973;67570;956.510039
plugin build{plugin="bevy_pbr::material::MaterialPlugin<bevy_pbr::extended_material::ExtendedMaterial<bevy_pbr::pbr_material::StandardMaterial, bevy_water::water::material::WaterMaterial>>"};C:\Users\Antoi\.cargo\registry\src\index.crates.io-1949cf8c6b5b557f\bevy_app-0.18.1\src\app.rs;529;148383;0.000160;1;148383;148383;148383;0.000000
system{name="forgia_observability::lifecycle_sensor::obs_target_cube_removed"};C:\Users\Antoi\.cargo\registry\src\index.crates.io-1949cf8c6b5b557f\bevy_ecs-0.18.1\src\system\function_system.rs;52;1104;0.000001;8;138;77;290;81.489701
plugin cleanup{plugin="forgia_stage::graph::ForgiaStageGraphPlugin"};C:\Users\Antoi\.cargo\registry\src\index.crates.io-1949cf8c6b5b557f\bevy_app-0.18.1\src\app.rs;292;55;0.000000;1;55;55;55;0.000000
plugin finish{plugin="bevy_water::water::WaterPlugin"};C:\Users\Antoi\.cargo\registry\src\index.crates.io-1949cf8c6b5b557f\bevy_app-0.18.1\src\app.rs;272;54;0.000000;1;54;54;54;0.000000
system{name="forgia_mode_roguelite::element_vfx::sys_spawn_reaction_vfx"};C:\Users\Antoi\.cargo\registry\src\index.crates.io-1949cf8c6b5b557f\bevy_ecs-0.18.1\src\system\function_system.rs;52;8463163;0.009147;17308;488;218;20685;323.271878
node{name="bevy_render::render_graph::node::ViewNodeRunner<bevy_pbr::ssao::SsaoNode>"};C:\Users\Antoi\.cargo\registry\src\index.crates.io-1949cf8c6b5b557f\bevy_render-0.18.1\src\renderer\graph_runner.rs;240;5880249;0.006356;36324;161;59;23287;164.362505
plugin build{plugin="bevy_render::sync_component::SyncComponentPlugin<bevy_post_process::dof::DepthOfField>"};C:\Users\Antoi\.cargo\registry\src\index.crates.io-1949cf8c6b5b557f\bevy_app-0.18.1\src\app.rs;529;2476;0.000003;1;2476;2476;2476;0.000000
system{name="bevy_asset::assets::Assets<bevy_pbr::extended_material::ExtendedMaterial<bevy_pbr::pbr_material::StandardMaterial, bevy_water::water::material::WaterMaterial>>::track_assets"};C:\Users\Antoi\.cargo\registry\src\index.crates.io-1949cf8c6b5b557f\bevy_ecs-0.18.1\src\system\function_system.rs;52;30207720;0.032650;18163;1663;205;578205;11607.241021
system_commands{name="bevy_post_process::dof::extract_depth_of_field_settings"};C:\Users\Antoi\.cargo\registry\src\index.crates.io-1949cf8c6b5b557f\bevy_ecs-0.18.1\src\system\function_system.rs;54;1348902;0.001458;18162;74;51;1290;16.357280
system{name="bevy_asset::assets::Assets<forgia_genome_core::Genome<forgia_viewmodel::genome::ViewmodelGenome>>::track_assets"};C:\Users\Antoi\.cargo\registry\src\index.crates.io-1949cf8c6b5b557f\bevy_ecs-0.18.1\src\system\function_system.rs;52;22194717;0.023989;18163;1221;184;476643;7613.777978
plugin cleanup{plugin="bevy_render::camera::CameraPlugin"};C:\Users\Antoi\.cargo\registry\src\index.crates.io-1949cf8c6b5b557f\bevy_app-0.18.1\src\app.rs;292;58;0.000000;1;58;58;58;0.000000
system{name="leafwing_input_manager::systems::swap_to_update<forgia_input::PlayerAction>"};C:\Users\Antoi\.cargo\registry\src\index.crates.io-1949cf8c6b5b557f\bevy_ecs-0.18.1\src\system\function_system.rs;52;6959133;0.007522;18163;383;60;84510;1106.255077
system{name="bevy_render::extract_component::extract_components<bevy_post_process::bloom::settings::Bloom>"};C:\Users\Antoi\.cargo\registry\src\index.crates.io-1949cf8c6b5b557f\bevy_ecs-0.18.1\src\system\function_system.rs;52;9069998;0.009803;18163;499;166;12154;234.055530
asset loading{loader="bevy_image::image_loader::ImageLoader" asset="textures/vfx/kenney/smoke_01.png"};C:\Users\Antoi\.cargo\registry\src\index.crates.io-1949cf8c6b5b557f\bevy_asset-0.18.1\src\server\loaders.rs;332;890825;0.000963;5;178165;96;787293;343007.707010
plugin finish{plugin="forgia_ui_lib::shop_panel::ForgiaUiShopPlugin"};C:\Users\Antoi\.cargo\registry\src\index.crates.io-1949cf8c6b5b557f\bevy_app-0.18.1\src\app.rs;272;52;0.000000;1;52;52;52;0.000000
system{name="forgia_viewmodel::pose::apply_viewmodel_sway_bob"};C:\Users\Antoi\.cargo\registry\src\index.crates.io-1949cf8c6b5b557f\bevy_ecs-0.18.1\src\system\function_system.rs;52;19314914;0.020877;17308;1115;435;23741;453.307349
plugin build{plugin="bevy_render::sync_component::SyncComponentPlugin<bevy_post_process::motion_blur::MotionBlur>"};C:\Users\Antoi\.cargo\registry\src\index.crates.io-1949cf8c6b5b557f\bevy_app-0.18.1\src\app.rs;529;2426;0.000003;1;2426;2426;2426;0.000000
plugin build{plugin="forgia_juice_screen_flash::ForgiaJuiceScreenFlashPlugin"};C:\Users\Antoi\.cargo\registry\src\index.crates.io-1949cf8c6b5b557f\bevy_app-0.18.1\src\app.rs;529;143071;0.000155;1;143071;143071;143071;0.000000
system_commands{name="bevy_core_pipeline::core_3d::prepare_prepass_textures"};C:\Users\Antoi\.cargo\registry\src\index.crates.io-1949cf8c6b5b557f\bevy_ecs-0.18.1\src\system\function_system.rs;54;14993420;0.016206;18162;825;346;42791;520.079500
asset loading{loader="bevy_shader::shader::ShaderLoader" asset="embedded://bevy_pbr\\render\\fog.wgsl"};C:\Users\Antoi\.cargo\registry\src\index.crates.io-1949cf8c6b5b557f\bevy_asset-0.18.1\src\server\loaders.rs;332;135862;0.000147;2;67931;56;135806;95989.745546
system{name="bevy_pbr::light_probe::generate::initialize_generated_environment_map_resources"};C:\Users\Antoi\.cargo\registry\src\index.crates.io-1949cf8c6b5b557f\bevy_ecs-0.18.1\src\system\function_system.rs;52;117461;0.000127;1;117461;117461;117461;0.000000
plugin cleanup{plugin="bevy_ui_render::box_shadow::BoxShadowPlugin"};C:\Users\Antoi\.cargo\registry\src\index.crates.io-1949cf8c6b5b557f\bevy_app-0.18.1\src\app.rs;292;55;0.000000;1;55;55;55;0.000000
plugin build{plugin="forgia_observability::ForgiaObservabilityPlugin"};C:\Users\Antoi\.cargo\registry\src\index.crates.io-1949cf8c6b5b557f\bevy_app-0.18.1\src\app.rs;529;1045849;0.001130;1;1045849;1045849;1045849;0.000000
plugin cleanup{plugin="bevy_render::view::window::screenshot::ScreenshotPlugin"};C:\Users\Antoi\.cargo\registry\src\index.crates.io-1949cf8c6b5b557f\bevy_app-0.18.1\src\app.rs;292;56;0.000000;1;56;56;56;0.000000
plugin build{plugin="bevy_render::sync_component::SyncComponentPlugin<bevy_render::experimental::occlusion_culling::OcclusionCulling>"};C:\Users\Antoi\.cargo\registry\src\index.crates.io-1949cf8c6b5b557f\bevy_app-0.18.1\src\app.rs;529;3655;0.000004;1;3655;3655;3655;0.000000
asset loading{loader="bevy_gltf::loader::GltfLoader" asset="models/environment/inferno/ColumnBigBroken_002.glb"};C:\Users\Antoi\.cargo\registry\src\index.crates.io-1949cf8c6b5b557f\bevy_asset-0.18.1\src\server\loaders.rs;332;447869124;0.484081;6;74644854;55;447833459;182824332.361980
plugin finish{plugin="forgia_ui_lib::hud::ForgiaUiHudPlugin"};C:\Users\Antoi\.cargo\registry\src\index.crates.io-1949cf8c6b5b557f\bevy_app-0.18.1\src\app.rs;272;53;0.000000;1;53;53;53;0.000000
plugin finish{plugin="bevy_core_pipeline::oit::OrderIndependentTransparencyPlugin"};C:\Users\Antoi\.cargo\registry\src\index.crates.io-1949cf8c6b5b557f\bevy_app-0.18.1\src\app.rs;272;53;0.000000;1;53;53;53;0.000000
system_commands{name="forgia_ui::weapon_preview::sys_spawn_weapon_preview"};C:\Users\Antoi\.cargo\registry\src\index.crates.io-1949cf8c6b5b557f\bevy_ecs-0.18.1\src\system\function_system.rs;54;26329;0.000028;1;26329;26329;26329;0.000000
plugin cleanup{plugin="bevy_render::extract_component::UniformComponentPlugin<bevy_anti_alias::contrast_adaptive_sharpening::CasUniform>"};C:\Users\Antoi\.cargo\registry\src\index.crates.io-1949cf8c6b5b557f\bevy_app-0.18.1\src\app.rs;292;63;0.000000;1;63;63;63;0.000000
system{name="bevy_hanabi::compile_effects"};C:\Users\Antoi\.cargo\registry\src\index.crates.io-1949cf8c6b5b557f\bevy_ecs-0.18.1\src\system\function_system.rs;52;689610682;0.745369;18163;37967;26219;17050856;126624.646395
system{name="forgia_mode_roguelite::decor::sys_write_decor_sensor"};C:\Users\Antoi\.cargo\registry\src\index.crates.io-1949cf8c6b5b557f\bevy_ecs-0.18.1\src\system\function_system.rs;52;8179785;0.008841;18163;450;84;85339;2478.449131
asset loading{loader="bevy_image::image_loader::ImageLoader" asset="ui/menu_video/frame_0014.webp"};C:\Users\Antoi\.cargo\registry\src\index.crates.io-1949cf8c6b5b557f\bevy_asset-0.18.1\src\server\loaders.rs;332;14942252;0.016150;8;1867781;138;14913382;5271219.733119
system{name="forgia_mode_roguelite::render_quality::sys_force_apply_ssao"};C:\Users\Antoi\.cargo\registry\src\index.crates.io-1949cf8c6b5b557f\bevy_ecs-0.18.1\src\system\function_system.rs;52;91778;0.000099;1;91778;91778;91778;0.000000
system{name="forgia_rpg_data::shop::process_sell"};C:\Users\Antoi\.cargo\registry\src\index.crates.io-1949cf8c6b5b557f\bevy_ecs-0.18.1\src\system\function_system.rs;52;12518203;0.013530;18163;689;211;93112;773.489934
asset loading{loader="bevy_shader::shader::ShaderLoader" asset="embedded://bevy_pbr\\decal\\forward_decal.wgsl"};C:\Users\Antoi\.cargo\registry\src\index.crates.io-1949cf8c6b5b557f\bevy_asset-0.18.1\src\server\loaders.rs;332;382079;0.000413;2;191039;187;381892;269906.193914
system{name="bevy_render::erased_render_asset::extract_erased_render_asset<bevy_pbr::mesh_material::MeshMaterial3d<bevy_pbr::extended_material::ExtendedMaterial<bevy_pbr::pbr_material::StandardMaterial, bevy_pbr::decal::forward::ForwardDecalMaterialExt>>>"};C:\Users\Antoi\.cargo\registry\src\index.crates.io-1949cf8c6b5b557f\bevy_ecs-0.18.1\src\system\function_system.rs;52;18794156;0.020314;18163;1034;383;73295;609.628129
asset loading{loader="bevy_shader::shader::ShaderLoader" asset="embedded://bevy_anti_alias\\fxaa\\fxaa.wgsl"};C:\Users\Antoi\.cargo\registry\src\index.crates.io-1949cf8c6b5b557f\bevy_asset-0.18.1\src\server\loaders.rs;332;364372;0.000394;2;182186;62;364310;257562.230834
plugin build{plugin="bevy_render::extract_resource::ExtractResourcePlugin<bevy_render::texture::manual_texture_view::ManualTextureViews>"};C:\Users\Antoi\.cargo\registry\src\index.crates.io-1949cf8c6b5b557f\bevy_app-0.18.1\src\app.rs;529;3569;0.000004;1;3569;3569;3569;0.000000
plugin cleanup{plugin="bevy_render::extract_resource::ExtractResourcePlugin<bevy_egui::EguiUserTextures>"};C:\Users\Antoi\.cargo\registry\src\index.crates.io-1949cf8c6b5b557f\bevy_app-0.18.1\src\app.rs;292;126;0.000000;1;126;126;126;0.000000
system{name="bevy_diagnostic::frame_count_diagnostics_plugin::update_frame_count"};C:\Users\Antoi\.cargo\registry\src\index.crates.io-1949cf8c6b5b557f\bevy_ecs-0.18.1\src\system\function_system.rs;52;3255522;0.003519;18163;179;81;31025;265.979938
system{name="bevy_pbr::ssao::extract_ssao_settings"};C:\Users\Antoi\.cargo\registry\src\index.crates.io-1949cf8c6b5b557f\bevy_ecs-0.18.1\src\system\function_system.rs;52;9804901;0.010598;18163;539;139;15034;237.539345
plugin build{plugin="bevy_rapier3d::render::RapierDebugRenderPlugin"};C:\Users\Antoi\.cargo\registry\src\index.crates.io-1949cf8c6b5b557f\bevy_app-0.18.1\src\app.rs;529;58794;0.000064;1;58794;58794;58794;0.000000
system{name="bevy_anti_alias::taa::prepare_taa_pipelines"};C:\Users\Antoi\.cargo\registry\src\index.crates.io-1949cf8c6b5b557f\bevy_ecs-0.18.1\src\system\function_system.rs;52;3975383;0.004297;18162;218;78;33744;282.591246
system{name="forgia_effects::lifetime_tick"};C:\Users\Antoi\.cargo\registry\src\index.crates.io-1949cf8c6b5b557f\bevy_ecs-0.18.1\src\system\function_system.rs;52;5955117;0.006437;18163;327;121;73118;571.030558
plugin build{plugin="bevy_render::sync_component::SyncComponentPlugin<bevy_pbr::ssr::ScreenSpaceReflections>"};C:\Users\Antoi\.cargo\registry\src\index.crates.io-1949cf8c6b5b557f\bevy_app-0.18.1\src\app.rs;529;3856;0.000004;1;3856;3856;3856;0.000000
system{name="bevy_core_pipeline::core_3d::extract_camera_prepass_phase"};C:\Users\Antoi\.cargo\registry\src\index.crates.io-1949cf8c6b5b557f\bevy_ecs-0.18.1\src\system\function_system.rs;52;28330744;0.030621;18163;1559;724;106873;1152.395944
tessellator::tessellate_shapes;C:\Users\Antoi\.cargo\registry\src\index.crates.io-1949cf8c6b5b557f\egui-0.33.3\src\context.rs;2679;2384473146;2.577268;18163;131281;7302;495838;38641.725505
system_commands{name="bevy_render::extract_resource::extract_resource<bevy_egui::EguiUserTextures>"};C:\Users\Antoi\.cargo\registry\src\index.crates.io-1949cf8c6b5b557f\bevy_ecs-0.18.1\src\system\function_system.rs;54;1496958;0.001618;18162;82;51;4416;45.542553
system_commands{name="forgia_mode_roguelite::weapon_select::sys_lobby_weapon_preview"};C:\Users\Antoi\.cargo\registry\src\index.crates.io-1949cf8c6b5b557f\bevy_ecs-0.18.1\src\system\function_system.rs;54;116921;0.000126;91;1284;55;109279;11446.663799
asset loading{loader="bevy_image::image_loader::ImageLoader" asset="ui/menu_video/frame_0127.webp"};C:\Users\Antoi\.cargo\registry\src\index.crates.io-1949cf8c6b5b557f\bevy_asset-0.18.1\src\server\loaders.rs;332;14528692;0.015703;7;2075527;196;14489740;5474156.354704
node{name="bevy_render::render_graph::node::EmptyNode"};C:\Users\Antoi\.cargo\registry\src\index.crates.io-1949cf8c6b5b557f\bevy_render-0.18.1\src\renderer\graph_runner.rs;240;21329837;0.023054;254268;83;49;31318;112.500599
asset loading{loader="bevy_gltf::loader::GltfLoader" asset="models/environment/portal/portal_open.glb"};C:\Users\Antoi\.cargo\registry\src\index.crates.io-1949cf8c6b5b557f\bevy_asset-0.18.1\src\server\loaders.rs;332;304895913;0.329548;19;16047153;112;272702723;62231679.143837
system{name="bevy_gizmos_render::pipeline_2d::queue_line_and_joint_gizmos_2d"};C:\Users\Antoi\.cargo\registry\src\index.crates.io-1949cf8c6b5b557f\bevy_ecs-0.18.1\src\system\function_system.rs;52;27514763;0.029739;18162;1514;526;105111;1282.920438
asset loading{loader="bevy_image::image_loader::ImageLoader" asset="ui/menu_video/frame_0039.webp"};C:\Users\Antoi\.cargo\registry\src\index.crates.io-1949cf8c6b5b557f\bevy_asset-0.18.1\src\server\loaders.rs;332;17260408;0.018656;8;2157551;100;17211250;6082614.809024
plugin build{plugin="bevy_render::render_phase::BinnedRenderPhasePlugin<bevy_core_pipeline::core_3d::AlphaMask3d, bevy_pbr::render::mesh::MeshPipeline>"};C:\Users\Antoi\.cargo\registry\src\index.crates.io-1949cf8c6b5b557f\bevy_app-0.18.1\src\app.rs;529;32286;0.000035;1;32286;32286;32286;0.000000
system_commands{name="forgia_mode_roguelite::enemy_anim::sys_wire_enemy_anim"};C:\Users\Antoi\.cargo\registry\src\index.crates.io-1949cf8c6b5b557f\bevy_ecs-0.18.1\src\system\function_system.rs;54;1666438;0.001801;17308;96;51;10128;95.893673
system{name="bevy_asset::assets::Assets<bevy_animation::AnimationClip>::asset_events"};C:\Users\Antoi\.cargo\registry\src\index.crates.io-1949cf8c6b5b557f\bevy_ecs-0.18.1\src\system\function_system.rs;52;12046;0.000013;3;4015;751;6183;2877.266845
system{name="bevy_render::batching::gpu_preprocessing::collect_buffers_for_phase<bevy_core_pipeline::core_3d::AlphaMask3d, bevy_pbr::render::mesh::MeshPipeline>"};C:\Users\Antoi\.cargo\registry\src\index.crates.io-1949cf8c6b5b557f\bevy_ecs-0.18.1\src\system\function_system.rs;52;20775097;0.022455;18162;1143;383;90723;1204.391047
system{name="forgia_observability::lifecycle_sensor::obs_player_added"};C:\Users\Antoi\.cargo\registry\src\index.crates.io-1949cf8c6b5b557f\bevy_ecs-0.18.1\src\system\function_system.rs;52;246;0.000000;1;246;246;246;0.000000
system{name="bevy_asset::assets::Assets<forgia_genome_core::Genome<forgia_ui_lib::hud::barks::BarkGenome>>::asset_events"};C:\Users\Antoi\.cargo\registry\src\index.crates.io-1949cf8c6b5b557f\bevy_ecs-0.18.1\src\system\function_system.rs;52;577;0.000001;1;577;577;577;0.000000
system{name="forgia_mode_roguelite::sensor::sys_write_roguelite_state"};C:\Users\Antoi\.cargo\registry\src\index.crates.io-1949cf8c6b5b557f\bevy_ecs-0.18.1\src\system\function_system.rs;52;7864046;0.008500;18163;432;158;83926;776.746686
system_commands{name="forgia_viewmodel::attach::attach_viewmodel_to_camera"};C:\Users\Antoi\.cargo\registry\src\index.crates.io-1949cf8c6b5b557f\bevy_ecs-0.18.1\src\system\function_system.rs;54;2046474;0.002212;17308;118;51;93463;879.143109
system{name="forgia_ui::pause_time"};C:\Users\Antoi\.cargo\registry\src\index.crates.io-1949cf8c6b5b557f\bevy_ecs-0.18.1\src\system\function_system.rs;52;1576501;0.001704;2;788250;110169;1466332;958952.053695
plugin finish{plugin="bevy_image::texture_atlas::TextureAtlasPlugin"};C:\Users\Antoi\.cargo\registry\src\index.crates.io-1949cf8c6b5b557f\bevy_app-0.18.1\src\app.rs;272;55;0.000000;1;55;55;55;0.000000
system{name="bevy_core_pipeline::core_3d::extract_core_3d_camera_phases"};C:\Users\Antoi\.cargo\registry\src\index.crates.io-1949cf8c6b5b557f\bevy_ecs-0.18.1\src\system\function_system.rs;52;29635665;0.032032;18163;1631;599;401772;3683.563342
system{name="forgia_combat::combat_juice::sys_apply_hit_knockback"};C:\Users\Antoi\.cargo\registry\src\index.crates.io-1949cf8c6b5b557f\bevy_ecs-0.18.1\src\system\function_system.rs;52;11523096;0.012455;18163;634;218;95785;1034.655470
plugin finish{plugin="bevy_diagnostic::DiagnosticsPlugin"};C:\Users\Antoi\.cargo\registry\src\index.crates.io-1949cf8c6b5b557f\bevy_app-0.18.1\src\app.rs;272;59;0.000000;1;59;59;59;0.000000
system{name="forgia_viewmodel::pose::apply_ads_viewmodel"};C:\Users\Antoi\.cargo\registry\src\index.crates.io-1949cf8c6b5b557f\bevy_ecs-0.18.1\src\system\function_system.rs;52;20435277;0.022088;17308;1180;509;111907;1040.982600
system{name="forgia_mode_roguelite::stations::sys_use_health_stations"};C:\Users\Antoi\.cargo\registry\src\index.crates.io-1949cf8c6b5b557f\bevy_ecs-0.18.1\src\system\function_system.rs;52;12745757;0.013776;17308;736;365;10748;243.725560
system{name="forgia_water::sys_write_water_sensor"};C:\Users\Antoi\.cargo\registry\src\index.crates.io-1949cf8c6b5b557f\bevy_ecs-0.18.1\src\system\function_system.rs;52;8730936;0.009437;18163;480;161;78374;690.316257
system{name="bevy_render::extract_instances::extract_all<bevy_pbr::light_probe::environment_map::EnvironmentMapIds>"};C:\Users\Antoi\.cargo\registry\src\index.crates.io-1949cf8c6b5b557f\bevy_ecs-0.18.1\src\system\function_system.rs;52;5624613;0.006079;18163;309;108;54266;453.990329
plugin finish{plugin="forgia_mode_roguelite::boucherie_rocket::BoucherieRocketPlugin"};C:\Users\Antoi\.cargo\registry\src\index.crates.io-1949cf8c6b5b557f\bevy_app-0.18.1\src\app.rs;272;51;0.000000;1;51;51;51;0.000000
plugin build{plugin="forgia_camera_orbit::ForgiaCameraOrbitPlugin"};C:\Users\Antoi\.cargo\registry\src\index.crates.io-1949cf8c6b5b557f\bevy_app-0.18.1\src\app.rs;529;33325;0.000036;1;33325;33325;33325;0.000000
system{name="bevy_transform::systems::mark_dirty_trees"};C:\Users\Antoi\.cargo\registry\src\index.crates.io-1949cf8c6b5b557f\bevy_ecs-0.18.1\src\system\function_system.rs;52;306124417;0.330876;18164;16853;2314;2041823;16057.765919
asset loading{loader="bevy_shader::shader::ShaderLoader" asset="embedded://bevy_pbr\\render\\mesh_preprocess.wgsl"};C:\Users\Antoi\.cargo\registry\src\index.crates.io-1949cf8c6b5b557f\bevy_asset-0.18.1\src\server\loaders.rs;332;609373;0.000659;2;304686;201;609172;430607.523647
plugin cleanup{plugin="forgia_player::skybox_genome::SkyboxGenomePlugin"};C:\Users\Antoi\.cargo\registry\src\index.crates.io-1949cf8c6b5b557f\bevy_app-0.18.1\src\app.rs;292;53;0.000000;1;53;53;53;0.000000
system{name="forgia_mode_roguelite::mushrooms::sys_reconcile_mushrooms"};C:\Users\Antoi\.cargo\registry\src\index.crates.io-1949cf8c6b5b557f\bevy_ecs-0.18.1\src\system\function_system.rs;52;13219734;0.014289;17308;763;373;129479;1130.558432
plugin cleanup{plugin="forgia_debug::ForgiaDebugPlugin"};C:\Users\Antoi\.cargo\registry\src\index.crates.io-1949cf8c6b5b557f\bevy_app-0.18.1\src\app.rs;292;64;0.000000;1;64;64;64;0.000000
system{name="bevy_asset::assets::Assets<bevy_asset::folder::LoadedFolder>::asset_events_condition"};C:\Users\Antoi\.cargo\registry\src\index.crates.io-1949cf8c6b5b557f\bevy_ecs-0.18.1\src\system\function_system.rs;52;2046765;0.002212;18163;112;58;980;54.473957
plugin build{plugin="bevy_post_process::msaa_writeback::MsaaWritebackPlugin"};C:\Users\Antoi\.cargo\registry\src\index.crates.io-1949cf8c6b5b557f\bevy_app-0.18.1\src\app.rs;529;41429;0.000045;1;41429;41429;41429;0.000000
system_commands{name="(bevy_ecs::system::commands::Commands<'_, '_>, bevy_ecs::system::query::Query<'_, '_, bevy_ecs::entity::Entity, bevy_ecs::query::filter::With<bevy_window::window::PrimaryWindow>>, bevy_ecs::system::query::Query<'_, '_, (bevy_ecs::entity::Entity, &bevy_render::view::window::screenshot::Screenshot), bevy_ecs::query::filter::Without<bevy_render::view::window::screenshot::Capturing>>)"};C:\Users\Antoi\.cargo\registry\src\index.crates.io-1949cf8c6b5b557f\bevy_ecs-0.18.1\src\system\function_system.rs;54;3495875;0.003779;18162;192;54;2750;205.400745
schedule{name=Last};C:\Users\Antoi\.cargo\registry\src\index.crates.io-1949cf8c6b5b557f\bevy_ecs-0.18.1\src\schedule\schedule.rs;532;759408737;0.820810;18163;41810;22731;6362829;74840.056569
system{name="forgia_observability::sensor_health_sensor::sys_write_sensor_health"};C:\Users\Antoi\.cargo\registry\src\index.crates.io-1949cf8c6b5b557f\bevy_ecs-0.18.1\src\system\function_system.rs;52;30046637;0.032476;18163;1654;88;513200;20257.542030
asset loading{loader="bevy_image::image_loader::ImageLoader" asset="ui/menu_video/frame_0028.webp"};C:\Users\Antoi\.cargo\registry\src\index.crates.io-1949cf8c6b5b557f\bevy_asset-0.18.1\src\server\loaders.rs;332;15252037;0.016485;7;2178862;146;15220559;5750849.197507
plugin finish{plugin="forgia_mode_roguelite::mushrooms::ForgiaRogueliteMushroomsPlugin"};C:\Users\Antoi\.cargo\registry\src\index.crates.io-1949cf8c6b5b557f\bevy_app-0.18.1\src\app.rs;272;57;0.000000;1;57;57;57;0.000000
plugin build{plugin="bevy_render::sync_component::SyncComponentPlugin<bevy_render::gpu_readback::Readback>"};C:\Users\Antoi\.cargo\registry\src\index.crates.io-1949cf8c6b5b557f\bevy_app-0.18.1\src\app.rs;529;1147;0.000001;1;1147;1147;1147;0.000000
system{name="bevy_render::render_asset::extract_render_asset<bevy_sprite_render::mesh2d::material::PreparedMaterial2d<bevy_sprite_render::tilemap_chunk::tilemap_chunk_material::TilemapChunkMaterial>>"};C:\Users\Antoi\.cargo\registry\src\index.crates.io-1949cf8c6b5b557f\bevy_ecs-0.18.1\src\system\function_system.rs;52;16640810;0.017986;18163;916;349;23302;393.374243
system_commands{name="forgia_auto_rig::skinning::inject_skinning_for_rigged_meshes"};C:\Users\Antoi\.cargo\registry\src\index.crates.io-1949cf8c6b5b557f\bevy_ecs-0.18.1\src\system\function_system.rs;54;7279675;0.007868;18163;400;98;119962;1247.127712
system{name="forgia_combat::combat_juice::trauma_decay_system"};C:\Users\Antoi\.cargo\registry\src\index.crates.io-1949cf8c6b5b557f\bevy_ecs-0.18.1\src\system\function_system.rs;52;2915252;0.003151;18163;160;72;18208;159.396767
asset loading{loader="forgia_genome_core::GenomeLoader<forgia_rpg_data::boons::BoonsCatalogue>" asset="genomes/roguelite_boons.toml"};C:\Users\Antoi\.cargo\registry\src\index.crates.io-1949cf8c6b5b557f\bevy_asset-0.18.1\src\server\loaders.rs;332;308281;0.000333;6;51380;128;215823;87153.012711
system_commands{name="bevy_egui::render::systems::queue_pipelines_system"};C:\Users\Antoi\.cargo\registry\src\index.crates.io-1949cf8c6b5b557f\bevy_ecs-0.18.1\src\system\function_system.rs;54;14088143;0.015227;18162;775;310;88905;1093.350853
plugin build{plugin="forgia_mode_roguelite::progress::PlayerProgressPlugin"};C:\Users\Antoi\.cargo\registry\src\index.crates.io-1949cf8c6b5b557f\bevy_app-0.18.1\src\app.rs;529;5156;0.000006;1;5156;5156;5156;0.000000
plugin finish{plugin="bevy_core_pipeline::fullscreen_material::FullscreenMaterialPlugin<forgia_postprocess::toon::ToonSettings>"};C:\Users\Antoi\.cargo\registry\src\index.crates.io-1949cf8c6b5b557f\bevy_app-0.18.1\src\app.rs;272;108;0.000000;1;108;108;108;0.000000
plugin build{plugin="bevy_render::sync_component::SyncComponentPlugin<bevy_core_pipeline::tonemapping::Tonemapping>"};C:\Users\Antoi\.cargo\registry\src\index.crates.io-1949cf8c6b5b557f\bevy_app-0.18.1\src\app.rs;529;8131;0.000009;1;8131;8131;8131;0.000000
system_commands{name="bevy_pbr::ssao::extract_ssao_settings"};C:\Users\Antoi\.cargo\registry\src\index.crates.io-1949cf8c6b5b557f\bevy_ecs-0.18.1\src\system\function_system.rs;54;1370639;0.001481;18162;75;51;2905;24.589205
plugin cleanup{plugin="bevy_picking::InteractionPlugin"};C:\Users\Antoi\.cargo\registry\src\index.crates.io-1949cf8c6b5b557f\bevy_app-0.18.1\src\app.rs;292;53;0.000000;1;53;53;53;0.000000
winit event_handler;C:\Users\Antoi\.cargo\registry\src\index.crates.io-1949cf8c6b5b557f\bevy_winit-0.18.1\src\state.rs;151;8209538;0.008873;18534;442;61;77089;656.813326
system_commands{name="bevy_post_process::bloom::prepare_bloom_bind_groups"};C:\Users\Antoi\.cargo\registry\src\index.crates.io-1949cf8c6b5b557f\bevy_ecs-0.18.1\src\system\function_system.rs;54;1643913;0.001777;18162;90;50;4807;52.844264
system{name="forgia_mode_roguelite::pipeline_warmup::sys_write_warmup_sensor"};C:\Users\Antoi\.cargo\registry\src\index.crates.io-1949cf8c6b5b557f\bevy_ecs-0.18.1\src\system\function_system.rs;52;4889028;0.005284;18163;269;77;14255;202.642956
system{name="forgia_mode_roguelite::hud::in_run_or_boss"};C:\Users\Antoi\.cargo\registry\src\index.crates.io-1949cf8c6b5b557f\bevy_ecs-0.18.1\src\system\function_system.rs;52;1865962;0.002017;18163;102;55;7755;71.097657
system{name="forgia_effects::weapon_vfx::sys_write_weapon_vfx_sensor"};C:\Users\Antoi\.cargo\registry\src\index.crates.io-1949cf8c6b5b557f\bevy_ecs-0.18.1\src\system\function_system.rs;52;6269078;0.006776;18163;345;86;37257;403.037709
asset loading{loader="bevy_shader::shader::ShaderLoader" asset="embedded://bevy_pbr\\render/pbr_fragment.wgsl"};C:\Users\Antoi\.cargo\registry\src\index.crates.io-1949cf8c6b5b557f\bevy_asset-0.18.1\src\server\loaders.rs;332;1932816;0.002089;2;966408;269;1932547;1366326.876938
plugin cleanup{plugin="bevy_render::sync_component::SyncComponentPlugin<bevy_light::volumetric::FogVolume>"};C:\Users\Antoi\.cargo\registry\src\index.crates.io-1949cf8c6b5b557f\bevy_app-0.18.1\src\app.rs;292;122;0.000000;1;122;122;122;0.000000
plugin finish;C:\Users\Antoi\.cargo\registry\src\index.crates.io-1949cf8c6b5b557f\bevy_app-0.18.1\src\app.rs;264;18648033;0.020156;1;18648033;18648033;18648033;0.000000
system_commands{name="forgia_stage::floor_merge::sys_build_merged_static"};C:\Users\Antoi\.cargo\registry\src\index.crates.io-1949cf8c6b5b557f\bevy_ecs-0.18.1\src\system\function_system.rs;54;1873248;0.002025;18163;103;50;53144;703.578198
system{name="bevy_ui_render::ui_texture_slice_pipeline::extract_ui_texture_slices"};C:\Users\Antoi\.cargo\registry\src\index.crates.io-1949cf8c6b5b557f\bevy_ecs-0.18.1\src\system\function_system.rs;52;10868223;0.011747;18163;598;138;13769;368.948406
system{name="forgia_viewmodel::arms_sensor::write_arms_sensor"};C:\Users\Antoi\.cargo\registry\src\index.crates.io-1949cf8c6b5b557f\bevy_ecs-0.18.1\src\system\function_system.rs;52;6947238;0.007509;17308;401;136;122619;1076.806273
system{name="bevy_picking::input::PointerInputSettings::is_touch_enabled"};C:\Users\Antoi\.cargo\registry\src\index.crates.io-1949cf8c6b5b557f\bevy_ecs-0.18.1\src\system\function_system.rs;52;3539762;0.003826;36326;97;53;8819;87.629605
system{name="forgia_effects::prespawn_hanabi_dummies"};C:\Users\Antoi\.cargo\registry\src\index.crates.io-1949cf8c6b5b557f\bevy_ecs-0.18.1\src\system\function_system.rs;52;274954;0.000297;1;274954;274954;274954;0.000000
system{name="bevy_render::render_asset::prepare_assets<bevy_render::storage::GpuShaderStorageBuffer>"};C:\Users\Antoi\.cargo\registry\src\index.crates.io-1949cf8c6b5b557f\bevy_ecs-0.18.1\src\system\function_system.rs;52;9332803;0.010087;18162;513;191;100839;1067.207053
system_commands{name="bevy_pbr::volumetric_fog::render::init_volumetric_fog_pipeline"};C:\Users\Antoi\.cargo\registry\src\index.crates.io-1949cf8c6b5b557f\bevy_ecs-0.18.1\src\system\function_system.rs;54;3280;0.000004;1;3280;3280;3280;0.000000
asset loading{loader="bevy_gltf::loader::GltfLoader" asset="models/environment/inferno/Coin_001.glb"};C:\Users\Antoi\.cargo\registry\src\index.crates.io-1949cf8c6b5b557f\bevy_asset-0.18.1\src\server\loaders.rs;332;1343116;0.001452;12;111926;104;633040;239867.113256
asset loading{loader="bevy_shader::shader::ShaderLoader" asset="embedded://bevy_pbr\\ssao\\spatial_denoise.wgsl"};C:\Users\Antoi\.cargo\registry\src\index.crates.io-1949cf8c6b5b557f\bevy_asset-0.18.1\src\server\loaders.rs;332;172573;0.000187;2;86286;124;172449;121852.176070
system{name="bevy_core_pipeline::core_3d::configure_occlusion_culling_view_targets"};C:\Users\Antoi\.cargo\registry\src\index.crates.io-1949cf8c6b5b557f\bevy_ecs-0.18.1\src\system\function_system.rs;52;7833167;0.008467;18162;431;108;74929;590.345141
plugin cleanup{plugin="forgia_input::ForgiaInputPlugin"};C:\Users\Antoi\.cargo\registry\src\index.crates.io-1949cf8c6b5b557f\bevy_app-0.18.1\src\app.rs;292;55;0.000000;1;55;55;55;0.000000
asset loading{loader="bevy_image::image_loader::ImageLoader" asset="ui/menu_video/frame_0023.webp"};C:\Users\Antoi\.cargo\registry\src\index.crates.io-1949cf8c6b5b557f\bevy_asset-0.18.1\src\server\loaders.rs;332;13736962;0.014848;7;1962423;144;13706986;5178867.218301
plugin cleanup{plugin="forgia_viewmodel::attach::ForgiaViewmodelAttachPlugin"};C:\Users\Antoi\.cargo\registry\src\index.crates.io-1949cf8c6b5b557f\bevy_app-0.18.1\src\app.rs;292;55;0.000000;1;55;55;55;0.000000
system{name="forgia_enemy_nameplate::spawn_nameplate_for_targets"};C:\Users\Antoi\.cargo\registry\src\index.crates.io-1949cf8c6b5b557f\bevy_ecs-0.18.1\src\system\function_system.rs;52;25792438;0.027878;18163;1420;126;643639;4873.941198
system{name="bevy_egui::render::systems::queue_bind_groups_system"};C:\Users\Antoi\.cargo\registry\src\index.crates.io-1949cf8c6b5b557f\bevy_ecs-0.18.1\src\system\function_system.rs;52;400182781;0.432539;18162;22034;12385;475695;7440.884850
system{name="forgia_ui::menu_video::menu_video_tick"};C:\Users\Antoi\.cargo\registry\src\index.crates.io-1949cf8c6b5b557f\bevy_ecs-0.18.1\src\system\function_system.rs;52;2898793;0.003133;18163;159;67;102879;793.581581
system{name="bevy_asset::assets::Assets<bevy_pbr::medium::ScatteringMedium>::asset_events_condition"};C:\Users\Antoi\.cargo\registry\src\index.crates.io-1949cf8c6b5b557f\bevy_ecs-0.18.1\src\system\function_system.rs;52;1632773;0.001765;18163;89;53;23368;191.744308
function_scope{epaint::tessellator::Tessellator::tessellate_path};C:\Users\Antoi\.cargo\registry\src\index.crates.io-1949cf8c6b5b557f\epaint-0.33.3\src\tessellator.rs;1724;58727146;0.063475;219832;267;97;132607;956.698249
system_commands{name="bevy_core_pipeline::tonemapping::prepare_view_tonemapping_pipelines"};C:\Users\Antoi\.cargo\registry\src\index.crates.io-1949cf8c6b5b557f\bevy_ecs-0.18.1\src\system\function_system.rs;54;20877169;0.022565;18162;1149;516;80306;862.602226
asset loading{loader="bevy_image::image_loader::ImageLoader" asset="ui/menu_video/frame_0009.webp"};C:\Users\Antoi\.cargo\registry\src\index.crates.io-1949cf8c6b5b557f\bevy_asset-0.18.1\src\server\loaders.rs;332;16334259;0.017655;7;2333465;253;16303059;6160014.138837
plugin finish{plugin="bevy_render::extract_component::ExtractComponentPlugin<bevy_pbr::ssr::ScreenSpaceReflections>"};C:\Users\Antoi\.cargo\registry\src\index.crates.io-1949cf8c6b5b557f\bevy_app-0.18.1\src\app.rs;272;56;0.000000;1;56;56;56;0.000000
par_for_each{query="(bevy_ecs::entity::Entity, &bevy_camera::visibility::InheritedVisibility, &mut bevy_camera::visibility::ViewVisibility, core::option::Option<&bevy_camera::visibility::VisibilityClass>, core::option::Option<&bevy_camera::visibility::render_layers::RenderLayers>, core::option::Option<&bevy_camera::primitives::Aabb>, &bevy_transform::components::global_transform::GlobalTransform, bevy_ecs::query::fetch::Has<bevy_camera::visibility::NoFrustumCulling>, bevy_ecs::query::fetch::Has<bevy_camera::visibility::range::VisibilityRange>)" filter="()"};C:\Users\Antoi\.cargo\registry\src\index.crates.io-1949cf8c6b5b557f\bevy_ecs-0.18.1\src\query\state.rs;246;3108216538;3.359529;6409218;484;63;793699;700.381961
system_commands{name="bevy_post_process::msaa_writeback::prepare_msaa_writeback_pipelines"};C:\Users\Antoi\.cargo\registry\src\index.crates.io-1949cf8c6b5b557f\bevy_ecs-0.18.1\src\system\function_system.rs;54;31974293;0.034560;18162;1760;320;49040;785.968102
system{name="forgia_mode_roguelite::hud::draw_player_portrait"};C:\Users\Antoi\.cargo\registry\src\index.crates.io-1949cf8c6b5b557f\bevy_ecs-0.18.1\src\system\function_system.rs;52;26197366;0.028316;17217;1521;96;54841;751.787830
asset loading{loader="bevy_image::image_loader::ImageLoader" asset="ui/menu_video/frame_0098.webp"};C:\Users\Antoi\.cargo\registry\src\index.crates.io-1949cf8c6b5b557f\bevy_asset-0.18.1\src\server\loaders.rs;332;14801932;0.015999;7;2114561;81;14762785;5577344.283150
plugin build{plugin="bevy_sprite_render::tilemap_chunk::TilemapChunkPlugin"};C:\Users\Antoi\.cargo\registry\src\index.crates.io-1949cf8c6b5b557f\bevy_app-0.18.1\src\app.rs;529;4840;0.000005;1;4840;4840;4840;0.000000
system_commands{name="bevy_picking::hover::update_interactions"};C:\Users\Antoi\.cargo\registry\src\index.crates.io-1949cf8c6b5b557f\bevy_ecs-0.18.1\src\system\function_system.rs;54;3034290;0.003280;18163;167;73;79785;803.981683
plugin finish{plugin="bevy_ui::UiPlugin"};C:\Users\Antoi\.cargo\registry\src\index.crates.io-1949cf8c6b5b557f\bevy_app-0.18.1\src\app.rs;272;56;0.000000;1;56;56;56;0.000000
plugin finish{plugin="bevy_render::sync_component::SyncComponentPlugin<bevy_light::directional_light::DirectionalLight>"};C:\Users\Antoi\.cargo\registry\src\index.crates.io-1949cf8c6b5b557f\bevy_app-0.18.1\src\app.rs;272;63;0.000000;1;63;63;63;0.000000
mesh;C:\Users\Antoi\.cargo\registry\src\index.crates.io-1949cf8c6b5b557f\epaint-0.33.3\src\tessellator.rs;1437;563979;0.000610;1702;331;104;15619;429.574609
system{name="bevy_asset::assets::Assets<bevy_gizmos::GizmoAsset>::track_assets"};C:\Users\Antoi\.cargo\registry\src\index.crates.io-1949cf8c6b5b557f\bevy_ecs-0.18.1\src\system\function_system.rs;52;19240308;0.020796;18163;1059;198;479319;7163.687003
plugin build{plugin="bevy_picking::InteractionPlugin"};C:\Users\Antoi\.cargo\registry\src\index.crates.io-1949cf8c6b5b557f\bevy_app-0.18.1\src\app.rs;529;30731;0.000033;1;30731;30731;30731;0.000000
plugin cleanup{plugin="forgia_ui_lib::shop_panel::ForgiaUiShopPlugin"};C:\Users\Antoi\.cargo\registry\src\index.crates.io-1949cf8c6b5b557f\bevy_app-0.18.1\src\app.rs;292;53;0.000000;1;53;53;53;0.000000
system{name="bevy_audio::audio_output::cleanup_finished_audio<bevy_audio::audio_source::AudioSource>"};C:\Users\Antoi\.cargo\registry\src\index.crates.io-1949cf8c6b5b557f\bevy_ecs-0.18.1\src\system\function_system.rs;52;9286218;0.010037;18163;511;163;18048;286.247792
asset loading{loader="forgia_genome_core::GenomeLoader<forgia_ui_lib::hud_ammo::tuning::AmmoHudTuning>" asset="genomes/hud_ammo_tuning.toml"};C:\Users\Antoi\.cargo\registry\src\index.crates.io-1949cf8c6b5b557f\bevy_asset-0.18.1\src\server\loaders.rs;332;154464;0.000167;5;30892;80;86484;39308.646511
asset loading{loader="bevy_shader::shader::ShaderLoader" asset="embedded://bevy_anti_alias\\smaa\\smaa.wgsl"};C:\Users\Antoi\.cargo\registry\src\index.crates.io-1949cf8c6b5b557f\bevy_asset-0.18.1\src\server\loaders.rs;332;1505650;0.001627;2;752825;399;1505251;1064091.053882
plugin cleanup{plugin="bevy_core_pipeline::oit::resolve::OitResolvePlugin"};C:\Users\Antoi\.cargo\registry\src\index.crates.io-1949cf8c6b5b557f\bevy_app-0.18.1\src\app.rs;292;57;0.000000;1;57;57;57;0.000000
plugin build{plugin="bevy_diagnostic::frame_time_diagnostics_plugin::FrameTimeDiagnosticsPlugin"};C:\Users\Antoi\.cargo\registry\src\index.crates.io-1949cf8c6b5b557f\bevy_app-0.18.1\src\app.rs;529;7464;0.000008;1;7464;7464;7464;0.000000
system{name="bevy_state::condition::in_state<forgia_core::states::AppMode>::{{closure}}"};C:\Users\Antoi\.cargo\registry\src\index.crates.io-1949cf8c6b5b557f\bevy_ecs-0.18.1\src\system\function_system.rs;52;10732529;0.011600;132875;80;52;32614;149.376215
plugins{tag="on_output"};C:\Users\Antoi\.cargo\registry\src\index.crates.io-1949cf8c6b5b557f\egui-0.33.3\src\plugin.rs;172;112184028;0.121255;18163;6176;3112;127919;4196.209287
asset loading{loader="bevy_image::image_loader::ImageLoader" asset="ui/menu_video/frame_0068.webp"};C:\Users\Antoi\.cargo\registry\src\index.crates.io-1949cf8c6b5b557f\bevy_asset-0.18.1\src\server\loaders.rs;332;14061211;0.015198;7;2008744;137;14031683;5301619.040359
system{name="bevy_rapier3d::plugin::systems::collider::apply_scale"};C:\Users\Antoi\.cargo\registry\src\index.crates.io-1949cf8c6b5b557f\bevy_ecs-0.18.1\src\system\function_system.rs;52;18275568;0.019753;5734;3187;79;1897113;41152.160441
node{name="bevy_render::render_graph::node::ViewNodeRunner<bevy_core_pipeline::core_3d::main_opaque_pass_3d_node::MainOpaquePass3dNode>"};C:\Users\Antoi\.cargo\registry\src\index.crates.io-1949cf8c6b5b557f\bevy_render-0.18.1\src\renderer\graph_runner.rs;240;4134730507;4.469041;36324;113829;12783;1391469;98264.395871
system_commands{name="bevy_gizmos_render::retained::extract_linegizmos"};C:\Users\Antoi\.cargo\registry\src\index.crates.io-1949cf8c6b5b557f\bevy_ecs-0.18.1\src\system\function_system.rs;54;15798820;0.017076;18162;869;299;97129;759.273933
plugin finish{plugin="forgia_mode_roguelite::atmosphere::RogueliteAtmospherePlugin"};C:\Users\Antoi\.cargo\registry\src\index.crates.io-1949cf8c6b5b557f\bevy_app-0.18.1\src\app.rs;272;331;0.000000;1;331;331;331;0.000000
plugin build{plugin="bevy_render::sync_component::SyncComponentPlugin<bevy_camera::components::Camera3d>"};C:\Users\Antoi\.cargo\registry\src\index.crates.io-1949cf8c6b5b557f\bevy_app-0.18.1\src\app.rs;529;961;0.000001;1;961;961;961;0.000000
system{name="forgia_mode_roguelite::enemy_anim::sys_hot_reload_enemy_anim_genome"};C:\Users\Antoi\.cargo\registry\src\index.crates.io-1949cf8c6b5b557f\bevy_ecs-0.18.1\src\system\function_system.rs;52;9285340;0.010036;17308;536;75;165528;4768.873855
system_commands{name="bevy_post_process::bloom::upsampling_pipeline::init_bloom_upscaling_pipeline"};C:\Users\Antoi\.cargo\registry\src\index.crates.io-1949cf8c6b5b557f\bevy_ecs-0.18.1\src\system\function_system.rs;54;1975;0.000002;1;1975;1975;1975;0.000000
plugin build{plugin="forgia_effects::damage_numbers::ForgiaDamageNumbersPlugin"};C:\Users\Antoi\.cargo\registry\src\index.crates.io-1949cf8c6b5b557f\bevy_app-0.18.1\src\app.rs;529;10036;0.000011;1;10036;10036;10036;0.000000
plugin finish{plugin="forgia_ui_lib::hud::energy::EnergyOverlayPlugin"};C:\Users\Antoi\.cargo\registry\src\index.crates.io-1949cf8c6b5b557f\bevy_app-0.18.1\src\app.rs;272;75;0.000000;1;75;75;75;0.000000
system{name="forgia_juice_screen_flash::sync_screen_flash_tuning"};C:\Users\Antoi\.cargo\registry\src\index.crates.io-1949cf8c6b5b557f\bevy_ecs-0.18.1\src\system\function_system.rs;52;7850307;0.008485;18163;432;106;346969;2817.112538
system{name="forgia_viewmodel::attach::ensure_camera_shake_component"};C:\Users\Antoi\.cargo\registry\src\index.crates.io-1949cf8c6b5b557f\bevy_ecs-0.18.1\src\system\function_system.rs;52;8478179;0.009164;17308;489;149;109398;898.363268
system{name="bevy_gizmos_render::pipeline_3d::init_line_gizmo_pipelines"};C:\Users\Antoi\.cargo\registry\src\index.crates.io-1949cf8c6b5b557f\bevy_ecs-0.18.1\src\system\function_system.rs;52;32237;0.000035;1;32237;32237;32237;0.000000
system{name="forgia_viewmodel::arms::update_support_hand_visibility"};C:\Users\Antoi\.cargo\registry\src\index.crates.io-1949cf8c6b5b557f\bevy_ecs-0.18.1\src\system\function_system.rs;52;16113366;0.017416;17308;930;312;30334;418.256054
system_commands{name="bevy_anti_alias::fxaa::init_fxaa_pipeline"};C:\Users\Antoi\.cargo\registry\src\index.crates.io-1949cf8c6b5b557f\bevy_ecs-0.18.1\src\system\function_system.rs;54;459;0.000000;1;459;459;459;0.000000
system{name="forgia_mode_roguelite::parcours_obstacles::sys_swing_hammers"};C:\Users\Antoi\.cargo\registry\src\index.crates.io-1949cf8c6b5b557f\bevy_ecs-0.18.1\src\system\function_system.rs;52;4927216;0.005326;17308;284;91;24602;218.670979
system{name="forgia_damage::apply_damage"};C:\Users\Antoi\.cargo\registry\src\index.crates.io-1949cf8c6b5b557f\bevy_ecs-0.18.1\src\system\function_system.rs;52;8357872;0.009034;18163;460;125;8219;193.225180
run_graph{name="SubGraphUi"};C:\Users\Antoi\.cargo\registry\src\index.crates.io-1949cf8c6b5b557f\bevy_render-0.18.1\src\renderer\graph_runner.rs;121;151380039;0.163620;54486;2778;1075;452106;2209.505434
system{name="bevy_render::batching::gpu_preprocessing::collect_buffers_for_phase<bevy_core_pipeline::core_3d::Opaque3d, bevy_pbr::render::mesh::MeshPipeline>"};C:\Users\Antoi\.cargo\registry\src\index.crates.io-1949cf8c6b5b557f\bevy_ecs-0.18.1\src\system\function_system.rs;52;27613993;0.029847;18162;1520;760;131817;1184.823644
plugin finish{plugin="bevy_render::view::window::screenshot::ScreenshotPlugin"};C:\Users\Antoi\.cargo\registry\src\index.crates.io-1949cf8c6b5b557f\bevy_app-0.18.1\src\app.rs;272;60;0.000000;1;60;60;60;0.000000
asset loading{loader="bevy_shader::shader::ShaderLoader" asset="embedded://bevy_pbr\\render/pbr_prepass_functions.wgsl"};C:\Users\Antoi\.cargo\registry\src\index.crates.io-1949cf8c6b5b557f\bevy_asset-0.18.1\src\server\loaders.rs;332;255825;0.000277;2;127912;97;255728;180758.413583
asset loading{loader="bevy_shader::shader::ShaderLoader" asset="shaders/post_process/toon.wgsl"};C:\Users\Antoi\.cargo\registry\src\index.crates.io-1949cf8c6b5b557f\bevy_asset-0.18.1\src\server\loaders.rs;332;158142;0.000171;4;39535;72;146650;71486.829864
system_commands{name="bevy_render::extract_resource::extract_resource<bevy_pbr::material::DefaultOpaqueRendererMethod>"};C:\Users\Antoi\.cargo\registry\src\index.crates.io-1949cf8c6b5b557f\bevy_ecs-0.18.1\src\system\function_system.rs;54;1374303;0.001485;18162;75;50;28614;215.328707
system{name="bevy_light::cluster::assign::assign_objects_to_clusters"};C:\Users\Antoi\.cargo\registry\src\index.crates.io-1949cf8c6b5b557f\bevy_ecs-0.18.1\src\system\function_system.rs;52;1190874533;1.287162;18163;65565;22475;304065;19738.586602
plugin cleanup{plugin="bevy_render::sync_component::SyncComponentPlugin<bevy_pbr::deferred::PbrDeferredLightingDepthId>"};C:\Users\Antoi\.cargo\registry\src\index.crates.io-1949cf8c6b5b557f\bevy_app-0.18.1\src\app.rs;292;58;0.000000;1;58;58;58;0.000000
asset loading{loader="bevy_image::image_loader::ImageLoader" asset="hdri/sky_129_stacked.png"};C:\Users\Antoi\.cargo\registry\src\index.crates.io-1949cf8c6b5b557f\bevy_asset-0.18.1\src\server\loaders.rs;332;10730684;0.011598;9;1192298;123;10343688;3432696.122822
asset loading{loader="forgia_genome_core::GenomeLoader<forgia_damage::HitFeedbackTuning>" asset="genomes/damage_feedback/hit_feedback.toml"};C:\Users\Antoi\.cargo\registry\src\index.crates.io-1949cf8c6b5b557f\bevy_asset-0.18.1\src\server\loaders.rs;332;123532;0.000134;5;24706;203;114607;50294.324998
system{name="bevy_animation::animate_targets"};C:\Users\Antoi\.cargo\registry\src\index.crates.io-1949cf8c6b5b557f\bevy_ecs-0.18.1\src\system\function_system.rs;52;26104809;0.028215;18163;1437;487;364924;3308.617782
system{name="forgia_mode_roguelite::hub::reset_hub_tab"};C:\Users\Antoi\.cargo\registry\src\index.crates.io-1949cf8c6b5b557f\bevy_ecs-0.18.1\src\system\function_system.rs;52;1317;0.000001;1;1317;1317;1317;0.000000
system{name="forgia_mode_roguelite::atmosphere::sys_ensure_atmosphere"};C:\Users\Antoi\.cargo\registry\src\index.crates.io-1949cf8c6b5b557f\bevy_ecs-0.18.1\src\system\function_system.rs;52;8405386;0.009085;17308;485;225;13169;181.705581
plugin cleanup{plugin="bevy_log::LogPlugin"};C:\Users\Antoi\.cargo\registry\src\index.crates.io-1949cf8c6b5b557f\bevy_app-0.18.1\src\app.rs;292;53;0.000000;1;53;53;53;0.000000
system{name="forgia_mode_roguelite::load_timing::sys_load_timing"};C:\Users\Antoi\.cargo\registry\src\index.crates.io-1949cf8c6b5b557f\bevy_ecs-0.18.1\src\system\function_system.rs;52;74734123;0.080777;17308;4317;2326;199543;3657.221729
asset loading{loader="bevy_shader::shader::ShaderLoader" asset="embedded://bevy_sprite_render\\render\\sprite.wgsl"};C:\Users\Antoi\.cargo\registry\src\index.crates.io-1949cf8c6b5b557f\bevy_asset-0.18.1\src\server\loaders.rs;332;76049;0.000082;2;38024;59;75990;53691.325007
system{name="forgia_ai_arena_bot::tactical::write_bot_ai_sensor"};C:\Users\Antoi\.cargo\registry\src\index.crates.io-1949cf8c6b5b557f\bevy_ecs-0.18.1\src\system\function_system.rs;52;5953657;0.006435;18163;327;116;83179;1060.561636
plugin cleanup{plugin="bevy_asset::AssetPlugin"};C:\Users\Antoi\.cargo\registry\src\index.crates.io-1949cf8c6b5b557f\bevy_app-0.18.1\src\app.rs;292;55;0.000000;1;55;55;55;0.000000
system{name="<bevy_gizmos::aabb::AabbGizmoPlugin as bevy_app::plugin::Plugin>::build::{{closure}}"};C:\Users\Antoi\.cargo\registry\src\index.crates.io-1949cf8c6b5b557f\bevy_ecs-0.18.1\src\system\function_system.rs;52;10171389;0.010994;18163;560;190;18082;230.431920
system{name="leafwing_input_manager::systems::release_on_input_map_removed<forgia_input::PlayerAction>"};C:\Users\Antoi\.cargo\registry\src\index.crates.io-1949cf8c6b5b557f\bevy_ecs-0.18.1\src\system\function_system.rs;52;7862601;0.008498;23897;329;75;40562;380.817226
system_commands{name="bevy_pbr::render::mesh_view_bindings::prepare_mesh_view_bind_groups"};C:\Users\Antoi\.cargo\registry\src\index.crates.io-1949cf8c6b5b557f\bevy_ecs-0.18.1\src\system\function_system.rs;54;64588005;0.069810;18162;3556;1800;124605;1750.331899
system{name="forgia_mode_roguelite::enemy_anim::sys_init_enemy_anim_genome"};C:\Users\Antoi\.cargo\registry\src\index.crates.io-1949cf8c6b5b557f\bevy_ecs-0.18.1\src\system\function_system.rs;52;380157;0.000411;1;380157;380157;380157;0.000000
system{name="bevy_render::batching::sort_binned_render_phase<bevy_core_pipeline::core_2d::Opaque2d>"};C:\Users\Antoi\.cargo\registry\src\index.crates.io-1949cf8c6b5b557f\bevy_ecs-0.18.1\src\system\function_system.rs;52;8496191;0.009183;18162;467;151;30775;276.684732
system{name="bevy_pbr::light_probe::gather_light_probes<bevy_light::probe::IrradianceVolume>"};C:\Users\Antoi\.cargo\registry\src\index.crates.io-1949cf8c6b5b557f\bevy_ecs-0.18.1\src\system\function_system.rs;52;21371981;0.023100;18163;1176;505;67485;732.742595
system_commands{name="bevy_post_process::motion_blur::pipeline::prepare_motion_blur_pipelines"};C:\Users\Antoi\.cargo\registry\src\index.crates.io-1949cf8c6b5b557f\bevy_ecs-0.18.1\src\system\function_system.rs;54;1448507;0.001566;18162;79;50;1905;31.257635
system{name="forgia_mode_roguelite::boons_apply::sys_apply_knockback_on_hit"};C:\Users\Antoi\.cargo\registry\src\index.crates.io-1949cf8c6b5b557f\bevy_ecs-0.18.1\src\system\function_system.rs;52;4293290;0.004640;17308;248;95;4948;117.584923
plugin cleanup{plugin="bevy_render::globals::GlobalsPlugin"};C:\Users\Antoi\.cargo\registry\src\index.crates.io-1949cf8c6b5b557f\bevy_app-0.18.1\src\app.rs;292;55;0.000000;1;55;55;55;0.000000
plugin cleanup{plugin="forgia_mode_roguelite::hud::RogueliteHudPlugin"};C:\Users\Antoi\.cargo\registry\src\index.crates.io-1949cf8c6b5b557f\bevy_app-0.18.1\src\app.rs;292;53;0.000000;1;53;53;53;0.000000
plugin build{plugin="bevy_render::render_phase::BinnedRenderPhasePlugin<bevy_core_pipeline::deferred::Opaque3dDeferred, bevy_pbr::render::mesh::MeshPipeline>"};C:\Users\Antoi\.cargo\registry\src\index.crates.io-1949cf8c6b5b557f\bevy_app-0.18.1\src\app.rs;529;21782;0.000024;1;21782;21782;21782;0.000000
plugin build{plugin="bevy_render::RenderPlugin"};C:\Users\Antoi\.cargo\registry\src\index.crates.io-1949cf8c6b5b557f\bevy_app-0.18.1\src\app.rs;529;432170767;0.467114;1;432170767;432170767;432170767;0.000000
plugin finish{plugin="forgia_juice_screen_flash::ForgiaJuiceScreenFlashPlugin"};C:\Users\Antoi\.cargo\registry\src\index.crates.io-1949cf8c6b5b557f\bevy_app-0.18.1\src\app.rs;272;54;0.000000;1;54;54;54;0.000000
system{name="<bevy_input::gamepad::GamepadButton as leafwing_input_manager::user_input::updating::UpdatableInput>::compute"};C:\Users\Antoi\.cargo\registry\src\index.crates.io-1949cf8c6b5b557f\bevy_ecs-0.18.1\src\system\function_system.rs;52;9868526;0.010666;18163;543;164;23017;238.760678
system_commands{name="bevy_anti_alias::smaa::prepare_smaa_pipelines"};C:\Users\Antoi\.cargo\registry\src\index.crates.io-1949cf8c6b5b557f\bevy_ecs-0.18.1\src\system\function_system.rs;54;1471101;0.001590;18162;80;50;3895;40.855414
plugin finish{plugin="forgia_anim_debug::ForgiaAnimDebugPlugin"};C:\Users\Antoi\.cargo\registry\src\index.crates.io-1949cf8c6b5b557f\bevy_app-0.18.1\src\app.rs;272;54;0.000000;1;54;54;54;0.000000
plugin cleanup{plugin="forgia_terrain::ForgiaTerrainPlugin"};C:\Users\Antoi\.cargo\registry\src\index.crates.io-1949cf8c6b5b557f\bevy_app-0.18.1\src\app.rs;292;53;0.000000;1;53;53;53;0.000000
asset loading{loader="bevy_image::image_loader::ImageLoader" asset="ui/menu_video/frame_0043.webp"};C:\Users\Antoi\.cargo\registry\src\index.crates.io-1949cf8c6b5b557f\bevy_asset-0.18.1\src\server\loaders.rs;332;15224752;0.016456;8;1903094;124;15191423;5369297.080256
system{name="bevy_asset::assets::Assets<forgia_genome_core::Genome<forgia_stage::RoguelitePoisGenome>>::asset_events"};C:\Users\Antoi\.cargo\registry\src\index.crates.io-1949cf8c6b5b557f\bevy_ecs-0.18.1\src\system\function_system.rs;52;756;0.000001;1;756;756;756;0.000000
system{name="forgia_mode_roguelite::coffre_sensor::sys_track_coffre_picks"};C:\Users\Antoi\.cargo\registry\src\index.crates.io-1949cf8c6b5b557f\bevy_ecs-0.18.1\src\system\function_system.rs;52;5444847;0.005885;18163;299;106;30739;371.314072
plugin finish{plugin="bevy_app::terminal_ctrl_c_handler::TerminalCtrlCHandlerPlugin"};C:\Users\Antoi\.cargo\registry\src\index.crates.io-1949cf8c6b5b557f\bevy_app-0.18.1\src\app.rs;272;56;0.000000;1;56;56;56;0.000000
system{name="bevy_render::batching::gpu_preprocessing::batch_and_prepare_binned_render_phase<bevy_core_pipeline::core_3d::AlphaMask3d, bevy_pbr::render::mesh::MeshPipeline>"};C:\Users\Antoi\.cargo\registry\src\index.crates.io-1949cf8c6b5b557f\bevy_ecs-0.18.1\src\system\function_system.rs;52;34751687;0.037562;18162;1913;565;310417;2690.662092
plugin build{plugin="bevy_render::render_phase::BinnedRenderPhasePlugin<bevy_core_pipeline::core_3d::Opaque3d, bevy_pbr::render::mesh::MeshPipeline>"};C:\Users\Antoi\.cargo\registry\src\index.crates.io-1949cf8c6b5b557f\bevy_app-0.18.1\src\app.rs;529;50956;0.000055;1;50956;50956;50956;0.000000
system{name="bevy_render::view::window::screenshot::prepare_screenshots"};C:\Users\Antoi\.cargo\registry\src\index.crates.io-1949cf8c6b5b557f\bevy_ecs-0.18.1\src\system\function_system.rs;52;7524997;0.008133;18162;414;135;25802;298.872146
schedule{name=PostStartup};C:\Users\Antoi\.cargo\registry\src\index.crates.io-1949cf8c6b5b557f\bevy_ecs-0.18.1\src\schedule\schedule.rs;532;689554;0.000745;1;689554;689554;689554;0.000000
plugin cleanup{plugin="bevy_render::extract_component::ExtractComponentPlugin<bevy_pbr::atmosphere::GpuAtmosphereSettings>"};C:\Users\Antoi\.cargo\registry\src\index.crates.io-1949cf8c6b5b557f\bevy_app-0.18.1\src\app.rs;292;55;0.000000;1;55;55;55;0.000000
plugin cleanup{plugin="bevy_ui_render::ui_texture_slice_pipeline::UiTextureSlicerPlugin"};C:\Users\Antoi\.cargo\registry\src\index.crates.io-1949cf8c6b5b557f\bevy_app-0.18.1\src\app.rs;292;54;0.000000;1;54;54;54;0.000000
cast_ray_and_get_normal;C:\Users\Antoi\.cargo\registry\src\index.crates.io-1949cf8c6b5b557f\rapier3d-0.31.0\src\pipeline\query_pipeline.rs;254;21621978;0.023370;38916;555;169;131480;1143.265353
plugin finish{plugin="bevy_render::extract_component::UniformComponentPlugin<bevy_post_process::motion_blur::MotionBlurUniform>"};C:\Users\Antoi\.cargo\registry\src\index.crates.io-1949cf8c6b5b557f\bevy_app-0.18.1\src\app.rs;272;54;0.000000;1;54;54;54;0.000000
plugin build{plugin="forgia_juice_lib::camera_shake::ForgiaJuiceCameraShakePlugin"};C:\Users\Antoi\.cargo\registry\src\index.crates.io-1949cf8c6b5b557f\bevy_app-0.18.1\src\app.rs;529;10492;0.000011;1;10492;10492;10492;0.000000
plugin finish{plugin="bevy_render::render_phase::BinnedRenderPhasePlugin<bevy_core_pipeline::prepass::Opaque3dPrepass, bevy_pbr::render::mesh::MeshPipeline>"};C:\Users\Antoi\.cargo\registry\src\index.crates.io-1949cf8c6b5b557f\bevy_app-0.18.1\src\app.rs;272;128;0.000000;1;128;128;128;0.000000
plugin cleanup{plugin="forgia_damage::ForgiaDamagePlugin"};C:\Users\Antoi\.cargo\registry\src\index.crates.io-1949cf8c6b5b557f\bevy_app-0.18.1\src\app.rs;292;56;0.000000;1;56;56;56;0.000000
plugin finish{plugin="bevy_app::propagate::HierarchyPropagatePlugin<bevy_ui::ui_node::ComputedUiRenderTargetInfo>"};C:\Users\Antoi\.cargo\registry\src\index.crates.io-1949cf8c6b5b557f\bevy_app-0.18.1\src\app.rs;272;55;0.000000;1;55;55;55;0.000000
asset loading{loader="bevy_image::image_loader::ImageLoader" asset="textures-v1/terrain/grass/roughness.jpg"};C:\Users\Antoi\.cargo\registry\src\index.crates.io-1949cf8c6b5b557f\bevy_asset-0.18.1\src\server\loaders.rs;332;12443846;0.013450;4;3110961;191;12436022;6216707.831826
system_commands{name="forgia_killfeed::tuning::load_killfeed_tuning"};C:\Users\Antoi\.cargo\registry\src\index.crates.io-1949cf8c6b5b557f\bevy_ecs-0.18.1\src\system\function_system.rs;54;4188;0.000005;1;4188;4188;4188;0.000000
system{name="forgia_mode_roguelite::enemy_anim::sys_build_enemy_anim_graphs"};C:\Users\Antoi\.cargo\registry\src\index.crates.io-1949cf8c6b5b557f\bevy_ecs-0.18.1\src\system\function_system.rs;52;4867946;0.005262;17308;281;101;396736;3023.474713
system{name="bevy_sprite_render::mesh2d::material::queue_material2d_meshes<bevy_sprite_render::mesh2d::color_material::ColorMaterial>"};C:\Users\Antoi\.cargo\registry\src\index.crates.io-1949cf8c6b5b557f\bevy_ecs-0.18.1\src\system\function_system.rs;52;8215469;0.008880;18162;452;127;78799;743.272750
system{name="forgia_mode_roguelite::defense::sys_init_defense_genome"};C:\Users\Antoi\.cargo\registry\src\index.crates.io-1949cf8c6b5b557f\bevy_ecs-0.18.1\src\system\function_system.rs;52;2721218;0.002941;1;2721218;2721218;2721218;0.000000
plugin finish{plugin="bevy_render::view::ViewPlugin"};C:\Users\Antoi\.cargo\registry\src\index.crates.io-1949cf8c6b5b557f\bevy_app-0.18.1\src\app.rs;272;3046;0.000003;1;3046;3046;3046;0.000000
asset loading{loader="bevy_shader::shader::ShaderLoader" asset="embedded://bevy_pbr\\render\\occlusion_culling.wgsl"};C:\Users\Antoi\.cargo\registry\src\index.crates.io-1949cf8c6b5b557f\bevy_asset-0.18.1\src\server\loaders.rs;332;62948;0.000068;2;31474;55;62893;44433.175916
plugin build{plugin="bevy_anti_alias::smaa::SmaaPlugin"};C:\Users\Antoi\.cargo\registry\src\index.crates.io-1949cf8c6b5b557f\bevy_app-0.18.1\src\app.rs;529;68397;0.000074;1;68397;68397;68397;0.000000
system{name="bevy_pbr::volumetric_fog::render::extract_volumetric_fog"};C:\Users\Antoi\.cargo\registry\src\index.crates.io-1949cf8c6b5b557f\bevy_ecs-0.18.1\src\system\function_system.rs;52;12978452;0.014028;18163;714;266;18914;383.695865
plugin cleanup{plugin="bevy_render::sync_component::SyncComponentPlugin<bevy_light::cluster::ClusteredDecal>"};C:\Users\Antoi\.cargo\registry\src\index.crates.io-1949cf8c6b5b557f\bevy_app-0.18.1\src\app.rs;292;57;0.000000;1;57;57;57;0.000000
plugin build{plugin="forgia_enemy_nameplate::ForgiaEnemyNameplatePlugin"};C:\Users\Antoi\.cargo\registry\src\index.crates.io-1949cf8c6b5b557f\bevy_app-0.18.1\src\app.rs;529;117449;0.000127;1;117449;117449;117449;0.000000
plugin cleanup{plugin="bevy_picking::input::PointerInputPlugin"};C:\Users\Antoi\.cargo\registry\src\index.crates.io-1949cf8c6b5b557f\bevy_app-0.18.1\src\app.rs;292;53;0.000000;1;53;53;53;0.000000
system{name="forgia_mode_roguelite::boss_portal::sys_reconcile_boss_gate"};C:\Users\Antoi\.cargo\registry\src\index.crates.io-1949cf8c6b5b557f\bevy_ecs-0.18.1\src\system\function_system.rs;52;24911421;0.026926;17308;1439;635;492696;5472.663996
Fonts::new;C:\Users\Antoi\.cargo\registry\src\index.crates.io-1949cf8c6b5b557f\egui-0.33.3\src\context.rs;578;97261;0.000105;1;97261;97261;97261;0.000000
plugin finish{plugin="bevy_pbr::material::MaterialPlugin<bevy_pbr::pbr_material::StandardMaterial>"};C:\Users\Antoi\.cargo\registry\src\index.crates.io-1949cf8c6b5b557f\bevy_app-0.18.1\src\app.rs;272;54;0.000000;1;54;54;54;0.000000
system{name="bevy_asset::assets::Assets<bevy_animation::AnimationClip>::track_assets"};C:\Users\Antoi\.cargo\registry\src\index.crates.io-1949cf8c6b5b557f\bevy_ecs-0.18.1\src\system\function_system.rs;52;22202246;0.023997;18163;1222;193;173356;7023.229928
system{name="forgia_stage::layout_sensor::write_layout_sensor"};C:\Users\Antoi\.cargo\registry\src\index.crates.io-1949cf8c6b5b557f\bevy_ecs-0.18.1\src\system\function_system.rs;52;11315684;0.012231;18163;623;166;13375;422.557975
system{name="forgia_rpg_data::quests::advance_quests"};C:\Users\Antoi\.cargo\registry\src\index.crates.io-1949cf8c6b5b557f\bevy_ecs-0.18.1\src\system\function_system.rs;52;3909172;0.004225;18163;215;76;8983;119.463632
plugin build{plugin="forgia_audio::ForgiaAudioCorePlugin"};C:\Users\Antoi\.cargo\registry\src\index.crates.io-1949cf8c6b5b557f\bevy_app-0.18.1\src\app.rs;529;9860135;0.010657;1;9860135;9860135;9860135;0.000000
system{name="bevy_ui_render::pipeline::init_ui_pipeline"};C:\Users\Antoi\.cargo\registry\src\index.crates.io-1949cf8c6b5b557f\bevy_ecs-0.18.1\src\system\function_system.rs;52;14667;0.000016;1;14667;14667;14667;0.000000
system{name="bevy_render::batching::gpu_preprocessing::collect_buffers_for_phase<bevy_core_pipeline::core_3d::Transparent3d, bevy_pbr::render::mesh::MeshPipeline>"};C:\Users\Antoi\.cargo\registry\src\index.crates.io-1949cf8c6b5b557f\bevy_ecs-0.18.1\src\system\function_system.rs;52;15563721;0.016822;18162;856;331;78163;842.434080
system{name="bevy_render::batching::sort_binned_render_phase<bevy_core_pipeline::core_3d::AlphaMask3d>"};C:\Users\Antoi\.cargo\registry\src\index.crates.io-1949cf8c6b5b557f\bevy_ecs-0.18.1\src\system\function_system.rs;52;7231158;0.007816;18162;398;178;89105;683.152771
plugin cleanup{plugin="forgia_mode_roguelite::ftue::FtuePlugin"};C:\Users\Antoi\.cargo\registry\src\index.crates.io-1949cf8c6b5b557f\bevy_app-0.18.1\src\app.rs;292;54;0.000000;1;54;54;54;0.000000
asset loading{loader="bevy_image::image_loader::ImageLoader" asset="ui/menu_video/frame_0119.webp"};C:\Users\Antoi\.cargo\registry\src\index.crates.io-1949cf8c6b5b557f\bevy_asset-0.18.1\src\server\loaders.rs;332;14238461;0.015390;7;2034065;110;14205910;5367280.816861
asset loading{loader="bevy_image::image_loader::ImageLoader" asset="ui/menu_video/frame_0022.webp"};C:\Users\Antoi\.cargo\registry\src\index.crates.io-1949cf8c6b5b557f\bevy_asset-0.18.1\src\server\loaders.rs;332;14149631;0.015294;7;2021375;84;14109081;5330179.117440
plugin finish{plugin="forgia_mode_roguelite::identity::IdentityPlugin"};C:\Users\Antoi\.cargo\registry\src\index.crates.io-1949cf8c6b5b557f\bevy_app-0.18.1\src\app.rs;272;53;0.000000;1;53;53;53;0.000000
plugin build{plugin="forgia_rpg_data::loot_tables::ForgiaLootTablesPlugin"};C:\Users\Antoi\.cargo\registry\src\index.crates.io-1949cf8c6b5b557f\bevy_app-0.18.1\src\app.rs;529;10204;0.000011;1;10204;10204;10204;0.000000
system{name="forgia_ai_arena_bot::tactical::bot_separation"};C:\Users\Antoi\.cargo\registry\src\index.crates.io-1949cf8c6b5b557f\bevy_ecs-0.18.1\src\system\function_system.rs;52;17052834;0.018432;18163;938;295;21190;357.744146
system_commands{name="bevy_render::extract_component::extract_components<bevy_core_pipeline::tonemapping::DebandDither>"};C:\Users\Antoi\.cargo\registry\src\index.crates.io-1949cf8c6b5b557f\bevy_ecs-0.18.1\src\system\function_system.rs;54;27261220;0.029465;18162;1501;647;83295;857.516939
plugin build{plugin="forgia_mode_roguelite::merchant::MerchantPlugin"};C:\Users\Antoi\.cargo\registry\src\index.crates.io-1949cf8c6b5b557f\bevy_app-0.18.1\src\app.rs;529;433336;0.000468;1;433336;433336;433336;0.000000
system{name="leafwing_input_manager::systems::tick_action_state<forgia_input::PlayerAction>"};C:\Users\Antoi\.cargo\registry\src\index.crates.io-1949cf8c6b5b557f\bevy_ecs-0.18.1\src\system\function_system.rs;52;18550785;0.020051;23897;776;60;16866;340.810719
system{name="bevy_render::batching::gpu_preprocessing::write_indirect_parameters_buffers"};C:\Users\Antoi\.cargo\registry\src\index.crates.io-1949cf8c6b5b557f\bevy_ecs-0.18.1\src\system\function_system.rs;52;1789094903;1.933751;18162;98507;34541;32806170;491019.676836
plugin build{plugin="forgia_audio::biome::ForgiaAudioBiomePlugin"};C:\Users\Antoi\.cargo\registry\src\index.crates.io-1949cf8c6b5b557f\bevy_app-0.18.1\src\app.rs;529;24840;0.000027;1;24840;24840;24840;0.000000
system_commands{name="forgia_ui::weapon_preview::sys_despawn_previews"};C:\Users\Antoi\.cargo\registry\src\index.crates.io-1949cf8c6b5b557f\bevy_ecs-0.18.1\src\system\function_system.rs;54;1002930;0.001084;1;1002930;1002930;1002930;0.000000
system{name="bevy_asset::assets::Assets<bevy_sprite_render::mesh2d::color_material::ColorMaterial>::asset_events_condition"};C:\Users\Antoi\.cargo\registry\src\index.crates.io-1949cf8c6b5b557f\bevy_ecs-0.18.1\src\system\function_system.rs;52;2418307;0.002614;18163;133;56;14323;125.645687
asset loading{loader="bevy_gltf::loader::GltfLoader" asset="models/environment/inferno/RockMid_001.glb"};C:\Users\Antoi\.cargo\registry\src\index.crates.io-1949cf8c6b5b557f\bevy_asset-0.18.1\src\server\loaders.rs;332;5647604;0.006104;4;1411901;123;5639074;2818117.845143
system{name="bevy_asset::assets::Assets<forgia_genome_core::Genome<forgia_ui_lib::hud_ammo::tuning::AmmoHudTuning>>::asset_events_condition"};C:\Users\Antoi\.cargo\registry\src\index.crates.io-1949cf8c6b5b557f\bevy_ecs-0.18.1\src\system\function_system.rs;52;1900246;0.002054;18163;104;53;28259;218.250025
plugin finish{plugin="bevy_anti_alias::contrast_adaptive_sharpening::CasPlugin"};C:\Users\Antoi\.cargo\registry\src\index.crates.io-1949cf8c6b5b557f\bevy_app-0.18.1\src\app.rs;272;55;0.000000;1;55;55;55;0.000000
asset loading{loader="bevy_image::image_loader::ImageLoader" asset="ui/menu_video/frame_0118.webp"};C:\Users\Antoi\.cargo\registry\src\index.crates.io-1949cf8c6b5b557f\bevy_asset-0.18.1\src\server\loaders.rs;332;14578865;0.015758;8;1822358;150;14535199;5136766.691210
plugin cleanup{plugin="bevy_post_process::msaa_writeback::MsaaWritebackPlugin"};C:\Users\Antoi\.cargo\registry\src\index.crates.io-1949cf8c6b5b557f\bevy_app-0.18.1\src\app.rs;292;55;0.000000;1;55;55;55;0.000000
plugin build{plugin="bevy_post_process::PostProcessPlugin"};C:\Users\Antoi\.cargo\registry\src\index.crates.io-1949cf8c6b5b557f\bevy_app-0.18.1\src\app.rs;529;389106;0.000421;1;389106;389106;389106;0.000000
node{name="bevy_render::render_graph::node::ViewNodeRunner<bevy_core_pipeline::prepass::node::EarlyPrepassNode>"};C:\Users\Antoi\.cargo\registry\src\index.crates.io-1949cf8c6b5b557f\bevy_render-0.18.1\src\renderer\graph_runner.rs;240;14866208;0.016068;36324;409;63;55080;402.680255
asset loading{loader="bevy_image::image_loader::ImageLoader" asset="ui/menu_video/frame_0126.webp"};C:\Users\Antoi\.cargo\registry\src\index.crates.io-1949cf8c6b5b557f\bevy_asset-0.18.1\src\server\loaders.rs;332;14592665;0.015773;7;2084666;156;14559388;5500837.603176
asset loading{loader="bevy_shader::shader::ShaderLoader" asset="embedded://bevy_pbr\\atmosphere\\aerial_view_lut.wgsl"};C:\Users\Antoi\.cargo\registry\src\index.crates.io-1949cf8c6b5b557f\bevy_asset-0.18.1\src\server\loaders.rs;332;133146;0.000144;2;66573;64;133082;94057.929820
system_commands{name="forgia_viewmodel::attach::update_viewmodel_on_switch"};C:\Users\Antoi\.cargo\registry\src\index.crates.io-1949cf8c6b5b557f\bevy_ecs-0.18.1\src\system\function_system.rs;54;1334214;0.001442;17308;77;50;24974;201.021894
plugin cleanup{plugin="forgia_game::cyber_city::CyberCityDemoPlugin"};C:\Users\Antoi\.cargo\registry\src\index.crates.io-1949cf8c6b5b557f\bevy_app-0.18.1\src\app.rs;292;58;0.000000;1;58;58;58;0.000000
plugin build{plugin="bevy_pbr::deferred::DeferredPbrLightingPlugin"};C:\Users\Antoi\.cargo\registry\src\index.crates.io-1949cf8c6b5b557f\bevy_app-0.18.1\src\app.rs;529;51266;0.000055;1;51266;51266;51266;0.000000
plugin finish{plugin="bevy_render::sync_component::SyncComponentPlugin<bevy_post_process::bloom::settings::Bloom>"};C:\Users\Antoi\.cargo\registry\src\index.crates.io-1949cf8c6b5b557f\bevy_app-0.18.1\src\app.rs;272;57;0.000000;1;57;57;57;0.000000
system{name="bevy_render::render_asset::prepare_assets<bevy_render::mesh::RenderMesh>"};C:\Users\Antoi\.cargo\registry\src\index.crates.io-1949cf8c6b5b557f\bevy_ecs-0.18.1\src\system\function_system.rs;52;11549405;0.012483;18162;635;202;1506252;11336.674510
function_scope{<egui::plugin::CallbackPlugin as egui::plugin::Plugin>::on_begin_pass};C:\Users\Antoi\.cargo\registry\src\index.crates.io-1949cf8c6b5b557f\egui-0.33.3\src\plugin.rs;231;8139190;0.008797;18163;448;76;71784;870.989249
plugin finish{plugin="bevy_gltf::GltfPlugin"};C:\Users\Antoi\.cargo\registry\src\index.crates.io-1949cf8c6b5b557f\bevy_app-0.18.1\src\app.rs;272;17779;0.000019;1;17779;17779;17779;0.000000
plugin build{plugin="forgia_mode_roguelite::boucherie_rocket::BoucherieRocketPlugin"};C:\Users\Antoi\.cargo\registry\src\index.crates.io-1949cf8c6b5b557f\bevy_app-0.18.1\src\app.rs;529;23631;0.000026;1;23631;23631;23631;0.000000
system{name="bevy_sprite_render::mesh2d::material::extract_mesh_materials_2d<bevy_sprite_render::tilemap_chunk::tilemap_chunk_material::TilemapChunkMaterial>"};C:\Users\Antoi\.cargo\registry\src\index.crates.io-1949cf8c6b5b557f\bevy_ecs-0.18.1\src\system\function_system.rs;52;14254365;0.015407;18163;784;158;242477;1868.240992
system_commands{name="forgia_viewmodel::attach::auto_scale_viewmodel"};C:\Users\Antoi\.cargo\registry\src\index.crates.io-1949cf8c6b5b557f\bevy_ecs-0.18.1\src\system\function_system.rs;54;1601093;0.001731;17308;92;50;50055;476.905628
system{name="bevy_core_pipeline::core_2d::extract_core_2d_camera_phases"};C:\Users\Antoi\.cargo\registry\src\index.crates.io-1949cf8c6b5b557f\bevy_ecs-0.18.1\src\system\function_system.rs;52;22400522;0.024212;18163;1233;580;93481;879.306085
system{name="bevy_ui_render::box_shadow::init_box_shadow_pipeline"};C:\Users\Antoi\.cargo\registry\src\index.crates.io-1949cf8c6b5b557f\bevy_ecs-0.18.1\src\system\function_system.rs;52;31637;0.000034;1;31637;31637;31637;0.000000
system{name="bevy_anti_alias::contrast_adaptive_sharpening::prepare_cas_pipelines"};C:\Users\Antoi\.cargo\registry\src\index.crates.io-1949cf8c6b5b557f\bevy_ecs-0.18.1\src\system\function_system.rs;52;13856464;0.014977;18162;762;277;83631;883.241984
system{name="forgia_mode_roguelite::coffre_sensor::sys_reset_coffre_sensor_on_run_start"};C:\Users\Antoi\.cargo\registry\src\index.crates.io-1949cf8c6b5b557f\bevy_ecs-0.18.1\src\system\function_system.rs;52;227;0.000000;1;227;227;227;0.000000
system{name="forgia_ui::release_cursor"};C:\Users\Antoi\.cargo\registry\src\index.crates.io-1949cf8c6b5b557f\bevy_ecs-0.18.1\src\system\function_system.rs;52;3194973;0.003453;4;798743;63690;2513793;1154588.828775
system{name="bevy_hanabi::render::on_remove_cached_effect"};C:\Users\Antoi\.cargo\registry\src\index.crates.io-1949cf8c6b5b557f\bevy_ecs-0.18.1\src\system\function_system.rs;52;8835;0.000010;4;2208;190;7984;3851.256289
system{name="forgia_juice_lib::camera_shake::consume_impulses"};C:\Users\Antoi\.cargo\registry\src\index.crates.io-1949cf8c6b5b557f\bevy_ecs-0.18.1\src\system\function_system.rs;52;9542714;0.010314;18163;525;156;139743;1236.140799
system{name="bevy_egui::input::WindowToEguiContextMap::on_egui_context_removed_system"};C:\Users\Antoi\.cargo\registry\src\index.crates.io-1949cf8c6b5b557f\bevy_ecs-0.18.1\src\system\function_system.rs;52;4915017;0.005312;18163;270;102;82829;620.749033
plugin build{plugin="bevy_core_pipeline::deferred::copy_lighting_id::CopyDeferredLightingIdPlugin"};C:\Users\Antoi\.cargo\registry\src\index.crates.io-1949cf8c6b5b557f\bevy_app-0.18.1\src\app.rs;529;10738;0.000012;1;10738;10738;10738;0.000000
system{name="forgia_qa_core::plugin::install_record_sink"};C:\Users\Antoi\.cargo\registry\src\index.crates.io-1949cf8c6b5b557f\bevy_ecs-0.18.1\src\system\function_system.rs;52;1940200;0.002097;1;1940200;1940200;1940200;0.000000
asset loading{loader="bevy_shader::shader::ShaderLoader" asset="embedded://bevy_core_pipeline\\tonemapping\\lut_bindings.wgsl"};C:\Users\Antoi\.cargo\registry\src\index.crates.io-1949cf8c6b5b557f\bevy_asset-0.18.1\src\server\loaders.rs;332;38736;0.000042;2;19368;56;38680;27311.292317
plugin build{plugin="forgia_effects::pipeline_ready::PipelinesReadyPlugin"};C:\Users\Antoi\.cargo\registry\src\index.crates.io-1949cf8c6b5b557f\bevy_app-0.18.1\src\app.rs;529;28791;0.000031;1;28791;28791;28791;0.000000
system_commands{name="bevy_rapier3d::plugin::plugin::setup_rapier_configuration"};C:\Users\Antoi\.cargo\registry\src\index.crates.io-1949cf8c6b5b557f\bevy_ecs-0.18.1\src\system\function_system.rs;54;454510;0.000491;5735;79;51;531;16.033227
plugin build{plugin="bevy_render::extract_component::ExtractComponentPlugin<bevy_anti_alias::fxaa::Fxaa>"};C:\Users\Antoi\.cargo\registry\src\index.crates.io-1949cf8c6b5b557f\bevy_app-0.18.1\src\app.rs;529;37954;0.000041;1;37954;37954;37954;0.000000
system_commands{name="bevy_ui::update::propagate_ui_target_cameras"};C:\Users\Antoi\.cargo\registry\src\index.crates.io-1949cf8c6b5b557f\bevy_ecs-0.18.1\src\system\function_system.rs;54;2191454;0.002369;18163;120;53;80483;603.098431
system{name="bevy_app::propagate::update_source<bevy_ui::ui_node::ComputedUiTargetCamera, (), bevy_ecs::hierarchy::ChildOf>"};C:\Users\Antoi\.cargo\registry\src\index.crates.io-1949cf8c6b5b557f\bevy_ecs-0.18.1\src\system\function_system.rs;52;10982219;0.011870;18163;604;156;73184;618.700568
system_commands{name="bevy_pbr::prepass::extract_camera_previous_view_data"};C:\Users\Antoi\.cargo\registry\src\index.crates.io-1949cf8c6b5b557f\bevy_ecs-0.18.1\src\system\function_system.rs;54;19941725;0.021554;18162;1097;61;100735;1054.736765
asset loading{loader="bevy_shader::shader::ShaderLoader" asset="embedded://bevy_pbr\\render/pbr.wgsl"};C:\Users\Antoi\.cargo\registry\src\index.crates.io-1949cf8c6b5b557f\bevy_asset-0.18.1\src\server\loaders.rs;332;224770;0.000243;2;112385;109;224661;158782.241929
plugin finish{plugin="forgia_mode_fps_arena::ForgiaModeFpsArenaPlugin"};C:\Users\Antoi\.cargo\registry\src\index.crates.io-1949cf8c6b5b557f\bevy_app-0.18.1\src\app.rs;272;54;0.000000;1;54;54;54;0.000000
system_commands{name="bevy_render::render_asset::extract_render_asset<bevy_sprite_render::mesh2d::material::PreparedMaterial2d<bevy_sprite_render::tilemap_chunk::tilemap_chunk_material::TilemapChunkMaterial>>"};C:\Users\Antoi\.cargo\registry\src\index.crates.io-1949cf8c6b5b557f\bevy_ecs-0.18.1\src\system\function_system.rs;54;18885997;0.020413;18162;1039;442;93434;974.062416
system{name="bevy_ui_render::extract_ui_camera_view"};C:\Users\Antoi\.cargo\registry\src\index.crates.io-1949cf8c6b5b557f\bevy_ecs-0.18.1\src\system\function_system.rs;52;26165448;0.028281;18163;1440;692;15548;579.452319
system_commands{name="forgia_viewmodel::attach::ensure_camera_shake_component"};C:\Users\Antoi\.cargo\registry\src\index.crates.io-1949cf8c6b5b557f\bevy_ecs-0.18.1\src\system\function_system.rs;54;1927892;0.002084;17308;111;50;350027;2705.357566
system{name="forgia_mode_roguelite::hud::draw_wave_counter"};C:\Users\Antoi\.cargo\registry\src\index.crates.io-1949cf8c6b5b557f\bevy_ecs-0.18.1\src\system\function_system.rs;52;124345264;0.134399;17217;7222;71;206829;4227.557427
system{name="bevy_gizmos_render::init_line_gizmo_uniform_bind_group_layout"};C:\Users\Antoi\.cargo\registry\src\index.crates.io-1949cf8c6b5b557f\bevy_ecs-0.18.1\src\system\function_system.rs;52;3881;0.000004;1;3881;3881;3881;0.000000
plugin cleanup{plugin="bevy_diagnostic::frame_count_diagnostics_plugin::FrameCountPlugin"};C:\Users\Antoi\.cargo\registry\src\index.crates.io-1949cf8c6b5b557f\bevy_app-0.18.1\src\app.rs;292;55;0.000000;1;55;55;55;0.000000
system{name="forgia_mode_roguelite::elements::sys_enforce_always_on"};C:\Users\Antoi\.cargo\registry\src\index.crates.io-1949cf8c6b5b557f\bevy_ecs-0.18.1\src\system\function_system.rs;52;4271810;0.004617;17308;246;89;15727;163.926951
system_commands{name="bevy_ui_render::extract_uinode_background_colors"};C:\Users\Antoi\.cargo\registry\src\index.crates.io-1949cf8c6b5b557f\bevy_ecs-0.18.1\src\system\function_system.rs;54;1760401;0.001903;18162;96;50;3517;42.841359
system{name="bevy_app::propagate::on_r_removed<bevy_ui::ui_node::ComputedUiTargetCamera, (), bevy_ecs::hierarchy::ChildOf>"};C:\Users\Antoi\.cargo\registry\src\index.crates.io-1949cf8c6b5b557f\bevy_ecs-0.18.1\src\system\function_system.rs;52;56612;0.000061;609;92;55;3961;267.950610
system{name="forgia_effects::pipeline_ready::extract_pipelines_ready"};C:\Users\Antoi\.cargo\registry\src\index.crates.io-1949cf8c6b5b557f\bevy_ecs-0.18.1\src\system\function_system.rs;52;9829928;0.010625;18162;541;245;70978;552.630534
system{name="forgia_mode_roguelite::enemy_scaling::sys_reset_enemy_scaling"};C:\Users\Antoi\.cargo\registry\src\index.crates.io-1949cf8c6b5b557f\bevy_ecs-0.18.1\src\system\function_system.rs;52;212;0.000000;1;212;212;212;0.000000
system{name="bevy_pbr::prepass::prepare_previous_view_uniforms"};C:\Users\Antoi\.cargo\registry\src\index.crates.io-1949cf8c6b5b557f\bevy_ecs-0.18.1\src\system\function_system.rs;52;210185294;0.227180;18162;11572;2018;220621;11329.408964
system{name="bevy_render::extract_component::prepare_uniform_components<bevy_pbr::atmosphere::GpuAtmosphereSettings>"};C:\Users\Antoi\.cargo\registry\src\index.crates.io-1949cf8c6b5b557f\bevy_ecs-0.18.1\src\system\function_system.rs;52;6611571;0.007146;18162;364;134;51605;465.995911
system{name="forgia_ai_arena_bot::tactical::bot_perception_alert"};C:\Users\Antoi\.cargo\registry\src\index.crates.io-1949cf8c6b5b557f\bevy_ecs-0.18.1\src\system\function_system.rs;52;10481465;0.011329;18163;577;201;103500;881.761754
plugin build{plugin="forgia_fps::score::ArenaScorePlugin"};C:\Users\Antoi\.cargo\registry\src\index.crates.io-1949cf8c6b5b557f\bevy_app-0.18.1\src\app.rs;529;18302;0.000020;1;18302;18302;18302;0.000000
plugin build{plugin="forgia_juice_lib::knockback::ForgiaJuiceKnockbackPlugin"};C:\Users\Antoi\.cargo\registry\src\index.crates.io-1949cf8c6b5b557f\bevy_app-0.18.1\src\app.rs;529;49560;0.000054;1;49560;49560;49560;0.000000
system{name="bevy_post_process::dof::prepare_depth_of_field_global_bind_group"};C:\Users\Antoi\.cargo\registry\src\index.crates.io-1949cf8c6b5b557f\bevy_ecs-0.18.1\src\system\function_system.rs;52;3608250;0.003900;18162;198;80;164297;1222.708529
plugin cleanup{plugin="bevy_render::extract_component::ExtractComponentPlugin<bevy_anti_alias::fxaa::Fxaa>"};C:\Users\Antoi\.cargo\registry\src\index.crates.io-1949cf8c6b5b557f\bevy_app-0.18.1\src\app.rs;292;69;0.000000;1;69;69;69;0.000000
system{name="bevy_gizmos::end_gizmo_context<bevy_gizmos::config::DefaultGizmoConfigGroup, bevy_time::fixed::Fixed>"};C:\Users\Antoi\.cargo\registry\src\index.crates.io-1949cf8c6b5b557f\bevy_ecs-0.18.1\src\system\function_system.rs;52;1947539;0.002105;18163;107;61;58944;549.332626
system{name="forgia_assets::preload_assets"};C:\Users\Antoi\.cargo\registry\src\index.crates.io-1949cf8c6b5b557f\bevy_ecs-0.18.1\src\system\function_system.rs;52;354531;0.000383;1;354531;354531;354531;0.000000
system_commands{name="forgia_enemy_nameplate::tick_lifetime_and_despawn"};C:\Users\Antoi\.cargo\registry\src\index.crates.io-1949cf8c6b5b557f\bevy_ecs-0.18.1\src\system\function_system.rs;54;2426149;0.002622;18163;133;61;35108;292.888819
system{name="bevy_water::water::update_materials"};C:\Users\Antoi\.cargo\registry\src\index.crates.io-1949cf8c6b5b557f\bevy_ecs-0.18.1\src\system\function_system.rs;52;6337;0.000007;1;6337;6337;6337;0.000000
system{name="bevy_egui::update_ui_size_and_scale_system"};C:\Users\Antoi\.cargo\registry\src\index.crates.io-1949cf8c6b5b557f\bevy_ecs-0.18.1\src\system\function_system.rs;52;15869621;0.017153;18164;873;420;86835;743.006507
system{name="bevy_pbr::light_probe::gather_environment_map_uniform"};C:\Users\Antoi\.cargo\registry\src\index.crates.io-1949cf8c6b5b557f\bevy_ecs-0.18.1\src\system\function_system.rs;52;14520841;0.015695;18163;799;247;13110;345.905218
system{name="bevy_asset::assets::Assets<bevy_animation::AnimationClip>::asset_events_condition"};C:\Users\Antoi\.cargo\registry\src\index.crates.io-1949cf8c6b5b557f\bevy_ecs-0.18.1\src\system\function_system.rs;52;2081408;0.002250;18163;114;54;11256;115.940552
system{name="forgia_observability::lag_events_sensor::sys_write_lag_events_sensor"};C:\Users\Antoi\.cargo\registry\src\index.crates.io-1949cf8c6b5b557f\bevy_ecs-0.18.1\src\system\function_system.rs;52;6966593;0.007530;18163;383;102;148660;1358.419166
plugin finish{plugin="bevy_sprite_render::mesh2d::material::Material2dPlugin<bevy_sprite_render::mesh2d::color_material::ColorMaterial>"};C:\Users\Antoi\.cargo\registry\src\index.crates.io-1949cf8c6b5b557f\bevy_app-0.18.1\src\app.rs;272;96;0.000000;1;96;96;96;0.000000
system{name="forgia_mode_roguelite::boucherie_rocket::sys_count_kills"};C:\Users\Antoi\.cargo\registry\src\index.crates.io-1949cf8c6b5b557f\bevy_ecs-0.18.1\src\system\function_system.rs;52;3230396;0.003492;17308;186;76;80059;682.079161
system{name="bevy_asset::assets::Assets<bevy_pbr::extended_material::ExtendedMaterial<bevy_pbr::pbr_material::StandardMaterial, bevy_water::water::material::WaterMaterial>>::asset_events"};C:\Users\Antoi\.cargo\registry\src\index.crates.io-1949cf8c6b5b557f\bevy_ecs-0.18.1\src\system\function_system.rs;52;18349185;0.019833;18163;1010;505;118617;993.243766
plugin cleanup{plugin="forgia_skeleton_template::SkeletonTemplatePlugin"};C:\Users\Antoi\.cargo\registry\src\index.crates.io-1949cf8c6b5b557f\bevy_app-0.18.1\src\app.rs;292;55;0.000000;1;55;55;55;0.000000
system{name="forgia_observability::rpg_player_sensor::sys_write_rpg_player_sensor"};C:\Users\Antoi\.cargo\registry\src\index.crates.io-1949cf8c6b5b557f\bevy_ecs-0.18.1\src\system\function_system.rs;52;7558414;0.008170;18163;416;143;54723;605.671976
plugin cleanup{plugin="bevy_pbr::decal::clustered::ClusteredDecalPlugin"};C:\Users\Antoi\.cargo\registry\src\index.crates.io-1949cf8c6b5b557f\bevy_app-0.18.1\src\app.rs;292;55;0.000000;1;55;55;55;0.000000
asset loading{loader="bevy_image::image_loader::ImageLoader" asset="ui/menu_video/frame_0040.webp"};C:\Users\Antoi\.cargo\registry\src\index.crates.io-1949cf8c6b5b557f\bevy_asset-0.18.1\src\server\loaders.rs;332;16827112;0.018188;7;2403873;67;16765485;6332884.573282
asset loading{loader="bevy_image::image_loader::ImageLoader" asset="ui/menu_video/frame_0029.webp"};C:\Users\Antoi\.cargo\registry\src\index.crates.io-1949cf8c6b5b557f\bevy_asset-0.18.1\src\server\loaders.rs;332;15310181;0.016548;7;2187168;81;15275795;5771543.463102
plugin build{plugin="forgia_mode_roguelite::hud::RogueliteHudPlugin"};C:\Users\Antoi\.cargo\registry\src\index.crates.io-1949cf8c6b5b557f\bevy_app-0.18.1\src\app.rs;529;54470;0.000059;1;54470;54470;54470;0.000000
system{name="bevy_water::water::sync_wave_direction_settings"};C:\Users\Antoi\.cargo\registry\src\index.crates.io-1949cf8c6b5b557f\bevy_ecs-0.18.1\src\system\function_system.rs;52;9525;0.000010;1;9525;9525;9525;0.000000
asset loading{loader="bevy_image::image_loader::ImageLoader" asset="ui/menu_video/frame_0125.webp"};C:\Users\Antoi\.cargo\registry\src\index.crates.io-1949cf8c6b5b557f\bevy_asset-0.18.1\src\server\loaders.rs;332;14660132;0.015845;7;2094304;107;14622009;5524200.781166
plugin finish{plugin="forgia_ui_lib::dialogue::ForgiaUiDialoguePlugin"};C:\Users\Antoi\.cargo\registry\src\index.crates.io-1949cf8c6b5b557f\bevy_app-0.18.1\src\app.rs;272;54;0.000000;1;54;54;54;0.000000
asset loading{loader="bevy_image::image_loader::ImageLoader" asset="ui/menu_video/frame_0114.webp"};C:\Users\Antoi\.cargo\registry\src\index.crates.io-1949cf8c6b5b557f\bevy_asset-0.18.1\src\server\loaders.rs;332;14152260;0.015297;7;2021751;168;14113636;5332022.720469
system_commands{name="forgia_mode_roguelite::boucherie_rocket::sys_fly_rockets"};C:\Users\Antoi\.cargo\registry\src\index.crates.io-1949cf8c6b5b557f\bevy_ecs-0.18.1\src\system\function_system.rs;54;1782818;0.001927;17308;103;51;87615;699.204022
system_commands{name="forgia_mode_roguelite::loot_room::sys_portal_walkover"};C:\Users\Antoi\.cargo\registry\src\index.crates.io-1949cf8c6b5b557f\bevy_ecs-0.18.1\src\system\function_system.rs;54;1524851;0.001648;17308;88;51;9891;76.780874
plugin cleanup{plugin="bevy_rapier3d::plugin::plugin::RapierPhysicsPlugin"};C:\Users\Antoi\.cargo\registry\src\index.crates.io-1949cf8c6b5b557f\bevy_app-0.18.1\src\app.rs;292;152;0.000000;1;152;152;152;0.000000
system{name="bevy_ui::widget::viewport::viewport_picking"};C:\Users\Antoi\.cargo\registry\src\index.crates.io-1949cf8c6b5b557f\bevy_ecs-0.18.1\src\system\function_system.rs;52;31448550;0.033991;18163;1731;614;2565125;19037.292053
system_commands{name="bevy_sprite_render::mesh2d::mesh::prepare_mesh2d_view_bind_groups"};C:\Users\Antoi\.cargo\registry\src\index.crates.io-1949cf8c6b5b557f\bevy_ecs-0.18.1\src\system\function_system.rs;54;84876523;0.091739;18162;4673;2159;137470;1939.226699
plugin finish{plugin="bevy_render::render_phase::SortedRenderPhasePlugin<bevy_core_pipeline::core_3d::Transparent3d, bevy_pbr::render::mesh::MeshPipeline>"};C:\Users\Antoi\.cargo\registry\src\index.crates.io-1949cf8c6b5b557f\bevy_app-0.18.1\src\app.rs;272;165;0.000000;1;165;165;165;0.000000
system_commands{name="bevy_ui_render::gradient::init_gradient_pipeline"};C:\Users\Antoi\.cargo\registry\src\index.crates.io-1949cf8c6b5b557f\bevy_ecs-0.18.1\src\system\function_system.rs;54;686;0.000001;1;686;686;686;0.000000
plugin cleanup{plugin="forgia_mode_roguelite::head_hitbox::RogueliteHeadHitboxPlugin"};C:\Users\Antoi\.cargo\registry\src\index.crates.io-1949cf8c6b5b557f\bevy_app-0.18.1\src\app.rs;292;55;0.000000;1;55;55;55;0.000000
plugin build{plugin="bevy_hanabi::plugin::HanabiPlugin"};C:\Users\Antoi\.cargo\registry\src\index.crates.io-1949cf8c6b5b557f\bevy_app-0.18.1\src\app.rs;529;220973;0.000239;1;220973;220973;220973;0.000000
asset loading{loader="bevy_shader::shader::ShaderLoader" asset="embedded://bevy_pbr\\render\\mesh.wgsl"};C:\Users\Antoi\.cargo\registry\src\index.crates.io-1949cf8c6b5b557f\bevy_asset-0.18.1\src\server\loaders.rs;332;194804;0.000211;2;97402;135;194669;137556.310571
system{name="bevy_hanabi::render::property::prepare_property_buffers"};C:\Users\Antoi\.cargo\registry\src\index.crates.io-1949cf8c6b5b557f\bevy_ecs-0.18.1\src\system\function_system.rs;52;5085153;0.005496;18162;279;106;43560;470.353915
system_commands{name="bevy_render::extract_component::prepare_uniform_components<bevy_core_pipeline::skybox::SkyboxUniforms>"};C:\Users\Antoi\.cargo\registry\src\index.crates.io-1949cf8c6b5b557f\bevy_ecs-0.18.1\src\system\function_system.rs;54;21746985;0.023505;18162;1197;494;156213;1337.574151
system_commands{name="bevy_sprite_render::texture_slice::computed_slices::compute_slices_on_sprite_change"};C:\Users\Antoi\.cargo\registry\src\index.crates.io-1949cf8c6b5b557f\bevy_ecs-0.18.1\src\system\function_system.rs;54;8110601;0.008766;18163;446;52;82626;874.505935
system{name="forgia_enemy_nameplate::update_defense_bars"};C:\Users\Antoi\.cargo\registry\src\index.crates.io-1949cf8c6b5b557f\bevy_ecs-0.18.1\src\system\function_system.rs;52;25523706;0.027587;18163;1405;204;84140;1184.602187
cast_ray;C:\Users\Antoi\.cargo\registry\src\index.crates.io-1949cf8c6b5b557f\rapier3d-0.31.0\src\pipeline\query_pipeline.rs;215;56229340;0.060776;40175;1399;199;446466;3756.668779
system_commands{name="bevy_sprite::text2d::calculate_bounds_text2d"};C:\Users\Antoi\.cargo\registry\src\index.crates.io-1949cf8c6b5b557f\bevy_ecs-0.18.1\src\system\function_system.rs;54;1450441;0.001568;18163;79;50;68352;735.379928
system{name="bevy_animation::transition::advance_transitions"};C:\Users\Antoi\.cargo\registry\src\index.crates.io-1949cf8c6b5b557f\bevy_ecs-0.18.1\src\system\function_system.rs;52;8331774;0.009005;18163;458;95;91852;759.557748
plugin finish{plugin="bevy_render::sync_component::SyncComponentPlugin<bevy_post_process::motion_blur::MotionBlur>"};C:\Users\Antoi\.cargo\registry\src\index.crates.io-1949cf8c6b5b557f\bevy_app-0.18.1\src\app.rs;272;62;0.000000;1;62;62;62;0.000000
plugin finish{plugin="forgia_mode_roguelite::weapon_select::WeaponSelectPlugin"};C:\Users\Antoi\.cargo\registry\src\index.crates.io-1949cf8c6b5b557f\bevy_app-0.18.1\src\app.rs;272;56;0.000000;1;56;56;56;0.000000
plugin finish{plugin="bevy_render::sync_component::SyncComponentPlugin<bevy_pbr::ssao::ScreenSpaceAmbientOcclusion>"};C:\Users\Antoi\.cargo\registry\src\index.crates.io-1949cf8c6b5b557f\bevy_app-0.18.1\src\app.rs;272;127;0.000000;1;127;127;127;0.000000
plugin cleanup{plugin="bevy_diagnostic::frame_time_diagnostics_plugin::FrameTimeDiagnosticsPlugin"};C:\Users\Antoi\.cargo\registry\src\index.crates.io-1949cf8c6b5b557f\bevy_app-0.18.1\src\app.rs;292;114;0.000000;1;114;114;114;0.000000
system_commands{name="bevy_ui_render::ui_texture_slice_pipeline::extract_ui_texture_slices"};C:\Users\Antoi\.cargo\registry\src\index.crates.io-1949cf8c6b5b557f\bevy_ecs-0.18.1\src\system\function_system.rs;54;2073467;0.002241;18162;114;50;587;30.011755
system{name="bevy_core_pipeline::oit::prepare_oit_buffers"};C:\Users\Antoi\.cargo\registry\src\index.crates.io-1949cf8c6b5b557f\bevy_ecs-0.18.1\src\system\function_system.rs;52;18198185;0.019670;18162;1001;378;206312;1969.022300
system{name="bevy_render::camera::camera_system"};C:\Users\Antoi\.cargo\registry\src\index.crates.io-1949cf8c6b5b557f\bevy_ecs-0.18.1\src\system\function_system.rs;52;59165443;0.063949;18164;3257;1030;90529;1791.639459
system{name="bevy_sprite_render::mesh2d::material::specialize_material2d_meshes<bevy_sprite_render::mesh2d::color_material::ColorMaterial>"};C:\Users\Antoi\.cargo\registry\src\index.crates.io-1949cf8c6b5b557f\bevy_ecs-0.18.1\src\system\function_system.rs;52;8168685;0.008829;18162;449;131;13012;232.953568
system_commands{name="bevy_gilrs::gilrs_system::gilrs_event_startup_system"};C:\Users\Antoi\.cargo\registry\src\index.crates.io-1949cf8c6b5b557f\bevy_ecs-0.18.1\src\system\function_system.rs;54;70;0.000000;1;70;70;70;0.000000
plugin build{plugin="bevy_kira_audio::AudioPlugin"};C:\Users\Antoi\.cargo\registry\src\index.crates.io-1949cf8c6b5b557f\bevy_app-0.18.1\src\app.rs;529;9813480;0.010607;1;9813480;9813480;9813480;0.000000
plugin finish{plugin="bevy_render::extract_component::ExtractComponentPlugin<bevy_hanabi::EffectVisibilityClass>"};C:\Users\Antoi\.cargo\registry\src\index.crates.io-1949cf8c6b5b557f\bevy_app-0.18.1\src\app.rs;272;705;0.000001;1;705;705;705;0.000000
system{name="forgia_effects::damage_numbers::setup_damage_number_pool"};C:\Users\Antoi\.cargo\registry\src\index.crates.io-1949cf8c6b5b557f\bevy_ecs-0.18.1\src\system\function_system.rs;52;43520;0.000047;1;43520;43520;43520;0.000000
system_commands{name="bevy_pbr::render::mesh::prepare_mesh_bind_groups"};C:\Users\Antoi\.cargo\registry\src\index.crates.io-1949cf8c6b5b557f\bevy_ecs-0.18.1\src\system\function_system.rs;54;115259203;0.124578;18162;6346;1288;143603;2453.746431
plugin finish{plugin="forgia_ui_lib::hud::player_hp::PlayerHpPlugin"};C:\Users\Antoi\.cargo\registry\src\index.crates.io-1949cf8c6b5b557f\bevy_app-0.18.1\src\app.rs;272;55;0.000000;1;55;55;55;0.000000
node{name="bevy_render::render_graph::node::ViewNodeRunner<bevy_pbr::volumetric_fog::render::VolumetricFogNode>"};C:\Users\Antoi\.cargo\registry\src\index.crates.io-1949cf8c6b5b557f\bevy_render-0.18.1\src\renderer\graph_runner.rs;240;7293244;0.007883;36324;200;61;54104;437.752015
system_commands{name="bevy_state::state_scoped::despawn_entities_on_exit_state<forgia_core::states::AppMode>"};C:\Users\Antoi\.cargo\registry\src\index.crates.io-1949cf8c6b5b557f\bevy_ecs-0.18.1\src\system\function_system.rs;54;1190163;0.001286;18164;65;51;3573;30.699162
plugin build{plugin="forgia_rpg_data::inventory::ForgiaInventoryPlugin"};C:\Users\Antoi\.cargo\registry\src\index.crates.io-1949cf8c6b5b557f\bevy_app-0.18.1\src\app.rs;529;6579;0.000007;1;6579;6579;6579;0.000000
system{name="bevy_sprite_render::mesh2d::mesh::check_views_need_specialization"};C:\Users\Antoi\.cargo\registry\src\index.crates.io-1949cf8c6b5b557f\bevy_ecs-0.18.1\src\system\function_system.rs;52;18131406;0.019597;18162;998;333;60281;627.807588
system_commands{name="bevy_app::propagate::propagate_output<bevy_ui::ui_node::ComputedUiTargetCamera, ()>"};C:\Users\Antoi\.cargo\registry\src\index.crates.io-1949cf8c6b5b557f\bevy_ecs-0.18.1\src\system\function_system.rs;54;2201835;0.002380;18163;121;54;59310;453.082866
system{name="bevy_egui::input_system_is_enabled<<bevy_egui::EguiPlugin as bevy_app::plugin::Plugin>::build::{{closure}}>::{{closure}}"};C:\Users\Antoi\.cargo\registry\src\index.crates.io-1949cf8c6b5b557f\bevy_ecs-0.18.1\src\system\function_system.rs;52;19294882;0.020855;181630;106;52;109470;363.072030
asset loading{loader="bevy_gltf::loader::GltfLoader" asset="models/characters/Gobli.glb"};C:\Users\Antoi\.cargo\registry\src\index.crates.io-1949cf8c6b5b557f\bevy_asset-0.18.1\src\server\loaders.rs;332;66570149;0.071953;45;1479336;120;58403164;8702444.192033
system{name="bevy_asset::assets::Assets<bevy_pbr::extended_material::ExtendedMaterial<bevy_pbr::pbr_material::StandardMaterial, bevy_water::water::material::WaterMaterial>>::asset_events_condition"};C:\Users\Antoi\.cargo\registry\src\index.crates.io-1949cf8c6b5b557f\bevy_ecs-0.18.1\src\system\function_system.rs;52;1677004;0.001813;18163;92;56;3089;40.901152
system_commands{name="bevy_core_pipeline::core_3d::extract_camera_prepass_phase"};C:\Users\Antoi\.cargo\registry\src\index.crates.io-1949cf8c6b5b557f\bevy_ecs-0.18.1\src\system\function_system.rs;54;44430960;0.048023;18162;2446;918;68469;904.957796
system_commands{name="forgia_stage::floor_merge::sys_drain_merge_spawn_queue"};C:\Users\Antoi\.cargo\registry\src\index.crates.io-1949cf8c6b5b557f\bevy_ecs-0.18.1\src\system\function_system.rs;54;1871123;0.002022;18163;103;50;77749;859.546949
system{name="bevy_render::batching::no_gpu_preprocessing::batch_and_prepare_sorted_render_phase<bevy_core_pipeline::core_2d::Transparent2d, bevy_sprite_render::mesh2d::mesh::Mesh2dPipeline>"};C:\Users\Antoi\.cargo\registry\src\index.crates.io-1949cf8c6b5b557f\bevy_ecs-0.18.1\src\system\function_system.rs;52;5265244;0.005691;18162;289;88;21016;287.414893
system{name="bevy_pbr::prepass::update_mesh_previous_global_transforms"};C:\Users\Antoi\.cargo\registry\src\index.crates.io-1949cf8c6b5b557f\bevy_ecs-0.18.1\src\system\function_system.rs;52;763396937;0.825121;18163;42030;3905;6782482;83270.988959
plugin cleanup{plugin="bevy_render::extract_component::ExtractComponentPlugin<bevy_anti_alias::contrast_adaptive_sharpening::ContrastAdaptiveSharpening>"};C:\Users\Antoi\.cargo\registry\src\index.crates.io-1949cf8c6b5b557f\bevy_app-0.18.1\src\app.rs;292;123;0.000000;1;123;123;123;0.000000
plugin cleanup{plugin="bevy_render::extract_component::UniformComponentPlugin<bevy_post_process::bloom::downsampling_pipeline::BloomUniforms>"};C:\Users\Antoi\.cargo\registry\src\index.crates.io-1949cf8c6b5b557f\bevy_app-0.18.1\src\app.rs;292;60;0.000000;1;60;60;60;0.000000
main_transparent_pass_2d;C:\Users\Antoi\.cargo\registry\src\index.crates.io-1949cf8c6b5b557f\bevy_core_pipeline-0.18.1\src\core_2d\main_transparent_pass_2d_node.rs;66;114151762;0.123381;18162;6285;864;165994;4728.895115
plugin build{plugin="bevy_render::sync_component::SyncComponentPlugin<forgia_postprocess::toon::ToonSettings>"};C:\Users\Antoi\.cargo\registry\src\index.crates.io-1949cf8c6b5b557f\bevy_app-0.18.1\src\app.rs;529;11847;0.000013;1;11847;11847;11847;0.000000
system{name="forgia_fps::hitscan_sensor::write_hitscan_sensor"};C:\Users\Antoi\.cargo\registry\src\index.crates.io-1949cf8c6b5b557f\bevy_ecs-0.18.1\src\system\function_system.rs;52;6697155;0.007239;18163;368;70;116021;2557.332638
system{name="bevy_kira_audio::audio_output::play_audio_channel<forgia_audio::SfxChannel>"};C:\Users\Antoi\.cargo\registry\src\index.crates.io-1949cf8c6b5b557f\bevy_ecs-0.18.1\src\system\function_system.rs;52;4564092;0.004933;18163;251;93;101440;1202.815430
plugin build{plugin="forgia_mode_roguelite::boss_portal::BossPortalPlugin"};C:\Users\Antoi\.cargo\registry\src\index.crates.io-1949cf8c6b5b557f\bevy_app-0.18.1\src\app.rs;529;27613;0.000030;1;27613;27613;27613;0.000000
asset loading{loader="bevy_gltf::loader::GltfLoader" asset="models/arms/fps_arm_L.glb"};C:\Users\Antoi\.cargo\registry\src\index.crates.io-1949cf8c6b5b557f\bevy_asset-0.18.1\src\server\loaders.rs;332;2650291;0.002865;5;530058;184;2570608;1140976.063028
asset loading{loader="bevy_shader::shader::ShaderLoader" asset="embedded://bevy_sprite_render\\mesh2d\\mesh2d_vertex_output.wgsl"};C:\Users\Antoi\.cargo\registry\src\index.crates.io-1949cf8c6b5b557f\bevy_asset-0.18.1\src\server\loaders.rs;332;341056;0.000369;2;170528;208;340848;240868.853943
system{name="bevy_kira_audio::audio_output::play_audio_channel<bevy_kira_audio::MainTrack>"};C:\Users\Antoi\.cargo\registry\src\index.crates.io-1949cf8c6b5b557f\bevy_ecs-0.18.1\src\system\function_system.rs;52;6536137;0.007065;18163;359;141;103412;1100.941600
system{name="forgia_player::player_floor_safety_net"};C:\Users\Antoi\.cargo\registry\src\index.crates.io-1949cf8c6b5b557f\bevy_ecs-0.18.1\src\system\function_system.rs;52;2445909;0.002644;5360;456;98;5005;175.820544
system{name="forgia_ui::weapon_preview::sys_clone_arm_materials"};C:\Users\Antoi\.cargo\registry\src\index.crates.io-1949cf8c6b5b557f\bevy_ecs-0.18.1\src\system\function_system.rs;52;2809539;0.003037;855;3286;1889;85776;3645.286733
system{name="forgia_stage::spawn_stage_arena_on_request"};C:\Users\Antoi\.cargo\registry\src\index.crates.io-1949cf8c6b5b557f\bevy_ecs-0.18.1\src\system\function_system.rs;52;16069592;0.017369;18163;884;202;1470814;10958.809991
system{name="bevy_render::batching::no_gpu_preprocessing::write_batched_instance_buffer<bevy_sprite_render::mesh2d::mesh::Mesh2dPipeline>"};C:\Users\Antoi\.cargo\registry\src\index.crates.io-1949cf8c6b5b557f\bevy_ecs-0.18.1\src\system\function_system.rs;52;5142919;0.005559;18162;283;100;88701;944.485358
par_for_each{query="(bevy_ecs::entity::Entity, core::option::Option<&bevy_hanabi::render::ChildrenEffects>, bevy_ecs::change_detection::params::Ref<'_, bevy_hanabi::render::CachedPipelines>, &mut bevy_hanabi::render::CachedReadyState)" filter="bevy_ecs::query::filter::Without<bevy_hanabi::render::ChildEffectOf>"};C:\Users\Antoi\.cargo\registry\src\index.crates.io-1949cf8c6b5b557f\bevy_ecs-0.18.1\src\query\state.rs;246;75543520;0.081652;273732;275;68;130325;554.571252
asset loading{loader="bevy_gltf::loader::GltfLoader" asset="models/weapons/forgia/boucherie.glb"};C:\Users\Antoi\.cargo\registry\src\index.crates.io-1949cf8c6b5b557f\bevy_asset-0.18.1\src\server\loaders.rs;332;328605017;0.355174;11;29873183;90;323691789;97452234.151706
main_opaque_pass_3d;C:\Users\Antoi\.cargo\registry\src\index.crates.io-1949cf8c6b5b557f\bevy_core_pipeline-0.18.1\src\core_3d\main_opaque_pass_3d_node.rs;76;2539151523;2.744453;36324;69902;18403;1822302;26663.003091
plugin build{plugin="forgia_rpg_data::ForgiaRpgDataPlugin"};C:\Users\Antoi\.cargo\registry\src\index.crates.io-1949cf8c6b5b557f\bevy_app-0.18.1\src\app.rs;529;174897;0.000189;1;174897;174897;174897;0.000000
plugin cleanup{plugin="bevy_core_pipeline::deferred::copy_lighting_id::CopyDeferredLightingIdPlugin"};C:\Users\Antoi\.cargo\registry\src\index.crates.io-1949cf8c6b5b557f\bevy_app-0.18.1\src\app.rs;292;56;0.000000;1;56;56;56;0.000000
par_for_each{query="(&bevy_transform::components::transform::Transform, &mut bevy_transform::components::global_transform::GlobalTransform)" filter="(bevy_ecs::query::filter::Or<(bevy_ecs::query::filter::Changed<bevy_transform::components::transform::Transform>, bevy_ecs::query::filter::Added<bevy_transform::components::global_transform::GlobalTransform>)>, bevy_ecs::query::filter::Without<bevy_ecs::hierarchy::ChildOf>, bevy_ecs::query::filter::Without<bevy_ecs::hierarchy::Children>)"};C:\Users\Antoi\.cargo\registry\src\index.crates.io-1949cf8c6b5b557f\bevy_ecs-0.18.1\src\query\state.rs;246;312826695;0.338120;1246794;250;53;135264;389.050726
node{name="bevy_render::render_graph::node::ViewNodeRunner<bevy_core_pipeline::upscaling::node::UpscalingNode>"};C:\Users\Antoi\.cargo\registry\src\index.crates.io-1949cf8c6b5b557f\bevy_render-0.18.1\src\renderer\graph_runner.rs;240;280753361;0.303453;54486;5152;269;304208;3744.537089
par_for_each{query="(&bevy_transform::components::global_transform::GlobalTransform, &mut bevy_pbr::prepass::PreviousGlobalTransform)" filter="bevy_ecs::query::filter::With<bevy_mesh::components::Mesh3d>"};C:\Users\Antoi\.cargo\registry\src\index.crates.io-1949cf8c6b5b557f\bevy_ecs-0.18.1\src\query\state.rs;246;352183949;0.380660;1065857;330;53;204199;412.853101
plugin build{plugin="bevy_render::extract_component::ExtractComponentPlugin<bevy_render::experimental::occlusion_culling::OcclusionCulling>"};C:\Users\Antoi\.cargo\registry\src\index.crates.io-1949cf8c6b5b557f\bevy_app-0.18.1\src\app.rs;529;10893;0.000012;1;10893;10893;10893;0.000000
system{name="bevy_asset::assets::Assets<forgia_genome_core::Genome<forgia_ui_lib::damage_direction::tuning::DamageDirTuning>>::asset_events_condition"};C:\Users\Antoi\.cargo\registry\src\index.crates.io-1949cf8c6b5b557f\bevy_ecs-0.18.1\src\system\function_system.rs;52;2257196;0.002440;18163;124;53;4067;69.187611
system{name="forgia_mode_roguelite::loot_room::sys_reset_parcours_on_run_start"};C:\Users\Antoi\.cargo\registry\src\index.crates.io-1949cf8c6b5b557f\bevy_ecs-0.18.1\src\system\function_system.rs;52;151;0.000000;1;151;151;151;0.000000
asset loading{loader="bevy_gltf::loader::GltfLoader" asset="models/environment/inferno/ColumnBig_001.glb"};C:\Users\Antoi\.cargo\registry\src\index.crates.io-1949cf8c6b5b557f\bevy_asset-0.18.1\src\server\loaders.rs;332;468600545;0.506489;6;78100090;57;468399526;191206901.272323
par_for_each{query="bevy_ecs::entity::Entity" filter="(bevy_ecs::query::filter::Or<(bevy_ecs::query::filter::Changed<bevy_mesh::components::Mesh3d>, bevy_asset::asset_changed::AssetChanged<bevy_mesh::components::Mesh3d>, bevy_ecs::query::filter::Changed<bevy_pbr::mesh_material::MeshMaterial3d<bevy_pbr::pbr_material::StandardMaterial>>, bevy_asset::asset_changed::AssetChanged<bevy_pbr::mesh_material::MeshMaterial3d<bevy_pbr::pbr_material::StandardMaterial>>)>, bevy_ecs::query::filter::With<bevy_pbr::mesh_material::MeshMaterial3d<bevy_pbr::pbr_material::StandardMaterial>>)"};C:\Users\Antoi\.cargo\registry\src\index.crates.io-1949cf8c6b5b557f\bevy_ecs-0.18.1\src\query\state.rs;246;542850379;0.586742;997202;544;62;160853;718.079532
handle_stairs;C:\Users\Antoi\.cargo\registry\src\index.crates.io-1949cf8c6b5b557f\rapier3d-0.31.0\src\control\character_controller.rs;676;9499865;0.010268;531;17890;47;196980;27546.708363
schedule{name=SpawnScene};C:\Users\Antoi\.cargo\registry\src\index.crates.io-1949cf8c6b5b557f\bevy_ecs-0.18.1\src\schedule\schedule.rs;532;497344929;0.537557;18163;27382;8140;1877545;28647.284008
system{name="forgia_anchor::write_anchor_sensor"};C:\Users\Antoi\.cargo\registry\src\index.crates.io-1949cf8c6b5b557f\bevy_ecs-0.18.1\src\system\function_system.rs;52;8983764;0.009710;18163;494;98;80914;762.001024
plugin finish{plugin="bevy_gizmos_render::GizmoRenderPlugin"};C:\Users\Antoi\.cargo\registry\src\index.crates.io-1949cf8c6b5b557f\bevy_app-0.18.1\src\app.rs;272;55;0.000000;1;55;55;55;0.000000
system_commands{name="bevy_pbr::ssr::init_screen_space_reflections_pipeline"};C:\Users\Antoi\.cargo\registry\src\index.crates.io-1949cf8c6b5b557f\bevy_ecs-0.18.1\src\system\function_system.rs;54;5630;0.000006;1;5630;5630;5630;0.000000
system_commands{name="bevy_pbr::atmosphere::resources::queue_render_sky_pipelines"};C:\Users\Antoi\.cargo\registry\src\index.crates.io-1949cf8c6b5b557f\bevy_ecs-0.18.1\src\system\function_system.rs;54;2036947;0.002202;18162;112;51;16213;136.978465
system_commands{name="forgia_mode_roguelite::elements::sys_init_element_genome"};C:\Users\Antoi\.cargo\registry\src\index.crates.io-1949cf8c6b5b557f\bevy_ecs-0.18.1\src\system\function_system.rs;54;6494;0.000007;1;6494;6494;6494;0.000000
system_commands{name="bevy_pbr::deferred::insert_deferred_lighting_pass_id_component"};C:\Users\Antoi\.cargo\registry\src\index.crates.io-1949cf8c6b5b557f\bevy_ecs-0.18.1\src\system\function_system.rs;54;1564516;0.001691;18163;86;52;78360;581.444900
plugin cleanup{plugin="bevy_render::sync_component::SyncComponentPlugin<bevy_light::spot_light::SpotLight>"};C:\Users\Antoi\.cargo\registry\src\index.crates.io-1949cf8c6b5b557f\bevy_app-0.18.1\src\app.rs;292;55;0.000000;1;55;55;55;0.000000
plugin finish{plugin="bevy_render::sync_component::SyncComponentPlugin<bevy_core_pipeline::skybox::Skybox>"};C:\Users\Antoi\.cargo\registry\src\index.crates.io-1949cf8c6b5b557f\bevy_app-0.18.1\src\app.rs;272;68;0.000000;1;68;68;68;0.000000
system{name="bevy_hanabi::render::clear_transient_batch_inputs"};C:\Users\Antoi\.cargo\registry\src\index.crates.io-1949cf8c6b5b557f\bevy_ecs-0.18.1\src\system\function_system.rs;52;8285584;0.008956;18162;456;61;18013;225.448345
system_commands{name="forgia_mode_roguelite::toon_config::sys_apply_toon_settings"};C:\Users\Antoi\.cargo\registry\src\index.crates.io-1949cf8c6b5b557f\bevy_ecs-0.18.1\src\system\function_system.rs;54;1441656;0.001558;17308;83;50;94956;758.084367
plugin build{plugin="bevy_pbr::render::gpu_preprocess::GpuMeshPreprocessPlugin"};C:\Users\Antoi\.cargo\registry\src\index.crates.io-1949cf8c6b5b557f\bevy_app-0.18.1\src\app.rs;529;8099;0.000009;1;8099;8099;8099;0.000000
plugin cleanup{plugin="bevy_pbr::material::MaterialPlugin<bevy_pbr::pbr_material::StandardMaterial>"};C:\Users\Antoi\.cargo\registry\src\index.crates.io-1949cf8c6b5b557f\bevy_app-0.18.1\src\app.rs;292;53;0.000000;1;53;53;53;0.000000
system{name="bevy_kira_audio::audio_output::play_audio_channel<forgia_audio::MusicChannel>"};C:\Users\Antoi\.cargo\registry\src\index.crates.io-1949cf8c6b5b557f\bevy_ecs-0.18.1\src\system\function_system.rs;52;7276173;0.007864;18163;400;128;960682;7197.997069
function_scope{egui::context::Context::run};C:\Users\Antoi\.cargo\registry\src\index.crates.io-1949cf8c6b5b557f\egui-0.33.3\src\context.rs;788;7009100367;7.575816;18163;385899;189077;7526581;125921.255351
schedule{name=FixedLast};C:\Users\Antoi\.cargo\registry\src\index.crates.io-1949cf8c6b5b557f\bevy_ecs-0.18.1\src\schedule\schedule.rs;532;53776729;0.058125;5734;9378;3904;1852609;25862.061983
asset loading{loader="bevy_shader::shader::ShaderLoader" asset="embedded://bevy_pbr\\render\\mesh_types.wgsl"};C:\Users\Antoi\.cargo\registry\src\index.crates.io-1949cf8c6b5b557f\bevy_asset-0.18.1\src\server\loaders.rs;332;67865;0.000073;2;33932;95;67770;47853.451422
system_commands{name="bevy_ui::accessibility::button_changed"};C:\Users\Antoi\.cargo\registry\src\index.crates.io-1949cf8c6b5b557f\bevy_ecs-0.18.1\src\system\function_system.rs;54;1586637;0.001715;18163;87;51;9005;97.496973
system{name="bevy_rapier3d::plugin::systems::remove::sync_removals"};C:\Users\Antoi\.cargo\registry\src\index.crates.io-1949cf8c6b5b557f\bevy_ecs-0.18.1\src\system\function_system.rs;52;44466682;0.048062;23897;1860;165;80394;1290.422585
plugin finish{plugin="bevy_render::sync_component::SyncComponentPlugin<bevy_render::gpu_readback::Readback>"};C:\Users\Antoi\.cargo\registry\src\index.crates.io-1949cf8c6b5b557f\bevy_app-0.18.1\src\app.rs;272;62;0.000000;1;62;62;62;0.000000
plugin finish{plugin="bevy_render::extract_component::ExtractComponentPlugin<bevy_pbr::fog::DistanceFog>"};C:\Users\Antoi\.cargo\registry\src\index.crates.io-1949cf8c6b5b557f\bevy_app-0.18.1\src\app.rs;272;784;0.000001;1;784;784;784;0.000000
opaque_main_pass_3d;C:\Users\Antoi\.cargo\registry\src\index.crates.io-1949cf8c6b5b557f\bevy_core_pipeline-0.18.1\src\core_3d\main_opaque_pass_3d_node.rs;104;328442743;0.354999;36314;9044;496;143923;4725.791232
system{name="forgia_mode_roguelite::elements::sys_hot_reload_element_genome"};C:\Users\Antoi\.cargo\registry\src\index.crates.io-1949cf8c6b5b557f\bevy_ecs-0.18.1\src\system\function_system.rs;52;11239612;0.012148;17308;649;87;180635;5624.568903
system{name="bevy_pbr::render::light::extract_shadow_filtering_method"};C:\Users\Antoi\.cargo\registry\src\index.crates.io-1949cf8c6b5b557f\bevy_ecs-0.18.1\src\system\function_system.rs;52;9209907;0.009955;18163;507;166;9957;232.799146
plugin cleanup{plugin="forgia_fps::score::ArenaScorePlugin"};C:\Users\Antoi\.cargo\registry\src\index.crates.io-1949cf8c6b5b557f\bevy_app-0.18.1\src\app.rs;292;55;0.000000;1;55;55;55;0.000000
plugin build{plugin="bevy_pbr::atmosphere::AtmospherePlugin"};C:\Users\Antoi\.cargo\registry\src\index.crates.io-1949cf8c6b5b557f\bevy_app-0.18.1\src\app.rs;529;81172;0.000088;1;81172;81172;81172;0.000000
system{name="bevy_render::extract_resource::extract_resource<bevy_egui::EguiUserTextures>"};C:\Users\Antoi\.cargo\registry\src\index.crates.io-1949cf8c6b5b557f\bevy_ecs-0.18.1\src\system\function_system.rs;52;5138190;0.005554;18163;282;77;12600;447.810911
plugin finish{plugin="forgia_viewmodel::ForgiaViewmodelPlugin"};C:\Users\Antoi\.cargo\registry\src\index.crates.io-1949cf8c6b5b557f\bevy_app-0.18.1\src\app.rs;272;56;0.000000;1;56;56;56;0.000000
system_commands{name="bevy_render::erased_render_asset::extract_erased_render_asset<bevy_pbr::mesh_material::MeshMaterial3d<bevy_pbr::extended_material::ExtendedMaterial<bevy_pbr::pbr_material::StandardMaterial, bevy_water::water::material::WaterMaterial>>>"};C:\Users\Antoi\.cargo\registry\src\index.crates.io-1949cf8c6b5b557f\bevy_ecs-0.18.1\src\system\function_system.rs;54;27761276;0.030006;18162;1528;620;29262;488.461828
plugin build{plugin="forgia_assets::ForgiaAssetsPlugin"};C:\Users\Antoi\.cargo\registry\src\index.crates.io-1949cf8c6b5b557f\bevy_app-0.18.1\src\app.rs;529;27519;0.000030;1;27519;27519;27519;0.000000
plugin finish{plugin="forgia_juice_lib::camera_shake::ForgiaJuiceCameraShakePlugin"};C:\Users\Antoi\.cargo\registry\src\index.crates.io-1949cf8c6b5b557f\bevy_app-0.18.1\src\app.rs;272;56;0.000000;1;56;56;56;0.000000
system{name="bevy_render::batching::sort_binned_render_phase<bevy_pbr::render::light::Shadow>"};C:\Users\Antoi\.cargo\registry\src\index.crates.io-1949cf8c6b5b557f\bevy_ecs-0.18.1\src\system\function_system.rs;52;21550954;0.023293;18162;1186;73;77987;1000.375563
asset loading{loader="bevy_shader::shader::ShaderLoader" asset="embedded://bevy_pbr\\render\\mesh_view_bindings.wgsl"};C:\Users\Antoi\.cargo\registry\src\index.crates.io-1949cf8c6b5b557f\bevy_asset-0.18.1\src\server\loaders.rs;332;210940;0.000228;2;105470;123;210817;148983.156155
plugin finish{plugin="bevy_sprite_render::tilemap_chunk::tilemap_chunk_material::TilemapChunkMaterialPlugin"};C:\Users\Antoi\.cargo\registry\src\index.crates.io-1949cf8c6b5b557f\bevy_app-0.18.1\src\app.rs;272;58;0.000000;1;58;58;58;0.000000
plugin finish{plugin="forgia_player::skybox_genome::SkyboxGenomePlugin"};C:\Users\Antoi\.cargo\registry\src\index.crates.io-1949cf8c6b5b557f\bevy_app-0.18.1\src\app.rs;272;54;0.000000;1;54;54;54;0.000000
system{name="forgia_ui_lib::hud_ammo::sensor::write_ammo_hud_sensor"};C:\Users\Antoi\.cargo\registry\src\index.crates.io-1949cf8c6b5b557f\bevy_ecs-0.18.1\src\system\function_system.rs;52;5709949;0.006172;18163;314;94;14303;461.070805
plugin build{plugin="bevy_render::render_phase::SortedRenderPhasePlugin<bevy_core_pipeline::core_3d::Transparent3d, bevy_pbr::render::mesh::MeshPipeline>"};C:\Users\Antoi\.cargo\registry\src\index.crates.io-1949cf8c6b5b557f\bevy_app-0.18.1\src\app.rs;529;12774;0.000014;1;12774;12774;12774;0.000000
system_commands{name="forgia_mode_roguelite::shockwave::sys_shockwave_input"};C:\Users\Antoi\.cargo\registry\src\index.crates.io-1949cf8c6b5b557f\bevy_ecs-0.18.1\src\system\function_system.rs;54;2406996;0.002602;17308;139;51;46544;400.698587
system_commands{name="bevy_window::system::close_when_requested"};C:\Users\Antoi\.cargo\registry\src\index.crates.io-1949cf8c6b5b557f\bevy_ecs-0.18.1\src\system\function_system.rs;54;1112202;0.001202;18163;61;50;51183;379.841975
system_commands{name="forgia_ui_lib::hud_ammo::tuning::load_ammo_hud_tuning"};C:\Users\Antoi\.cargo\registry\src\index.crates.io-1949cf8c6b5b557f\bevy_ecs-0.18.1\src\system\function_system.rs;54;1213;0.000001;1;1213;1213;1213;0.000000
system{name="bevy_state::state::transitions::run_transition<forgia_core::states::GameMode>"};C:\Users\Antoi\.cargo\registry\src\index.crates.io-1949cf8c6b5b557f\bevy_ecs-0.18.1\src\system\function_system.rs;52;1580151;0.001708;18164;86;58;96381;715.154232
system_commands{name="bevy_state::state_scoped::despawn_entities_on_enter_state<forgia_core::states::WorldMode>"};C:\Users\Antoi\.cargo\registry\src\index.crates.io-1949cf8c6b5b557f\bevy_ecs-0.18.1\src\system\function_system.rs;54;1078161;0.001165;18164;59;49;44099;328.183930
plugin build{plugin="bevy_render::sync_component::SyncComponentPlugin<bevy_anti_alias::contrast_adaptive_sharpening::ContrastAdaptiveSharpening>"};C:\Users\Antoi\.cargo\registry\src\index.crates.io-1949cf8c6b5b557f\bevy_app-0.18.1\src\app.rs;529;1224;0.000001;1;1224;1224;1224;0.000000
asset loading{loader="bevy_image::image_loader::ImageLoader" asset="ui/menu_video/frame_0112.webp"};C:\Users\Antoi\.cargo\registry\src\index.crates.io-1949cf8c6b5b557f\bevy_asset-0.18.1\src\server\loaders.rs;332;14024064;0.015158;6;2337344;124;13993323;5710243.116307
system{name="forgia_mode_roguelite::toon_config::sys_write_toon_sensor"};C:\Users\Antoi\.cargo\registry\src\index.crates.io-1949cf8c6b5b557f\bevy_ecs-0.18.1\src\system\function_system.rs;52;5339490;0.005771;18163;293;88;21392;298.174002
system{name="bevy_render::view::window::screenshot::extract_screenshots"};C:\Users\Antoi\.cargo\registry\src\index.crates.io-1949cf8c6b5b557f\bevy_ecs-0.18.1\src\system\function_system.rs;52;34067750;0.036822;18162;1875;823;106238;1341.861918
plugin cleanup{plugin="forgia_enemy_nameplate::ForgiaEnemyNameplatePlugin"};C:\Users\Antoi\.cargo\registry\src\index.crates.io-1949cf8c6b5b557f\bevy_app-0.18.1\src\app.rs;292;55;0.000000;1;55;55;55;0.000000
system{name="forgia_viewmodel::fade::identify_viewmodel_faders"};C:\Users\Antoi\.cargo\registry\src\index.crates.io-1949cf8c6b5b557f\bevy_ecs-0.18.1\src\system\function_system.rs;52;10073725;0.010888;17308;582;226;357137;3012.963451
system{name="bevy_pbr::render::light::extracted_light_removed"};C:\Users\Antoi\.cargo\registry\src\index.crates.io-1949cf8c6b5b557f\bevy_ecs-0.18.1\src\system\function_system.rs;52;281;0.000000;2;140;69;212;101.118742
par_for_each{query="bevy_ecs::entity::Entity" filter="(bevy_ecs::query::filter::Or<(bevy_ecs::query::filter::Changed<bevy_mesh::components::Mesh3d>, bevy_asset::asset_changed::AssetChanged<bevy_mesh::components::Mesh3d>, bevy_ecs::query::filter::Changed<bevy_pbr::mesh_material::MeshMaterial3d<bevy_pbr::extended_material::ExtendedMaterial<bevy_pbr::pbr_material::StandardMaterial, bevy_water::water::material::WaterMaterial>>>, bevy_asset::asset_changed::AssetChanged<bevy_pbr::mesh_material::MeshMaterial3d<bevy_pbr::extended_material::ExtendedMaterial<bevy_pbr::pbr_material::StandardMaterial, bevy_water::water::material::WaterMaterial>>>)>, bevy_ecs::query::filter::With<bevy_pbr::mesh_material::MeshMaterial3d<bevy_pbr::extended_material::ExtendedMaterial<bevy_pbr::pbr_material::StandardMaterial, bevy_water::water::material::WaterMaterial>>>)"};C:\Users\Antoi\.cargo\registry\src\index.crates.io-1949cf8c6b5b557f\bevy_ecs-0.18.1\src\query\state.rs;246;115768181;0.125129;326934;354;65;129047;566.030631
system_commands{name="bevy_pbr::ssao::prepare_ssao_bind_groups"};C:\Users\Antoi\.cargo\registry\src\index.crates.io-1949cf8c6b5b557f\bevy_ecs-0.18.1\src\system\function_system.rs;54;1672506;0.001808;18162;92;52;14651;123.624762
asset loading{loader="bevy_gltf::loader::GltfLoader" asset="models/kaykit/skeletons/Skeleton_Warrior.glb"};C:\Users\Antoi\.cargo\registry\src\index.crates.io-1949cf8c6b5b557f\bevy_asset-0.18.1\src\server\loaders.rs;332;55254202;0.059722;16;3453387;149;26360943;8601070.792849
plugin cleanup{plugin="bevy_pbr::decal::forward::ForwardDecalPlugin"};C:\Users\Antoi\.cargo\registry\src\index.crates.io-1949cf8c6b5b557f\bevy_app-0.18.1\src\app.rs;292;55;0.000000;1;55;55;55;0.000000
schedule{name=First};C:\Users\Antoi\.cargo\registry\src\index.crates.io-1949cf8c6b5b557f\bevy_ecs-0.18.1\src\schedule\schedule.rs;532;987113159;1.066925;18163;54347;19490;5036035;66160.075968
system_commands{name="forgia_mode_roguelite::render_quality::sys_init_render_genome"};C:\Users\Antoi\.cargo\registry\src\index.crates.io-1949cf8c6b5b557f\bevy_ecs-0.18.1\src\system\function_system.rs;54;1367;0.000001;1;1367;1367;1367;0.000000
system{name="forgia_ui_lib::hud::wave_counter::draw_wave_counter"};C:\Users\Antoi\.cargo\registry\src\index.crates.io-1949cf8c6b5b557f\bevy_ecs-0.18.1\src\system\function_system.rs;52;5026243;0.005433;18072;278;81;17410;208.028150
system_commands{name="bevy_pbr::atmosphere::environment::prepare_atmosphere_probe_bind_groups"};C:\Users\Antoi\.cargo\registry\src\index.crates.io-1949cf8c6b5b557f\bevy_ecs-0.18.1\src\system\function_system.rs;54;1714249;0.001853;18162;94;55;26477;198.615668
system_commands{name="bevy_render::extract_component::extract_components<bevy_hanabi::EffectVisibilityClass>"};C:\Users\Antoi\.cargo\registry\src\index.crates.io-1949cf8c6b5b557f\bevy_ecs-0.18.1\src\system\function_system.rs;54;11450531;0.012376;18162;630;246;24509;273.155069
system_commands{name="bevy_anti_alias::taa::prepare_taa_pipelines"};C:\Users\Antoi\.cargo\registry\src\index.crates.io-1949cf8c6b5b557f\bevy_ecs-0.18.1\src\system\function_system.rs;54;1409741;0.001524;18162;77;51;40914;305.259483
system{name="bevy_pbr::render::gpu_preprocess::prepare_preprocess_bind_groups"};C:\Users\Antoi\.cargo\registry\src\index.crates.io-1949cf8c6b5b557f\bevy_ecs-0.18.1\src\system\function_system.rs;52;1352162498;1.461491;18162;74450;5787;48148188;359137.311035
system{name="bevy_egui::input::WindowToEguiContextMap::on_egui_context_added_system"};C:\Users\Antoi\.cargo\registry\src\index.crates.io-1949cf8c6b5b557f\bevy_ecs-0.18.1\src\system\function_system.rs;52;17146742;0.018533;18163;944;318;81817;1041.595540
system{name="forgia_rpg_data::boons::sync_boons_catalogue"};C:\Users\Antoi\.cargo\registry\src\index.crates.io-1949cf8c6b5b557f\bevy_ecs-0.18.1\src\system\function_system.rs;52;7195916;0.007778;18163;396;140;199145;2039.243725
system{name="forgia_mode_roguelite::ultimate_apply::sys_reset_ultimate_tech_stats"};C:\Users\Antoi\.cargo\registry\src\index.crates.io-1949cf8c6b5b557f\bevy_ecs-0.18.1\src\system\function_system.rs;52;134;0.000000;1;134;134;134;0.000000
asset loading{loader="forgia_genome_core::GenomeLoader<forgia_killfeed::tuning::KillfeedTuning>" asset="genomes/killfeed_tuning.toml"};C:\Users\Antoi\.cargo\registry\src\index.crates.io-1949cf8c6b5b557f\bevy_asset-0.18.1\src\server\loaders.rs;332;110801;0.000120;5;22160;62;65711;29210.064896
asset loading{loader="bevy_shader::shader::ShaderLoader" asset="embedded://bevy_core_pipeline\\tonemapping\\tonemapping.wgsl"};C:\Users\Antoi\.cargo\registry\src\index.crates.io-1949cf8c6b5b557f\bevy_asset-0.18.1\src\server\loaders.rs;332;44840;0.000048;2;22420;55;44785;31628.886322
plugin build{plugin="forgia_crosshair::ForgiaCrosshairPlugin"};C:\Users\Antoi\.cargo\registry\src\index.crates.io-1949cf8c6b5b557f\bevy_app-0.18.1\src\app.rs;529;24298;0.000026;1;24298;24298;24298;0.000000
system{name="forgia_worldgen::streaming::sys_stream_city"};C:\Users\Antoi\.cargo\registry\src\index.crates.io-1949cf8c6b5b557f\bevy_ecs-0.18.1\src\system\function_system.rs;52;7417225;0.008017;17308;428;174;11726;198.789047
system{name="bevy_asset::assets::Assets<forgia_genome_core::Genome<forgia_juice_screen_flash::ScreenFlashTuning>>::asset_events"};C:\Users\Antoi\.cargo\registry\src\index.crates.io-1949cf8c6b5b557f\bevy_ecs-0.18.1\src\system\function_system.rs;52;1228;0.000001;1;1228;1228;1228;0.000000
plugin finish{plugin="forgia_mode_roguelite::forge_shop::RogueliteForgeShopPlugin"};C:\Users\Antoi\.cargo\registry\src\index.crates.io-1949cf8c6b5b557f\bevy_app-0.18.1\src\app.rs;272;55;0.000000;1;55;55;55;0.000000
system{name="bevy_anti_alias::taa::prepare_taa_jitter"};C:\Users\Antoi\.cargo\registry\src\index.crates.io-1949cf8c6b5b557f\bevy_ecs-0.18.1\src\system\function_system.rs;52;5514370;0.005960;18162;303;84;36304;308.130902
system{name="forgia_mode_roguelite::pipeline_warmup::sys_spawn_warmup_diorama"};C:\Users\Antoi\.cargo\registry\src\index.crates.io-1949cf8c6b5b557f\bevy_ecs-0.18.1\src\system\function_system.rs;52;300011;0.000324;92;3260;115;275924;28740.447503
system{name="forgia_mode_roguelite::status_vfx::sys_attach_shock_vfx"};C:\Users\Antoi\.cargo\registry\src\index.crates.io-1949cf8c6b5b557f\bevy_ecs-0.18.1\src\system\function_system.rs;52;7012859;0.007580;17308;405;130;41776;411.777973
system_commands{name="bevy_pbr::material::init_material_pipeline"};C:\Users\Antoi\.cargo\registry\src\index.crates.io-1949cf8c6b5b557f\bevy_ecs-0.18.1\src\system\function_system.rs;54;3286;0.000004;1;3286;3286;3286;0.000000
plugin cleanup{plugin="bevy_render::render_phase::BinnedRenderPhasePlugin<bevy_core_pipeline::deferred::Opaque3dDeferred, bevy_pbr::render::mesh::MeshPipeline>"};C:\Users\Antoi\.cargo\registry\src\index.crates.io-1949cf8c6b5b557f\bevy_app-0.18.1\src\app.rs;292;53;0.000000;1;53;53;53;0.000000
system{name="bevy_sprite::text2d::update_text2d_layout"};C:\Users\Antoi\.cargo\registry\src\index.crates.io-1949cf8c6b5b557f\bevy_ecs-0.18.1\src\system\function_system.rs;52;48099012;0.051988;18163;2648;938;7629314;56863.614457
system{name="forgia_mode_roguelite::status_vfx::sys_attach_burn_vfx"};C:\Users\Antoi\.cargo\registry\src\index.crates.io-1949cf8c6b5b557f\bevy_ecs-0.18.1\src\system\function_system.rs;52;7150628;0.007729;17308;413;130;93189;979.959492
system{name="forgia_ui_lib::pause_menu::draw_pause_menu"};C:\Users\Antoi\.cargo\registry\src\index.crates.io-1949cf8c6b5b557f\bevy_ecs-0.18.1\src\system\function_system.rs;52;18437667;0.019928;18163;1015;98;228662;4720.911838
system{name="bevy_picking::input::mouse_pick_events"};C:\Users\Antoi\.cargo\registry\src\index.crates.io-1949cf8c6b5b557f\bevy_ecs-0.18.1\src\system\function_system.rs;52;9915904;0.010718;18163;545;225;81465;631.492822
system_commands{name="bevy_post_process::motion_blur::pipeline::init_motion_blur_pipeline"};C:\Users\Antoi\.cargo\registry\src\index.crates.io-1949cf8c6b5b557f\bevy_ecs-0.18.1\src\system\function_system.rs;54;1862;0.000002;1;1862;1862;1862;0.000000
plugin build{plugin="bevy_core_pipeline::CorePipelinePlugin"};C:\Users\Antoi\.cargo\registry\src\index.crates.io-1949cf8c6b5b557f\bevy_app-0.18.1\src\app.rs;529;10937554;0.011822;1;10937554;10937554;10937554;0.000000
system{name="bevy_ui_render::extract_uinode_background_colors"};C:\Users\Antoi\.cargo\registry\src\index.crates.io-1949cf8c6b5b557f\bevy_ecs-0.18.1\src\system\function_system.rs;52;11657043;0.012600;18163;641;187;25311;370.458932
plugin build{plugin="forgia_mode_roguelite::intro_dialogue::IntroDialoguePlugin"};C:\Users\Antoi\.cargo\registry\src\index.crates.io-1949cf8c6b5b557f\bevy_app-0.18.1\src\app.rs;529;16377;0.000018;1;16377;16377;16377;0.000000
plugin finish{plugin="bevy_render::extract_component::UniformComponentPlugin<bevy_post_process::dof::DepthOfFieldUniform>"};C:\Users\Antoi\.cargo\registry\src\index.crates.io-1949cf8c6b5b557f\bevy_app-0.18.1\src\app.rs;272;58;0.000000;1;58;58;58;0.000000
plugin finish{plugin="bevy_render::extract_component::UniformComponentPlugin<bevy_anti_alias::contrast_adaptive_sharpening::CasUniform>"};C:\Users\Antoi\.cargo\registry\src\index.crates.io-1949cf8c6b5b557f\bevy_app-0.18.1\src\app.rs;272;60;0.000000;1;60;60;60;0.000000
system{name="bevy_render::extract_component::prepare_uniform_components<bevy_post_process::bloom::downsampling_pipeline::BloomUniforms>"};C:\Users\Antoi\.cargo\registry\src\index.crates.io-1949cf8c6b5b557f\bevy_ecs-0.18.1\src\system\function_system.rs;52;8942081;0.009665;18162;492;156;43897;390.056321
system{name="bevy_app::propagate::on_r_inserted<bevy_ui::ui_node::ComputedUiTargetCamera, (), bevy_ecs::hierarchy::ChildOf>"};C:\Users\Antoi\.cargo\registry\src\index.crates.io-1949cf8c6b5b557f\bevy_ecs-0.18.1\src\system\function_system.rs;52;187786;0.000203;2020;92;58;2771;126.054447
system{name="forgia_qa_replay::player::advance_replay_cursor_system"};C:\Users\Antoi\.cargo\registry\src\index.crates.io-1949cf8c6b5b557f\bevy_ecs-0.18.1\src\system\function_system.rs;52;3042971;0.003289;18163;167;77;47196;355.985918
system{name="forgia_ui::weapon_preview::sys_propagate_preview_layers"};C:\Users\Antoi\.cargo\registry\src\index.crates.io-1949cf8c6b5b557f\bevy_ecs-0.18.1\src\system\function_system.rs;52;2624754;0.002837;855;3069;1779;18804;1122.387973
non_indexed_gpu_metadata;C:\Users\Antoi\.cargo\registry\src\index.crates.io-1949cf8c6b5b557f\bevy_render-0.18.1\src\batching\gpu_preprocessing.rs;2139;18197524;0.019669;163458;111;47;83740;276.666605
system{name="forgia_enemy_nameplate::keep_permanent_nameplates_alive"};C:\Users\Antoi\.cargo\registry\src\index.crates.io-1949cf8c6b5b557f\bevy_ecs-0.18.1\src\system\function_system.rs;52;12265764;0.013258;18163;675;95;94697;829.626887
system_commands{name="bevy_post_process::bloom::downsampling_pipeline::prepare_downsampling_pipeline"};C:\Users\Antoi\.cargo\registry\src\index.crates.io-1949cf8c6b5b557f\bevy_ecs-0.18.1\src\system\function_system.rs;54;1645080;0.001778;18162;90;51;1370;27.117781
asset loading{loader="bevy_shader::shader::ShaderLoader" asset="embedded://bevy_pbr\\light_probe\\light_probe.wgsl"};C:\Users\Antoi\.cargo\registry\src\index.crates.io-1949cf8c6b5b557f\bevy_asset-0.18.1\src\server\loaders.rs;332;505309;0.000546;2;252654;182;505127;357050.033627
node{name="bevy_render::render_graph::node::ViewNodeRunner<bevy_core_pipeline::deferred::node::LateDeferredGBufferPrepassNode>"};C:\Users\Antoi\.cargo\registry\src\index.crates.io-1949cf8c6b5b557f\bevy_render-0.18.1\src\renderer\graph_runner.rs;240;8779827;0.009490;36324;241;58;83908;606.937368
system{name="forgia_player::track_player_speed"};C:\Users\Antoi\.cargo\registry\src\index.crates.io-1949cf8c6b5b557f\bevy_ecs-0.18.1\src\system\function_system.rs;52;2133267;0.002306;5360;397;145;8851;199.872824
system_commands{name="forgia_mode_roguelite::loot_room::sys_mark_demo_meshes"};C:\Users\Antoi\.cargo\registry\src\index.crates.io-1949cf8c6b5b557f\bevy_ecs-0.18.1\src\system\function_system.rs;54;1979820;0.002140;17308;114;51;1166;28.323662
system{name="bevy_asset::assets::Assets<bevy_audio::audio_source::AudioSource>::track_assets"};C:\Users\Antoi\.cargo\registry\src\index.crates.io-1949cf8c6b5b557f\bevy_ecs-0.18.1\src\system\function_system.rs;52;19245741;0.020802;18163;1059;172;250243;6184.648656
system{name="bevy_sprite_render::render::extract_sprite_events"};C:\Users\Antoi\.cargo\registry\src\index.crates.io-1949cf8c6b5b557f\bevy_ecs-0.18.1\src\system\function_system.rs;52;5679857;0.006139;18163;312;110;25484;452.456770
system_commands{name="forgia_juice_lib::knockback::sys_init_knockback_genome"};C:\Users\Antoi\.cargo\registry\src\index.crates.io-1949cf8c6b5b557f\bevy_ecs-0.18.1\src\system\function_system.rs;54;3069;0.000003;1;3069;3069;3069;0.000000
system{name="bevy_kira_audio::audio_output::play_dynamic_channels"};C:\Users\Antoi\.cargo\registry\src\index.crates.io-1949cf8c6b5b557f\bevy_ecs-0.18.1\src\system\function_system.rs;52;4715928;0.005097;18163;259;89;73121;755.845427
plugin build{plugin="bevy_render::sync_component::SyncComponentPlugin<bevy_camera::camera::CameraMainTextureUsages>"};C:\Users\Antoi\.cargo\registry\src\index.crates.io-1949cf8c6b5b557f\bevy_app-0.18.1\src\app.rs;529;5403;0.000006;1;5403;5403;5403;0.000000
system{name="bevy_pbr::material::add_material_bind_group_allocator<bevy_pbr::extended_material::ExtendedMaterial<bevy_pbr::pbr_material::StandardMaterial, bevy_water::water::material::WaterMaterial>>"};C:\Users\Antoi\.cargo\registry\src\index.crates.io-1949cf8c6b5b557f\bevy_ecs-0.18.1\src\system\function_system.rs;52;29187;0.000032;1;29187;29187;29187;0.000000
plugin build{plugin="bevy_state::app::StatesPlugin"};C:\Users\Antoi\.cargo\registry\src\index.crates.io-1949cf8c6b5b557f\bevy_app-0.18.1\src\app.rs;529;50944;0.000055;1;50944;50944;50944;0.000000
plugin finish{plugin="bevy_camera::CameraPlugin"};C:\Users\Antoi\.cargo\registry\src\index.crates.io-1949cf8c6b5b557f\bevy_app-0.18.1\src\app.rs;272;66;0.000000;1;66;66;66;0.000000
asset loading{loader="forgia_genome_core::GenomeLoader<forgia_ui_lib::damage_direction::tuning::DamageDirTuning>" asset="genomes/damage_dir_tuning.toml"};C:\Users\Antoi\.cargo\registry\src\index.crates.io-1949cf8c6b5b557f\bevy_asset-0.18.1\src\server\loaders.rs;332;49537;0.000054;4;12384;61;40380;19040.241464
system_commands{name="forgia_mode_roguelite::merchant::sys_spawn_merchant"};C:\Users\Antoi\.cargo\registry\src\index.crates.io-1949cf8c6b5b557f\bevy_ecs-0.18.1\src\system\function_system.rs;54;304043;0.000329;1;304043;304043;304043;0.000000
plugin finish{plugin="bevy_render::sync_component::SyncComponentPlugin<bevy_core_pipeline::tonemapping::DebandDither>"};C:\Users\Antoi\.cargo\registry\src\index.crates.io-1949cf8c6b5b557f\bevy_app-0.18.1\src\app.rs;272;57;0.000000;1;57;57;57;0.000000
system{name="bevy_asset::assets::Assets<forgia_genome_core::Genome<forgia_stage::RogueliteStagesGenome>>::asset_events_condition"};C:\Users\Antoi\.cargo\registry\src\index.crates.io-1949cf8c6b5b557f\bevy_ecs-0.18.1\src\system\function_system.rs;52;2062159;0.002229;18163;113;53;10746;111.719638
system{name="forgia_combat::ultimate::sys_tick_ultimate"};C:\Users\Antoi\.cargo\registry\src\index.crates.io-1949cf8c6b5b557f\bevy_ecs-0.18.1\src\system\function_system.rs;52;1063224;0.001149;5734;185;64;1194;72.659227
plugin build{plugin="bevy_sprite_render::mesh2d::color_material::ColorMaterialPlugin"};C:\Users\Antoi\.cargo\registry\src\index.crates.io-1949cf8c6b5b557f\bevy_app-0.18.1\src\app.rs;529;225113;0.000243;1;225113;225113;225113;0.000000
plugin cleanup{plugin="bevy_render::sync_component::SyncComponentPlugin<bevy_core_pipeline::tonemapping::Tonemapping>"};C:\Users\Antoi\.cargo\registry\src\index.crates.io-1949cf8c6b5b557f\bevy_app-0.18.1\src\app.rs;292;58;0.000000;1;58;58;58;0.000000
asset loading{loader="bevy_shader::shader::ShaderLoader" asset="embedded://bevy_ui_render\\gradient.wgsl"};C:\Users\Antoi\.cargo\registry\src\index.crates.io-1949cf8c6b5b557f\bevy_asset-0.18.1\src\server\loaders.rs;332;347801;0.000376;2;173900;106;347695;245782.538967
system_commands{name="bevy_state::state_scoped::despawn_entities_on_enter_state<forgia_core::states::AppMode>"};C:\Users\Antoi\.cargo\registry\src\index.crates.io-1949cf8c6b5b557f\bevy_ecs-0.18.1\src\system\function_system.rs;54;1075486;0.001162;18164;59;50;2611;26.082309
system{name="<forgia_skeleton_template::SkeletonTemplatePlugin as bevy_app::plugin::Plugin>::build::{{closure}}"};C:\Users\Antoi\.cargo\registry\src\index.crates.io-1949cf8c6b5b557f\bevy_ecs-0.18.1\src\system\function_system.rs;52;19749;0.000021;1;19749;19749;19749;0.000000
system{name="bevy_pbr::material::extract_mesh_materials<bevy_pbr::extended_material::ExtendedMaterial<bevy_pbr::pbr_material::StandardMaterial, bevy_pbr::decal::forward::ForwardDecalMaterialExt>>"};C:\Users\Antoi\.cargo\registry\src\index.crates.io-1949cf8c6b5b557f\bevy_ecs-0.18.1\src\system\function_system.rs;52;9452498;0.010217;18163;520;101;67731;598.329798
plugin finish{plugin="bevy_pbr::render::mesh::MeshRenderPlugin"};C:\Users\Antoi\.cargo\registry\src\index.crates.io-1949cf8c6b5b557f\bevy_app-0.18.1\src\app.rs;272;908536;0.000982;1;908536;908536;908536;0.000000
system{name="forgia_worldgen::spawn::sys_spawn_drain"};C:\Users\Antoi\.cargo\registry\src\index.crates.io-1949cf8c6b5b557f\bevy_ecs-0.18.1\src\system\function_system.rs;52;6451136;0.006973;18163;355;104;8766;191.217452
asset loading{loader="bevy_image::image_loader::ImageLoader" asset="ui/menu_video/frame_0003.webp"};C:\Users\Antoi\.cargo\registry\src\index.crates.io-1949cf8c6b5b557f\bevy_asset-0.18.1\src\server\loaders.rs;332;33556625;0.036270;10;3355662;88;17177421;7066324.172290
plugins{tag="on_input"};C:\Users\Antoi\.cargo\registry\src\index.crates.io-1949cf8c6b5b557f\egui-0.33.3\src\plugin.rs;165;134583515;0.145465;18163;7409;3381;168069;5947.151369
asset loading{loader="bevy_shader::shader::ShaderLoader" asset="embedded://bevy_anti_alias\\contrast_adaptive_sharpening\\robust_contrast_adaptive_sharpening.wgsl"};C:\Users\Antoi\.cargo\registry\src\index.crates.io-1949cf8c6b5b557f\bevy_asset-0.18.1\src\server\loaders.rs;332;180289;0.000195;2;90144;65;180224;127391.650594
plugin finish{plugin="bevy_render::storage::StoragePlugin"};C:\Users\Antoi\.cargo\registry\src\index.crates.io-1949cf8c6b5b557f\bevy_app-0.18.1\src\app.rs;272;53;0.000000;1;53;53;53;0.000000
function_scope{epaint::text::text_layout_types::Galley::concat};C:\Users\Antoi\.cargo\registry\src\index.crates.io-1949cf8c6b5b557f\epaint-0.33.3\src\text\text_layout_types.rs;846;40449;0.000044;12;3370;1824;4879;780.993947
system{name="bevy_render::render_resource::pipeline_cache::PipelineCache::process_pipeline_queue_system"};C:\Users\Antoi\.cargo\registry\src\index.crates.io-1949cf8c6b5b557f\bevy_ecs-0.18.1\src\system\function_system.rs;52;9038780;0.009770;18162;497;209;24545;478.403811
plugin build{plugin="bevy_app::propagate::HierarchyPropagatePlugin<bevy_ui::ui_node::ComputedUiRenderTargetInfo>"};C:\Users\Antoi\.cargo\registry\src\index.crates.io-1949cf8c6b5b557f\bevy_app-0.18.1\src\app.rs;529;39036;0.000042;1;39036;39036;39036;0.000000
system{name="bevy_rapier3d::plugin::systems::joint::init_joints"};C:\Users\Antoi\.cargo\registry\src\index.crates.io-1949cf8c6b5b557f\bevy_ecs-0.18.1\src\system\function_system.rs;52;4261362;0.004606;5734;743;96;18603;346.674687
plugin finish{plugin="bevy_core_pipeline::blit::BlitPlugin"};C:\Users\Antoi\.cargo\registry\src\index.crates.io-1949cf8c6b5b557f\bevy_app-0.18.1\src\app.rs;272;54;0.000000;1;54;54;54;0.000000
system{name="forgia_mode_roguelite::intro_dialogue::draw_intro_bubble"};C:\Users\Antoi\.cargo\registry\src\index.crates.io-1949cf8c6b5b557f\bevy_ecs-0.18.1\src\system\function_system.rs;52;44815565;0.048439;18163;2467;88;238128;6397.236766
system{name="forgia_ui_lib::pause_menu::apply_settings_to_tuning"};C:\Users\Antoi\.cargo\registry\src\index.crates.io-1949cf8c6b5b557f\bevy_ecs-0.18.1\src\system\function_system.rs;52;2464488;0.002664;18163;135;59;13424;120.186936
system{name="forgia_fps::pepin::sys_reset_confidence"};C:\Users\Antoi\.cargo\registry\src\index.crates.io-1949cf8c6b5b557f\bevy_ecs-0.18.1\src\system\function_system.rs;52;165;0.000000;1;165;165;165;0.000000
system{name="forgia_observability::render_sensor::sys_write_render_sensor"};C:\Users\Antoi\.cargo\registry\src\index.crates.io-1949cf8c6b5b557f\bevy_ecs-0.18.1\src\system\function_system.rs;52;10921792;0.011805;18163;601;159;103243;1299.979720
plugin cleanup{plugin="forgia_effects::ForgiaEffectsPlugin"};C:\Users\Antoi\.cargo\registry\src\index.crates.io-1949cf8c6b5b557f\bevy_app-0.18.1\src\app.rs;292;55;0.000000;1;55;55;55;0.000000
system_commands{name="forgia_fps::load_fps_tuning"};C:\Users\Antoi\.cargo\registry\src\index.crates.io-1949cf8c6b5b557f\bevy_ecs-0.18.1\src\system\function_system.rs;54;2006;0.000002;1;2006;2006;2006;0.000000
system_commands{name="bevy_render::extract_component::extract_components<bevy_pbr::atmosphere::Atmosphere>"};C:\Users\Antoi\.cargo\registry\src\index.crates.io-1949cf8c6b5b557f\bevy_ecs-0.18.1\src\system\function_system.rs;54;8614802;0.009311;18162;474;218;128477;960.471348
system{name="bevy_render::batching::gpu_preprocessing::batch_and_prepare_binned_render_phase<bevy_pbr::render::light::Shadow, bevy_pbr::render::mesh::MeshPipeline>"};C:\Users\Antoi\.cargo\registry\src\index.crates.io-1949cf8c6b5b557f\bevy_ecs-0.18.1\src\system\function_system.rs;52;322467914;0.348541;18162;17755;284;163061;8558.703237
system{name="bevy_state::state_scoped::despawn_entities_on_enter_state<forgia_core::states::GameMode>"};C:\Users\Antoi\.cargo\registry\src\index.crates.io-1949cf8c6b5b557f\bevy_ecs-0.18.1\src\system\function_system.rs;52;2094587;0.002264;18164;115;74;896;41.710650
system_commands{name="bevy_pbr::light_probe::generate::prepare_generated_environment_map_intermediate_textures"};C:\Users\Antoi\.cargo\registry\src\index.crates.io-1949cf8c6b5b557f\bevy_ecs-0.18.1\src\system\function_system.rs;54;1484624;0.001605;18162;81;50;4436;43.527658
plugin cleanup{plugin="bevy_render::extract_component::ExtractComponentPlugin<bevy_pbr::atmosphere::Atmosphere>"};C:\Users\Antoi\.cargo\registry\src\index.crates.io-1949cf8c6b5b557f\bevy_app-0.18.1\src\app.rs;292;114;0.000000;1;114;114;114;0.000000
plugin cleanup{plugin="bevy_winit::cursor::WinitCursorPlugin"};C:\Users\Antoi\.cargo\registry\src\index.crates.io-1949cf8c6b5b557f\bevy_app-0.18.1\src\app.rs;292;55;0.000000;1;55;55;55;0.000000
plugin build{plugin="forgia_input::ForgiaInputPlugin"};C:\Users\Antoi\.cargo\registry\src\index.crates.io-1949cf8c6b5b557f\bevy_app-0.18.1\src\app.rs;529;320257;0.000346;1;320257;320257;320257;0.000000
system{name="forgia_worldgen::sensor::sys_write_worldgen_sensor"};C:\Users\Antoi\.cargo\registry\src\index.crates.io-1949cf8c6b5b557f\bevy_ecs-0.18.1\src\system\function_system.rs;52;5583276;0.006035;18163;307;83;63366;658.582895
plugin cleanup{plugin="forgia_anim_debug::ForgiaAnimDebugPlugin"};C:\Users\Antoi\.cargo\registry\src\index.crates.io-1949cf8c6b5b557f\bevy_app-0.18.1\src\app.rs;292;56;0.000000;1;56;56;56;0.000000
schedule{name=OnExit(Menu)};C:\Users\Antoi\.cargo\registry\src\index.crates.io-1949cf8c6b5b557f\bevy_ecs-0.18.1\src\schedule\schedule.rs;532;1061251;0.001147;1;1061251;1061251;1061251;0.000000
plugin cleanup{plugin="bevy_pbr::render::gpu_preprocess::GpuMeshPreprocessPlugin"};C:\Users\Antoi\.cargo\registry\src\index.crates.io-1949cf8c6b5b557f\bevy_app-0.18.1\src\app.rs;292;55;0.000000;1;55;55;55;0.000000
check_conditions{name="bevy_gizmos::start_gizmo_context<bevy_gizmos::light::LightGizmoConfigGroup, bevy_time::fixed::Fixed>"};C:\Users\Antoi\.cargo\registry\src\index.crates.io-1949cf8c6b5b557f\bevy_ecs-0.18.1\src\schedule\executor\single_threaded.rs;83;9548703;0.010321;18163;525;87;49432;557.654943
plugin finish{plugin="forgia_stage::graph::ForgiaStageGraphPlugin"};C:\Users\Antoi\.cargo\registry\src\index.crates.io-1949cf8c6b5b557f\bevy_app-0.18.1\src\app.rs;272;53;0.000000;1;53;53;53;0.000000
system{name="bevy_light::spot_light::update_spot_light_frusta"};C:\Users\Antoi\.cargo\registry\src\index.crates.io-1949cf8c6b5b557f\bevy_ecs-0.18.1\src\system\function_system.rs;52;11160613;0.012063;18163;614;225;86513;754.705555
system{name="bevy_render::globals::extract_time"};C:\Users\Antoi\.cargo\registry\src\index.crates.io-1949cf8c6b5b557f\bevy_ecs-0.18.1\src\system\function_system.rs;52;4650381;0.005026;18163;256;88;17116;183.455205
plugin build{plugin="forgia_rpg_data::xp_curves::ForgiaXpCurvesPlugin"};C:\Users\Antoi\.cargo\registry\src\index.crates.io-1949cf8c6b5b557f\bevy_app-0.18.1\src\app.rs;529;9184;0.000010;1;9184;9184;9184;0.000000
node{name="bevy_pbr::render::gpu_preprocess::EarlyPrepassBuildIndirectParametersNode"};C:\Users\Antoi\.cargo\registry\src\index.crates.io-1949cf8c6b5b557f\bevy_render-0.18.1\src\renderer\graph_runner.rs;240;71583663;0.077372;36324;1970;76;144616;1456.504020
system{name="forgia_mode_fps_arena::wave::load_arena_waves_genome"};C:\Users\Antoi\.cargo\registry\src\index.crates.io-1949cf8c6b5b557f\bevy_ecs-0.18.1\src\system\function_system.rs;52;2184433;0.002361;1;2184433;2184433;2184433;0.000000
system{name="bevy_egui::capture_pointer_input_system"};C:\Users\Antoi\.cargo\registry\src\index.crates.io-1949cf8c6b5b557f\bevy_ecs-0.18.1\src\system\function_system.rs;52;65599571;0.070904;18163;3611;1070;87388;1563.278339
system_commands{name="bevy_core_pipeline::skybox::prepass::prepare_skybox_prepass_pipelines"};C:\Users\Antoi\.cargo\registry\src\index.crates.io-1949cf8c6b5b557f\bevy_ecs-0.18.1\src\system\function_system.rs;54;1552742;0.001678;18162;85;51;679;26.541663
plugin finish{plugin="bevy_render::extract_resource::ExtractResourcePlugin<bevy_egui::EguiUserTextures>"};C:\Users\Antoi\.cargo\registry\src\index.crates.io-1949cf8c6b5b557f\bevy_app-0.18.1\src\app.rs;272;204;0.000000;1;204;204;204;0.000000
plugin build{plugin="bevy_core_pipeline::oit::OrderIndependentTransparencyPlugin"};C:\Users\Antoi\.cargo\registry\src\index.crates.io-1949cf8c6b5b557f\bevy_app-0.18.1\src\app.rs;529;179444;0.000194;1;179444;179444;179444;0.000000
plugin build{plugin="bevy_post_process::effect_stack::EffectStackPlugin"};C:\Users\Antoi\.cargo\registry\src\index.crates.io-1949cf8c6b5b557f\bevy_app-0.18.1\src\app.rs;529;96280;0.000104;1;96280;96280;96280;0.000000
system{name="bevy_pbr::light_probe::upload_light_probes"};C:\Users\Antoi\.cargo\registry\src\index.crates.io-1949cf8c6b5b557f\bevy_ecs-0.18.1\src\system\function_system.rs;52;348841971;0.377047;18162;19207;3345;20016425;149229.790509
system{name="forgia_mode_roguelite::forge_shop::sys_animate_gobli"};C:\Users\Antoi\.cargo\registry\src\index.crates.io-1949cf8c6b5b557f\bevy_ecs-0.18.1\src\system\function_system.rs;52;11067315;0.011962;17308;639;333;77344;781.242842
node{name="bevy_hanabi::render::VfxSimulateNode"};C:\Users\Antoi\.cargo\registry\src\index.crates.io-1949cf8c6b5b557f\bevy_render-0.18.1\src\renderer\graph_runner.rs;240;310991581;0.336137;18162;17123;928;1208750;11169.115476
system_commands{name="bevy_render::render_asset::extract_render_asset<bevy_pbr::medium::GpuScatteringMedium>"};C:\Users\Antoi\.cargo\registry\src\index.crates.io-1949cf8c6b5b557f\bevy_ecs-0.18.1\src\system\function_system.rs;54;12624910;0.013646;18162;695;278;20828;256.909014
system{name="forgia_mode_roguelite::decor::sys_load_decor_assets"};C:\Users\Antoi\.cargo\registry\src\index.crates.io-1949cf8c6b5b557f\bevy_ecs-0.18.1\src\system\function_system.rs;52;2173071;0.002349;1;2173071;2173071;2173071;0.000000
plugin build{plugin="bevy_render::extract_component::ExtractComponentPlugin<bevy_camera::components::Camera3d>"};C:\Users\Antoi\.cargo\registry\src\index.crates.io-1949cf8c6b5b557f\bevy_app-0.18.1\src\app.rs;529;9918;0.000011;1;9918;9918;9918;0.000000
asset loading{loader="bevy_gltf::loader::GltfLoader" asset="models/kaykit/dungeon/floor.glb"};C:\Users\Antoi\.cargo\registry\src\index.crates.io-1949cf8c6b5b557f\bevy_asset-0.18.1\src\server\loaders.rs;332;4280945;0.004627;5;856189;197;4254866;1899934.833827
node{name="bevy_render::render_graph::node::ViewNodeRunner<bevy_pbr::atmosphere::node::RenderSkyNode>"};C:\Users\Antoi\.cargo\registry\src\index.crates.io-1949cf8c6b5b557f\bevy_render-0.18.1\src\renderer\graph_runner.rs;240;6851651;0.007406;36324;188;66;10145;106.636558
asset loading{loader="bevy_image::image_loader::ImageLoader" asset="ui/menu_video/frame_0097.webp"};C:\Users\Antoi\.cargo\registry\src\index.crates.io-1949cf8c6b5b557f\bevy_asset-0.18.1\src\server\loaders.rs;332;15425879;0.016673;7;2203697;183;15385374;5812575.091340
system_commands{name="forgia_rpg_data::dialogue::start_sessions"};C:\Users\Antoi\.cargo\registry\src\index.crates.io-1949cf8c6b5b557f\bevy_ecs-0.18.1\src\system\function_system.rs;54;1099745;0.001189;18163;60;50;35422;274.548218
system{name="forgia_mode_roguelite::ultimate_apply::sys_tick_ultimate_freeze"};C:\Users\Antoi\.cargo\registry\src\index.crates.io-1949cf8c6b5b557f\bevy_ecs-0.18.1\src\system\function_system.rs;52;3369867;0.003642;17308;194;75;6990;107.307427
asset loading{loader="bevy_shader::shader::ShaderLoader" asset="embedded://bevy_pbr\\render/parallax_mapping.wgsl"};C:\Users\Antoi\.cargo\registry\src\index.crates.io-1949cf8c6b5b557f\bevy_asset-0.18.1\src\server\loaders.rs;332;332280;0.000359;2;166140;173;332107;234712.782306
system_commands{name="bevy_render::render_asset::extract_render_asset<bevy_sprite_render::mesh2d::material::PreparedMaterial2d<bevy_sprite_render::mesh2d::color_material::ColorMaterial>>"};C:\Users\Antoi\.cargo\registry\src\index.crates.io-1949cf8c6b5b557f\bevy_ecs-0.18.1\src\system\function_system.rs;54;13060618;0.014117;18162;719;292;43233;505.009862
plugin cleanup{plugin="bevy_pbr::atmosphere::AtmospherePlugin"};C:\Users\Antoi\.cargo\registry\src\index.crates.io-1949cf8c6b5b557f\bevy_app-0.18.1\src\app.rs;292;681;0.000001;1;681;681;681;0.000000
system{name="bevy_post_process::dof::prepare_depth_of_field_view_bind_group_layouts"};C:\Users\Antoi\.cargo\registry\src\index.crates.io-1949cf8c6b5b557f\bevy_ecs-0.18.1\src\system\function_system.rs;52;5942074;0.006423;18162;327;98;47254;439.139392
system{name="forgia_mode_roguelite::audio::sys_load_audio_handles"};C:\Users\Antoi\.cargo\registry\src\index.crates.io-1949cf8c6b5b557f\bevy_ecs-0.18.1\src\system\function_system.rs;52;41025;0.000044;1;41025;41025;41025;0.000000
system_commands{name="forgia_mode_roguelite::stations::sys_use_health_stations"};C:\Users\Antoi\.cargo\registry\src\index.crates.io-1949cf8c6b5b557f\bevy_ecs-0.18.1\src\system\function_system.rs;54;1892162;0.002045;17308;109;51;83697;835.837950
check_conditions{name="bevy_gizmos::start_gizmo_context<bevy_gizmos::aabb::AabbGizmoConfigGroup, bevy_time::fixed::Fixed>"};C:\Users\Antoi\.cargo\registry\src\index.crates.io-1949cf8c6b5b557f\bevy_ecs-0.18.1\src\schedule\executor\single_threaded.rs;83;1310103;0.001416;18163;72;55;73881;547.973968
plugin cleanup{plugin="bevy_render::sync_component::SyncComponentPlugin<bevy_core_pipeline::skybox::Skybox>"};C:\Users\Antoi\.cargo\registry\src\index.crates.io-1949cf8c6b5b557f\bevy_app-0.18.1\src\app.rs;292;59;0.000000;1;59;59;59;0.000000
plugin build{plugin="forgia_village_loader::ForgiaVillageLoaderPlugin"};C:\Users\Antoi\.cargo\registry\src\index.crates.io-1949cf8c6b5b557f\bevy_app-0.18.1\src\app.rs;529;35686;0.000039;1;35686;35686;35686;0.000000
system_commands{name="bevy_state::state::freely_mutable_state::apply_state_transition<forgia_core::states::WorldMode>"};C:\Users\Antoi\.cargo\registry\src\index.crates.io-1949cf8c6b5b557f\bevy_ecs-0.18.1\src\system\function_system.rs;54;3144913;0.003399;18164;173;52;91006;748.906735
system{name="forgia_rpg_data::shop::close_shop_sessions"};C:\Users\Antoi\.cargo\registry\src\index.crates.io-1949cf8c6b5b557f\bevy_ecs-0.18.1\src\system\function_system.rs;52;3993477;0.004316;18163;219;72;3368;97.240488
plugin finish{plugin="bevy_audio::AudioPlugin"};C:\Users\Antoi\.cargo\registry\src\index.crates.io-1949cf8c6b5b557f\bevy_app-0.18.1\src\app.rs;272;65;0.000000;1;65;65;65;0.000000
system{name="forgia_mode_roguelite::hud::draw_stage_notification"};C:\Users\Antoi\.cargo\registry\src\index.crates.io-1949cf8c6b5b557f\bevy_ecs-0.18.1\src\system\function_system.rs;52;2190790;0.002368;18163;120;56;6229;104.202282
plugin cleanup{plugin="forgia_asset_registry::ForgiaAssetRegistryPlugin"};C:\Users\Antoi\.cargo\registry\src\index.crates.io-1949cf8c6b5b557f\bevy_app-0.18.1\src\app.rs;292;53;0.000000;1;53;53;53;0.000000
asset loading{loader="bevy_image::image_loader::ImageLoader" asset="ui/menu_video/frame_0073.webp"};C:\Users\Antoi\.cargo\registry\src\index.crates.io-1949cf8c6b5b557f\bevy_asset-0.18.1\src\server\loaders.rs;332;14212373;0.015362;6;2368728;238;14172701;5782745.082070
system_commands{name="forgia_mode_roguelite::run::sys_start_run"};C:\Users\Antoi\.cargo\registry\src\index.crates.io-1949cf8c6b5b557f\bevy_ecs-0.18.1\src\system\function_system.rs;54;1529433;0.001653;17308;88;50;131674;1080.504009
plugin finish{plugin="bevy_internal::default_plugins::IgnoreAmbiguitiesPlugin"};C:\Users\Antoi\.cargo\registry\src\index.crates.io-1949cf8c6b5b557f\bevy_app-0.18.1\src\app.rs;272;64;0.000000;1;64;64;64;0.000000
plugin finish{plugin="bevy_anti_alias::smaa::SmaaPlugin"};C:\Users\Antoi\.cargo\registry\src\index.crates.io-1949cf8c6b5b557f\bevy_app-0.18.1\src\app.rs;272;57;0.000000;1;57;57;57;0.000000
plugin build{plugin="forgia_anim_debug::bone_trace::BoneTracePlugin"};C:\Users\Antoi\.cargo\registry\src\index.crates.io-1949cf8c6b5b557f\bevy_app-0.18.1\src\app.rs;529;11896;0.000013;1;11896;11896;11896;0.000000
plugin cleanup{plugin="bevy_render::render_asset::RenderAssetPlugin<bevy_pbr::medium::GpuScatteringMedium>"};C:\Users\Antoi\.cargo\registry\src\index.crates.io-1949cf8c6b5b557f\bevy_app-0.18.1\src\app.rs;292;53;0.000000;1;53;53;53;0.000000
system{name="forgia_observability::health_sensor::sys_write_health_sensor"};C:\Users\Antoi\.cargo\registry\src\index.crates.io-1949cf8c6b5b557f\bevy_ecs-0.18.1\src\system\function_system.rs;52;4977146;0.005380;18163;274;86;93657;1188.500250
asset loading{loader="bevy_image::image_loader::ImageLoader" asset="ui/menu_video/frame_0128.webp"};C:\Users\Antoi\.cargo\registry\src\index.crates.io-1949cf8c6b5b557f\bevy_asset-0.18.1\src\server\loaders.rs;332;14505060;0.015678;7;2072151;82;14468298;5466189.671549
plugin build{plugin="forgia_ui_lib::pause_menu::ForgiaUiPauseMenuPlugin"};C:\Users\Antoi\.cargo\registry\src\index.crates.io-1949cf8c6b5b557f\bevy_app-0.18.1\src\app.rs;529;28737;0.000031;1;28737;28737;28737;0.000000
system_commands{name="forgia_mode_roguelite::run::sys_stage_dispatch"};C:\Users\Antoi\.cargo\registry\src\index.crates.io-1949cf8c6b5b557f\bevy_ecs-0.18.1\src\system\function_system.rs;54;1402133;0.001516;17308;81;50;86551;660.802106
plugin cleanup{plugin="forgia_rpg_data::inventory::ForgiaInventoryPlugin"};C:\Users\Antoi\.cargo\registry\src\index.crates.io-1949cf8c6b5b557f\bevy_app-0.18.1\src\app.rs;292;53;0.000000;1;53;53;53;0.000000
system{name="<bevy_render::sync_world::SyncWorldPlugin as bevy_app::plugin::Plugin>::build::{{closure}}"};C:\Users\Antoi\.cargo\registry\src\index.crates.io-1949cf8c6b5b557f\bevy_ecs-0.18.1\src\system\function_system.rs;52;20713;0.000022;130;159;58;2036;272.622705
asset loading{loader="bevy_gltf::loader::GltfLoader" asset="models/environment/inferno/RockMid_003.glb"};C:\Users\Antoi\.cargo\registry\src\index.crates.io-1949cf8c6b5b557f\bevy_asset-0.18.1\src\server\loaders.rs;332;7262661;0.007850;6;1210443;266;6968781;2822372.035966
plugin finish{plugin="bevy_render::render_asset::RenderAssetPlugin<bevy_render::storage::GpuShaderStorageBuffer>"};C:\Users\Antoi\.cargo\registry\src\index.crates.io-1949cf8c6b5b557f\bevy_app-0.18.1\src\app.rs;272;174;0.000000;1;174;174;174;0.000000
plugin cleanup{plugin="bevy_render::sync_component::SyncComponentPlugin<bevy_core_pipeline::oit::OrderIndependentTransparencySettings>"};C:\Users\Antoi\.cargo\registry\src\index.crates.io-1949cf8c6b5b557f\bevy_app-0.18.1\src\app.rs;292;69;0.000000;1;69;69;69;0.000000
system{name="bevy_render::batching::sort_binned_render_phase<bevy_core_pipeline::prepass::Opaque3dPrepass>"};C:\Users\Antoi\.cargo\registry\src\index.crates.io-1949cf8c6b5b557f\bevy_ecs-0.18.1\src\system\function_system.rs;52;3345454;0.003616;18162;184;67;535974;3976.852463
system{name="forgia_ai_arena_bot::bot_attack_cooldown"};C:\Users\Antoi\.cargo\registry\src\index.crates.io-1949cf8c6b5b557f\bevy_ecs-0.18.1\src\system\function_system.rs;52;9663742;0.010445;18163;532;79;75661;603.858090
plugin build{plugin="bevy_render::extract_component::ExtractComponentPlugin<bevy_post_process::bloom::settings::Bloom>"};C:\Users\Antoi\.cargo\registry\src\index.crates.io-1949cf8c6b5b557f\bevy_app-0.18.1\src\app.rs;529;23085;0.000025;1;23085;23085;23085;0.000000
check_conditions{name="forgia_fps::track_left_mouse_state"};C:\Users\Antoi\.cargo\registry\src\index.crates.io-1949cf8c6b5b557f\bevy_ecs-0.18.1\src\schedule\executor\single_threaded.rs;83;27415986;0.029633;18163;1509;761;98416;1960.600303
asset loading{loader="forgia_genome_core::GenomeLoader<forgia_ui_lib::hud::barks::BarkGenome>" asset="genomes/roguelite/roguelite_dialogue.toml"};C:\Users\Antoi\.cargo\registry\src\index.crates.io-1949cf8c6b5b557f\bevy_asset-0.18.1\src\server\loaders.rs;332;571055;0.000617;6;95175;90;530904;213606.532695
asset loading{loader="bevy_gltf::loader::GltfLoader" asset="models/environment/inferno/Vase_002.glb"};C:\Users\Antoi\.cargo\registry\src\index.crates.io-1949cf8c6b5b557f\bevy_asset-0.18.1\src\server\loaders.rs;332;453764284;0.490453;6;75627380;78;453694461;185214287.954668
asset loading{loader="bevy_gltf::loader::GltfLoader" asset="models/environment/inferno/Brazier_002.glb"};C:\Users\Antoi\.cargo\registry\src\index.crates.io-1949cf8c6b5b557f\bevy_asset-0.18.1\src\server\loaders.rs;332;6723341;0.007267;4;1680835;100;6674890;3329404.350028
plugin cleanup{plugin="bevy_render::sync_component::SyncComponentPlugin<bevy_pbr::ssao::ScreenSpaceAmbientOcclusion>"};C:\Users\Antoi\.cargo\registry\src\index.crates.io-1949cf8c6b5b557f\bevy_app-0.18.1\src\app.rs;292;101;0.000000;1;101;101;101;0.000000
system{name="bevy_hanabi::render::clear_previous_frame_resizes"};C:\Users\Antoi\.cargo\registry\src\index.crates.io-1949cf8c6b5b557f\bevy_ecs-0.18.1\src\system\function_system.rs;52;8407002;0.009087;18162;462;215;13144;198.740723
asset loading{loader="bevy_image::image_loader::ImageLoader" asset="ui/menu_video/frame_0062.webp"};C:\Users\Antoi\.cargo\registry\src\index.crates.io-1949cf8c6b5b557f\bevy_asset-0.18.1\src\server\loaders.rs;332;14563260;0.015741;7;2080465;121;14530318;5489870.683228
system{name="bevy_ui::update::propagate_ui_target_cameras"};C:\Users\Antoi\.cargo\registry\src\index.crates.io-1949cf8c6b5b557f\bevy_ecs-0.18.1\src\system\function_system.rs;52;31674043;0.034235;18163;1743;613;116588;1442.543974
system{name="bevy_rapier3d::plugin::systems::collider::init_colliders"};C:\Users\Antoi\.cargo\registry\src\index.crates.io-1949cf8c6b5b557f\bevy_ecs-0.18.1\src\system\function_system.rs;52;9836151;0.010631;5734;1715;122;1289486;28889.175406
system{name="bevy_pbr::render::light::queue_shadows"};C:\Users\Antoi\.cargo\registry\src\index.crates.io-1949cf8c6b5b557f\bevy_ecs-0.18.1\src\system\function_system.rs;52;1700210518;1.837680;18162;93613;349;1468872;55148.303931
system{name="bevy_ui::accessibility::image_changed"};C:\Users\Antoi\.cargo\registry\src\index.crates.io-1949cf8c6b5b557f\bevy_ecs-0.18.1\src\system\function_system.rs;52;11541069;0.012474;18163;635;148;138041;1095.201784
system{name="bevy_sprite_render::render::extract_sprites"};C:\Users\Antoi\.cargo\registry\src\index.crates.io-1949cf8c6b5b557f\bevy_ecs-0.18.1\src\system\function_system.rs;52;14658501;0.015844;18163;807;269;22600;457.323944
system{name="forgia_ui_lib::hud::barks::sys_write_barks_sensor"};C:\Users\Antoi\.cargo\registry\src\index.crates.io-1949cf8c6b5b557f\bevy_ecs-0.18.1\src\system\function_system.rs;52;5514112;0.005960;18163;303;92;35992;496.460694
plugin cleanup{plugin="bevy_render::sync_component::SyncComponentPlugin<bevy_hanabi::EffectVisibilityClass>"};C:\Users\Antoi\.cargo\registry\src\index.crates.io-1949cf8c6b5b557f\bevy_app-0.18.1\src\app.rs;292;151;0.000000;1;151;151;151;0.000000
plugin cleanup{plugin="forgia_effects::mesh_fader::MeshFaderPlugin"};C:\Users\Antoi\.cargo\registry\src\index.crates.io-1949cf8c6b5b557f\bevy_app-0.18.1\src\app.rs;292;54;0.000000;1;54;54;54;0.000000
node{name="bevy_pbr::light_probe::generate::DownsamplingNode"};C:\Users\Antoi\.cargo\registry\src\index.crates.io-1949cf8c6b5b557f\bevy_render-0.18.1\src\renderer\graph_runner.rs;240;13077623;0.014135;36324;360;100;10393;224.470644
system{name="bevy_render::render_phase::sweep_old_entities<bevy_core_pipeline::core_2d::AlphaMask2d>"};C:\Users\Antoi\.cargo\registry\src\index.crates.io-1949cf8c6b5b557f\bevy_ecs-0.18.1\src\system\function_system.rs;52;7171338;0.007751;18162;394;155;9144;180.486115
plugin build{plugin="bevy_render::sync_component::SyncComponentPlugin<bevy_anti_alias::fxaa::Fxaa>"};C:\Users\Antoi\.cargo\registry\src\index.crates.io-1949cf8c6b5b557f\bevy_app-0.18.1\src\app.rs;529;11285;0.000012;1;11285;11285;11285;0.000000
plugin finish{plugin="bevy_rapier3d::render::RapierDebugRenderPlugin"};C:\Users\Antoi\.cargo\registry\src\index.crates.io-1949cf8c6b5b557f\bevy_app-0.18.1\src\app.rs;272;53;0.000000;1;53;53;53;0.000000
system{name="forgia_fps::despawn_dead_cubes"};C:\Users\Antoi\.cargo\registry\src\index.crates.io-1949cf8c6b5b557f\bevy_ecs-0.18.1\src\system\function_system.rs;52;10135750;0.010955;17308;585;148;90572;909.948237
system{name="forgia_mode_roguelite::sensor::sys_update_roguelite_telemetry"};C:\Users\Antoi\.cargo\registry\src\index.crates.io-1949cf8c6b5b557f\bevy_ecs-0.18.1\src\system\function_system.rs;52;6409482;0.006928;18163;352;127;20479;203.055744
system{name="forgia_worldgen::sys_load_kit"};C:\Users\Antoi\.cargo\registry\src\index.crates.io-1949cf8c6b5b557f\bevy_ecs-0.18.1\src\system\function_system.rs;52;24216;0.000026;1;24216;24216;24216;0.000000
check_conditions{name="bevy_time::fixed::run_fixed_main_schedule"};C:\Users\Antoi\.cargo\registry\src\index.crates.io-1949cf8c6b5b557f\bevy_ecs-0.18.1\src\schedule\executor\single_threaded.rs;83;1268175;0.001371;18163;69;55;8755;75.128731
system{name="bevy_post_process::motion_blur::pipeline::prepare_motion_blur_pipelines"};C:\Users\Antoi\.cargo\registry\src\index.crates.io-1949cf8c6b5b557f\bevy_ecs-0.18.1\src\system\function_system.rs;52;7311938;0.007903;18162;402;110;155296;1353.872771
plugin cleanup{plugin="bevy_render::extract_component::ExtractComponentPlugin<bevy_camera::components::Camera2d>"};C:\Users\Antoi\.cargo\registry\src\index.crates.io-1949cf8c6b5b557f\bevy_app-0.18.1\src\app.rs;292;107;0.000000;1;107;107;107;0.000000
system{name="forgia_ui_lib::hud::confidence::draw_confidence_hearts"};C:\Users\Antoi\.cargo\registry\src\index.crates.io-1949cf8c6b5b557f\bevy_ecs-0.18.1\src\system\function_system.rs;52;36819293;0.039796;18072;2037;77;91568;1697.310936
plugin cleanup{plugin="bevy_render::sync_component::SyncComponentPlugin<bevy_pbr::fog::DistanceFog>"};C:\Users\Antoi\.cargo\registry\src\index.crates.io-1949cf8c6b5b557f\bevy_app-0.18.1\src\app.rs;292;55;0.000000;1;55;55;55;0.000000
system{name="forgia_mode_roguelite::stations::sys_use_ammo_stations"};C:\Users\Antoi\.cargo\registry\src\index.crates.io-1949cf8c6b5b557f\bevy_ecs-0.18.1\src\system\function_system.rs;52;11910827;0.012874;17308;688;303;74429;667.054441
asset loading{loader="bevy_gltf::loader::GltfLoader" asset="models/kaykit/dungeon/rubble.glb"};C:\Users\Antoi\.cargo\registry\src\index.crates.io-1949cf8c6b5b557f\bevy_asset-0.18.1\src\server\loaders.rs;332;4087905;0.004418;4;1021976;231;3928148;1938897.373711
system{name="bevy_asset::assets::Assets<bevy_pbr::medium::ScatteringMedium>::track_assets"};C:\Users\Antoi\.cargo\registry\src\index.crates.io-1949cf8c6b5b557f\bevy_ecs-0.18.1\src\system\function_system.rs;52;14836826;0.016036;18163;816;100;242156;5992.931956
plugin build{plugin="bevy_transform::plugins::TransformPlugin"};C:\Users\Antoi\.cargo\registry\src\index.crates.io-1949cf8c6b5b557f\bevy_app-0.18.1\src\app.rs;529;48388;0.000052;1;48388;48388;48388;0.000000
system{name="forgia_ui::weapon_preview::sys_rotate_previews"};C:\Users\Antoi\.cargo\registry\src\index.crates.io-1949cf8c6b5b557f\bevy_ecs-0.18.1\src\system\function_system.rs;52;405116;0.000438;855;473;208;5013;227.004769
asset loading{loader="bevy_gltf::loader::GltfLoader" asset="models/environment/platformer/platformer_underworld.glb"};C:\Users\Antoi\.cargo\registry\src\index.crates.io-1949cf8c6b5b557f\bevy_asset-0.18.1\src\server\loaders.rs;332;82799761;0.089494;28;2957134;1861;80726988;15242908.141322
plugin finish{plugin="bevy_render::sync_component::SyncComponentPlugin<bevy_render::view::Msaa>"};C:\Users\Antoi\.cargo\registry\src\index.crates.io-1949cf8c6b5b557f\bevy_app-0.18.1\src\app.rs;272;53;0.000000;1;53;53;53;0.000000
plugin finish{plugin="bevy_pbr::material::MaterialPlugin<bevy_pbr::extended_material::ExtendedMaterial<bevy_pbr::pbr_material::StandardMaterial, bevy_water::water::material::WaterMaterial>>"};C:\Users\Antoi\.cargo\registry\src\index.crates.io-1949cf8c6b5b557f\bevy_app-0.18.1\src\app.rs;272;124;0.000000;1;124;124;124;0.000000
plugin finish{plugin="bevy_pbr::light_probe::generate::EnvironmentMapGenerationPlugin"};C:\Users\Antoi\.cargo\registry\src\index.crates.io-1949cf8c6b5b557f\bevy_app-0.18.1\src\app.rs;272;92560;0.000100;1;92560;92560;92560;0.000000
asset loading{loader="bevy_gltf::loader::GltfLoader" asset="models/kaykit/hexagon/red/building_home_A_red.gltf"};C:\Users\Antoi\.cargo\registry\src\index.crates.io-1949cf8c6b5b557f\bevy_asset-0.18.1\src\server\loaders.rs;332;347606;0.000376;7;49658;175;208728;72600.194442
system{name="bevy_ui_render::ui_texture_slice_pipeline::init_ui_texture_slice_pipeline"};C:\Users\Antoi\.cargo\registry\src\index.crates.io-1949cf8c6b5b557f\bevy_ecs-0.18.1\src\system\function_system.rs;52;25011;0.000027;1;25011;25011;25011;0.000000
plugin finish{plugin="bevy_render::sync_component::SyncComponentPlugin<bevy_post_process::effect_stack::ChromaticAberration>"};C:\Users\Antoi\.cargo\registry\src\index.crates.io-1949cf8c6b5b557f\bevy_app-0.18.1\src\app.rs;272;59;0.000000;1;59;59;59;0.000000
asset loading{loader="bevy_shader::shader::ShaderLoader" asset="embedded://bevy_pbr\\render\\mesh_bindings.wgsl"};C:\Users\Antoi\.cargo\registry\src\index.crates.io-1949cf8c6b5b557f\bevy_asset-0.18.1\src\server\loaders.rs;332;100512;0.000109;2;50256;114;100398;70911.496445
system_commands{name="forgia_mode_roguelite::decor::sys_decor_build_hull_colliders"};C:\Users\Antoi\.cargo\registry\src\index.crates.io-1949cf8c6b5b557f\bevy_ecs-0.18.1\src\system\function_system.rs;54;2001725;0.002164;17308;115;51;28933;411.515897
plugin finish{plugin="forgia_input::ForgiaInputPlugin"};C:\Users\Antoi\.cargo\registry\src\index.crates.io-1949cf8c6b5b557f\bevy_app-0.18.1\src\app.rs;272;57;0.000000;1;57;57;57;0.000000
system{name="bevy_asset::assets::Assets<bevy_animation::graph::AnimationGraph>::asset_events"};C:\Users\Antoi\.cargo\registry\src\index.crates.io-1949cf8c6b5b557f\bevy_ecs-0.18.1\src\system\function_system.rs;52;857;0.000001;1;857;857;857;0.000000
par_for_each{query="&mut bevy_camera::visibility::ViewVisibility" filter="()"};C:\Users\Antoi\.cargo\registry\src\index.crates.io-1949cf8c6b5b557f\bevy_ecs-0.18.1\src\query\state.rs;246;1433477828;1.549381;4272356;335;51;890483;705.298594
node{name="bevy_render::render_graph::node::ViewNodeRunner<bevy_core_pipeline::deferred::copy_lighting_id::CopyDeferredLightingIdNode>"};C:\Users\Antoi\.cargo\registry\src\index.crates.io-1949cf8c6b5b557f\bevy_render-0.18.1\src\renderer\graph_runner.rs;240;8354550;0.009030;36324;230;57;9769;142.136712
plugin cleanup{plugin="forgia_mode_roguelite::boucherie_rocket::BoucherieRocketPlugin"};C:\Users\Antoi\.cargo\registry\src\index.crates.io-1949cf8c6b5b557f\bevy_app-0.18.1\src\app.rs;292;60;0.000000;1;60;60;60;0.000000
system{name="forgia_ui::sys_sync_cursor_with_coffre"};C:\Users\Antoi\.cargo\registry\src\index.crates.io-1949cf8c6b5b557f\bevy_ecs-0.18.1\src\system\function_system.rs;52;6675189;0.007215;18163;367;131;103646;1045.707387
plugin build{plugin="forgia_mode_roguelite::trempe::RogueliteTrempePlugin"};C:\Users\Antoi\.cargo\registry\src\index.crates.io-1949cf8c6b5b557f\bevy_app-0.18.1\src\app.rs;529;21877;0.000024;1;21877;21877;21877;0.000000
plugin cleanup{plugin="bevy_core_pipeline::upscaling::UpscalingPlugin"};C:\Users\Antoi\.cargo\registry\src\index.crates.io-1949cf8c6b5b557f\bevy_app-0.18.1\src\app.rs;292;55;0.000000;1;55;55;55;0.000000
asset loading{loader="bevy_shader::shader::ShaderLoader" asset="embedded://bevy_pbr\\light_probe\\environment_map.wgsl"};C:\Users\Antoi\.cargo\registry\src\index.crates.io-1949cf8c6b5b557f\bevy_asset-0.18.1\src\server\loaders.rs;332;705248;0.000762;2;352624;182;705066;498428.256350
system_commands{name="forgia_juice_screen_flash::load_screen_flash_tuning"};C:\Users\Antoi\.cargo\registry\src\index.crates.io-1949cf8c6b5b557f\bevy_ecs-0.18.1\src\system\function_system.rs;54;3268;0.000004;1;3268;3268;3268;0.000000
system{name="bevy_egui::input::write_file_dnd_messages_system"};C:\Users\Antoi\.cargo\registry\src\index.crates.io-1949cf8c6b5b557f\bevy_ecs-0.18.1\src\system\function_system.rs;52;7624082;0.008241;18163;419;179;41322;408.643856
system_commands{name="bevy_rapier3d::plugin::systems::collider::init_colliders"};C:\Users\Antoi\.cargo\registry\src\index.crates.io-1949cf8c6b5b557f\bevy_ecs-0.18.1\src\system\function_system.rs;54;1104152;0.001193;5734;192;62;173744;2640.192979
plugin build{plugin="bevy_camera::projection::CameraProjectionPlugin"};C:\Users\Antoi\.cargo\registry\src\index.crates.io-1949cf8c6b5b557f\bevy_app-0.18.1\src\app.rs;529;19440;0.000021;1;19440;19440;19440;0.000000
system_commands{name="bevy_hanabi::render::clear_transient_batch_inputs"};C:\Users\Antoi\.cargo\registry\src\index.crates.io-1949cf8c6b5b557f\bevy_ecs-0.18.1\src\system\function_system.rs;54;231124748;0.249812;18162;12725;76;544122;7865.078398
asset loading{loader="bevy_kira_audio::source::ogg_loader::OggLoader" asset="audio/roguelite/weapons/bourrasque.ogg"};C:\Users\Antoi\.cargo\registry\src\index.crates.io-1949cf8c6b5b557f\bevy_asset-0.18.1\src\server\loaders.rs;332;1751169;0.001893;5;350233;216;1727023;769665.703475
system{name="bevy_post_process::bloom::prepare_bloom_bind_groups"};C:\Users\Antoi\.cargo\registry\src\index.crates.io-1949cf8c6b5b557f\bevy_ecs-0.18.1\src\system\function_system.rs;52;8681988;0.009384;18162;478;166;49594;476.645360
plugin cleanup{plugin="forgia_qa_core::plugin::ForgiaQaCorePlugin"};C:\Users\Antoi\.cargo\registry\src\index.crates.io-1949cf8c6b5b557f\bevy_app-0.18.1\src\app.rs;292;55;0.000000;1;55;55;55;0.000000
asset loading{loader="bevy_image::image_loader::ImageLoader" asset="ui/menu_video/frame_0102.webp"};C:\Users\Antoi\.cargo\registry\src\index.crates.io-1949cf8c6b5b557f\bevy_asset-0.18.1\src\server\loaders.rs;332;14860947;0.016063;7;2122992;174;14825289;5601187.949701
system{name="bevy_ecs::schedule::condition::common_conditions::any_with_component<forgia_camera_orbit::OrbitCamera>"};C:\Users\Antoi\.cargo\registry\src\index.crates.io-1949cf8c6b5b557f\bevy_ecs-0.18.1\src\system\function_system.rs;52;5320328;0.005750;18163;292;70;5359;124.313673
system{name="bevy_pbr::decal::clustered::prepare_decals"};C:\Users\Antoi\.cargo\registry\src\index.crates.io-1949cf8c6b5b557f\bevy_ecs-0.18.1\src\system\function_system.rs;52;6065875;0.006556;18162;333;98;8594;143.256223
system{name="bevy_winit::accessibility::window_closed"};C:\Users\Antoi\.cargo\registry\src\index.crates.io-1949cf8c6b5b557f\bevy_ecs-0.18.1\src\system\function_system.rs;52;8907680;0.009628;18163;490;131;137546;1389.576037
asset loading{loader="bevy_shader::shader::ShaderLoader" asset="embedded://bevy_core_pipeline\\fullscreen_vertex_shader\\fullscreen.wgsl"};C:\Users\Antoi\.cargo\registry\src\index.crates.io-1949cf8c6b5b557f\bevy_asset-0.18.1\src\server\loaders.rs;332;66880;0.000072;2;33440;85;66795;47171.093373
plugin cleanup{plugin="bevy_render::extract_component::UniformComponentPlugin<bevy_post_process::motion_blur::MotionBlurUniform>"};C:\Users\Antoi\.cargo\registry\src\index.crates.io-1949cf8c6b5b557f\bevy_app-0.18.1\src\app.rs;292;68;0.000000;1;68;68;68;0.000000
system{name="forgia_worldgen::debug_viz::sys_toggle_viz"};C:\Users\Antoi\.cargo\registry\src\index.crates.io-1949cf8c6b5b557f\bevy_ecs-0.18.1\src\system\function_system.rs;52;4974890;0.005377;17308;287;82;12163;165.324807
system{name="bevy_sprite_render::render::prepare_sprite_view_bind_groups"};C:\Users\Antoi\.cargo\registry\src\index.crates.io-1949cf8c6b5b557f\bevy_ecs-0.18.1\src\system\function_system.rs;52;459427977;0.496575;18162;25296;6480;364397;18425.240202
system_commands{name="bevy_gizmos_render::pipeline_3d::init_line_gizmo_pipelines"};C:\Users\Antoi\.cargo\registry\src\index.crates.io-1949cf8c6b5b557f\bevy_ecs-0.18.1\src\system\function_system.rs;54;5250;0.000006;1;5250;5250;5250;0.000000
system{name="bevy_kira_audio::audio_output::update_instance_states<bevy_kira_audio::MainTrack>"};C:\Users\Antoi\.cargo\registry\src\index.crates.io-1949cf8c6b5b557f\bevy_ecs-0.18.1\src\system\function_system.rs;52;4982589;0.005385;18163;274;109;13586;170.745944
system_commands{name="bevy_post_process::effect_stack::init_post_processing_pipeline"};C:\Users\Antoi\.cargo\registry\src\index.crates.io-1949cf8c6b5b557f\bevy_ecs-0.18.1\src\system\function_system.rs;54;4349;0.000005;1;4349;4349;4349;0.000000
system{name="forgia_mode_roguelite::hud::draw_minimap"};C:\Users\Antoi\.cargo\registry\src\index.crates.io-1949cf8c6b5b557f\bevy_ecs-0.18.1\src\system\function_system.rs;52;77441952;0.083703;17217;4497;157;123894;2457.377421
system{name="bevy_pbr::render::light::prepare_lights"};C:\Users\Antoi\.cargo\registry\src\index.crates.io-1949cf8c6b5b557f\bevy_ecs-0.18.1\src\system\function_system.rs;52;875521355;0.946311;18162;48206;17034;3932262;35042.064750
asset loading{loader="bevy_image::image_loader::ImageLoader" asset="ui/menu_video/frame_0052.webp"};C:\Users\Antoi\.cargo\registry\src\index.crates.io-1949cf8c6b5b557f\bevy_asset-0.18.1\src\server\loaders.rs;332;15075052;0.016294;9;1675005;304;15041529;5012447.408712
system_commands{name="bevy_render::camera::extract_cameras"};C:\Users\Antoi\.cargo\registry\src\index.crates.io-1949cf8c6b5b557f\bevy_ecs-0.18.1\src\system\function_system.rs;54;138874325;0.150103;18162;7646;3110;165079;2247.873014
system{name="forgia_mode_roguelite::enemy_scaling::sys_write_enemy_scaling_sensor"};C:\Users\Antoi\.cargo\registry\src\index.crates.io-1949cf8c6b5b557f\bevy_ecs-0.18.1\src\system\function_system.rs;52;3627560;0.003921;18163;199;79;10333;167.115642
plugin build{plugin="bevy_render::extract_component::UniformComponentPlugin<bevy_pbr::deferred::PbrDeferredLightingDepthId>"};C:\Users\Antoi\.cargo\registry\src\index.crates.io-1949cf8c6b5b557f\bevy_app-0.18.1\src\app.rs;529;3108;0.000003;1;3108;3108;3108;0.000000
plugin finish{plugin="forgia_mode_roguelite::intro_dialogue::IntroDialoguePlugin"};C:\Users\Antoi\.cargo\registry\src\index.crates.io-1949cf8c6b5b557f\bevy_app-0.18.1\src\app.rs;272;56;0.000000;1;56;56;56;0.000000
plugin finish{plugin="forgia_rpg_data::shop::ForgiaShopPlugin"};C:\Users\Antoi\.cargo\registry\src\index.crates.io-1949cf8c6b5b557f\bevy_app-0.18.1\src\app.rs;272;55;0.000000;1;55;55;55;0.000000
system{name="forgia_mode_roguelite::enemy_rig_debug::sys_apply_rig_debug"};C:\Users\Antoi\.cargo\registry\src\index.crates.io-1949cf8c6b5b557f\bevy_ecs-0.18.1\src\system\function_system.rs;52;2390188;0.002583;17308;138;57;55126;607.789262
plugin finish{plugin="forgia_core::ForgiaCorePlugin"};C:\Users\Antoi\.cargo\registry\src\index.crates.io-1949cf8c6b5b557f\bevy_app-0.18.1\src\app.rs;272;109;0.000000;1;109;109;109;0.000000
system{name="forgia_viewmodel::vm_camera::manage_viewmodel_camera"};C:\Users\Antoi\.cargo\registry\src\index.crates.io-1949cf8c6b5b557f\bevy_ecs-0.18.1\src\system\function_system.rs;52;8195074;0.008858;17308;473;113;581187;4436.887781
system_commands{name="bevy_post_process::dof::prepare_depth_of_field_pipelines"};C:\Users\Antoi\.cargo\registry\src\index.crates.io-1949cf8c6b5b557f\bevy_ecs-0.18.1\src\system\function_system.rs;54;1573344;0.001701;18162;86;50;818;26.917707
plugin finish{plugin="bevy_post_process::motion_blur::MotionBlurPlugin"};C:\Users\Antoi\.cargo\registry\src\index.crates.io-1949cf8c6b5b557f\bevy_app-0.18.1\src\app.rs;272;53;0.000000;1;53;53;53;0.000000
plugin cleanup{plugin="forgia_audio::biome::ForgiaAudioBiomePlugin"};C:\Users\Antoi\.cargo\registry\src\index.crates.io-1949cf8c6b5b557f\bevy_app-0.18.1\src\app.rs;292;54;0.000000;1;54;54;54;0.000000
system_commands{name="bevy_pbr::render::light::init_shadow_samplers"};C:\Users\Antoi\.cargo\registry\src\index.crates.io-1949cf8c6b5b557f\bevy_ecs-0.18.1\src\system\function_system.rs;54;1143;0.000001;1;1143;1143;1143;0.000000
system{name="<forgia_core::states::GameMode as bevy_state::state::state_set::StateSet>::register_sub_state_systems_in_schedule<forgia_mode_roguelite::run::RunState>::{{closure}}"};C:\Users\Antoi\.cargo\registry\src\index.crates.io-1949cf8c6b5b557f\bevy_ecs-0.18.1\src\system\function_system.rs;52;4912379;0.005310;18164;270;111;22458;201.044634
system{name="forgia_effects::damage_numbers::tick_numbers"};C:\Users\Antoi\.cargo\registry\src\index.crates.io-1949cf8c6b5b557f\bevy_ecs-0.18.1\src\system\function_system.rs;52;12047851;0.013022;18163;663;255;75302;595.076446
plugin build{plugin="forgia_killfeed::ForgiaKillfeedPlugin"};C:\Users\Antoi\.cargo\registry\src\index.crates.io-1949cf8c6b5b557f\bevy_app-0.18.1\src\app.rs;529;90718;0.000098;1;90718;90718;90718;0.000000
system{name="forgia_mode_roguelite::trempe::sys_init_trempe"};C:\Users\Antoi\.cargo\registry\src\index.crates.io-1949cf8c6b5b557f\bevy_ecs-0.18.1\src\system\function_system.rs;52;311555;0.000337;1;311555;311555;311555;0.000000
system{name="forgia_mode_roguelite::element_vfx::sys_refresh_vfx_materials"};C:\Users\Antoi\.cargo\registry\src\index.crates.io-1949cf8c6b5b557f\bevy_ecs-0.18.1\src\system\function_system.rs;52;4050918;0.004378;17308;234;73;15766;159.153748
plugin finish{plugin="bevy_gilrs::GilrsPlugin"};C:\Users\Antoi\.cargo\registry\src\index.crates.io-1949cf8c6b5b557f\bevy_app-0.18.1\src\app.rs;272;55;0.000000;1;55;55;55;0.000000
plugin finish{plugin="bevy_render::extract_resource::ExtractResourcePlugin<bevy_camera::clear_color::ClearColor>"};C:\Users\Antoi\.cargo\registry\src\index.crates.io-1949cf8c6b5b557f\bevy_app-0.18.1\src\app.rs;272;140;0.000000;1;140;140;140;0.000000
plugin cleanup{plugin="forgia_rpg_data::shop::ForgiaShopPlugin"};C:\Users\Antoi\.cargo\registry\src\index.crates.io-1949cf8c6b5b557f\bevy_app-0.18.1\src\app.rs;292;54;0.000000;1;54;54;54;0.000000
plugin build{plugin="bevy_winit::cursor::WinitCursorPlugin"};C:\Users\Antoi\.cargo\registry\src\index.crates.io-1949cf8c6b5b557f\bevy_app-0.18.1\src\app.rs;529;67054;0.000072;1;67054;67054;67054;0.000000
plugin finish{plugin="bevy_anti_alias::taa::TemporalAntiAliasPlugin"};C:\Users\Antoi\.cargo\registry\src\index.crates.io-1949cf8c6b5b557f\bevy_app-0.18.1\src\app.rs;272;53;0.000000;1;53;53;53;0.000000
system{name="bevy_render::extract_resource::extract_resource<bevy_camera::clear_color::ClearColor>"};C:\Users\Antoi\.cargo\registry\src\index.crates.io-1949cf8c6b5b557f\bevy_ecs-0.18.1\src\system\function_system.rs;52;3973020;0.004294;18163;218;74;4085;141.386480
system{name="forgia_ui::grab_cursor"};C:\Users\Antoi\.cargo\registry\src\index.crates.io-1949cf8c6b5b557f\bevy_ecs-0.18.1\src\system\function_system.rs;52;290643;0.000314;3;96881;69866;129927;30481.316425
system{name="forgia_mode_roguelite::enemy_anim::sys_update_enemy_anim"};C:\Users\Antoi\.cargo\registry\src\index.crates.io-1949cf8c6b5b557f\bevy_ecs-0.18.1\src\system\function_system.rs;52;7464489;0.008068;17308;431;126;47628;391.619420
system{name="bevy_render::view::window::extract_windows"};C:\Users\Antoi\.cargo\registry\src\index.crates.io-1949cf8c6b5b557f\bevy_ecs-0.18.1\src\system\function_system.rs;52;23185870;0.025061;18163;1276;587;85480;1115.860307
system{name="bevy_render::erased_render_asset::extract_erased_render_asset<bevy_pbr::mesh_material::MeshMaterial3d<bevy_pbr::extended_material::ExtendedMaterial<bevy_pbr::pbr_material::StandardMaterial, bevy_water::water::material::WaterMaterial>>>"};C:\Users\Antoi\.cargo\registry\src\index.crates.io-1949cf8c6b5b557f\bevy_ecs-0.18.1\src\system\function_system.rs;52;246254981;0.266166;18162;13558;8546;129376;3060.342815
plugin finish{plugin="forgia_mode_roguelite::hud::RogueliteHudPlugin"};C:\Users\Antoi\.cargo\registry\src\index.crates.io-1949cf8c6b5b557f\bevy_app-0.18.1\src\app.rs;272;52;0.000000;1;52;52;52;0.000000
system{name="forgia_audio::sys_write_volume_sensor"};C:\Users\Antoi\.cargo\registry\src\index.crates.io-1949cf8c6b5b557f\bevy_ecs-0.18.1\src\system\function_system.rs;52;5540617;0.005989;18163;305;90;11111;424.433707
system{name="bevy_rapier3d::plugin::systems::step_simulation<()>"};C:\Users\Antoi\.cargo\registry\src\index.crates.io-1949cf8c6b5b557f\bevy_ecs-0.18.1\src\system\function_system.rs;52;334487153;0.361532;5734;58333;15763;1237092;30410.298391
asset loading{loader="bevy_image::image_loader::ImageLoader" asset="ui/menu_video/frame_0117.webp"};C:\Users\Antoi\.cargo\registry\src\index.crates.io-1949cf8c6b5b557f\bevy_asset-0.18.1\src\server\loaders.rs;332;14259351;0.015412;7;2037050;132;14217646;5371143.836487
system_commands{name="bevy_pbr::render::skin::no_automatic_skin_batching"};C:\Users\Antoi\.cargo\registry\src\index.crates.io-1949cf8c6b5b557f\bevy_ecs-0.18.1\src\system\function_system.rs;54;16524225;0.017860;18163;909;208;86268;1119.121927
system{name="forgia_mode_roguelite::trempe::sys_sync_trempe_current"};C:\Users\Antoi\.cargo\registry\src\index.crates.io-1949cf8c6b5b557f\bevy_ecs-0.18.1\src\system\function_system.rs;52;4755121;0.005140;17308;274;102;79055;615.848361
plugin build{plugin="bevy_water::water::WaterPlugin"};C:\Users\Antoi\.cargo\registry\src\index.crates.io-1949cf8c6b5b557f\bevy_app-0.18.1\src\app.rs;529;822759;0.000889;1;822759;822759;822759;0.000000
plugin build{plugin="bevy_image::image::ImagePlugin"};C:\Users\Antoi\.cargo\registry\src\index.crates.io-1949cf8c6b5b557f\bevy_app-0.18.1\src\app.rs;529;32675;0.000035;1;32675;32675;32675;0.000000
plugin cleanup{plugin="bevy_core_pipeline::CorePipelinePlugin"};C:\Users\Antoi\.cargo\registry\src\index.crates.io-1949cf8c6b5b557f\bevy_app-0.18.1\src\app.rs;292;1113;0.000001;1;1113;1113;1113;0.000000
system{name="bevy_scene::scene_spawner::scene_spawner_system"};C:\Users\Antoi\.cargo\registry\src\index.crates.io-1949cf8c6b5b557f\bevy_ecs-0.18.1\src\system\function_system.rs;52;68785725;0.074347;18163;3787;1457;1650360;19418.872230
system{name="bevy_sprite_render::mesh2d::material::init_material_2d_pipeline<bevy_sprite_render::tilemap_chunk::tilemap_chunk_material::TilemapChunkMaterial>"};C:\Users\Antoi\.cargo\registry\src\index.crates.io-1949cf8c6b5b557f\bevy_ecs-0.18.1\src\system\function_system.rs;52;18376;0.000020;1;18376;18376;18376;0.000000
asset loading{loader="bevy_kira_audio::source::ogg_loader::OggLoader" asset="audio/roguelite/weapons/lenoir.ogg"};C:\Users\Antoi\.cargo\registry\src\index.crates.io-1949cf8c6b5b557f\bevy_asset-0.18.1\src\server\loaders.rs;332;689031;0.000745;5;137806;243;649540;286226.242684
asset loading{loader="bevy_image::image_loader::ImageLoader" asset="ui/menu_video/frame_0012.webp"};C:\Users\Antoi\.cargo\registry\src\index.crates.io-1949cf8c6b5b557f\bevy_asset-0.18.1\src\server\loaders.rs;332;15017372;0.016232;8;1877171;105;14990236;5298480.408886
system_commands{name="bevy_audio::audio_output::play_queued_audio_system<bevy_audio::pitch::Pitch>"};C:\Users\Antoi\.cargo\registry\src\index.crates.io-1949cf8c6b5b557f\bevy_ecs-0.18.1\src\system\function_system.rs;54;2208044;0.002387;18163;121;50;71373;535.578903
system{name="forgia_observability::lifecycle_sensor::obs_arena_bot_added"};C:\Users\Antoi\.cargo\registry\src\index.crates.io-1949cf8c6b5b557f\bevy_ecs-0.18.1\src\system\function_system.rs;52;1266;0.000001;20;63;57;86;8.626764
asset loading{loader="bevy_shader::shader::ShaderLoader" asset="embedded://bevy_pbr\\atmosphere\\types.wgsl"};C:\Users\Antoi\.cargo\registry\src\index.crates.io-1949cf8c6b5b557f\bevy_asset-0.18.1\src\server\loaders.rs;332;97960;0.000106;2;48980;108;97852;69115.445220
system{name="<bevy_egui::EguiPlugin as bevy_app::plugin::Plugin>::build::{{closure}}"};C:\Users\Antoi\.cargo\registry\src\index.crates.io-1949cf8c6b5b557f\bevy_ecs-0.18.1\src\system\function_system.rs;52;16449079;0.017779;72653;226;52;1583784;6938.965622
plugin cleanup{plugin="bevy_internal::default_plugins::IgnoreAmbiguitiesPlugin"};C:\Users\Antoi\.cargo\registry\src\index.crates.io-1949cf8c6b5b557f\bevy_app-0.18.1\src\app.rs;292;114;0.000000;1;114;114;114;0.000000
plugin finish{plugin="bevy_render::batching::gpu_preprocessing::BatchingPlugin"};C:\Users\Antoi\.cargo\registry\src\index.crates.io-1949cf8c6b5b557f\bevy_app-0.18.1\src\app.rs;272;82336;0.000089;1;82336;82336;82336;0.000000
system{name="bevy_asset::assets::Assets<bevy_shader::shader::Shader>::track_assets"};C:\Users\Antoi\.cargo\registry\src\index.crates.io-1949cf8c6b5b557f\bevy_ecs-0.18.1\src\system\function_system.rs;52;13798892;0.014915;18163;759;223;478297;4196.109799
plugin cleanup{plugin="forgia_mode_roguelite::boss_portal::BossPortalPlugin"};C:\Users\Antoi\.cargo\registry\src\index.crates.io-1949cf8c6b5b557f\bevy_app-0.18.1\src\app.rs;292;3173;0.000003;1;3173;3173;3173;0.000000
system{name="bevy_render::extract_component::extract_components<bevy_core_pipeline::tonemapping::Tonemapping>"};C:\Users\Antoi\.cargo\registry\src\index.crates.io-1949cf8c6b5b557f\bevy_ecs-0.18.1\src\system\function_system.rs;52;8018390;0.008667;18163;441;213;24374;383.218405
system{name="forgia_prefab::write_prefab_sensor"};C:\Users\Antoi\.cargo\registry\src\index.crates.io-1949cf8c6b5b557f\bevy_ecs-0.18.1\src\system\function_system.rs;52;4945441;0.005345;18163;272;86;7544;184.478437
plugin finish{plugin="bevy_render::extract_resource::ExtractResourcePlugin<bevy_pbr::material::DefaultOpaqueRendererMethod>"};C:\Users\Antoi\.cargo\registry\src\index.crates.io-1949cf8c6b5b557f\bevy_app-0.18.1\src\app.rs;272;67;0.000000;1;67;67;67;0.000000
system_commands{name="forgia_mode_roguelite::meta_shop::sys_lobby_cleanup"};C:\Users\Antoi\.cargo\registry\src\index.crates.io-1949cf8c6b5b557f\bevy_ecs-0.18.1\src\system\function_system.rs;54;235375;0.000254;1;235375;235375;235375;0.000000
par_for_each{query="(bevy_ecs::entity::Entity, &bevy_camera::visibility::InheritedVisibility, core::option::Option<&bevy_camera::visibility::render_layers::RenderLayers>, core::option::Option<&bevy_camera::primitives::Aabb>, core::option::Option<&bevy_transform::components::global_transform::GlobalTransform>, bevy_ecs::query::fetch::Has<bevy_camera::visibility::range::VisibilityRange>, bevy_ecs::query::fetch::Has<bevy_camera::visibility::NoFrustumCulling>)" filter="(bevy_ecs::query::filter::Without<bevy_light::NotShadowCaster>, bevy_ecs::query::filter::Without<bevy_light::directional_light::DirectionalLight>, bevy_ecs::query::filter::With<bevy_mesh::components::Mesh3d>)"};C:\Users\Antoi\.cargo\registry\src\index.crates.io-1949cf8c6b5b557f\bevy_ecs-0.18.1\src\query\state.rs;246;2824636049;3.053020;2959962;954;75;1401296;1667.077674
asset loading{loader="bevy_shader::shader::ShaderLoader" asset="embedded://bevy_render\\experimental\\occlusion_culling\\mesh_preprocess_types.wgsl"};C:\Users\Antoi\.cargo\registry\src\index.crates.io-1949cf8c6b5b557f\bevy_asset-0.18.1\src\server\loaders.rs;332;3047398;0.003294;2;1523699;164;3047234;2154603.859750
plugin build{plugin="bevy_render::sync_component::SyncComponentPlugin<bevy_light::ambient_light::AmbientLight>"};C:\Users\Antoi\.cargo\registry\src\index.crates.io-1949cf8c6b5b557f\bevy_app-0.18.1\src\app.rs;529;4216;0.000005;1;4216;4216;4216;0.000000
system{name="forgia_mode_roguelite::boons_apply::sys_apply_chain_targets"};C:\Users\Antoi\.cargo\registry\src\index.crates.io-1949cf8c6b5b557f\bevy_ecs-0.18.1\src\system\function_system.rs;52;5453868;0.005895;17308;315;78;85882;671.040258
plugin cleanup{plugin="bevy_time::TimePlugin"};C:\Users\Antoi\.cargo\registry\src\index.crates.io-1949cf8c6b5b557f\bevy_app-0.18.1\src\app.rs;292;56;0.000000;1;56;56;56;0.000000
system{name="bevy_asset::assets::Assets<forgia_genome_core::Genome<forgia_fps::pepin::PepinTuning>>::asset_events_condition"};C:\Users\Antoi\.cargo\registry\src\index.crates.io-1949cf8c6b5b557f\bevy_ecs-0.18.1\src\system\function_system.rs;52;1850975;0.002001;18163;101;53;6621;72.317709
system_commands{name="forgia_mode_roguelite::loot_room::sys_setup"};C:\Users\Antoi\.cargo\registry\src\index.crates.io-1949cf8c6b5b557f\bevy_ecs-0.18.1\src\system\function_system.rs;54;1794295;0.001939;1;1794295;1794295;1794295;0.000000
plugin build{plugin="bevy_ui_render::color_space::ColorSpacePlugin"};C:\Users\Antoi\.cargo\registry\src\index.crates.io-1949cf8c6b5b557f\bevy_app-0.18.1\src\app.rs;529;4880;0.000005;1;4880;4880;4880;0.000000
system_commands{name="forgia_fps::pepin::load_pepin_tuning"};C:\Users\Antoi\.cargo\registry\src\index.crates.io-1949cf8c6b5b557f\bevy_ecs-0.18.1\src\system\function_system.rs;54;900;0.000001;1;900;900;900;0.000000
asset loading{loader="bevy_image::image_loader::ImageLoader" asset="textures/pbr/jolcham_oak_bark_01/jolcham_oak_bark_01_nor_gl_2k.ktx2"};C:\Users\Antoi\.cargo\registry\src\index.crates.io-1949cf8c6b5b557f\bevy_asset-0.18.1\src\server\loaders.rs;332;133916845;0.144745;14;9565488;180;131040702;34964431.059060
system{name="<leafwing_input_manager::user_input::mouse::MouseMove as leafwing_input_manager::user_input::updating::UpdatableInput>::compute"};C:\Users\Antoi\.cargo\registry\src\index.crates.io-1949cf8c6b5b557f\bevy_ecs-0.18.1\src\system\function_system.rs;52;17965090;0.019418;18163;989;368;50519;468.608653
system{name="bevy_app::propagate::propagate_output<bevy_ui::ui_node::ComputedUiRenderTargetInfo, ()>"};C:\Users\Antoi\.cargo\registry\src\index.crates.io-1949cf8c6b5b557f\bevy_ecs-0.18.1\src\system\function_system.rs;52;8165524;0.008826;18163;449;132;23009;289.476275
system{name="forgia_mode_roguelite::defense::sys_regen_defense"};C:\Users\Antoi\.cargo\registry\src\index.crates.io-1949cf8c6b5b557f\bevy_ecs-0.18.1\src\system\function_system.rs;52;3835324;0.004145;5360;715;173;9266;234.981865
system{name="bevy_state::state::transitions::last_transition<forgia_mode_roguelite::run::RunState>"};C:\Users\Antoi\.cargo\registry\src\index.crates.io-1949cf8c6b5b557f\bevy_ecs-0.18.1\src\system\function_system.rs;52;4200798;0.004540;54492;77;53;39805;175.889244
system{name="bevy_state::state::freely_mutable_state::apply_state_transition<forgia_core::states::GameMode>"};C:\Users\Antoi\.cargo\registry\src\index.crates.io-1949cf8c6b5b557f\bevy_ecs-0.18.1\src\system\function_system.rs;52;3359998;0.003632;18164;184;87;4536;68.940858
system{name="forgia_ui::main_menu_ui"};C:\Users\Antoi\.cargo\registry\src\index.crates.io-1949cf8c6b5b557f\bevy_ecs-0.18.1\src\system\function_system.rs;52;64994697;0.070250;18163;3578;220;1022081;15211.155426
system_commands{name="forgia_mode_roguelite::toon_config::sys_init_toon_genome"};C:\Users\Antoi\.cargo\registry\src\index.crates.io-1949cf8c6b5b557f\bevy_ecs-0.18.1\src\system\function_system.rs;54;4058;0.000004;1;4058;4058;4058;0.000000
plugin cleanup{plugin="bevy_core_pipeline::oit::OrderIndependentTransparencyPlugin"};C:\Users\Antoi\.cargo\registry\src\index.crates.io-1949cf8c6b5b557f\bevy_app-0.18.1\src\app.rs;292;54;0.000000;1;54;54;54;0.000000
plugin finish{plugin="bevy_pbr::render::gpu_preprocess::GpuMeshPreprocessPlugin"};C:\Users\Antoi\.cargo\registry\src\index.crates.io-1949cf8c6b5b557f\bevy_app-0.18.1\src\app.rs;272;104563;0.000113;1;104563;104563;104563;0.000000
system{name="forgia_mode_roguelite::enemy_rig_debug::sys_draw_enemy_bones"};C:\Users\Antoi\.cargo\registry\src\index.crates.io-1949cf8c6b5b557f\bevy_ecs-0.18.1\src\system\function_system.rs;52;10570479;0.011425;17308;610;194;201369;1763.837517
system{name="bevy_render::render_phase::sweep_old_entities<bevy_core_pipeline::prepass::Opaque3dPrepass>"};C:\Users\Antoi\.cargo\registry\src\index.crates.io-1949cf8c6b5b557f\bevy_ecs-0.18.1\src\system\function_system.rs;52;2884024;0.003117;18162;158;57;4429;84.190118
schedule{name=OnEnter(Paused)};C:\Users\Antoi\.cargo\registry\src\index.crates.io-1949cf8c6b5b557f\bevy_ecs-0.18.1\src\schedule\schedule.rs;532;2777445;0.003002;2;1388722;238557;2538888;1626579.649074
plugin finish{plugin="forgia_foliage::ForgiaFoliagePlugin"};C:\Users\Antoi\.cargo\registry\src\index.crates.io-1949cf8c6b5b557f\bevy_app-0.18.1\src\app.rs;272;57;0.000000;1;57;57;57;0.000000
system{name="forgia_mode_roguelite::render_quality::sys_apply_ssao"};C:\Users\Antoi\.cargo\registry\src\index.crates.io-1949cf8c6b5b557f\bevy_ecs-0.18.1\src\system\function_system.rs;52;8255027;0.008922;17308;476;168;82980;685.565200
system{name="bevy_gizmos::end_gizmo_context<bevy_gizmos::light::LightGizmoConfigGroup, bevy_time::fixed::Fixed>"};C:\Users\Antoi\.cargo\registry\src\index.crates.io-1949cf8c6b5b557f\bevy_ecs-0.18.1\src\system\function_system.rs;52;2795087;0.003021;18163;153;60;11398;186.997711
plugin build{plugin="bevy_pbr::render::fog::FogPlugin"};C:\Users\Antoi\.cargo\registry\src\index.crates.io-1949cf8c6b5b557f\bevy_app-0.18.1\src\app.rs;529;33012;0.000036;1;33012;33012;33012;0.000000
system{name="bevy_pbr::render::mesh::collect_meshes_for_gpu_building"};C:\Users\Antoi\.cargo\registry\src\index.crates.io-1949cf8c6b5b557f\bevy_ecs-0.18.1\src\system\function_system.rs;52;257078565;0.277864;18162;14154;1636;1731330;15353.838004
system{name="forgia_mode_roguelite::head_hitbox::sys_write_head_hitbox_sensor"};C:\Users\Antoi\.cargo\registry\src\index.crates.io-1949cf8c6b5b557f\bevy_ecs-0.18.1\src\system\function_system.rs;52;3445289;0.003724;17308;199;73;13295;190.932728
node{name="bevy_pbr::render::gpu_preprocess::EarlyGpuPreprocessNode"};C:\Users\Antoi\.cargo\registry\src\index.crates.io-1949cf8c6b5b557f\bevy_render-0.18.1\src\renderer\graph_runner.rs;240;135179040;0.146109;36324;3721;1030;113264;2214.266236
plugin finish{plugin="bevy_light::LightPlugin"};C:\Users\Antoi\.cargo\registry\src\index.crates.io-1949cf8c6b5b557f\bevy_app-0.18.1\src\app.rs;272;55;0.000000;1;55;55;55;0.000000
system{name="bevy_ecs::schedule::condition::common_conditions::resource_changed<bevy_water::water::WaterSettings>"};C:\Users\Antoi\.cargo\registry\src\index.crates.io-1949cf8c6b5b557f\bevy_ecs-0.18.1\src\system\function_system.rs;52;3288759;0.003555;36326;90;53;11377;69.268784
system_commands{name="forgia_mode_roguelite::boons_apply::sys_sync_player_health_guard"};C:\Users\Antoi\.cargo\registry\src\index.crates.io-1949cf8c6b5b557f\bevy_ecs-0.18.1\src\system\function_system.rs;54;1227841;0.001327;17308;70;50;73949;667.095625
system_commands{name="bevy_sprite_render::texture_slice::computed_slices::compute_slices_on_asset_event"};C:\Users\Antoi\.cargo\registry\src\index.crates.io-1949cf8c6b5b557f\bevy_ecs-0.18.1\src\system\function_system.rs;54;5912390;0.006390;18163;325;50;25675;246.297553
system{name="forgia_mode_roguelite::defense::sys_attach_player_defense"};C:\Users\Antoi\.cargo\registry\src\index.crates.io-1949cf8c6b5b557f\bevy_ecs-0.18.1\src\system\function_system.rs;52;9378275;0.010137;17308;541;155;451331;3512.596804
system{name="bevy_sprite_render::render::init_sprite_pipeline"};C:\Users\Antoi\.cargo\registry\src\index.crates.io-1949cf8c6b5b557f\bevy_ecs-0.18.1\src\system\function_system.rs;52;61974;0.000067;1;61974;61974;61974;0.000000
system_commands{name="bevy_ui_render::pipeline::init_ui_pipeline"};C:\Users\Antoi\.cargo\registry\src\index.crates.io-1949cf8c6b5b557f\bevy_ecs-0.18.1\src\system\function_system.rs;54;2384;0.000003;1;2384;2384;2384;0.000000
system{name="bevy_render::render_asset::prepare_assets<bevy_gizmos_render::GpuLineGizmo>"};C:\Users\Antoi\.cargo\registry\src\index.crates.io-1949cf8c6b5b557f\bevy_ecs-0.18.1\src\system\function_system.rs;52;13722873;0.014832;18162;755;347;56398;521.443854
plugin build{plugin="bevy_pbr::material::MaterialPlugin<bevy_pbr::extended_material::ExtendedMaterial<bevy_pbr::pbr_material::StandardMaterial, bevy_pbr::decal::forward::ForwardDecalMaterialExt>>"};C:\Users\Antoi\.cargo\registry\src\index.crates.io-1949cf8c6b5b557f\bevy_app-0.18.1\src\app.rs;529;58879;0.000064;1;58879;58879;58879;0.000000
plugin finish{plugin="forgia_qa_replay::plugin::ForgiaQaReplayPlugin"};C:\Users\Antoi\.cargo\registry\src\index.crates.io-1949cf8c6b5b557f\bevy_app-0.18.1\src\app.rs;272;53;0.000000;1;53;53;53;0.000000
system{name="forgia_observability::qa_bridge::sys_write_qa_sensor"};C:\Users\Antoi\.cargo\registry\src\index.crates.io-1949cf8c6b5b557f\bevy_ecs-0.18.1\src\system\function_system.rs;52;6669351;0.007209;18163;367;107;56004;615.982866
system{name="bevy_anti_alias::fxaa::init_fxaa_pipeline"};C:\Users\Antoi\.cargo\registry\src\index.crates.io-1949cf8c6b5b557f\bevy_ecs-0.18.1\src\system\function_system.rs;52;71041;0.000077;1;71041;71041;71041;0.000000
system_commands{name="forgia_viewmodel::attach::load_weapon_models"};C:\Users\Antoi\.cargo\registry\src\index.crates.io-1949cf8c6b5b557f\bevy_ecs-0.18.1\src\system\function_system.rs;54;3424;0.000004;1;3424;3424;3424;0.000000
system{name="bevy_kira_audio::audio_output::play_audio_channel<forgia_audio::biome::BiomeAmbientChannel>"};C:\Users\Antoi\.cargo\registry\src\index.crates.io-1949cf8c6b5b557f\bevy_ecs-0.18.1\src\system\function_system.rs;52;10616028;0.011474;18163;584;236;81179;1523.382874
plugin cleanup{plugin="bevy_render::sync_component::SyncComponentPlugin<bevy_post_process::dof::DepthOfField>"};C:\Users\Antoi\.cargo\registry\src\index.crates.io-1949cf8c6b5b557f\bevy_app-0.18.1\src\app.rs;292;58;0.000000;1;58;58;58;0.000000
plugin cleanup{plugin="bevy_render::sync_component::SyncComponentPlugin<bevy_anti_alias::taa::TemporalAntiAliasing>"};C:\Users\Antoi\.cargo\registry\src\index.crates.io-1949cf8c6b5b557f\bevy_app-0.18.1\src\app.rs;292;122;0.000000;1;122;122;122;0.000000
plugin finish{plugin="bevy_text::TextPlugin"};C:\Users\Antoi\.cargo\registry\src\index.crates.io-1949cf8c6b5b557f\bevy_app-0.18.1\src\app.rs;272;59;0.000000;1;59;59;59;0.000000
plugin cleanup{plugin="bevy_pbr::light_probe::generate::EnvironmentMapGenerationPlugin"};C:\Users\Antoi\.cargo\registry\src\index.crates.io-1949cf8c6b5b557f\bevy_app-0.18.1\src\app.rs;292;55;0.000000;1;55;55;55;0.000000
system{name="bevy_state::condition::in_state<forgia_core::states::GameMode>::{{closure}}"};C:\Users\Antoi\.cargo\registry\src\index.crates.io-1949cf8c6b5b557f\bevy_ecs-0.18.1\src\system\function_system.rs;52;222878108;0.240899;2044765;108;52;139154;602.657705
asset loading{loader="bevy_image::image_loader::ImageLoader" asset="ui/menu_video/frame_0045.webp"};C:\Users\Antoi\.cargo\registry\src\index.crates.io-1949cf8c6b5b557f\bevy_asset-0.18.1\src\server\loaders.rs;332;15347682;0.016589;7;2192526;153;15314673;5786324.382035
plugin finish{plugin="forgia_mode_roguelite::merchant::MerchantPlugin"};C:\Users\Antoi\.cargo\registry\src\index.crates.io-1949cf8c6b5b557f\bevy_app-0.18.1\src\app.rs;272;54;0.000000;1;54;54;54;0.000000
system{name="forgia_ai_arena_bot::bot_state_machine"};C:\Users\Antoi\.cargo\registry\src\index.crates.io-1949cf8c6b5b557f\bevy_ecs-0.18.1\src\system\function_system.rs;52;21435047;0.023168;18163;1180;131;58430;972.562735
asset loading{loader="bevy_image::image_loader::ImageLoader" asset="ui/menu_video/frame_0088.webp"};C:\Users\Antoi\.cargo\registry\src\index.crates.io-1949cf8c6b5b557f\bevy_asset-0.18.1\src\server\loaders.rs;332;14679119;0.015866;6;2446519;168;14615150;5961399.260683
plugin cleanup{plugin="bevy_render::extract_resource::ExtractResourcePlugin<bevy_pbr::material::DefaultOpaqueRendererMethod>"};C:\Users\Antoi\.cargo\registry\src\index.crates.io-1949cf8c6b5b557f\bevy_app-0.18.1\src\app.rs;292;53;0.000000;1;53;53;53;0.000000
system{name="bevy_ui_render::extract_text_sections"};C:\Users\Antoi\.cargo\registry\src\index.crates.io-1949cf8c6b5b557f\bevy_ecs-0.18.1\src\system\function_system.rs;52;11921648;0.012886;18163;656;159;8666;463.625084
system{name="bevy_gizmos::global::flush_global_gizmos"};C:\Users\Antoi\.cargo\registry\src\index.crates.io-1949cf8c6b5b557f\bevy_ecs-0.18.1\src\system\function_system.rs;52;9886641;0.010686;18163;544;274;183043;1391.710044
plugin finish{plugin="forgia_skeleton_template::SkeletonTemplatePlugin"};C:\Users\Antoi\.cargo\registry\src\index.crates.io-1949cf8c6b5b557f\bevy_app-0.18.1\src\app.rs;272;54;0.000000;1;54;54;54;0.000000
plugin cleanup{plugin="forgia_mode_fps_arena::wave::ArenaWavesPlugin"};C:\Users\Antoi\.cargo\registry\src\index.crates.io-1949cf8c6b5b557f\bevy_app-0.18.1\src\app.rs;292;60;0.000000;1;60;60;60;0.000000
system{name="bevy_app::propagate::on_r_inserted<bevy_ui::ui_node::ComputedUiRenderTargetInfo, (), bevy_ecs::hierarchy::ChildOf>"};C:\Users\Antoi\.cargo\registry\src\index.crates.io-1949cf8c6b5b557f\bevy_ecs-0.18.1\src\system\function_system.rs;52;275235;0.000297;2020;136;59;6711;337.700741
system{name="bevy_render::render_asset::prepare_assets<bevy_sprite_render::mesh2d::material::PreparedMaterial2d<bevy_sprite_render::tilemap_chunk::tilemap_chunk_material::TilemapChunkMaterial>>"};C:\Users\Antoi\.cargo\registry\src\index.crates.io-1949cf8c6b5b557f\bevy_ecs-0.18.1\src\system\function_system.rs;52;12975457;0.014025;18162;714;244;31108;416.756426
plugin build{plugin="bevy_render::extract_component::UniformComponentPlugin<bevy_core_pipeline::skybox::SkyboxUniforms>"};C:\Users\Antoi\.cargo\registry\src\index.crates.io-1949cf8c6b5b557f\bevy_app-0.18.1\src\app.rs;529;7353;0.000008;1;7353;7353;7353;0.000000
plugin cleanup{plugin="bevy_anti_alias::contrast_adaptive_sharpening::CasPlugin"};C:\Users\Antoi\.cargo\registry\src\index.crates.io-1949cf8c6b5b557f\bevy_app-0.18.1\src\app.rs;292;53;0.000000;1;53;53;53;0.000000
system{name="bevy_camera::visibility::update_frusta"};C:\Users\Antoi\.cargo\registry\src\index.crates.io-1949cf8c6b5b557f\bevy_ecs-0.18.1\src\system\function_system.rs;52;33174924;0.035857;18163;1826;274;155317;1665.063214
asset loading{loader="bevy_image::image_loader::ImageLoader" asset="ui/menu_video/frame_0048.webp"};C:\Users\Antoi\.cargo\registry\src\index.crates.io-1949cf8c6b5b557f\bevy_asset-0.18.1\src\server\loaders.rs;332;16386675;0.017712;5;3277335;159;16343209;7304051.991373
system{name="bevy_ui_render::queue_uinodes"};C:\Users\Antoi\.cargo\registry\src\index.crates.io-1949cf8c6b5b557f\bevy_ecs-0.18.1\src\system\function_system.rs;52;13219445;0.014288;18162;727;218;82849;1085.116773
system_commands{name="forgia_game::color_grading::sys_init"};C:\Users\Antoi\.cargo\registry\src\index.crates.io-1949cf8c6b5b557f\bevy_ecs-0.18.1\src\system\function_system.rs;54;8451;0.000009;1;8451;8451;8451;0.000000
asset loading{loader="bevy_image::image_loader::ImageLoader" asset="ui/menu_video/frame_0066.webp"};C:\Users\Antoi\.cargo\registry\src\index.crates.io-1949cf8c6b5b557f\bevy_asset-0.18.1\src\server\loaders.rs;332;14354454;0.015515;6;2392409;186;14316884;5841778.073756
system{name="forgia_fps::bourrasque::sys_update_stats"};C:\Users\Antoi\.cargo\registry\src\index.crates.io-1949cf8c6b5b557f\bevy_ecs-0.18.1\src\system\function_system.rs;52;5245470;0.005670;18163;288;111;45013;348.363539
system_commands{name="bevy_render::erased_render_asset::extract_erased_render_asset<bevy_pbr::mesh_material::MeshMaterial3d<bevy_pbr::extended_material::ExtendedMaterial<bevy_pbr::pbr_material::StandardMaterial, bevy_pbr::decal::forward::ForwardDecalMaterialExt>>>"};C:\Users\Antoi\.cargo\registry\src\index.crates.io-1949cf8c6b5b557f\bevy_ecs-0.18.1\src\system\function_system.rs;54;17097255;0.018480;18162;941;354;19481;335.125603
system{name="forgia_fps::weapon_select_system"};C:\Users\Antoi\.cargo\registry\src\index.crates.io-1949cf8c6b5b557f\bevy_ecs-0.18.1\src\system\function_system.rs;52;6320335;0.006831;17308;365;90;151752;1699.007601
plugin build{plugin="leafwing_input_manager::plugin::CentralInputStorePlugin"};C:\Users\Antoi\.cargo\registry\src\index.crates.io-1949cf8c6b5b557f\bevy_app-0.18.1\src\app.rs;529;138218;0.000149;1;138218;138218;138218;0.000000
plugin cleanup{plugin="forgia_juice_lib::fov_punch::ForgiaJuiceFovPunchPlugin"};C:\Users\Antoi\.cargo\registry\src\index.crates.io-1949cf8c6b5b557f\bevy_app-0.18.1\src\app.rs;292;53;0.000000;1;53;53;53;0.000000
system{name="forgia_mode_roguelite::element_vfx::sys_init_element_bursts"};C:\Users\Antoi\.cargo\registry\src\index.crates.io-1949cf8c6b5b557f\bevy_ecs-0.18.1\src\system\function_system.rs;52;232673;0.000251;1;232673;232673;232673;0.000000
system{name="bevy_camera::visibility::reset_view_visibility"};C:\Users\Antoi\.cargo\registry\src\index.crates.io-1949cf8c6b5b557f\bevy_ecs-0.18.1\src\system\function_system.rs;52;2086364131;2.255056;18163;114868;38310;1177117;40267.680851
system{name="bevy_asset::assets::Assets<forgia_genome_core::Genome<forgia_ui_lib::hud_ammo::tuning::AmmoHudTuning>>::track_assets"};C:\Users\Antoi\.cargo\registry\src\index.crates.io-1949cf8c6b5b557f\bevy_ecs-0.18.1\src\system\function_system.rs;52;17531875;0.018949;18163;965;125;469370;6638.121005
plugin build{plugin="bevy_pbr::medium::ScatteringMediumPlugin"};C:\Users\Antoi\.cargo\registry\src\index.crates.io-1949cf8c6b5b557f\bevy_app-0.18.1\src\app.rs;529;43090;0.000047;1;43090;43090;43090;0.000000
system{name="forgia_mode_roguelite::hub::sync_forge_arm_preview"};C:\Users\Antoi\.cargo\registry\src\index.crates.io-1949cf8c6b5b557f\bevy_ecs-0.18.1\src\system\function_system.rs;52;16840;0.000018;91;185;88;510;78.257623
system_commands{name="bevy_render::globals::extract_time"};C:\Users\Antoi\.cargo\registry\src\index.crates.io-1949cf8c6b5b557f\bevy_ecs-0.18.1\src\system\function_system.rs;54;9691631;0.010475;18162;533;252;37249;304.990599
system{name="bevy_core_pipeline::deferred::copy_lighting_id::prepare_deferred_lighting_id_textures"};C:\Users\Antoi\.cargo\registry\src\index.crates.io-1949cf8c6b5b557f\bevy_ecs-0.18.1\src\system\function_system.rs;52;4356557;0.004709;18162;239;68;86266;770.520517
plugin build{plugin="forgia_stage::graph::ForgiaStageGraphPlugin"};C:\Users\Antoi\.cargo\registry\src\index.crates.io-1949cf8c6b5b557f\bevy_app-0.18.1\src\app.rs;529;591267;0.000639;1;591267;591267;591267;0.000000
plugin build{plugin="bevy_render::render_asset::RenderAssetPlugin<bevy_sprite_render::mesh2d::material::PreparedMaterial2d<bevy_sprite_render::tilemap_chunk::tilemap_chunk_material::TilemapChunkMaterial>>"};C:\Users\Antoi\.cargo\registry\src\index.crates.io-1949cf8c6b5b557f\bevy_app-0.18.1\src\app.rs;529;16353;0.000018;1;16353;16353;16353;0.000000
plugin finish{plugin="bevy_render::mesh::allocator::MeshAllocatorPlugin"};C:\Users\Antoi\.cargo\registry\src\index.crates.io-1949cf8c6b5b557f\bevy_app-0.18.1\src\app.rs;272;4011;0.000004;1;4011;4011;4011;0.000000
system{name="forgia_worldgen::streaming::sys_toggle_streaming"};C:\Users\Antoi\.cargo\registry\src\index.crates.io-1949cf8c6b5b557f\bevy_ecs-0.18.1\src\system\function_system.rs;52;8373099;0.009050;17308;483;113;8108;153.724800
system{name="bevy_asset::assets::Assets<bevy_kira_audio::instance::AudioInstance>::asset_events"};C:\Users\Antoi\.cargo\registry\src\index.crates.io-1949cf8c6b5b557f\bevy_ecs-0.18.1\src\system\function_system.rs;52;18668;0.000020;30;622;431;1963;277.778875
system{name="bevy_gizmos_render::pipeline_3d::queue_line_joint_gizmos_3d"};C:\Users\Antoi\.cargo\registry\src\index.crates.io-1949cf8c6b5b557f\bevy_ecs-0.18.1\src\system\function_system.rs;52;23757845;0.025679;18162;1308;513;124771;1451.414502
system{name="bevy_asset::assets::Assets<bevy_image::image::Image>::asset_events_condition"};C:\Users\Antoi\.cargo\registry\src\index.crates.io-1949cf8c6b5b557f\bevy_ecs-0.18.1\src\system\function_system.rs;52;1628133;0.001760;18163;89;53;4582;53.452933
system{name="bevy_input::gamepad::gamepad_event_processing_system"};C:\Users\Antoi\.cargo\registry\src\index.crates.io-1949cf8c6b5b557f\bevy_ecs-0.18.1\src\system\function_system.rs;52;11952992;0.012919;18163;658;170;72991;601.770067
system{name="bevy_light::cascade::clear_directional_light_cascades"};C:\Users\Antoi\.cargo\registry\src\index.crates.io-1949cf8c6b5b557f\bevy_ecs-0.18.1\src\system\function_system.rs;52;26654367;0.028809;18163;1467;227;121487;1339.347364
system{name="forgia_mode_roguelite::sys_toggle_collider_debug"};C:\Users\Antoi\.cargo\registry\src\index.crates.io-1949cf8c6b5b557f\bevy_ecs-0.18.1\src\system\function_system.rs;52;6660800;0.007199;18163;366;146;17652;193.491478
system{name="bevy_pbr::volumetric_fog::render::prepare_volumetric_fog_pipelines"};C:\Users\Antoi\.cargo\registry\src\index.crates.io-1949cf8c6b5b557f\bevy_ecs-0.18.1\src\system\function_system.rs;52;13690534;0.014797;18162;753;211;82061;1084.069367
system{name="bevy_render::erased_render_asset::prepare_erased_assets<bevy_pbr::mesh_material::MeshMaterial3d<bevy_pbr::extended_material::ExtendedMaterial<bevy_pbr::pbr_material::StandardMaterial, bevy_water::water::material::WaterMaterial>>>"};C:\Users\Antoi\.cargo\registry\src\index.crates.io-1949cf8c6b5b557f\bevy_ecs-0.18.1\src\system\function_system.rs;52;6206741583;6.708583;18162;341743;274733;1677943;63621.685159
plugin cleanup{plugin="bevy_app::propagate::HierarchyPropagatePlugin<bevy_ui::ui_node::ComputedUiTargetCamera>"};C:\Users\Antoi\.cargo\registry\src\index.crates.io-1949cf8c6b5b557f\bevy_app-0.18.1\src\app.rs;292;61;0.000000;1;61;61;61;0.000000
system{name="forgia_mode_roguelite::loot_room::sys_setup"};C:\Users\Antoi\.cargo\registry\src\index.crates.io-1949cf8c6b5b557f\bevy_ecs-0.18.1\src\system\function_system.rs;52;867364;0.000937;1;867364;867364;867364;0.000000
system{name="bevy_state::state::transitions::run_exit<forgia_core::states::AppMode>"};C:\Users\Antoi\.cargo\registry\src\index.crates.io-1949cf8c6b5b557f\bevy_ecs-0.18.1\src\system\function_system.rs;52;3497090;0.003780;18164;192;65;1065385;7981.411459
asset loading{loader="forgia_genome_core::GenomeLoader<forgia_viewmodel::genome::ViewmodelGenome>" asset="genomes/viewmodel_arena.toml"};C:\Users\Antoi\.cargo\registry\src\index.crates.io-1949cf8c6b5b557f\bevy_asset-0.18.1\src\server\loaders.rs;332;518835;0.000561;6;86472;183;448917;179299.693642
plugin cleanup{plugin="bevy_render::render_asset::RenderAssetPlugin<bevy_render::mesh::RenderMesh, bevy_render::texture::gpu_image::GpuImage>"};C:\Users\Antoi\.cargo\registry\src\index.crates.io-1949cf8c6b5b557f\bevy_app-0.18.1\src\app.rs;292;125;0.000000;1;125;125;125;0.000000
system{name="bevy_pbr::material::extract_entities_needs_specialization<bevy_pbr::pbr_material::StandardMaterial>"};C:\Users\Antoi\.cargo\registry\src\index.crates.io-1949cf8c6b5b557f\bevy_ecs-0.18.1\src\system\function_system.rs;52;18508269;0.020005;18163;1019;89;11889;691.534065
asset loading{loader="bevy_image::image_loader::ImageLoader" asset="ui/menu_video/frame_0021.webp"};C:\Users\Antoi\.cargo\registry\src\index.crates.io-1949cf8c6b5b557f\bevy_asset-0.18.1\src\server\loaders.rs;332;13949271;0.015077;6;2324878;144;13916556;5678740.685646
system{name="forgia_fps::pepin::sys_update_confidence"};C:\Users\Antoi\.cargo\registry\src\index.crates.io-1949cf8c6b5b557f\bevy_ecs-0.18.1\src\system\function_system.rs;52;6499020;0.007024;18163;357;81;93431;771.605721
system{name="bevy_egui::run_egui_context_pass_loop_system"};C:\Users\Antoi\.cargo\registry\src\index.crates.io-1949cf8c6b5b557f\bevy_ecs-0.18.1\src\system\function_system.rs;52;7507137574;8.114122;18163;413320;204134;7565979;128612.524799
plugin cleanup{plugin="forgia_assets::ForgiaAssetsPlugin"};C:\Users\Antoi\.cargo\registry\src\index.crates.io-1949cf8c6b5b557f\bevy_app-0.18.1\src\app.rs;292;57;0.000000;1;57;57;57;0.000000
check_conditions{name="leafwing_input_manager::systems::update_action_state<forgia_input::PlayerAction>"};C:\Users\Antoi\.cargo\registry\src\index.crates.io-1949cf8c6b5b557f\bevy_ecs-0.18.1\src\schedule\executor\single_threaded.rs;83;14554453;0.015731;18163;801;56;88828;1103.117544
system{name="forgia_observability::vram_sensor::sys_write_vram_sensor"};C:\Users\Antoi\.cargo\registry\src\index.crates.io-1949cf8c6b5b557f\bevy_ecs-0.18.1\src\system\function_system.rs;52;9894686;0.010695;18163;544;63;521943;10761.616629
plugin build{plugin="bevy_render::extract_component::UniformComponentPlugin<bevy_post_process::motion_blur::MotionBlurUniform>"};C:\Users\Antoi\.cargo\registry\src\index.crates.io-1949cf8c6b5b557f\bevy_app-0.18.1\src\app.rs;529;2409;0.000003;1;2409;2409;2409;0.000000
system_commands{name="bevy_pbr::ssao::prepare_ssao_textures"};C:\Users\Antoi\.cargo\registry\src\index.crates.io-1949cf8c6b5b557f\bevy_ecs-0.18.1\src\system\function_system.rs;54;1606917;0.001737;18162;88;52;909;29.215080
system_commands{name="bevy_state::state::freely_mutable_state::apply_state_transition<forgia_core::states::GameMode>"};C:\Users\Antoi\.cargo\registry\src\index.crates.io-1949cf8c6b5b557f\bevy_ecs-0.18.1\src\system\function_system.rs;54;8406699;0.009086;18164;462;73;106395;1204.652481
asset loading{loader="bevy_shader::shader::ShaderLoader" asset="embedded://bevy_render\\view\\view.wgsl"};C:\Users\Antoi\.cargo\registry\src\index.crates.io-1949cf8c6b5b557f\bevy_asset-0.18.1\src\server\loaders.rs;332;3476190;0.003757;2;1738095;146;3476044;2457831.046513
system{name="bevy_app::propagate::propagate_inherited<bevy_ui::ui_node::ComputedUiRenderTargetInfo, (), bevy_ecs::hierarchy::ChildOf>"};C:\Users\Antoi\.cargo\registry\src\index.crates.io-1949cf8c6b5b557f\bevy_ecs-0.18.1\src\system\function_system.rs;52;10690052;0.011554;18163;588;142;32001;432.953421
plugin cleanup{plugin="forgia_ui_lib::hud_ammo::ForgiaUiHudAmmoPlugin"};C:\Users\Antoi\.cargo\registry\src\index.crates.io-1949cf8c6b5b557f\bevy_app-0.18.1\src\app.rs;292;55;0.000000;1;55;55;55;0.000000
system{name="forgia_mode_roguelite::ftue::sys_write_ftue_sensor"};C:\Users\Antoi\.cargo\registry\src\index.crates.io-1949cf8c6b5b557f\bevy_ecs-0.18.1\src\system\function_system.rs;52;2751068;0.002974;18163;151;65;56772;441.752746
system{name="forgia_observability::watchdog_sensor::sys_update_tick_counter"};C:\Users\Antoi\.cargo\registry\src\index.crates.io-1949cf8c6b5b557f\bevy_ecs-0.18.1\src\system\function_system.rs;52;6062102;0.006552;18163;333;77;18852;330.255891
plugin cleanup{plugin="bevy_render::extract_component::ExtractComponentPlugin<bevy_core_pipeline::tonemapping::DebandDither>"};C:\Users\Antoi\.cargo\registry\src\index.crates.io-1949cf8c6b5b557f\bevy_app-0.18.1\src\app.rs;292;57;0.000000;1;57;57;57;0.000000
system_commands{name="bevy_core_pipeline::deferred::copy_lighting_id::init_copy_deferred_lighting_id_pipeline"};C:\Users\Antoi\.cargo\registry\src\index.crates.io-1949cf8c6b5b557f\bevy_ecs-0.18.1\src\system\function_system.rs;54;7873;0.000009;1;7873;7873;7873;0.000000
asset loading{loader="bevy_shader::shader::ShaderLoader" asset="embedded://bevy_pbr\\prepass\\prepass.wgsl"};C:\Users\Antoi\.cargo\registry\src\index.crates.io-1949cf8c6b5b557f\bevy_asset-0.18.1\src\server\loaders.rs;332;268475;0.000290;2;134237;75;268400;189734.427063
plugin build{plugin="forgia_mode_roguelite::kill_popup::RogueliteKillPopupPlugin"};C:\Users\Antoi\.cargo\registry\src\index.crates.io-1949cf8c6b5b557f\bevy_app-0.18.1\src\app.rs;529;9815;0.000011;1;9815;9815;9815;0.000000
asset loading{loader="bevy_shader::shader::ShaderLoader" asset="embedded://bevy_pbr\\atmosphere\\multiscattering_lut.wgsl"};C:\Users\Antoi\.cargo\registry\src\index.crates.io-1949cf8c6b5b557f\bevy_asset-0.18.1\src\server\loaders.rs;332;302412;0.000327;2;151206;101;302311;213694.740342
plugin finish{plugin="bevy_render::sync_component::SyncComponentPlugin<bevy_pbr::deferred::PbrDeferredLightingDepthId>"};C:\Users\Antoi\.cargo\registry\src\index.crates.io-1949cf8c6b5b557f\bevy_app-0.18.1\src\app.rs;272;56;0.000000;1;56;56;56;0.000000
system{name="bevy_winit::system::changed_cursor_options"};C:\Users\Antoi\.cargo\registry\src\index.crates.io-1949cf8c6b5b557f\bevy_ecs-0.18.1\src\system\function_system.rs;52;19048563;0.020589;18163;1048;258;1341356;17793.643003
system_commands{name="bevy_render::extract_component::prepare_uniform_components<bevy_post_process::dof::DepthOfFieldUniform>"};C:\Users\Antoi\.cargo\registry\src\index.crates.io-1949cf8c6b5b557f\bevy_ecs-0.18.1\src\system\function_system.rs;54;1905769;0.002060;18162;104;53;7626;62.857046
system{name="forgia_mode_roguelite::merchant::sys_write_merchant_sensor"};C:\Users\Antoi\.cargo\registry\src\index.crates.io-1949cf8c6b5b557f\bevy_ecs-0.18.1\src\system\function_system.rs;52;4851027;0.005243;18163;267;80;7598;178.596074
plugin cleanup{plugin="forgia_postprocess::toon::ForgiaPpToonPlugin"};C:\Users\Antoi\.cargo\registry\src\index.crates.io-1949cf8c6b5b557f\bevy_app-0.18.1\src\app.rs;292;56;0.000000;1;56;56;56;0.000000
plugin finish{plugin="bevy_picking::PickingPlugin"};C:\Users\Antoi\.cargo\registry\src\index.crates.io-1949cf8c6b5b557f\bevy_app-0.18.1\src\app.rs;272;55;0.000000;1;55;55;55;0.000000
system{name="bevy_anti_alias::taa::init_taa_pipeline"};C:\Users\Antoi\.cargo\registry\src\index.crates.io-1949cf8c6b5b557f\bevy_ecs-0.18.1\src\system\function_system.rs;52;96326;0.000104;1;96326;96326;96326;0.000000
system{name="bevy_transform::systems::sync_simple_transforms"};C:\Users\Antoi\.cargo\registry\src\index.crates.io-1949cf8c6b5b557f\bevy_ecs-0.18.1\src\system\function_system.rs;52;893108085;0.965320;23898;37371;20771;1931965;30709.596989
system{name="forgia_ui::weapon_preview::sys_retint_arm_materials"};C:\Users\Antoi\.cargo\registry\src\index.crates.io-1949cf8c6b5b557f\bevy_ecs-0.18.1\src\system\function_system.rs;52;334288;0.000361;855;390;181;7291;310.633631
plugin finish{plugin="forgia_ui_lib::quest_journal::ForgiaUiQuestPlugin"};C:\Users\Antoi\.cargo\registry\src\index.crates.io-1949cf8c6b5b557f\bevy_app-0.18.1\src\app.rs;272;55;0.000000;1;55;55;55;0.000000
asset loading{loader="bevy_shader::shader::ShaderLoader" asset="embedded://bevy_pbr\\ssao\\ssao_utils.wgsl"};C:\Users\Antoi\.cargo\registry\src\index.crates.io-1949cf8c6b5b557f\bevy_asset-0.18.1\src\server\loaders.rs;332;35894;0.000039;2;17947;54;35840;25304.523272
system{name="forgia_viewmodel::attach::attach_viewmodel_to_camera"};C:\Users\Antoi\.cargo\registry\src\index.crates.io-1949cf8c6b5b557f\bevy_ecs-0.18.1\src\system\function_system.rs;52;16152690;0.017459;17308;933;344;483172;3699.245334
node{name="bevy_render::render_graph::node::ViewNodeRunner<bevy_pbr::ssr::ScreenSpaceReflectionsNode>"};C:\Users\Antoi\.cargo\registry\src\index.crates.io-1949cf8c6b5b557f\bevy_render-0.18.1\src\renderer\graph_runner.rs;240;5189814;0.005609;36324;142;58;89087;518.536441
system{name="forgia_ai_arena_bot::bot_tracer_lifetime"};C:\Users\Antoi\.cargo\registry\src\index.crates.io-1949cf8c6b5b557f\bevy_ecs-0.18.1\src\system\function_system.rs;52;5936837;0.006417;18163;326;74;11129;165.411849
node{name="bevy_core_pipeline::experimental::mip_generation::DownsampleDepthNode"};C:\Users\Antoi\.cargo\registry\src\index.crates.io-1949cf8c6b5b557f\bevy_render-0.18.1\src\renderer\graph_runner.rs;240;11367899;0.012287;72648;156;59;135045;593.075383
system{name="forgia_mode_roguelite::kill_popup::draw_kill_popups"};C:\Users\Antoi\.cargo\registry\src\index.crates.io-1949cf8c6b5b557f\bevy_ecs-0.18.1\src\system\function_system.rs;52;7963248;0.008607;18163;438;126;14644;218.916953
system_commands{name="forgia_mode_roguelite::merchant::sys_calibrate_merchant"};C:\Users\Antoi\.cargo\registry\src\index.crates.io-1949cf8c6b5b557f\bevy_ecs-0.18.1\src\system\function_system.rs;54;2019205;0.002182;17308;116;50;72416;856.174430
system_commands{name="bevy_camera::visibility::calculate_bounds"};C:\Users\Antoi\.cargo\registry\src\index.crates.io-1949cf8c6b5b557f\bevy_ecs-0.18.1\src\system\function_system.rs;54;2040360;0.002205;18163;112;50;80534;1069.657451
bodies_attached_with_enabled_joint;C:\Users\Antoi\.cargo\registry\src\index.crates.io-1949cf8c6b5b557f\rapier3d-0.31.0\src\dynamics\joint\multibody_joint\multibody_joint_set.rs;447;2768578;0.002992;50080;55;46;34291;154.206793
plugin cleanup{plugin="bevy_render::sync_component::SyncComponentPlugin<bevy_core_pipeline::tonemapping::DebandDither>"};C:\Users\Antoi\.cargo\registry\src\index.crates.io-1949cf8c6b5b557f\bevy_app-0.18.1\src\app.rs;292;56;0.000000;1;56;56;56;0.000000
schedule{name=ExtractSchedule};C:\Users\Antoi\.cargo\registry\src\index.crates.io-1949cf8c6b5b557f\bevy_ecs-0.18.1\src\schedule\schedule.rs;532;10039241701;10.850957;18162;552760;180831;40862753;803421.509235
system_commands{name="bevy_core_pipeline::skybox::prepass::prepare_skybox_prepass_bind_groups"};C:\Users\Antoi\.cargo\registry\src\index.crates.io-1949cf8c6b5b557f\bevy_ecs-0.18.1\src\system\function_system.rs;54;1753441;0.001895;18162;96;51;935;33.421863
plugin build{plugin="bevy_camera::visibility::range::VisibilityRangePlugin"};C:\Users\Antoi\.cargo\registry\src\index.crates.io-1949cf8c6b5b557f\bevy_app-0.18.1\src\app.rs;529;4896;0.000005;1;4896;4896;4896;0.000000
system{name="bevy_render::extract_resource::extract_resource<bevy_egui::render::systems::ExtractedEguiManagedTextures>"};C:\Users\Antoi\.cargo\registry\src\index.crates.io-1949cf8c6b5b557f\bevy_ecs-0.18.1\src\system\function_system.rs;52;8419629;0.009100;18163;463;86;12523;552.261964
asset loading{loader="bevy_gltf::loader::GltfLoader" asset="models/environment/inferno/Crag_003.glb"};C:\Users\Antoi\.cargo\registry\src\index.crates.io-1949cf8c6b5b557f\bevy_asset-0.18.1\src\server\loaders.rs;332;7083138;0.007656;6;1180523;146;6974965;2838757.630476
system{name="bevy_hanabi::render::queue_init_indirect_workgroup_update"};C:\Users\Antoi\.cargo\registry\src\index.crates.io-1949cf8c6b5b557f\bevy_ecs-0.18.1\src\system\function_system.rs;52;4722923;0.005105;18162;260;76;10721;182.269303
plugin{tag="DebugTextPlugin"};C:\Users\Antoi\.cargo\registry\src\index.crates.io-1949cf8c6b5b557f\egui-0.33.3\src\plugin.rs;145;11014385;0.011905;72652;151;49;137698;770.549491
node{name="bevy_render::render_graph::node::ViewNodeRunner<bevy_core_pipeline::prepass::node::LatePrepassNode>"};C:\Users\Antoi\.cargo\registry\src\index.crates.io-1949cf8c6b5b557f\bevy_render-0.18.1\src\renderer\graph_runner.rs;240;6798199;0.007348;36324;187;61;36697;227.874955
system{name="bevy_asset::assets::Assets<bevy_shader::shader::Shader>::asset_events_condition"};C:\Users\Antoi\.cargo\registry\src\index.crates.io-1949cf8c6b5b557f\bevy_ecs-0.18.1\src\system\function_system.rs;52;1835864;0.001984;18163;101;54;873;53.703879
system_commands{name="bevy_pbr::light_probe::generate::initialize_generated_environment_map_resources"};C:\Users\Antoi\.cargo\registry\src\index.crates.io-1949cf8c6b5b557f\bevy_ecs-0.18.1\src\system\function_system.rs;54;11816;0.000013;1;11816;11816;11816;0.000000
asset loading{loader="bevy_image::image_loader::ImageLoader" asset="ui/menu_video/frame_0121.webp"};C:\Users\Antoi\.cargo\registry\src\index.crates.io-1949cf8c6b5b557f\bevy_asset-0.18.1\src\server\loaders.rs;332;15407348;0.016653;7;2201049;177;15359359;5802272.219318
plugin finish{plugin="bevy_render::extract_component::ExtractComponentPlugin<bevy_core_pipeline::tonemapping::Tonemapping>"};C:\Users\Antoi\.cargo\registry\src\index.crates.io-1949cf8c6b5b557f\bevy_app-0.18.1\src\app.rs;272;62;0.000000;1;62;62;62;0.000000
asset loading{loader="bevy_image::image_loader::ImageLoader" asset="ui/menu_video/frame_0092.webp"};C:\Users\Antoi\.cargo\registry\src\index.crates.io-1949cf8c6b5b557f\bevy_asset-0.18.1\src\server\loaders.rs;332;14698685;0.015887;7;2099812;119;14654969;5536307.193868
plugin finish{plugin="bevy_core_pipeline::oit::resolve::OitResolvePlugin"};C:\Users\Antoi\.cargo\registry\src\index.crates.io-1949cf8c6b5b557f\bevy_app-0.18.1\src\app.rs;272;20463;0.000022;1;20463;20463;20463;0.000000
system{name="forgia_mode_roguelite::head_hitbox::sys_bind_head_joints"};C:\Users\Antoi\.cargo\registry\src\index.crates.io-1949cf8c6b5b557f\bevy_ecs-0.18.1\src\system\function_system.rs;52;74512120;0.080537;17308;4305;153;282374;3769.016848
system_commands{name="forgia_mode_roguelite::progress::sys_load_progress"};C:\Users\Antoi\.cargo\registry\src\index.crates.io-1949cf8c6b5b557f\bevy_ecs-0.18.1\src\system\function_system.rs;54;2301;0.000002;1;2301;2301;2301;0.000000
plugin build{plugin="bevy_winit::accessibility::AccessKitPlugin"};C:\Users\Antoi\.cargo\registry\src\index.crates.io-1949cf8c6b5b557f\bevy_app-0.18.1\src\app.rs;529;20354;0.000022;1;20354;20354;20354;0.000000
system{name="bevy_egui::input::write_keyboard_input_messages_system"};C:\Users\Antoi\.cargo\registry\src\index.crates.io-1949cf8c6b5b557f\bevy_ecs-0.18.1\src\system\function_system.rs;52;7508650;0.008116;18163;413;157;35526;392.771037
system{name="bevy_asset::assets::Assets<bevy_gltf::assets::GltfNode>::asset_events"};C:\Users\Antoi\.cargo\registry\src\index.crates.io-1949cf8c6b5b557f\bevy_ecs-0.18.1\src\system\function_system.rs;52;33202;0.000036;13;2554;452;17844;4706.902980
system{name="forgia_game::color_grading::sys_init"};C:\Users\Antoi\.cargo\registry\src\index.crates.io-1949cf8c6b5b557f\bevy_ecs-0.18.1\src\system\function_system.rs;52;1191176;0.001287;1;1191176;1191176;1191176;0.000000
system_commands{name="bevy_core_pipeline::experimental::mip_generation::prepare_view_depth_pyramids"};C:\Users\Antoi\.cargo\registry\src\index.crates.io-1949cf8c6b5b557f\bevy_ecs-0.18.1\src\system\function_system.rs;54;3558494;0.003846;18162;195;55;14976;168.715708
system{name="bevy_ui::accessibility::calc_bounds"};C:\Users\Antoi\.cargo\registry\src\index.crates.io-1949cf8c6b5b557f\bevy_ecs-0.18.1\src\system\function_system.rs;52;3766498;0.004071;18163;207;72;80215;610.039267
system_commands{name="forgia_stage::authored::sys_collide_authored_pieces"};C:\Users\Antoi\.cargo\registry\src\index.crates.io-1949cf8c6b5b557f\bevy_ecs-0.18.1\src\system\function_system.rs;54;2136061;0.002309;18163;117;51;200586;1501.990754
asset loading{loader="bevy_shader::shader::ShaderLoader" asset="embedded://bevy_pbr\\light_probe\\downsample.wgsl"};C:\Users\Antoi\.cargo\registry\src\index.crates.io-1949cf8c6b5b557f\bevy_asset-0.18.1\src\server\loaders.rs;332;613616;0.000663;2;306808;55;613561;433814.252899
plugin cleanup{plugin="bevy_water::water::material::WaterMaterialPlugin"};C:\Users\Antoi\.cargo\registry\src\index.crates.io-1949cf8c6b5b557f\bevy_app-0.18.1\src\app.rs;292;75;0.000000;1;75;75;75;0.000000
system_commands{name="bevy_pbr::atmosphere::resources::prepare_atmosphere_uniforms"};C:\Users\Antoi\.cargo\registry\src\index.crates.io-1949cf8c6b5b557f\bevy_ecs-0.18.1\src\system\function_system.rs;54;4287273;0.004634;18162;236;75;111137;855.582792
system_commands{name="forgia_mode_roguelite::poi::sys_clear_poi_on_run_start"};C:\Users\Antoi\.cargo\registry\src\index.crates.io-1949cf8c6b5b557f\bevy_ecs-0.18.1\src\system\function_system.rs;54;2202591;0.002381;17308;127;50;429873;3335.203953
system{name="bevy_render::render_phase::sort_phase_system<bevy_core_pipeline::core_2d::Transparent2d>"};C:\Users\Antoi\.cargo\registry\src\index.crates.io-1949cf8c6b5b557f\bevy_ecs-0.18.1\src\system\function_system.rs;52;9203432;0.009948;18162;506;86;4256071;31585.762819
plugin finish{plugin="forgia_ui_lib::theme::ForgeThemePlugin"};C:\Users\Antoi\.cargo\registry\src\index.crates.io-1949cf8c6b5b557f\bevy_app-0.18.1\src\app.rs;272;59;0.000000;1;59;59;59;0.000000
plugin cleanup{plugin="bevy_render::sync_component::SyncComponentPlugin<bevy_pbr::ssr::ScreenSpaceReflections>"};C:\Users\Antoi\.cargo\registry\src\index.crates.io-1949cf8c6b5b557f\bevy_app-0.18.1\src\app.rs;292;57;0.000000;1;57;57;57;0.000000
system{name="bevy_asset::assets::Assets<bevy_gltf::assets::GltfNode>::track_assets"};C:\Users\Antoi\.cargo\registry\src\index.crates.io-1949cf8c6b5b557f\bevy_ecs-0.18.1\src\system\function_system.rs;52;20238335;0.021875;18163;1114;120;903574;10510.155075
plugin build{plugin="bevy_render::mesh::allocator::MeshAllocatorPlugin"};C:\Users\Antoi\.cargo\registry\src\index.crates.io-1949cf8c6b5b557f\bevy_app-0.18.1\src\app.rs;529;3648;0.000004;1;3648;3648;3648;0.000000
system{name="forgia_mode_roguelite::boons_apply::obs_heal_on_kill"};C:\Users\Antoi\.cargo\registry\src\index.crates.io-1949cf8c6b5b557f\bevy_ecs-0.18.1\src\system\function_system.rs;52;8983;0.000010;8;1122;176;4789;1589.737220
system_commands{name="bevy_core_pipeline::oit::init_oit_buffers"};C:\Users\Antoi\.cargo\registry\src\index.crates.io-1949cf8c6b5b557f\bevy_ecs-0.18.1\src\system\function_system.rs;54;4350;0.000005;1;4350;4350;4350;0.000000
plugin build{plugin="bevy_render::extract_component::ExtractComponentPlugin<bevy_pbr::fog::DistanceFog>"};C:\Users\Antoi\.cargo\registry\src\index.crates.io-1949cf8c6b5b557f\bevy_app-0.18.1\src\app.rs;529;13973;0.000015;1;13973;13973;13973;0.000000
plugin finish{plugin="bevy_render::render_phase::BinnedRenderPhasePlugin<bevy_pbr::render::light::Shadow, bevy_pbr::render::mesh::MeshPipeline>"};C:\Users\Antoi\.cargo\registry\src\index.crates.io-1949cf8c6b5b557f\bevy_app-0.18.1\src\app.rs;272;79;0.000000;1;79;79;79;0.000000
plugin cleanup{plugin="forgia_village_loader::ForgiaVillageLoaderPlugin"};C:\Users\Antoi\.cargo\registry\src\index.crates.io-1949cf8c6b5b557f\bevy_app-0.18.1\src\app.rs;292;57;0.000000;1;57;57;57;0.000000
system{name="forgia_combat::combat_juice::hit_flash_tick_system"};C:\Users\Antoi\.cargo\registry\src\index.crates.io-1949cf8c6b5b557f\bevy_ecs-0.18.1\src\system\function_system.rs;52;6273264;0.006780;18163;345;90;52293;617.135242
system_commands{name="(bevy_ecs::system::commands::Commands<'_, '_>, bevy_ecs::change_detection::params::ResMut<'_, bevy_winit::winit_monitors::WinitMonitors>)"};C:\Users\Antoi\.cargo\registry\src\index.crates.io-1949cf8c6b5b557f\bevy_ecs-0.18.1\src\system\function_system.rs;54;9730417;0.010517;18533;525;86;76195;774.791981
system{name="bevy_pbr::material::early_sweep_material_instances<bevy_pbr::pbr_material::StandardMaterial>"};C:\Users\Antoi\.cargo\registry\src\index.crates.io-1949cf8c6b5b557f\bevy_ecs-0.18.1\src\system\function_system.rs;52;5670878;0.006129;18163;312;86;53765;451.649560
asset loading{loader="bevy_shader::shader::ShaderLoader" asset="embedded://bevy_pbr\\atmosphere\\environment.wgsl"};C:\Users\Antoi\.cargo\registry\src\index.crates.io-1949cf8c6b5b557f\bevy_asset-0.18.1\src\server\loaders.rs;332;57702;0.000062;2;28851;59;57643;40718.036888
system{name="bevy_ecs::schedule::condition::common_conditions::resource_exists<bevy_core_pipeline::experimental::mip_generation::DownsampleDepthPipelines>"};C:\Users\Antoi\.cargo\registry\src\index.crates.io-1949cf8c6b5b557f\bevy_ecs-0.18.1\src\system\function_system.rs;52;2154476;0.002329;18162;118;58;3708;58.023877
system_commands{name="bevy_egui::input::write_window_touch_messages_system"};C:\Users\Antoi\.cargo\registry\src\index.crates.io-1949cf8c6b5b557f\bevy_ecs-0.18.1\src\system\function_system.rs;54;1105493;0.001195;18163;60;50;39790;298.597052
asset loading{loader="bevy_shader::shader::ShaderLoader" asset="embedded://bevy_pbr\\render/rgb9e5.wgsl"};C:\Users\Antoi\.cargo\registry\src\index.crates.io-1949cf8c6b5b557f\bevy_asset-0.18.1\src\server\loaders.rs;332;159140;0.000172;2;79570;126;159014;112350.782249
system_commands{name="bevy_pbr::prepass::init_prepass_view_bind_group"};C:\Users\Antoi\.cargo\registry\src\index.crates.io-1949cf8c6b5b557f\bevy_ecs-0.18.1\src\system\function_system.rs;54;892;0.000001;1;892;892;892;0.000000
run_graph{name="Core3d" debug_group="Camera -2 (79v0)"};C:\Users\Antoi\.cargo\registry\src\index.crates.io-1949cf8c6b5b557f\bevy_render-0.18.1\src\renderer\graph_runner.rs;119;170118923;0.183874;855;198969;153834;551795;42067.513202
plugin build{plugin="bevy_render::extract_component::ExtractComponentPlugin<bevy_post_process::motion_blur::MotionBlur>"};C:\Users\Antoi\.cargo\registry\src\index.crates.io-1949cf8c6b5b557f\bevy_app-0.18.1\src\app.rs;529;11727;0.000013;1;11727;11727;11727;0.000000
plugin cleanup{plugin="bevy_render::extract_component::ExtractComponentPlugin<bevy_core_pipeline::skybox::Skybox>"};C:\Users\Antoi\.cargo\registry\src\index.crates.io-1949cf8c6b5b557f\bevy_app-0.18.1\src\app.rs;292;98;0.000000;1;98;98;98;0.000000
system{name="bevy_anti_alias::taa::prepare_taa_history_textures"};C:\Users\Antoi\.cargo\registry\src\index.crates.io-1949cf8c6b5b557f\bevy_ecs-0.18.1\src\system\function_system.rs;52;5533454;0.005981;18162;304;72;22494;321.418719
plugin build{plugin="forgia_qa_core::plugin::ForgiaQaCorePlugin"};C:\Users\Antoi\.cargo\registry\src\index.crates.io-1949cf8c6b5b557f\bevy_app-0.18.1\src\app.rs;529;38464;0.000042;1;38464;38464;38464;0.000000
intersect_aabb_conservative;C:\Users\Antoi\.cargo\registry\src\index.crates.io-1949cf8c6b5b557f\rapier3d-0.31.0\src\pipeline\query_pipeline.rs;421;1969194;0.002128;11777;167;48;4627;141.735136
system{name="bevy_render::extract_component::prepare_uniform_components<bevy_gizmos_render::LineGizmoUniform>"};C:\Users\Antoi\.cargo\registry\src\index.crates.io-1949cf8c6b5b557f\bevy_ecs-0.18.1\src\system\function_system.rs;52;9325782;0.010080;18162;513;157;186969;1671.517826
schedule{name=OnEnter(Lobby)};C:\Users\Antoi\.cargo\registry\src\index.crates.io-1949cf8c6b5b557f\bevy_ecs-0.18.1\src\schedule\schedule.rs;532;711922;0.000769;1;711922;711922;711922;0.000000
system{name="bevy_audio::audio_output::update_emitter_positions"};C:\Users\Antoi\.cargo\registry\src\index.crates.io-1949cf8c6b5b557f\bevy_ecs-0.18.1\src\system\function_system.rs;52;9361617;0.010119;18163;515;110;74541;712.599255
plugin cleanup{plugin="bevy_ui::accessibility::AccessibilityPlugin"};C:\Users\Antoi\.cargo\registry\src\index.crates.io-1949cf8c6b5b557f\bevy_app-0.18.1\src\app.rs;292;55;0.000000;1;55;55;55;0.000000
asset loading{loader="bevy_image::image_loader::ImageLoader" asset="textures/pbr/jolcham_oak_bark_01/jolcham_oak_bark_01_arm_2k.ktx2"};C:\Users\Antoi\.cargo\registry\src\index.crates.io-1949cf8c6b5b557f\bevy_asset-0.18.1\src\server\loaders.rs;332;103479683;0.111846;9;11497742;265;101601162;33791472.484456
system{name="forgia_anim_debug::write_sensor_and_health"};C:\Users\Antoi\.cargo\registry\src\index.crates.io-1949cf8c6b5b557f\bevy_ecs-0.18.1\src\system\function_system.rs;52;4241595;0.004585;18163;233;90;81462;681.008913
plugin build{plugin="bevy_app::terminal_ctrl_c_handler::TerminalCtrlCHandlerPlugin"};C:\Users\Antoi\.cargo\registry\src\index.crates.io-1949cf8c6b5b557f\bevy_app-0.18.1\src\app.rs;529;40929;0.000044;1;40929;40929;40929;0.000000
tessellate;C:\Users\Antoi\.cargo\registry\src\index.crates.io-1949cf8c6b5b557f\epaint-0.33.3\src\tessellator.rs;2221;2317792186;2.505196;18163;127610;3661;489113;38339.193904
plugin finish{plugin="bevy_render::extract_component::ExtractComponentPlugin<bevy_pbr::atmosphere::Atmosphere>"};C:\Users\Antoi\.cargo\registry\src\index.crates.io-1949cf8c6b5b557f\bevy_app-0.18.1\src\app.rs;272;67;0.000000;1;67;67;67;0.000000
system{name="bevy_asset::assets::Assets<forgia_genome_core::Genome<forgia_ui_lib::damage_direction::tuning::DamageDirTuning>>::asset_events"};C:\Users\Antoi\.cargo\registry\src\index.crates.io-1949cf8c6b5b557f\bevy_ecs-0.18.1\src\system\function_system.rs;52;292;0.000000;1;292;292;292;0.000000
system{name="forgia_player::skybox_genome::load_sky_palette_genome"};C:\Users\Antoi\.cargo\registry\src\index.crates.io-1949cf8c6b5b557f\bevy_ecs-0.18.1\src\system\function_system.rs;52;807166;0.000872;1;807166;807166;807166;0.000000
system{name="forgia_player::skybox_genome::force_regen_on_overlay_load"};C:\Users\Antoi\.cargo\registry\src\index.crates.io-1949cf8c6b5b557f\bevy_ecs-0.18.1\src\system\function_system.rs;52;5080023;0.005491;18163;279;90;28700;274.829074
system_commands{name="bevy_render::view::window::screenshot::init_screenshot_to_screen_pipeline"};C:\Users\Antoi\.cargo\registry\src\index.crates.io-1949cf8c6b5b557f\bevy_ecs-0.18.1\src\system\function_system.rs;54;3908;0.000004;1;3908;3908;3908;0.000000
system{name="forgia_asset_registry::save_dirty_registry"};C:\Users\Antoi\.cargo\registry\src\index.crates.io-1949cf8c6b5b557f\bevy_ecs-0.18.1\src\system\function_system.rs;52;5218370;0.005640;18163;287;92;235119;1746.438845
system{name="forgia_ui::weapon_preview::sys_spawn_arm_preview"};C:\Users\Antoi\.cargo\registry\src\index.crates.io-1949cf8c6b5b557f\bevy_ecs-0.18.1\src\system\function_system.rs;52;875982;0.000947;1;875982;875982;875982;0.000000
system_commands{name="forgia_mode_roguelite::mushrooms::sys_reconcile_mushrooms"};C:\Users\Antoi\.cargo\registry\src\index.crates.io-1949cf8c6b5b557f\bevy_ecs-0.18.1\src\system\function_system.rs;54;1548254;0.001673;17308;89;54;156315;1187.841678
system{name="bevy_asset::assets::Assets<bevy_gltf::assets::Gltf>::asset_events_condition"};C:\Users\Antoi\.cargo\registry\src\index.crates.io-1949cf8c6b5b557f\bevy_ecs-0.18.1\src\system\function_system.rs;52;1390640;0.001503;18163;76;52;10542;105.040570
asset loading{loader="bevy_shader::shader::ShaderLoader" asset="embedded://bevy_core_pipeline\\skybox\\skybox_prepass.wgsl"};C:\Users\Antoi\.cargo\registry\src\index.crates.io-1949cf8c6b5b557f\bevy_asset-0.18.1\src\server\loaders.rs;332;37156;0.000040;2;18578;57;37099;26192.649389
asset loading{loader="bevy_image::image_loader::ImageLoader" asset="ui/menu_video/frame_0137.webp"};C:\Users\Antoi\.cargo\registry\src\index.crates.io-1949cf8c6b5b557f\bevy_asset-0.18.1\src\server\loaders.rs;332;14205011;0.015354;7;2029287;96;14165931;5351760.108081
plugin build{plugin="forgia_ui_lib::damage_direction::ForgiaUiDamageDirectionPlugin"};C:\Users\Antoi\.cargo\registry\src\index.crates.io-1949cf8c6b5b557f\bevy_app-0.18.1\src\app.rs;529;29236;0.000032;1;29236;29236;29236;0.000000
plugin build{plugin="bevy_text::TextPlugin"};C:\Users\Antoi\.cargo\registry\src\index.crates.io-1949cf8c6b5b557f\bevy_app-0.18.1\src\app.rs;529;135071;0.000146;1;135071;135071;135071;0.000000
plugin finish{plugin="bevy_render::extract_component::ExtractComponentPlugin<bevy_post_process::bloom::settings::Bloom>"};C:\Users\Antoi\.cargo\registry\src\index.crates.io-1949cf8c6b5b557f\bevy_app-0.18.1\src\app.rs;272;118;0.000000;1;118;118;118;0.000000
system{name="forgia_mode_roguelite::enemy_anim::sys_sample_enemy_speed"};C:\Users\Antoi\.cargo\registry\src\index.crates.io-1949cf8c6b5b557f\bevy_ecs-0.18.1\src\system\function_system.rs;52;8528347;0.009218;17308;492;103;46463;438.429122
system{name="<bevy_input::keyboard::KeyCode as leafwing_input_manager::user_input::updating::UpdatableInput>::compute"};C:\Users\Antoi\.cargo\registry\src\index.crates.io-1949cf8c6b5b557f\bevy_ecs-0.18.1\src\system\function_system.rs;52;16693769;0.018044;18163;919;102;12356;358.786082
asset loading{loader="bevy_shader::shader::ShaderLoader" asset="embedded://bevy_render\\maths.wgsl"};C:\Users\Antoi\.cargo\registry\src\index.crates.io-1949cf8c6b5b557f\bevy_asset-0.18.1\src\server\loaders.rs;332;307535;0.000332;2;153767;158;307377;217236.638211
system{name="forgia_mode_roguelite::hub::on_enclume_tab"};C:\Users\Antoi\.cargo\registry\src\index.crates.io-1949cf8c6b5b557f\bevy_ecs-0.18.1\src\system\function_system.rs;52;2159077;0.002334;18163;118;54;56006;452.370805
system{name="bevy_render::render_phase::sweep_old_entities<bevy_core_pipeline::deferred::AlphaMask3dDeferred>"};C:\Users\Antoi\.cargo\registry\src\index.crates.io-1949cf8c6b5b557f\bevy_ecs-0.18.1\src\system\function_system.rs;52;3396044;0.003671;18162;186;58;70887;546.258179
check_conditions{name="bevy_gizmos::end_gizmo_context<bevy_gizmos::config::DefaultGizmoConfigGroup, bevy_time::fixed::Fixed>"};C:\Users\Antoi\.cargo\registry\src\index.crates.io-1949cf8c6b5b557f\bevy_ecs-0.18.1\src\schedule\executor\single_threaded.rs;83;1616774;0.001747;18163;89;56;54285;591.100061
system{name="forgia_skeleton_template::sys_write_skeleton_template_registry_sensor"};C:\Users\Antoi\.cargo\registry\src\index.crates.io-1949cf8c6b5b557f\bevy_ecs-0.18.1\src\system\function_system.rs;52;37599866;0.040640;18163;2070;82;504116;27184.166127
system{name="bevy_pbr::render::light::check_views_lights_need_specialization"};C:\Users\Antoi\.cargo\registry\src\index.crates.io-1949cf8c6b5b557f\bevy_ecs-0.18.1\src\system\function_system.rs;52;23656622;0.025569;18162;1302;194;44347;655.206622
system{name="forgia_fps::lenoir::sys_write_lenoir_sensor"};C:\Users\Antoi\.cargo\registry\src\index.crates.io-1949cf8c6b5b557f\bevy_ecs-0.18.1\src\system\function_system.rs;52;3172520;0.003429;18163;174;71;48082;444.370392
system{name="bevy_render::render_phase::sort_phase_system<bevy_core_pipeline::core_3d::Transmissive3d>"};C:\Users\Antoi\.cargo\registry\src\index.crates.io-1949cf8c6b5b557f\bevy_ecs-0.18.1\src\system\function_system.rs;52;5306661;0.005736;18162;292;118;117131;889.039278
system{name="bevy_rapier3d::render::debug_render_scene"};C:\Users\Antoi\.cargo\registry\src\index.crates.io-1949cf8c6b5b557f\bevy_ecs-0.18.1\src\system\function_system.rs;52;20873653;0.022561;18163;1149;367;95226;837.309596
plugin build{plugin="bevy_anti_alias::AntiAliasPlugin"};C:\Users\Antoi\.cargo\registry\src\index.crates.io-1949cf8c6b5b557f\bevy_app-0.18.1\src\app.rs;529;291367;0.000315;1;291367;291367;291367;0.000000
system{name="forgia_ui_lib::hud::energy::draw_energy_label_overlay"};C:\Users\Antoi\.cargo\registry\src\index.crates.io-1949cf8c6b5b557f\bevy_ecs-0.18.1\src\system\function_system.rs;52;65008729;0.070265;18072;3597;102;81495;2002.301497
plugin cleanup{plugin="forgia_rpg_data::xp_curves::ForgiaXpCurvesPlugin"};C:\Users\Antoi\.cargo\registry\src\index.crates.io-1949cf8c6b5b557f\bevy_app-0.18.1\src\app.rs;292;54;0.000000;1;54;54;54;0.000000
system{name="forgia_mode_roguelite::trempe::sys_hot_reload_trempe"};C:\Users\Antoi\.cargo\registry\src\index.crates.io-1949cf8c6b5b557f\bevy_ecs-0.18.1\src\system\function_system.rs;52;7138758;0.007716;17308;412;86;112017;2500.821102
system{name="forgia_ui_lib::pause_menu::apply_tonemapping_to_cameras"};C:\Users\Antoi\.cargo\registry\src\index.crates.io-1949cf8c6b5b557f\bevy_ecs-0.18.1\src\system\function_system.rs;52;10402258;0.011243;18163;572;218;71973;587.249177
system{name="bevy_pbr::light_probe::generate::prepare_generated_environment_map_bind_groups"};C:\Users\Antoi\.cargo\registry\src\index.crates.io-1949cf8c6b5b557f\bevy_ecs-0.18.1\src\system\function_system.rs;52;12561112;0.013577;18162;691;232;25052;451.843019
system{name="forgia_mode_roguelite::mushrooms::sys_init_mushroom_genome"};C:\Users\Antoi\.cargo\registry\src\index.crates.io-1949cf8c6b5b557f\bevy_ecs-0.18.1\src\system\function_system.rs;52;2244039;0.002425;1;2244039;2244039;2244039;0.000000
system{name="bevy_ui_render::extract_text_shadows"};C:\Users\Antoi\.cargo\registry\src\index.crates.io-1949cf8c6b5b557f\bevy_ecs-0.18.1\src\system\function_system.rs;52;15535970;0.016792;18163;855;262;92379;977.768267
asset loading{loader="bevy_shader::shader::ShaderLoader" asset="embedded://bevy_pbr\\render\\reset_indirect_batch_sets.wgsl"};C:\Users\Antoi\.cargo\registry\src\index.crates.io-1949cf8c6b5b557f\bevy_asset-0.18.1\src\server\loaders.rs;332;44161;0.000048;2;22080;52;44109;31153.003467
system{name="forgia_worldgen::sys_worldgen_input"};C:\Users\Antoi\.cargo\registry\src\index.crates.io-1949cf8c6b5b557f\bevy_ecs-0.18.1\src\system\function_system.rs;52;14020420;0.015154;17308;810;285;140937;1248.316952
plugin build{plugin="bevy_render::extract_component::ExtractComponentPlugin<bevy_anti_alias::contrast_adaptive_sharpening::ContrastAdaptiveSharpening>"};C:\Users\Antoi\.cargo\registry\src\index.crates.io-1949cf8c6b5b557f\bevy_app-0.18.1\src\app.rs;529;9635;0.000010;1;9635;9635;9635;0.000000
plugin finish{plugin="bevy_pbr::render::fog::FogPlugin"};C:\Users\Antoi\.cargo\registry\src\index.crates.io-1949cf8c6b5b557f\bevy_app-0.18.1\src\app.rs;272;126;0.000000;1;126;126;126;0.000000
system{name="forgia_player::despawn_player"};C:\Users\Antoi\.cargo\registry\src\index.crates.io-1949cf8c6b5b557f\bevy_ecs-0.18.1\src\system\function_system.rs;52;634379;0.000686;1;634379;634379;634379;0.000000
system{name="bevy_asset::assets::Assets<forgia_genome_core::Genome<forgia_mode_fps_arena::wave::ArenaWavesGenome>>::track_assets"};C:\Users\Antoi\.cargo\registry\src\index.crates.io-1949cf8c6b5b557f\bevy_ecs-0.18.1\src\system\function_system.rs;52;22702086;0.024538;18163;1249;208;478768;6707.409254
asset loading{loader="bevy_kira_audio::source::ogg_loader::OggLoader" asset="audio-v1/music/emotional_01.ogg"};C:\Users\Antoi\.cargo\registry\src\index.crates.io-1949cf8c6b5b557f\bevy_asset-0.18.1\src\server\loaders.rs;332;199331583;0.215448;6;33221930;301;199282032;81352503.988923
plugin cleanup{plugin="bevy_render::sync_component::SyncComponentPlugin<bevy_light::point_light::PointLight>"};C:\Users\Antoi\.cargo\registry\src\index.crates.io-1949cf8c6b5b557f\bevy_app-0.18.1\src\app.rs;292;56;0.000000;1;56;56;56;0.000000
system{name="bevy_hanabi::time::effect_simulation_time_system"};C:\Users\Antoi\.cargo\registry\src\index.crates.io-1949cf8c6b5b557f\bevy_ecs-0.18.1\src\system\function_system.rs;52;7036227;0.007605;18163;387;110;12635;199.776356
system{name="bevy_gilrs::gilrs_system::gilrs_event_system"};C:\Users\Antoi\.cargo\registry\src\index.crates.io-1949cf8c6b5b557f\bevy_ecs-0.18.1\src\system\function_system.rs;52;29019793;0.031366;18163;1597;573;53170;591.964821
system{name="forgia_mode_roguelite::weapon_select::sys_toggle_preview_visibility"};C:\Users\Antoi\.cargo\registry\src\index.crates.io-1949cf8c6b5b557f\bevy_ecs-0.18.1\src\system\function_system.rs;52;52714;0.000057;91;579;262;2029;311.260716
system{name="bevy_picking::hover::generate_hovermap"};C:\Users\Antoi\.cargo\registry\src\index.crates.io-1949cf8c6b5b557f\bevy_ecs-0.18.1\src\system\function_system.rs;52;57125447;0.061744;18163;3145;1649;47502;908.990045
plugin build{plugin="bevy_pbr::material::MaterialsPlugin"};C:\Users\Antoi\.cargo\registry\src\index.crates.io-1949cf8c6b5b557f\bevy_app-0.18.1\src\app.rs;529;354334;0.000383;1;354334;354334;354334;0.000000
system_commands{name="forgia_effects::emissive_fade_tick"};C:\Users\Antoi\.cargo\registry\src\index.crates.io-1949cf8c6b5b557f\bevy_ecs-0.18.1\src\system\function_system.rs;54;2487074;0.002688;18163;136;61;25032;289.001068
system_commands{name="bevy_ui_render::extract_ui_camera_view"};C:\Users\Antoi\.cargo\registry\src\index.crates.io-1949cf8c6b5b557f\bevy_ecs-0.18.1\src\system\function_system.rs;54;53362128;0.057677;18162;2938;1234;78149;997.553791
system_commands{name="forgia_mode_roguelite::run::sys_spawn_roguelite_scene"};C:\Users\Antoi\.cargo\registry\src\index.crates.io-1949cf8c6b5b557f\bevy_ecs-0.18.1\src\system\function_system.rs;54;949154;0.001026;1;949154;949154;949154;0.000000
asset loading{loader="bevy_shader::shader::ShaderLoader" asset="embedded://bevy_ui_render\\color_space.wgsl"};C:\Users\Antoi\.cargo\registry\src\index.crates.io-1949cf8c6b5b557f\bevy_asset-0.18.1\src\server\loaders.rs;332;712681;0.000770;2;356340;85;712596;503821.359771
plugin cleanup{plugin="forgia_streaming::ForgiaStreamingPlugin"};C:\Users\Antoi\.cargo\registry\src\index.crates.io-1949cf8c6b5b557f\bevy_app-0.18.1\src\app.rs;292;55;0.000000;1;55;55;55;0.000000
asset loading{loader="bevy_gltf::loader::GltfLoader" asset="models/kaykit/skeletons/Skeleton_Mage.glb"};C:\Users\Antoi\.cargo\registry\src\index.crates.io-1949cf8c6b5b557f\bevy_asset-0.18.1\src\server\loaders.rs;332;44472926;0.048069;15;2964861;87;22228607;7733370.318156
system{name="bevy_render::mesh::allocator::allocate_and_free_meshes"};C:\Users\Antoi\.cargo\registry\src\index.crates.io-1949cf8c6b5b557f\bevy_ecs-0.18.1\src\system\function_system.rs;52;57385132;0.062025;18162;3159;312;10884431;132729.585532
system{name="forgia_mode_roguelite::run::sys_tick_run_timer"};C:\Users\Antoi\.cargo\registry\src\index.crates.io-1949cf8c6b5b557f\bevy_ecs-0.18.1\src\system\function_system.rs;52;959911;0.001038;5360;179;90;1495;69.791101
system{name="forgia_observability::boons_sensor::sys_write_boons_sensor"};C:\Users\Antoi\.cargo\registry\src\index.crates.io-1949cf8c6b5b557f\bevy_ecs-0.18.1\src\system\function_system.rs;52;6280306;0.006788;18163;345;109;79092;669.339001
system{name="forgia_worldgen::debug_viz::sys_layout_gizmos"};C:\Users\Antoi\.cargo\registry\src\index.crates.io-1949cf8c6b5b557f\bevy_ecs-0.18.1\src\system\function_system.rs;52;9701987;0.010486;17308;560;143;258001;1980.986063
system{name="bevy_core_pipeline::oit::configure_depth_texture_usages"};C:\Users\Antoi\.cargo\registry\src\index.crates.io-1949cf8c6b5b557f\bevy_ecs-0.18.1\src\system\function_system.rs;52;13007392;0.014059;18163;716;310;165177;1261.210841
system{name="forgia_fps::aim_assist::write_aim_assist_sensor"};C:\Users\Antoi\.cargo\registry\src\index.crates.io-1949cf8c6b5b557f\bevy_ecs-0.18.1\src\system\function_system.rs;52;7018099;0.007586;17308;405;119;146785;1290.927140
system{name="bevy_hanabi::render::extract_effects"};C:\Users\Antoi\.cargo\registry\src\index.crates.io-1949cf8c6b5b557f\bevy_ecs-0.18.1\src\system\function_system.rs;52;901101086;0.973959;18162;49614;38297;1101748;13898.267011
system{name="forgia_mode_roguelite::weapon_select::sys_clear_lobby_preview"};C:\Users\Antoi\.cargo\registry\src\index.crates.io-1949cf8c6b5b557f\bevy_ecs-0.18.1\src\system\function_system.rs;52;1623;0.000002;1;1623;1623;1623;0.000000
system_commands{name="bevy_pbr::render::morph::no_automatic_morph_batching"};C:\Users\Antoi\.cargo\registry\src\index.crates.io-1949cf8c6b5b557f\bevy_ecs-0.18.1\src\system\function_system.rs;54;1364064;0.001474;18163;75;50;825;26.363152
system{name="bevy_pbr::light_probe::generate::generate_environment_map_light"};C:\Users\Antoi\.cargo\registry\src\index.crates.io-1949cf8c6b5b557f\bevy_ecs-0.18.1\src\system\function_system.rs;52;7608094;0.008223;18163;418;91;154057;1411.592190
plugin cleanup{plugin="bevy_app::panic_handler::PanicHandlerPlugin"};C:\Users\Antoi\.cargo\registry\src\index.crates.io-1949cf8c6b5b557f\bevy_app-0.18.1\src\app.rs;292;56;0.000000;1;56;56;56;0.000000
plugin cleanup{plugin="bevy_render::extract_component::ExtractComponentPlugin<bevy_core_pipeline::oit::OrderIndependentTransparencySettings>"};C:\Users\Antoi\.cargo\registry\src\index.crates.io-1949cf8c6b5b557f\bevy_app-0.18.1\src\app.rs;292;123;0.000000;1;123;123;123;0.000000
plugin build{plugin="bevy_render::extract_component::ExtractComponentPlugin<bevy_pbr::atmosphere::environment::AtmosphereEnvironmentMap>"};C:\Users\Antoi\.cargo\registry\src\index.crates.io-1949cf8c6b5b557f\bevy_app-0.18.1\src\app.rs;529;8494;0.000009;1;8494;8494;8494;0.000000
system_commands{name="bevy_pbr::cluster::init_global_clusterable_object_meta"};C:\Users\Antoi\.cargo\registry\src\index.crates.io-1949cf8c6b5b557f\bevy_ecs-0.18.1\src\system\function_system.rs;54;1021;0.000001;1;1021;1021;1021;0.000000
system{name="forgia_mode_roguelite::identity::draw_identity_panel"};C:\Users\Antoi\.cargo\registry\src\index.crates.io-1949cf8c6b5b557f\bevy_ecs-0.18.1\src\system\function_system.rs;52;8446407;0.009129;18163;465;76;1493261;11384.686165
system{name="bevy_render::extract_component::extract_components<bevy_camera::components::Camera3d>"};C:\Users\Antoi\.cargo\registry\src\index.crates.io-1949cf8c6b5b557f\bevy_ecs-0.18.1\src\system\function_system.rs;52;11215166;0.012122;18163;617;224;18617;298.291937
asset loading{loader="bevy_kira_audio::source::ogg_loader::OggLoader" asset="audio/roguelite/sfx/hurt.ogg"};C:\Users\Antoi\.cargo\registry\src\index.crates.io-1949cf8c6b5b557f\bevy_asset-0.18.1\src\server\loaders.rs;332;1038085;0.001122;4;259521;213;1027512;512004.331671
system{name="bevy_sprite_render::mesh2d::mesh::extract_mesh2d"};C:\Users\Antoi\.cargo\registry\src\index.crates.io-1949cf8c6b5b557f\bevy_ecs-0.18.1\src\system\function_system.rs;52;9023155;0.009753;18163;496;155;3343;277.234198
system{name="forgia_mode_roguelite::pipeline_warmup::sys_tick_warmup"};C:\Users\Antoi\.cargo\registry\src\index.crates.io-1949cf8c6b5b557f\bevy_ecs-0.18.1\src\system\function_system.rs;52;137024;0.000148;91;1505;157;106190;11097.360454
system{name="bevy_rapier3d::plugin::systems::multiple_rapier_contexts::on_add_entity_with_parent"};C:\Users\Antoi\.cargo\registry\src\index.crates.io-1949cf8c6b5b557f\bevy_ecs-0.18.1\src\system\function_system.rs;52;10274231;0.011105;5734;1791;96;19446;914.772386
system{name="bevy_hanabi::render::fixup_parents"};C:\Users\Antoi\.cargo\registry\src\index.crates.io-1949cf8c6b5b557f\bevy_ecs-0.18.1\src\system\function_system.rs;52;8479185;0.009165;18162;466;138;73161;603.124651
system_commands{name="bevy_render::extract_resource::extract_resource<bevy_egui::render::systems::ExtractedEguiManagedTextures>"};C:\Users\Antoi\.cargo\registry\src\index.crates.io-1949cf8c6b5b557f\bevy_ecs-0.18.1\src\system\function_system.rs;54;1704120;0.001842;18162;93;53;1355;23.886907
plugin build{plugin="bevy_render::extract_component::ExtractComponentPlugin<bevy_pbr::deferred::PbrDeferredLightingDepthId>"};C:\Users\Antoi\.cargo\registry\src\index.crates.io-1949cf8c6b5b557f\bevy_app-0.18.1\src\app.rs;529;10582;0.000011;1;10582;10582;10582;0.000000
system{name="bevy_animation::transition::expire_completed_transitions"};C:\Users\Antoi\.cargo\registry\src\index.crates.io-1949cf8c6b5b557f\bevy_ecs-0.18.1\src\system\function_system.rs;52;6473670;0.006997;18163;356;84;381787;2932.303447
asset loading{loader="bevy_image::image_loader::ImageLoader" asset="ui/menu_video/frame_0107.webp"};C:\Users\Antoi\.cargo\registry\src\index.crates.io-1949cf8c6b5b557f\bevy_asset-0.18.1\src\server\loaders.rs;332;13816529;0.014934;7;1973789;81;13779922;5206017.544477
run_graph{name="main_graph"};C:\Users\Antoi\.cargo\registry\src\index.crates.io-1949cf8c6b5b557f\bevy_render-0.18.1\src\renderer\graph_runner.rs;124;16752029790;18.106503;18162;922367;361847;7456420;278502.714692
system_commands{name="bevy_core_pipeline::fullscreen_material::init_pipeline<forgia_postprocess::toon::ToonSettings>"};C:\Users\Antoi\.cargo\registry\src\index.crates.io-1949cf8c6b5b557f\bevy_ecs-0.18.1\src\system\function_system.rs;54;4152;0.000004;1;4152;4152;4152;0.000000
node{name="bevy_render::render_graph::node::ViewNodeRunner<bevy_anti_alias::smaa::SmaaNode>"};C:\Users\Antoi\.cargo\registry\src\index.crates.io-1949cf8c6b5b557f\bevy_render-0.18.1\src\renderer\graph_runner.rs;240;6293913;0.006803;54486;115;56;8975;78.886065
system{name="bevy_gizmos::aabb::draw_aabbs"};C:\Users\Antoi\.cargo\registry\src\index.crates.io-1949cf8c6b5b557f\bevy_ecs-0.18.1\src\system\function_system.rs;52;11696803;0.012643;18163;643;155;32814;419.117372
system{name="bevy_render::render_asset::extract_render_asset<bevy_render::mesh::RenderMesh>"};C:\Users\Antoi\.cargo\registry\src\index.crates.io-1949cf8c6b5b557f\bevy_ecs-0.18.1\src\system\function_system.rs;52;29251992;0.031617;18162;1610;349;8580509;67090.137120
system{name="forgia_mode_roguelite::enemy_scaling::sys_scale_enemies_by_depth"};C:\Users\Antoi\.cargo\registry\src\index.crates.io-1949cf8c6b5b557f\bevy_ecs-0.18.1\src\system\function_system.rs;52;7307503;0.007898;17308;422;132;21586;268.637567
plugin build{plugin="forgia_mode_fps_arena::wave::ArenaWavesPlugin"};C:\Users\Antoi\.cargo\registry\src\index.crates.io-1949cf8c6b5b557f\bevy_app-0.18.1\src\app.rs;529;86704;0.000094;1;86704;86704;86704;0.000000
system_commands{name="bevy_hanabi::render::extract_effects"};C:\Users\Antoi\.cargo\registry\src\index.crates.io-1949cf8c6b5b557f\bevy_ecs-0.18.1\src\system\function_system.rs;54;58807386;0.063562;18162;3237;2202;818721;6265.703688
asset loading{loader="bevy_image::image_loader::ImageLoader" asset="ui/menu_video/frame_0069.webp"};C:\Users\Antoi\.cargo\registry\src\index.crates.io-1949cf8c6b5b557f\bevy_asset-0.18.1\src\server\loaders.rs;332;14116743;0.015258;8;1764592;108;14082980;4977382.415704
system{name="bevy_hanabi::render::extract_effect_events"};C:\Users\Antoi\.cargo\registry\src\index.crates.io-1949cf8c6b5b557f\bevy_ecs-0.18.1\src\system\function_system.rs;52;11323879;0.012239;18163;623;146;75939;689.830642
plugin build{plugin="bevy_anti_alias::contrast_adaptive_sharpening::CasPlugin"};C:\Users\Antoi\.cargo\registry\src\index.crates.io-1949cf8c6b5b557f\bevy_app-0.18.1\src\app.rs;529;53473;0.000058;1;53473;53473;53473;0.000000
plugin finish{plugin="bevy_post_process::PostProcessPlugin"};C:\Users\Antoi\.cargo\registry\src\index.crates.io-1949cf8c6b5b557f\bevy_app-0.18.1\src\app.rs;272;54;0.000000;1;54;54;54;0.000000
plugin cleanup{plugin="bevy_render::extract_component::UniformComponentPlugin<forgia_postprocess::toon::ToonSettings>"};C:\Users\Antoi\.cargo\registry\src\index.crates.io-1949cf8c6b5b557f\bevy_app-0.18.1\src\app.rs;292;53;0.000000;1;53;53;53;0.000000
plugin cleanup{plugin="forgia_anchor::ForgiaAnchorPlugin"};C:\Users\Antoi\.cargo\registry\src\index.crates.io-1949cf8c6b5b557f\bevy_app-0.18.1\src\app.rs;292;56;0.000000;1;56;56;56;0.000000
plugin cleanup{plugin="bevy_render::extract_component::UniformComponentPlugin<bevy_pbr::atmosphere::resources::GpuAtmosphere>"};C:\Users\Antoi\.cargo\registry\src\index.crates.io-1949cf8c6b5b557f\bevy_app-0.18.1\src\app.rs;292;53;0.000000;1;53;53;53;0.000000
asset loading{loader="bevy_gltf::loader::GltfLoader" asset="models/weapons/forgia/bourrasque.glb"};C:\Users\Antoi\.cargo\registry\src\index.crates.io-1949cf8c6b5b557f\bevy_asset-0.18.1\src\server\loaders.rs;332;383107554;0.414083;16;23944222;84;377890289;94387257.766079
plugin finish{plugin="leafwing_input_manager::plugin::InputManagerPlugin<forgia_input::PlayerAction>"};C:\Users\Antoi\.cargo\registry\src\index.crates.io-1949cf8c6b5b557f\bevy_app-0.18.1\src\app.rs;272;58;0.000000;1;58;58;58;0.000000
system_commands{name="forgia_mode_roguelite::enemies::sys_init_enemy_genome"};C:\Users\Antoi\.cargo\registry\src\index.crates.io-1949cf8c6b5b557f\bevy_ecs-0.18.1\src\system\function_system.rs;54;1746;0.000002;1;1746;1746;1746;0.000000
system{name="bevy_egui::input::write_non_window_pointer_moved_messages_system"};C:\Users\Antoi\.cargo\registry\src\index.crates.io-1949cf8c6b5b557f\bevy_ecs-0.18.1\src\system\function_system.rs;52;4127788;0.004462;18163;227;95;67770;524.242683
plugin finish{plugin="bevy_render::sync_component::SyncComponentPlugin<bevy_light::spot_light::SpotLight>"};C:\Users\Antoi\.cargo\registry\src\index.crates.io-1949cf8c6b5b557f\bevy_app-0.18.1\src\app.rs;272;56;0.000000;1;56;56;56;0.000000
system{name="bevy_rapier3d::plugin::systems::character_controller::update_character_controls"};C:\Users\Antoi\.cargo\registry\src\index.crates.io-1949cf8c6b5b557f\bevy_ecs-0.18.1\src\system\function_system.rs;52;167179982;0.180697;5734;29155;126;1024304;59043.029082
system_commands{name="forgia_mode_roguelite::weapon_select::sys_load_weapon_cards"};C:\Users\Antoi\.cargo\registry\src\index.crates.io-1949cf8c6b5b557f\bevy_ecs-0.18.1\src\system\function_system.rs;54;7084;0.000008;1;7084;7084;7084;0.000000
main_opaque_pass_2d;C:\Users\Antoi\.cargo\registry\src\index.crates.io-1949cf8c6b5b557f\bevy_core_pipeline-0.18.1\src\core_2d\main_opaque_pass_2d_node.rs;58;756444066;0.817606;18162;41649;10714;362665;15259.304302
system{name="bevy_window::system::exit_on_all_closed"};C:\Users\Antoi\.cargo\registry\src\index.crates.io-1949cf8c6b5b557f\bevy_ecs-0.18.1\src\system\function_system.rs;52;8224863;0.008890;18163;452;164;24397;259.094860
asset loading{loader="bevy_gltf::loader::GltfLoader" asset="models/weapons/forgia/pepin.glb"};C:\Users\Antoi\.cargo\registry\src\index.crates.io-1949cf8c6b5b557f\bevy_asset-0.18.1\src\server\loaders.rs;332;55939606;0.060463;9;6215511;88;55169741;18358246.359015
asset loading{loader="bevy_image::image_loader::ImageLoader" asset="ui/menu_video/frame_0035.webp"};C:\Users\Antoi\.cargo\registry\src\index.crates.io-1949cf8c6b5b557f\bevy_asset-0.18.1\src\server\loaders.rs;332;15534012;0.016790;6;2589002;82;15499470;6324813.695498
system{name="bevy_asset::assets::Assets<bevy_sprite_render::mesh2d::color_material::ColorMaterial>::track_assets"};C:\Users\Antoi\.cargo\registry\src\index.crates.io-1949cf8c6b5b557f\bevy_ecs-0.18.1\src\system\function_system.rs;52;19525161;0.021104;18163;1074;155;242332;7923.967593
system{name="forgia_mode_roguelite::intro_dialogue::sys_advance_intro"};C:\Users\Antoi\.cargo\registry\src\index.crates.io-1949cf8c6b5b557f\bevy_ecs-0.18.1\src\system\function_system.rs;52;6177320;0.006677;17308;356;109;17587;269.642846
asset loading{loader="bevy_shader::shader::ShaderLoader" asset="embedded://bevy_pbr\\render\\skinning.wgsl"};C:\Users\Antoi\.cargo\registry\src\index.crates.io-1949cf8c6b5b557f\bevy_asset-0.18.1\src\server\loaders.rs;332;139382;0.000151;2;69691;58;139324;98475.932989
plugin cleanup{plugin="bevy_pbr::volumetric_fog::VolumetricFogPlugin"};C:\Users\Antoi\.cargo\registry\src\index.crates.io-1949cf8c6b5b557f\bevy_app-0.18.1\src\app.rs;292;55;0.000000;1;55;55;55;0.000000
plugin finish{plugin="bevy_gizmos::GizmoPlugin"};C:\Users\Antoi\.cargo\registry\src\index.crates.io-1949cf8c6b5b557f\bevy_app-0.18.1\src\app.rs;272;54;0.000000;1;54;54;54;0.000000
asset loading{loader="bevy_shader::shader::ShaderLoader" asset="embedded://bevy_pbr\\render/pbr_types.wgsl"};C:\Users\Antoi\.cargo\registry\src\index.crates.io-1949cf8c6b5b557f\bevy_asset-0.18.1\src\server\loaders.rs;332;414684;0.000448;2;207342;90;414594;293098.589229
system_commands{name="forgia_mode_roguelite::trempe::sys_init_trempe"};C:\Users\Antoi\.cargo\registry\src\index.crates.io-1949cf8c6b5b557f\bevy_ecs-0.18.1\src\system\function_system.rs;54;3355;0.000004;1;3355;3355;3355;0.000000
plugin build{plugin="bevy_pbr::material::MaterialPlugin<bevy_pbr::pbr_material::StandardMaterial>"};C:\Users\Antoi\.cargo\registry\src\index.crates.io-1949cf8c6b5b557f\bevy_app-0.18.1\src\app.rs;529;79251;0.000086;1;79251;79251;79251;0.000000
plugin finish{plugin="bevy_render::extract_resource::ExtractResourcePlugin<bevy_core_pipeline::tonemapping::TonemappingLuts>"};C:\Users\Antoi\.cargo\registry\src\index.crates.io-1949cf8c6b5b557f\bevy_app-0.18.1\src\app.rs;272;122;0.000000;1;122;122;122;0.000000
system{name="bevy_diagnostic::entity_count_diagnostics_plugin::EntityCountDiagnosticsPlugin::diagnostic_system"};C:\Users\Antoi\.cargo\registry\src\index.crates.io-1949cf8c6b5b557f\bevy_ecs-0.18.1\src\system\function_system.rs;52;90100593;0.097386;18163;4960;423;103715;2452.655376
system{name="forgia_mode_roguelite::status_vfx::sys_init_status_vfx_pool"};C:\Users\Antoi\.cargo\registry\src\index.crates.io-1949cf8c6b5b557f\bevy_ecs-0.18.1\src\system\function_system.rs;52;165528;0.000179;1;165528;165528;165528;0.000000
system_commands{name="forgia_combat::weapons::weapon_cooldown_tick_system"};C:\Users\Antoi\.cargo\registry\src\index.crates.io-1949cf8c6b5b557f\bevy_ecs-0.18.1\src\system\function_system.rs;54;49751;0.000054;262;189;75;884;139.575149
asset loading{loader="bevy_image::image_loader::ImageLoader" asset="ui/menu_video/frame_0025.webp"};C:\Users\Antoi\.cargo\registry\src\index.crates.io-1949cf8c6b5b557f\bevy_asset-0.18.1\src\server\loaders.rs;332;15087519;0.016307;7;2155359;148;15044646;5683643.092763
asset loading{loader="bevy_image::image_loader::ImageLoader" asset="ui/menu_video/frame_0093.webp"};C:\Users\Antoi\.cargo\registry\src\index.crates.io-1949cf8c6b5b557f\bevy_asset-0.18.1\src\server\loaders.rs;332;14565938;0.015744;7;2080848;78;14523406;5486655.236240
asset loading{loader="bevy_image::image_loader::ImageLoader" asset="ui/menu_video/frame_0056.webp"};C:\Users\Antoi\.cargo\registry\src\index.crates.io-1949cf8c6b5b557f\bevy_asset-0.18.1\src\server\loaders.rs;332;15094599;0.016315;7;2156371;101;15062386;5691019.156889
system{name="bevy_state::state::transitions::run_transition<forgia_core::states::WorldMode>"};C:\Users\Antoi\.cargo\registry\src\index.crates.io-1949cf8c6b5b557f\bevy_ecs-0.18.1\src\system\function_system.rs;52;1427978;0.001543;18164;78;56;12997;100.849686
system_commands{name="bevy_hanabi::render::allocate_parent_child_infos"};C:\Users\Antoi\.cargo\registry\src\index.crates.io-1949cf8c6b5b557f\bevy_ecs-0.18.1\src\system\function_system.rs;54;2280046;0.002464;18162;125;55;4690;82.520584
entity_sync;C:\Users\Antoi\.cargo\registry\src\index.crates.io-1949cf8c6b5b557f\bevy_render-0.18.1\src\lib.rs;517;13364005;0.014445;18163;735;242;374957;3135.840837
system{name="bevy_state::state::freely_mutable_state::apply_state_transition<forgia_core::states::WorldMode>"};C:\Users\Antoi\.cargo\registry\src\index.crates.io-1949cf8c6b5b557f\bevy_ecs-0.18.1\src\system\function_system.rs;52;3012818;0.003256;18164;165;84;19344;154.801587
plugin finish{plugin="bevy_transform::plugins::TransformPlugin"};C:\Users\Antoi\.cargo\registry\src\index.crates.io-1949cf8c6b5b557f\bevy_app-0.18.1\src\app.rs;272;141;0.000000;1;141;141;141;0.000000
system{name="bevy_asset::assets::Assets<forgia_genome_core::Genome<forgia_level_presets::LevelModulesGenome>>::asset_events_condition"};C:\Users\Antoi\.cargo\registry\src\index.crates.io-1949cf8c6b5b557f\bevy_ecs-0.18.1\src\system\function_system.rs;52;1368269;0.001479;18163;75;52;1197;35.041773
system_commands{name="bevy_pbr::render::gpu_preprocess::prepare_preprocess_bind_groups"};C:\Users\Antoi\.cargo\registry\src\index.crates.io-1949cf8c6b5b557f\bevy_ecs-0.18.1\src\system\function_system.rs;54;143659509;0.155275;18162;7909;147;218185;2972.992348
par_for_each{query="(bevy_ecs::entity::Entity, &bevy_camera::visibility::ViewVisibility, &bevy_transform::components::global_transform::GlobalTransform, core::option::Option<&bevy_pbr::prepass::PreviousGlobalTransform>, core::option::Option<&bevy_pbr::lightmap::Lightmap>, core::option::Option<&bevy_camera::primitives::Aabb>, &bevy_mesh::components::Mesh3d, core::option::Option<&bevy_mesh::components::MeshTag>, bevy_ecs::query::fetch::Has<bevy_camera::visibility::NoFrustumCulling>, bevy_ecs::query::fetch::Has<bevy_light::NotShadowReceiver>, bevy_ecs::query::fetch::Has<bevy_light::TransmittedShadowReceiver>, bevy_ecs::query::fetch::Has<bevy_light::NotShadowCaster>, bevy_ecs::query::fetch::Has<bevy_render::batching::NoAutomaticBatching>, bevy_ecs::query::fetch::Has<bevy_camera::visibility::range::VisibilityRange>, core::option::Option<&bevy_camera::visibility::render_layers::RenderLayers>)" filter="bevy_ecs::query::filter::Or<(bevy_ecs::query::filter::Changed<bevy_camera::visibility::ViewVisibility>, bevy_ecs::query::filter::Changed<bevy_transform::components::global_transform::GlobalTransform>, bevy_ecs::query::filter::Changed<bevy_pbr::prepass::PreviousGlobalTransform>, bevy_ecs::query::filter::Changed<bevy_pbr::lightmap::Lightmap>, bevy_ecs::query::filter::Changed<bevy_camera::primitives::Aabb>, bevy_ecs::query::filter::Changed<bevy_mesh::components::Mesh3d>, bevy_ecs::query::filter::Changed<bevy_mesh::components::MeshTag>, bevy_ecs::query::filter::Changed<bevy_camera::visibility::NoFrustumCulling>, bevy_ecs::query::filter::Changed<bevy_light::NotShadowReceiver>, bevy_ecs::query::filter::Changed<bevy_light::TransmittedShadowReceiver>, bevy_ecs::query::filter::Changed<bevy_light::NotShadowCaster>, bevy_ecs::query::filter::Changed<bevy_render::batching::NoAutomaticBatching>, bevy_ecs::query::filter::Changed<bevy_camera::visibility::range::VisibilityRange>, bevy_ecs::query::filter::Changed<bevy_mesh::skinning::SkinnedMesh>)>"};C:\Users\Antoi\.cargo\registry\src\index.crates.io-1949cf8c6b5b557f\bevy_ecs-0.18.1\src\query\state.rs;246;604150960;0.652999;1065966;566;80;396827;837.713175
asset loading{loader="bevy_shader::shader::ShaderLoader" asset="embedded://bevy_pbr\\light_probe\\copy.wgsl"};C:\Users\Antoi\.cargo\registry\src\index.crates.io-1949cf8c6b5b557f\bevy_asset-0.18.1\src\server\loaders.rs;332;27681;0.000030;2;13840;52;27629;19499.883718
system{name="bevy_camera::visibility::visibility_propagate_system"};C:\Users\Antoi\.cargo\registry\src\index.crates.io-1949cf8c6b5b557f\bevy_ecs-0.18.1\src\system\function_system.rs;52;162132941;0.175242;18163;8926;1253;104553;3551.543056
plugin cleanup{plugin="bevy_mesh::MeshPlugin"};C:\Users\Antoi\.cargo\registry\src\index.crates.io-1949cf8c6b5b557f\bevy_app-0.18.1\src\app.rs;292;56;0.000000;1;56;56;56;0.000000
asset loading{loader="bevy_shader::shader::ShaderLoader" asset="embedded://bevy_pbr\\meshlet/dummy_visibility_buffer_resolve.wgsl"};C:\Users\Antoi\.cargo\registry\src\index.crates.io-1949cf8c6b5b557f\bevy_asset-0.18.1\src\server\loaders.rs;332;16034;0.000017;2;8017;81;15953;11223.198831
plugin cleanup{plugin="bevy_water::water::WaterPlugin"};C:\Users\Antoi\.cargo\registry\src\index.crates.io-1949cf8c6b5b557f\bevy_app-0.18.1\src\app.rs;292;54;0.000000;1;54;54;54;0.000000
system{name="forgia_mode_roguelite::toon_config::sys_force_apply_toon_settings"};C:\Users\Antoi\.cargo\registry\src\index.crates.io-1949cf8c6b5b557f\bevy_ecs-0.18.1\src\system\function_system.rs;52;261378;0.000283;1;261378;261378;261378;0.000000
plugin build{plugin="bevy_pbr::prepass::PrepassPipelinePlugin"};C:\Users\Antoi\.cargo\registry\src\index.crates.io-1949cf8c6b5b557f\bevy_app-0.18.1\src\app.rs;529;36287;0.000039;1;36287;36287;36287;0.000000
remove_joints_attached_to_rigid_body;C:\Users\Antoi\.cargo\registry\src\index.crates.io-1949cf8c6b5b557f\rapier3d-0.31.0\src\dynamics\joint\impulse_joint\impulse_joint_set.rs;454;1872;0.000002;15;124;49;378;92.618264
system{name="forgia_mode_roguelite::loot_room::sys_checkpoint_touch"};C:\Users\Antoi\.cargo\registry\src\index.crates.io-1949cf8c6b5b557f\bevy_ecs-0.18.1\src\system\function_system.rs;52;6920514;0.007480;17308;399;123;99545;781.754601
system{name="bevy_state::state::transitions::run_transition<forgia_core::states::AppMode>"};C:\Users\Antoi\.cargo\registry\src\index.crates.io-1949cf8c6b5b557f\bevy_ecs-0.18.1\src\system\function_system.rs;52;1376773;0.001488;18164;75;60;24380;182.522369
system{name="bevy_render::extract_component::extract_components<bevy_pbr::ssr::ScreenSpaceReflections>"};C:\Users\Antoi\.cargo\registry\src\index.crates.io-1949cf8c6b5b557f\bevy_ecs-0.18.1\src\system\function_system.rs;52;4625869;0.005000;18163;254;92;17719;281.502305
system{name="forgia_mode_roguelite::sys_spin_coins"};C:\Users\Antoi\.cargo\registry\src\index.crates.io-1949cf8c6b5b557f\bevy_ecs-0.18.1\src\system\function_system.rs;52;10568717;0.011423;17308;610;217;55743;506.265269
system{name="bevy_render::extract_component::extract_components<bevy_core_pipeline::tonemapping::DebandDither>"};C:\Users\Antoi\.cargo\registry\src\index.crates.io-1949cf8c6b5b557f\bevy_ecs-0.18.1\src\system\function_system.rs;52;15445158;0.016694;18163;850;268;88487;813.169045
asset loading{loader="bevy_kira_audio::source::ogg_loader::OggLoader" asset="audio/roguelite/sfx/weakspot.ogg"};C:\Users\Antoi\.cargo\registry\src\index.crates.io-1949cf8c6b5b557f\bevy_asset-0.18.1\src\server\loaders.rs;332;833777;0.000901;5;166755;136;824690;367800.208543
system_commands{name="bevy_ui::accessibility::image_changed"};C:\Users\Antoi\.cargo\registry\src\index.crates.io-1949cf8c6b5b557f\bevy_ecs-0.18.1\src\system\function_system.rs;54;1712065;0.001850;18163;94;51;16513;141.107168
system{name="bevy_hanabi::render::propagate_ready_state"};C:\Users\Antoi\.cargo\registry\src\index.crates.io-1949cf8c6b5b557f\bevy_ecs-0.18.1\src\system\function_system.rs;52;345993938;0.373969;18162;19050;9561;702390;15928.573187
system{name="forgia_mode_roguelite::defense::sys_write_shield_sensor"};C:\Users\Antoi\.cargo\registry\src\index.crates.io-1949cf8c6b5b557f\bevy_ecs-0.18.1\src\system\function_system.rs;52;6731526;0.007276;17308;388;114;88269;927.757617
asset loading{loader="bevy_image::image_loader::ImageLoader" asset="ui/menu_video/frame_0133.webp"};C:\Users\Antoi\.cargo\registry\src\index.crates.io-1949cf8c6b5b557f\bevy_asset-0.18.1\src\server\loaders.rs;332;14596599;0.015777;7;2085228;160;14559972;5500847.340601
system_commands{name="bevy_egui::input::write_pointer_button_messages_system"};C:\Users\Antoi\.cargo\registry\src\index.crates.io-1949cf8c6b5b557f\bevy_ecs-0.18.1\src\system\function_system.rs;54;1103151;0.001192;18163;60;50;9637;77.854456
system{name="forgia_viewmodel::arms::sync_arm_cosmetics"};C:\Users\Antoi\.cargo\registry\src\index.crates.io-1949cf8c6b5b557f\bevy_ecs-0.18.1\src\system\function_system.rs;52;6543974;0.007073;17308;378;120;152828;1192.707039
system{name="bevy_render::render_phase::sweep_old_entities<bevy_core_pipeline::core_2d::Opaque2d>"};C:\Users\Antoi\.cargo\registry\src\index.crates.io-1949cf8c6b5b557f\bevy_ecs-0.18.1\src\system\function_system.rs;52;5880515;0.006356;18162;323;97;28543;271.817859
system{name="forgia_mode_roguelite::element_vfx::sys_reset_vfx_stats"};C:\Users\Antoi\.cargo\registry\src\index.crates.io-1949cf8c6b5b557f\bevy_ecs-0.18.1\src\system\function_system.rs;52;184;0.000000;1;184;184;184;0.000000
system{name="bevy_render::batching::gpu_preprocessing::batch_and_prepare_sorted_render_phase<bevy_core_pipeline::core_3d::Transparent3d, bevy_pbr::render::mesh::MeshPipeline>"};C:\Users\Antoi\.cargo\registry\src\index.crates.io-1949cf8c6b5b557f\bevy_ecs-0.18.1\src\system\function_system.rs;52;43321726;0.046824;18162;2385;415;134679;1995.394628
system{name="bevy_egui::render::systems::prepare_egui_transforms_system"};C:\Users\Antoi\.cargo\registry\src\index.crates.io-1949cf8c6b5b557f\bevy_ecs-0.18.1\src\system\function_system.rs;52;208280914;0.225121;18162;11467;1670;329563;14805.881683
system{name="bevy_ui_render::box_shadow::queue_shadows"};C:\Users\Antoi\.cargo\registry\src\index.crates.io-1949cf8c6b5b557f\bevy_ecs-0.18.1\src\system\function_system.rs;52;9938066;0.010742;18162;547;180;79419;683.843087
system{name="bevy_rapier3d::plugin::systems::collider::apply_collider_user_changes"};C:\Users\Antoi\.cargo\registry\src\index.crates.io-1949cf8c6b5b557f\bevy_ecs-0.18.1\src\system\function_system.rs;52;40132304;0.043377;5734;6999;187;136744;4030.382281
plugin finish{plugin="forgia_viewmodel::vm_camera::ForgiaViewmodelCameraPlugin"};C:\Users\Antoi\.cargo\registry\src\index.crates.io-1949cf8c6b5b557f\bevy_app-0.18.1\src\app.rs;272;58;0.000000;1;58;58;58;0.000000
system{name="bevy_render::batching::sort_binned_render_phase<bevy_core_pipeline::core_3d::Opaque3d>"};C:\Users\Antoi\.cargo\registry\src\index.crates.io-1949cf8c6b5b557f\bevy_ecs-0.18.1\src\system\function_system.rs;52;19618969;0.021205;18162;1080;314;128621;1249.116662
system{name="bevy_asset::assets::Assets<bevy_pbr::extended_material::ExtendedMaterial<bevy_pbr::pbr_material::StandardMaterial, bevy_pbr::decal::forward::ForwardDecalMaterialExt>>::asset_events_condition"};C:\Users\Antoi\.cargo\registry\src\index.crates.io-1949cf8c6b5b557f\bevy_ecs-0.18.1\src\system\function_system.rs;52;2033593;0.002198;18163;111;54;11911;110.514282
system{name="bevy_state::condition::in_state<forgia_mode_roguelite::run::RunState>::{{closure}}"};C:\Users\Antoi\.cargo\registry\src\index.crates.io-1949cf8c6b5b557f\bevy_ecs-0.18.1\src\system\function_system.rs;52;16639384;0.017985;163467;101;52;91747;332.142858
system{name="bevy_render::camera::extract_cameras"};C:\Users\Antoi\.cargo\registry\src\index.crates.io-1949cf8c6b5b557f\bevy_ecs-0.18.1\src\system\function_system.rs;52;207633000;0.224421;18163;11431;2365;206767;4480.054425
system_commands{name="forgia_viewmodel::fade::identify_viewmodel_faders"};C:\Users\Antoi\.cargo\registry\src\index.crates.io-1949cf8c6b5b557f\bevy_ecs-0.18.1\src\system\function_system.rs;54;1712861;0.001851;17308;98;51;70463;711.519082
plugin build{plugin="forgia_postprocess::toon::ForgiaPpToonPlugin"};C:\Users\Antoi\.cargo\registry\src\index.crates.io-1949cf8c6b5b557f\bevy_app-0.18.1\src\app.rs;529;81159;0.000088;1;81159;81159;81159;0.000000
plugin build{plugin="forgia_asset_registry::ForgiaAssetRegistryPlugin"};C:\Users\Antoi\.cargo\registry\src\index.crates.io-1949cf8c6b5b557f\bevy_app-0.18.1\src\app.rs;529;31471;0.000034;1;31471;31471;31471;0.000000
system{name="bevy_asset::assets::Assets<bevy_image::texture_atlas::TextureAtlasLayout>::asset_events"};C:\Users\Antoi\.cargo\registry\src\index.crates.io-1949cf8c6b5b557f\bevy_ecs-0.18.1\src\system\function_system.rs;52;6161;0.000007;11;560;323;1334;295.303403
plugin build{plugin="bevy_sprite_render::SpriteRenderPlugin"};C:\Users\Antoi\.cargo\registry\src\index.crates.io-1949cf8c6b5b557f\bevy_app-0.18.1\src\app.rs;529;873611;0.000944;1;873611;873611;873611;0.000000
system_commands{name="bevy_water::water::setup_water"};C:\Users\Antoi\.cargo\registry\src\index.crates.io-1949cf8c6b5b557f\bevy_ecs-0.18.1\src\system\function_system.rs;54;173783;0.000188;1;173783;173783;173783;0.000000
plugin finish{plugin="forgia_prefab::ForgiaPrefabPlugin"};C:\Users\Antoi\.cargo\registry\src\index.crates.io-1949cf8c6b5b557f\bevy_app-0.18.1\src\app.rs;272;51;0.000000;1;51;51;51;0.000000
plugin build{plugin="forgia_mode_roguelite::identity::IdentityPlugin"};C:\Users\Antoi\.cargo\registry\src\index.crates.io-1949cf8c6b5b557f\bevy_app-0.18.1\src\app.rs;529;1159998;0.001254;1;1159998;1159998;1159998;0.000000
plugin finish{plugin="bevy_hanabi::plugin::HanabiPlugin"};C:\Users\Antoi\.cargo\registry\src\index.crates.io-1949cf8c6b5b557f\bevy_app-0.18.1\src\app.rs;272;7109740;0.007685;1;7109740;7109740;7109740;0.000000
system_commands{name="bevy_render::view::window::screenshot::clear_screenshots"};C:\Users\Antoi\.cargo\registry\src\index.crates.io-1949cf8c6b5b557f\bevy_ecs-0.18.1\src\system\function_system.rs;54;3019113;0.003263;18163;166;53;83113;643.859297
system{name="bevy_rapier3d::plugin::systems::rigid_body::apply_initial_rigid_body_impulses"};C:\Users\Antoi\.cargo\registry\src\index.crates.io-1949cf8c6b5b557f\bevy_ecs-0.18.1\src\system\function_system.rs;52;3016115;0.003260;5734;526;65;51641;691.277640
system{name="bevy_render::render_asset::extract_render_asset<bevy_pbr::medium::GpuScatteringMedium>"};C:\Users\Antoi\.cargo\registry\src\index.crates.io-1949cf8c6b5b557f\bevy_ecs-0.18.1\src\system\function_system.rs;52;18248672;0.019724;18162;1004;475;7827;233.590113
update;C:\Users\Antoi\.cargo\registry\src\index.crates.io-1949cf8c6b5b557f\rapier3d-0.31.0\src\dynamics\solver\joint_constraint\joint_constraints_set.rs;328;1483943;0.001604;22936;64;46;2049;39.899168
asset loading{loader="bevy_gltf::loader::GltfLoader" asset="models/kaykit/dungeon/floor_rocks.glb"};C:\Users\Antoi\.cargo\registry\src\index.crates.io-1949cf8c6b5b557f\bevy_asset-0.18.1\src\server\loaders.rs;332;4517285;0.004883;6;752880;152;4171159;1679387.705071
system_commands{name="forgia_mode_roguelite::render_quality::sys_apply_ssao"};C:\Users\Antoi\.cargo\registry\src\index.crates.io-1949cf8c6b5b557f\bevy_ecs-0.18.1\src\system\function_system.rs;54;1317435;0.001424;17308;76;50;9970;78.431019
system_commands{name="bevy_light::cluster::assign::assign_objects_to_clusters"};C:\Users\Antoi\.cargo\registry\src\index.crates.io-1949cf8c6b5b557f\bevy_ecs-0.18.1\src\system\function_system.rs;54;3630050;0.003924;18163;199;66;63741;592.730562
plugin build{plugin="bevy_gizmos_render::pipeline_2d::LineGizmo2dPlugin"};C:\Users\Antoi\.cargo\registry\src\index.crates.io-1949cf8c6b5b557f\bevy_app-0.18.1\src\app.rs;529;57697;0.000062;1;57697;57697;57697;0.000000
system{name="bevy_render::batching::gpu_preprocessing::batch_and_prepare_binned_render_phase<bevy_core_pipeline::core_3d::Opaque3d, bevy_pbr::render::mesh::MeshPipeline>"};C:\Users\Antoi\.cargo\registry\src\index.crates.io-1949cf8c6b5b557f\bevy_ecs-0.18.1\src\system\function_system.rs;52;93438359;0.100993;18162;5144;1024;123234;2757.523117
system_commands{name="forgia_ui::spawn_menu_camera_permanent"};C:\Users\Antoi\.cargo\registry\src\index.crates.io-1949cf8c6b5b557f\bevy_ecs-0.18.1\src\system\function_system.rs;54;56628;0.000061;1;56628;56628;56628;0.000000
system{name="forgia_mode_roguelite::loot_room::sys_roll_zone_reward"};C:\Users\Antoi\.cargo\registry\src\index.crates.io-1949cf8c6b5b557f\bevy_ecs-0.18.1\src\system\function_system.rs;52;4747670;0.005132;17308;274;84;52298;449.124777
plugin finish{plugin="bevy_render::extract_component::ExtractComponentPlugin<bevy_anti_alias::fxaa::Fxaa>"};C:\Users\Antoi\.cargo\registry\src\index.crates.io-1949cf8c6b5b557f\bevy_app-0.18.1\src\app.rs;272;53;0.000000;1;53;53;53;0.000000
system_commands{name="forgia_viewmodel::vm_camera::manage_viewmodel_camera"};C:\Users\Antoi\.cargo\registry\src\index.crates.io-1949cf8c6b5b557f\bevy_ecs-0.18.1\src\system\function_system.rs;54;2087311;0.002256;17308;120;50;926261;7064.435176
system_commands{name="bevy_picking::input::spawn_mouse_pointer"};C:\Users\Antoi\.cargo\registry\src\index.crates.io-1949cf8c6b5b557f\bevy_ecs-0.18.1\src\system\function_system.rs;54;27408;0.000030;1;27408;27408;27408;0.000000
system{name="bevy_render::batching::gpu_preprocessing::batch_and_prepare_binned_render_phase<bevy_core_pipeline::prepass::Opaque3dPrepass, bevy_pbr::render::mesh::MeshPipeline>"};C:\Users\Antoi\.cargo\registry\src\index.crates.io-1949cf8c6b5b557f\bevy_ecs-0.18.1\src\system\function_system.rs;52;10907516;0.011789;18162;600;222;74928;758.142947
plugin finish{plugin="bevy_render::render_asset::RenderAssetPlugin<bevy_render::mesh::RenderMesh, bevy_render::texture::gpu_image::GpuImage>"};C:\Users\Antoi\.cargo\registry\src\index.crates.io-1949cf8c6b5b557f\bevy_app-0.18.1\src\app.rs;272;80;0.000000;1;80;80;80;0.000000
system{name="bevy_render::batching::gpu_preprocessing::batch_and_prepare_binned_render_phase<bevy_core_pipeline::deferred::Opaque3dDeferred, bevy_pbr::render::mesh::MeshPipeline>"};C:\Users\Antoi\.cargo\registry\src\index.crates.io-1949cf8c6b5b557f\bevy_ecs-0.18.1\src\system\function_system.rs;52;13866039;0.014987;18162;763;237;152401;1417.518010
system{name="forgia_fps::drain_left_click_edge"};C:\Users\Antoi\.cargo\registry\src\index.crates.io-1949cf8c6b5b557f\bevy_ecs-0.18.1\src\system\function_system.rs;52;1142796;0.001235;5360;213;73;3337;88.236406
system{name="bevy_render::render_asset::extract_render_asset_bytes_per_frame"};C:\Users\Antoi\.cargo\registry\src\index.crates.io-1949cf8c6b5b557f\bevy_ecs-0.18.1\src\system\function_system.rs;52;4425711;0.004784;18163;243;77;12423;182.048985
plugin cleanup{plugin="bevy_ui_render::UiRenderPlugin"};C:\Users\Antoi\.cargo\registry\src\index.crates.io-1949cf8c6b5b557f\bevy_app-0.18.1\src\app.rs;292;55;0.000000;1;55;55;55;0.000000
plugin cleanup{plugin="forgia_effects::damage_numbers::ForgiaDamageNumbersPlugin"};C:\Users\Antoi\.cargo\registry\src\index.crates.io-1949cf8c6b5b557f\bevy_app-0.18.1\src\app.rs;292;60;0.000000;1;60;60;60;0.000000
system_commands{name="bevy_post_process::bloom::prepare_bloom_textures"};C:\Users\Antoi\.cargo\registry\src\index.crates.io-1949cf8c6b5b557f\bevy_ecs-0.18.1\src\system\function_system.rs;54;1586073;0.001714;18162;87;51;4589;44.379998
system_commands{name="forgia_worldgen::streaming::sys_toggle_streaming"};C:\Users\Antoi\.cargo\registry\src\index.crates.io-1949cf8c6b5b557f\bevy_ecs-0.18.1\src\system\function_system.rs;54;2720005;0.002940;17308;157;62;78388;630.857380
system{name="bevy_render::batching::gpu_preprocessing::collect_buffers_for_phase<bevy_core_pipeline::deferred::Opaque3dDeferred, bevy_pbr::render::mesh::MeshPipeline>"};C:\Users\Antoi\.cargo\registry\src\index.crates.io-1949cf8c6b5b557f\bevy_ecs-0.18.1\src\system\function_system.rs;52;15293251;0.016530;18162;842;298;46490;591.203354
asset loading{loader="bevy_image::image_loader::ImageLoader" asset="ui/menu_video/frame_0064.webp"};C:\Users\Antoi\.cargo\registry\src\index.crates.io-1949cf8c6b5b557f\bevy_asset-0.18.1\src\server\loaders.rs;332;14597828;0.015778;7;2085404;160;14559987;5500777.426727
system{name="forgia_mode_roguelite::run::sys_animate_soul_wisps"};C:\Users\Antoi\.cargo\registry\src\index.crates.io-1949cf8c6b5b557f\bevy_ecs-0.18.1\src\system\function_system.rs;52;9054138;0.009786;17308;523;96;87604;912.426350
plugin finish{plugin="forgia_damage::ForgiaDamagePlugin"};C:\Users\Antoi\.cargo\registry\src\index.crates.io-1949cf8c6b5b557f\bevy_app-0.18.1\src\app.rs;272;54;0.000000;1;54;54;54;0.000000
system_commands{name="forgia_player::attach_skybox_to_camera"};C:\Users\Antoi\.cargo\registry\src\index.crates.io-1949cf8c6b5b557f\bevy_ecs-0.18.1\src\system\function_system.rs;54;1136611;0.001229;18163;62;50;45419;357.858494
system{name="bevy_pbr::light_probe::prepare_environment_uniform_buffer"};C:\Users\Antoi\.cargo\registry\src\index.crates.io-1949cf8c6b5b557f\bevy_ecs-0.18.1\src\system\function_system.rs;52;243590994;0.263286;18162;13412;1780;207165;14345.267008
system{name="bevy_camera::visibility::check_visibility"};C:\Users\Antoi\.cargo\registry\src\index.crates.io-1949cf8c6b5b557f\bevy_ecs-0.18.1\src\system\function_system.rs;52;3329256578;3.598441;18163;183298;110958;7281566;76817.128670
system{name="bevy_hanabi::render::on_remove_cached_metadata"};C:\Users\Antoi\.cargo\registry\src\index.crates.io-1949cf8c6b5b557f\bevy_ecs-0.18.1\src\system\function_system.rs;52;3025;0.000003;4;756;67;2799;1361.878482
system_commands{name="bevy_pbr::light_probe::gather_environment_map_uniform"};C:\Users\Antoi\.cargo\registry\src\index.crates.io-1949cf8c6b5b557f\bevy_ecs-0.18.1\src\system\function_system.rs;54;20454521;0.022108;18162;1126;460;15206;300.713457
plugin build{plugin="forgia_mode_roguelite::meta_shop::MetaShopPlugin"};C:\Users\Antoi\.cargo\registry\src\index.crates.io-1949cf8c6b5b557f\bevy_app-0.18.1\src\app.rs;529;37851;0.000041;1;37851;37851;37851;0.000000
asset loading{loader="bevy_gltf::loader::GltfLoader" asset="models/kaykit/hexagon/red/building_lumbermill_red.gltf"};C:\Users\Antoi\.cargo\registry\src\index.crates.io-1949cf8c6b5b557f\bevy_asset-0.18.1\src\server\loaders.rs;332;403910;0.000437;8;50488;84;262414;90763.825661
system{name="forgia_player::skybox_genome::sync_palette_from_genome"};C:\Users\Antoi\.cargo\registry\src\index.crates.io-1949cf8c6b5b557f\bevy_ecs-0.18.1\src\system\function_system.rs;52;8288810;0.008959;18163;456;128;500206;4820.899089
system{name="forgia_viewmodel::fade::sync_fader_progress"};C:\Users\Antoi\.cargo\registry\src\index.crates.io-1949cf8c6b5b557f\bevy_ecs-0.18.1\src\system\function_system.rs;52;6078015;0.006569;17308;351;118;132158;1042.741298
system{name="forgia_mode_roguelite::weapon_select::sys_enforce_unlocked_loadout"};C:\Users\Antoi\.cargo\registry\src\index.crates.io-1949cf8c6b5b557f\bevy_ecs-0.18.1\src\system\function_system.rs;52;4757193;0.005142;17308;274;88;52137;415.169719
system{name="bevy_render::extract_component::extract_components<bevy_render::experimental::occlusion_culling::OcclusionCulling>"};C:\Users\Antoi\.cargo\registry\src\index.crates.io-1949cf8c6b5b557f\bevy_ecs-0.18.1\src\system\function_system.rs;52;4921637;0.005320;18163;270;102;110455;848.953681
asset loading{loader="bevy_image::image_loader::ImageLoader" asset="ui/menu_video/frame_0076.webp"};C:\Users\Antoi\.cargo\registry\src\index.crates.io-1949cf8c6b5b557f\bevy_asset-0.18.1\src\server\loaders.rs;332;14438793;0.015606;7;2062684;164;14405823;5442814.258434
system{name="forgia_mode_roguelite::weapon_select::sys_calibrate_preview"};C:\Users\Antoi\.cargo\registry\src\index.crates.io-1949cf8c6b5b557f\bevy_ecs-0.18.1\src\system\function_system.rs;52;69583;0.000075;91;764;203;11555;1497.624322
plugin build{plugin="bevy_render::globals::GlobalsPlugin"};C:\Users\Antoi\.cargo\registry\src\index.crates.io-1949cf8c6b5b557f\bevy_app-0.18.1\src\app.rs;529;25215;0.000027;1;25215;25215;25215;0.000000
asset loading{loader="bevy_gltf::loader::GltfLoader" asset="models/kaykit/medieval_hexagon/buildings/red/building_market_red.gltf"};C:\Users\Antoi\.cargo\registry\src\index.crates.io-1949cf8c6b5b557f\bevy_asset-0.18.1\src\server\loaders.rs;332;411328;0.000445;11;37393;87;281894;83959.608725
system{name="bevy_animation::graph::thread_animation_graphs"};C:\Users\Antoi\.cargo\registry\src\index.crates.io-1949cf8c6b5b557f\bevy_ecs-0.18.1\src\system\function_system.rs;52;10338408;0.011174;18163;569;218;275601;2050.356561
function_scope{egui::layers::GraphicLayers::drain};C:\Users\Antoi\.cargo\registry\src\index.crates.io-1949cf8c6b5b557f\egui-0.33.3\src\layers.rs;224;167635024;0.181189;18163;9229;1051;152063;5835.287911
system{name="forgia_ui::sys_auto_start_when_warm"};C:\Users\Antoi\.cargo\registry\src\index.crates.io-1949cf8c6b5b557f\bevy_ecs-0.18.1\src\system\function_system.rs;52;24837;0.000027;91;272;104;802;146.605555
asset loading{loader="forgia_genome_core::GenomeLoader<forgia_stage::authored::ArenaLayoutsGenome>" asset="genomes/arena_layouts.toml"};C:\Users\Antoi\.cargo\registry\src\index.crates.io-1949cf8c6b5b557f\bevy_asset-0.18.1\src\server\loaders.rs;332;278323;0.000301;4;69580;61;270112;133705.721347
asset loading{loader="bevy_image::image_loader::ImageLoader" asset="ui/menu_video/frame_0103.webp"};C:\Users\Antoi\.cargo\registry\src\index.crates.io-1949cf8c6b5b557f\bevy_asset-0.18.1\src\server\loaders.rs;332;14371569;0.015534;7;2053081;150;14332806;5414851.757968
plugin build{plugin="forgia_fps::ForgiaFpsPlugin"};C:\Users\Antoi\.cargo\registry\src\index.crates.io-1949cf8c6b5b557f\bevy_app-0.18.1\src\app.rs;529;728103;0.000787;1;728103;728103;728103;0.000000
system{name="bevy_render::batching::gpu_preprocessing::clear_batched_gpu_instance_buffers<bevy_pbr::render::mesh::MeshPipeline>"};C:\Users\Antoi\.cargo\registry\src\index.crates.io-1949cf8c6b5b557f\bevy_ecs-0.18.1\src\system\function_system.rs;52;13824079;0.014942;18163;761;303;58018;605.957999
function_scope{egui::context::Context::begin_pass};C:\Users\Antoi\.cargo\registry\src\index.crates.io-1949cf8c6b5b557f\egui-0.33.3\src\context.rs;876;892167917;0.964304;18163;49120;31900;1079555;18569.537867
node{name="bevy_ui_render::RunUiSubgraphOnUiViewNode"};C:\Users\Antoi\.cargo\registry\src\index.crates.io-1949cf8c6b5b557f\bevy_render-0.18.1\src\renderer\graph_runner.rs;240;428774084;0.463442;54486;7869;2177;115881;4299.364011
asset loading{loader="bevy_image::image_loader::ImageLoader" asset="ui/menu_video/frame_0057.webp"};C:\Users\Antoi\.cargo\registry\src\index.crates.io-1949cf8c6b5b557f\bevy_asset-0.18.1\src\server\loaders.rs;332;14978077;0.016189;5;2995615;159;14957578;6686941.713655
system_commands{name="bevy_render::extract_component::extract_components<bevy_pbr::atmosphere::GpuAtmosphereSettings>"};C:\Users\Antoi\.cargo\registry\src\index.crates.io-1949cf8c6b5b557f\bevy_ecs-0.18.1\src\system\function_system.rs;54;10342572;0.011179;18162;569;207;87999;798.429680
system{name="forgia_killfeed::tick_killfeed"};C:\Users\Antoi\.cargo\registry\src\index.crates.io-1949cf8c6b5b557f\bevy_ecs-0.18.1\src\system\function_system.rs;52;6610156;0.007145;18163;363;127;37676;335.531002
plugin finish{plugin="bevy_diagnostic::frame_time_diagnostics_plugin::FrameTimeDiagnosticsPlugin"};C:\Users\Antoi\.cargo\registry\src\index.crates.io-1949cf8c6b5b557f\bevy_app-0.18.1\src\app.rs;272;111;0.000000;1;111;111;111;0.000000
plugin build{plugin="bevy_render::extract_component::ExtractComponentPlugin<bevy_core_pipeline::oit::OrderIndependentTransparencySettings>"};C:\Users\Antoi\.cargo\registry\src\index.crates.io-1949cf8c6b5b557f\bevy_app-0.18.1\src\app.rs;529;13962;0.000015;1;13962;13962;13962;0.000000
plugin cleanup{plugin="forgia_mode_roguelite::parcours_obstacles::ParcoursObstaclesPlugin"};C:\Users\Antoi\.cargo\registry\src\index.crates.io-1949cf8c6b5b557f\bevy_app-0.18.1\src\app.rs;292;52;0.000000;1;52;52;52;0.000000
system_commands{name="forgia_rpg_data::boons::load_boons_catalogue"};C:\Users\Antoi\.cargo\registry\src\index.crates.io-1949cf8c6b5b557f\bevy_ecs-0.18.1\src\system\function_system.rs;54;5600;0.000006;1;5600;5600;5600;0.000000
system{name="forgia_ui::weapon_preview::sys_despawn_previews"};C:\Users\Antoi\.cargo\registry\src\index.crates.io-1949cf8c6b5b557f\bevy_ecs-0.18.1\src\system\function_system.rs;52;3249;0.000004;1;3249;3249;3249;0.000000
system{name="bevy_render::extract_component::extract_components<bevy_core_pipeline::skybox::Skybox>"};C:\Users\Antoi\.cargo\registry\src\index.crates.io-1949cf8c6b5b557f\bevy_ecs-0.18.1\src\system\function_system.rs;52;19644087;0.021232;18163;1081;381;73686;885.203440
system{name="bevy_asset::assets::Assets<()>::track_assets"};C:\Users\Antoi\.cargo\registry\src\index.crates.io-1949cf8c6b5b557f\bevy_ecs-0.18.1\src\system\function_system.rs;52;23740767;0.025660;18163;1307;119;967666;10611.183259
system{name="bevy_ui::stack::ui_stack_system"};C:\Users\Antoi\.cargo\registry\src\index.crates.io-1949cf8c6b5b557f\bevy_ecs-0.18.1\src\system\function_system.rs;52;23129714;0.025000;18163;1273;443;35820;576.134803
plugin finish{plugin="bevy_render::extract_component::ExtractComponentPlugin<bevy_core_pipeline::skybox::Skybox>"};C:\Users\Antoi\.cargo\registry\src\index.crates.io-1949cf8c6b5b557f\bevy_app-0.18.1\src\app.rs;272;98;0.000000;1;98;98;98;0.000000
plugin cleanup{plugin="bevy_pbr::light_probe::LightProbePlugin"};C:\Users\Antoi\.cargo\registry\src\index.crates.io-1949cf8c6b5b557f\bevy_app-0.18.1\src\app.rs;292;52;0.000000;1;52;52;52;0.000000
plugin finish{plugin="forgia_stage::ForgiaStageArenaPlugin"};C:\Users\Antoi\.cargo\registry\src\index.crates.io-1949cf8c6b5b557f\bevy_app-0.18.1\src\app.rs;272;52;0.000000;1;52;52;52;0.000000
system{name="bevy_asset::assets::Assets<bevy_audio::audio_source::AudioSource>::asset_events_condition"};C:\Users\Antoi\.cargo\registry\src\index.crates.io-1949cf8c6b5b557f\bevy_ecs-0.18.1\src\system\function_system.rs;52;1339977;0.001448;18163;73;52;1602;38.738594
plugin finish{plugin="bevy_render::erased_render_asset::ErasedRenderAssetPlugin<bevy_pbr::mesh_material::MeshMaterial3d<bevy_pbr::extended_material::ExtendedMaterial<bevy_pbr::pbr_material::StandardMaterial, bevy_water::water::material::WaterMaterial>>>"};C:\Users\Antoi\.cargo\registry\src\index.crates.io-1949cf8c6b5b557f\bevy_app-0.18.1\src\app.rs;272;20604;0.000022;1;20604;20604;20604;0.000000
remove_collider;C:\Users\Antoi\.cargo\registry\src\index.crates.io-1949cf8c6b5b557f\rapier3d-0.31.0\src\geometry\narrow_phase.rs;336;15377;0.000017;23;668;87;4790;983.708775
plugin finish{plugin="forgia_ui::weapon_preview::WeaponPreviewPlugin"};C:\Users\Antoi\.cargo\registry\src\index.crates.io-1949cf8c6b5b557f\bevy_app-0.18.1\src\app.rs;272;52;0.000000;1;52;52;52;0.000000
system{name="forgia_mode_roguelite::mushrooms::sys_init_mushroom_assets"};C:\Users\Antoi\.cargo\registry\src\index.crates.io-1949cf8c6b5b557f\bevy_ecs-0.18.1\src\system\function_system.rs;52;28668;0.000031;1;28668;28668;28668;0.000000
system{name="forgia_mode_roguelite::run::sys_tag_player_as_collector"};C:\Users\Antoi\.cargo\registry\src\index.crates.io-1949cf8c6b5b557f\bevy_ecs-0.18.1\src\system\function_system.rs;52;7519510;0.008127;17308;434;135;622868;4745.371798
plugin finish{plugin="bevy_render::render_asset::RenderAssetPlugin<bevy_pbr::medium::GpuScatteringMedium>"};C:\Users\Antoi\.cargo\registry\src\index.crates.io-1949cf8c6b5b557f\bevy_app-0.18.1\src\app.rs;272;130;0.000000;1;130;130;130;0.000000
asset loading{loader="bevy_gltf::loader::GltfLoader" asset="models/environment/portal/portal_closed.glb"};C:\Users\Antoi\.cargo\registry\src\index.crates.io-1949cf8c6b5b557f\bevy_asset-0.18.1\src\server\loaders.rs;332;154811643;0.167329;9;17201293;78;154192526;51371790.296385
system{name="bevy_rapier3d::plugin::systems::rigid_body::writeback_rigid_bodies"};C:\Users\Antoi\.cargo\registry\src\index.crates.io-1949cf8c6b5b557f\bevy_ecs-0.18.1\src\system\function_system.rs;52;45878210;0.049588;5734;8001;90;176264;3881.154901
system{name="bevy_core_pipeline::core_3d::prepare_core_3d_depth_textures"};C:\Users\Antoi\.cargo\registry\src\index.crates.io-1949cf8c6b5b557f\bevy_ecs-0.18.1\src\system\function_system.rs;52;96503494;0.104306;18162;5313;2164;4423172;33056.798828
plugin finish{plugin="forgia_effects::arena_feedback::ArenaFeedbackPlugin"};C:\Users\Antoi\.cargo\registry\src\index.crates.io-1949cf8c6b5b557f\bevy_app-0.18.1\src\app.rs;272;55;0.000000;1;55;55;55;0.000000
system{name="forgia_mode_roguelite::shockwave::sys_tick_shockwave_cooldown"};C:\Users\Antoi\.cargo\registry\src\index.crates.io-1949cf8c6b5b557f\bevy_ecs-0.18.1\src\system\function_system.rs;52;3720461;0.004021;17308;214;79;37676;325.502801
system{name="forgia_mode_roguelite::ultimate_vfx::sys_spawn_ultimate_vfx"};C:\Users\Antoi\.cargo\registry\src\index.crates.io-1949cf8c6b5b557f\bevy_ecs-0.18.1\src\system\function_system.rs;52;8576353;0.009270;17308;495;197;48798;469.262746
system{name="forgia_observability::qa_bridge::sys_crash_bridge_startup"};C:\Users\Antoi\.cargo\registry\src\index.crates.io-1949cf8c6b5b557f\bevy_ecs-0.18.1\src\system\function_system.rs;52;27231;0.000029;1;27231;27231;27231;0.000000
system{name="forgia_observability::qa_bridge::sys_qa_health_bridge"};C:\Users\Antoi\.cargo\registry\src\index.crates.io-1949cf8c6b5b557f\bevy_ecs-0.18.1\src\system\function_system.rs;52;24012720;0.025954;18163;1322;209;217841;1851.131771
plugin cleanup{plugin="bevy_render::mesh::MeshRenderAssetPlugin"};C:\Users\Antoi\.cargo\registry\src\index.crates.io-1949cf8c6b5b557f\bevy_app-0.18.1\src\app.rs;292;54;0.000000;1;54;54;54;0.000000
system{name="forgia_mode_roguelite::run::sys_apply_stage_toggles"};C:\Users\Antoi\.cargo\registry\src\index.crates.io-1949cf8c6b5b557f\bevy_ecs-0.18.1\src\system\function_system.rs;52;6632919;0.007169;17308;383;114;85625;819.007788
plugin build{plugin="bevy_audio::AudioPlugin"};C:\Users\Antoi\.cargo\registry\src\index.crates.io-1949cf8c6b5b557f\bevy_app-0.18.1\src\app.rs;529;28742420;0.031066;1;28742420;28742420;28742420;0.000000
plugin finish{plugin="bevy_render::texture::TexturePlugin"};C:\Users\Antoi\.cargo\registry\src\index.crates.io-1949cf8c6b5b557f\bevy_app-0.18.1\src\app.rs;272;364665;0.000394;1;364665;364665;364665;0.000000
asset loading{loader="bevy_image::image_loader::ImageLoader" asset="ui/menu_video/frame_0063.webp"};C:\Users\Antoi\.cargo\registry\src\index.crates.io-1949cf8c6b5b557f\bevy_asset-0.18.1\src\server\loaders.rs;332;14531215;0.015706;7;2075887;184;14495050;5476337.603730
system_commands{name="bevy_scene::scene_spawner::scene_spawner"};C:\Users\Antoi\.cargo\registry\src\index.crates.io-1949cf8c6b5b557f\bevy_ecs-0.18.1\src\system\function_system.rs;54;12064775;0.013040;18163;664;58;142220;2178.757304
system_commands{name="bevy_post_process::bloom::downsampling_pipeline::init_bloom_downsampling_pipeline"};C:\Users\Antoi\.cargo\registry\src\index.crates.io-1949cf8c6b5b557f\bevy_ecs-0.18.1\src\system\function_system.rs;54;670;0.000001;1;670;670;670;0.000000
system{name="bevy_post_process::dof::prepare_depth_of_field_pipelines"};C:\Users\Antoi\.cargo\registry\src\index.crates.io-1949cf8c6b5b557f\bevy_ecs-0.18.1\src\system\function_system.rs;52;9756140;0.010545;18162;537;152;90917;739.987601
plugin cleanup{plugin="bevy_sprite_render::mesh2d::material::Material2dPlugin<bevy_sprite_render::mesh2d::color_material::ColorMaterial>"};C:\Users\Antoi\.cargo\registry\src\index.crates.io-1949cf8c6b5b557f\bevy_app-0.18.1\src\app.rs;292;126;0.000000;1;126;126;126;0.000000
schedule{name=Main};C:\Users\Antoi\.cargo\registry\src\index.crates.io-1949cf8c6b5b557f\bevy_ecs-0.18.1\src\schedule\schedule.rs;532;56415962851;60.977436;18163;3106092;1438627;92507058;1704502.062148
plugin finish{plugin="forgia_effects::damage_numbers::ForgiaDamageNumbersPlugin"};C:\Users\Antoi\.cargo\registry\src\index.crates.io-1949cf8c6b5b557f\bevy_app-0.18.1\src\app.rs;272;54;0.000000;1;54;54;54;0.000000
plugin cleanup{plugin="forgia_viewmodel::calibration_sensor::ForgiaViewmodelCalibrationPlugin"};C:\Users\Antoi\.cargo\registry\src\index.crates.io-1949cf8c6b5b557f\bevy_app-0.18.1\src\app.rs;292;123;0.000000;1;123;123;123;0.000000
system_commands{name="bevy_picking::input::touch_pick_events"};C:\Users\Antoi\.cargo\registry\src\index.crates.io-1949cf8c6b5b557f\bevy_ecs-0.18.1\src\system\function_system.rs;54;1675066;0.001811;18163;92;50;126180;936.618822
plugin build{plugin="forgia_rpg_data::boons::ForgiaBoonsPlugin"};C:\Users\Antoi\.cargo\registry\src\index.crates.io-1949cf8c6b5b557f\bevy_app-0.18.1\src\app.rs;529;70230;0.000076;1;70230;70230;70230;0.000000
plugin cleanup{plugin="bevy_render::extract_component::ExtractComponentPlugin<bevy_post_process::bloom::settings::Bloom>"};C:\Users\Antoi\.cargo\registry\src\index.crates.io-1949cf8c6b5b557f\bevy_app-0.18.1\src\app.rs;292;122;0.000000;1;122;122;122;0.000000
system{name="bevy_asset::assets::Assets<forgia_genome_core::Genome<forgia_killfeed::tuning::KillfeedTuning>>::track_assets"};C:\Users\Antoi\.cargo\registry\src\index.crates.io-1949cf8c6b5b557f\bevy_ecs-0.18.1\src\system\function_system.rs;52;19435869;0.021007;18163;1070;177;466677;6894.220212
system{name="forgia_mode_roguelite::hud::draw_defeat_overlay"};C:\Users\Antoi\.cargo\registry\src\index.crates.io-1949cf8c6b5b557f\bevy_ecs-0.18.1\src\system\function_system.rs;52;8230066;0.008896;18163;453;123;11948;275.722543
plugin finish{plugin="forgia_killfeed::ForgiaKillfeedPlugin"};C:\Users\Antoi\.cargo\registry\src\index.crates.io-1949cf8c6b5b557f\bevy_app-0.18.1\src\app.rs;272;62;0.000000;1;62;62;62;0.000000
system_commands{name="forgia_mode_roguelite::pipeline_warmup::sys_tick_warmup"};C:\Users\Antoi\.cargo\registry\src\index.crates.io-1949cf8c6b5b557f\bevy_ecs-0.18.1\src\system\function_system.rs;54;2252757;0.002435;91;24755;62;2246078;235445.171619
plugin finish{plugin="forgia_ui_lib::hud::barks::WeaponBarksPlugin"};C:\Users\Antoi\.cargo\registry\src\index.crates.io-1949cf8c6b5b557f\bevy_app-0.18.1\src\app.rs;272;52;0.000000;1;52;52;52;0.000000
system_commands{name="bevy_render::extract_component::prepare_uniform_components<forgia_postprocess::toon::ToonSettings>"};C:\Users\Antoi\.cargo\registry\src\index.crates.io-1949cf8c6b5b557f\bevy_ecs-0.18.1\src\system\function_system.rs;54;19543137;0.021123;18162;1076;51;82846;842.345127
system_commands{name="bevy_sprite_render::render::prepare_sprite_view_bind_groups"};C:\Users\Antoi\.cargo\registry\src\index.crates.io-1949cf8c6b5b557f\bevy_ecs-0.18.1\src\system\function_system.rs;54;83252765;0.089984;18162;4583;2126;65931;1567.202635
plugin cleanup{plugin="bevy_pbr::medium::ScatteringMediumPlugin"};C:\Users\Antoi\.cargo\registry\src\index.crates.io-1949cf8c6b5b557f\bevy_app-0.18.1\src\app.rs;292;55;0.000000;1;55;55;55;0.000000
asset loading{loader="bevy_image::image_loader::ImageLoader" asset="ui/menu_video/frame_0044.webp"};C:\Users\Antoi\.cargo\registry\src\index.crates.io-1949cf8c6b5b557f\bevy_asset-0.18.1\src\server\loaders.rs;332;15303968;0.016541;6;2550661;207;15274222;6233247.437958
plugin cleanup{plugin="bevy_render::extract_instances::ExtractInstancesPlugin<bevy_pbr::light_probe::environment_map::EnvironmentMapIds>"};C:\Users\Antoi\.cargo\registry\src\index.crates.io-1949cf8c6b5b557f\bevy_app-0.18.1\src\app.rs;292;124;0.000000;1;124;124;124;0.000000
asset loading{loader="bevy_shader::shader::ShaderLoader" asset="embedded://bevy_sprite_render\\mesh2d\\color_material.wgsl"};C:\Users\Antoi\.cargo\registry\src\index.crates.io-1949cf8c6b5b557f\bevy_asset-0.18.1\src\server\loaders.rs;332;98854;0.000107;2;49427;55;98799;69822.552001
plugin cleanup{plugin="bevy_camera::visibility::range::VisibilityRangePlugin"};C:\Users\Antoi\.cargo\registry\src\index.crates.io-1949cf8c6b5b557f\bevy_app-0.18.1\src\app.rs;292;53;0.000000;1;53;53;53;0.000000
plugin cleanup{plugin="bevy_core_pipeline::core_3d::Core3dPlugin"};C:\Users\Antoi\.cargo\registry\src\index.crates.io-1949cf8c6b5b557f\bevy_app-0.18.1\src\app.rs;292;54;0.000000;1;54;54;54;0.000000
node{name="bevy_render::render_graph::node::ViewNodeRunner<bevy_core_pipeline::deferred::node::EarlyDeferredGBufferPrepassNode>"};C:\Users\Antoi\.cargo\registry\src\index.crates.io-1949cf8c6b5b557f\bevy_render-0.18.1\src\renderer\graph_runner.rs;240;6922716;0.007482;36324;190;56;86347;471.090029
plugin cleanup{plugin="bevy_render::view::window::WindowRenderPlugin"};C:\Users\Antoi\.cargo\registry\src\index.crates.io-1949cf8c6b5b557f\bevy_app-0.18.1\src\app.rs;292;128;0.000000;1;128;128;128;0.000000
plugin cleanup{plugin="bevy_render::extract_component::ExtractComponentPlugin<bevy_render::view::Hdr>"};C:\Users\Antoi\.cargo\registry\src\index.crates.io-1949cf8c6b5b557f\bevy_app-0.18.1\src\app.rs;292;532;0.000001;1;532;532;532;0.000000
plugin cleanup{plugin="bevy_render::extract_component::ExtractComponentPlugin<bevy_hanabi::EffectVisibilityClass>"};C:\Users\Antoi\.cargo\registry\src\index.crates.io-1949cf8c6b5b557f\bevy_app-0.18.1\src\app.rs;292;99;0.000000;1;99;99;99;0.000000
plugin cleanup{plugin="bevy_render::view::ViewPlugin"};C:\Users\Antoi\.cargo\registry\src\index.crates.io-1949cf8c6b5b557f\bevy_app-0.18.1\src\app.rs;292;57;0.000000;1;57;57;57;0.000000
system{name="forgia_ui::sys_force_lobby_cursor_free"};C:\Users\Antoi\.cargo\registry\src\index.crates.io-1949cf8c6b5b557f\bevy_ecs-0.18.1\src\system\function_system.rs;52;61986;0.000067;91;681;286;2654;332.493024
system{name="forgia_anim_debug::reset_stats_each_frame"};C:\Users\Antoi\.cargo\registry\src\index.crates.io-1949cf8c6b5b557f\bevy_ecs-0.18.1\src\system\function_system.rs;52;2373535;0.002565;18163;130;56;12361;141.886530
system{name="forgia_mode_roguelite::hub::lobby_hide_gameplay_hud"};C:\Users\Antoi\.cargo\registry\src\index.crates.io-1949cf8c6b5b557f\bevy_ecs-0.18.1\src\system\function_system.rs;52;1799;0.000002;1;1799;1799;1799;0.000000
system{name="bevy_asset::assets::Assets<forgia_genome_core::Genome<forgia_stage::RoguelitePoisGenome>>::track_assets"};C:\Users\Antoi\.cargo\registry\src\index.crates.io-1949cf8c6b5b557f\bevy_ecs-0.18.1\src\system\function_system.rs;52;19941940;0.021554;18163;1097;117;265895;6676.660504
system_commands{name="forgia_ui::weapon_preview::sys_swap_weapon_preview"};C:\Users\Antoi\.cargo\registry\src\index.crates.io-1949cf8c6b5b557f\bevy_ecs-0.18.1\src\system\function_system.rs;54;67722;0.000073;855;79;51;355;24.627839
system_commands{name="bevy_audio::audio_output::cleanup_finished_audio<bevy_audio::audio_source::AudioSource>"};C:\Users\Antoi\.cargo\registry\src\index.crates.io-1949cf8c6b5b557f\bevy_ecs-0.18.1\src\system\function_system.rs;54;2482440;0.002683;18163;136;52;94235;833.544224
system_commands{name="bevy_picking::input::deactivate_touch_pointers"};C:\Users\Antoi\.cargo\registry\src\index.crates.io-1949cf8c6b5b557f\bevy_ecs-0.18.1\src\system\function_system.rs;54;2445357;0.002643;18163;134;56;79536;787.693678
system_commands{name="bevy_audio::audio_output::play_queued_audio_system<bevy_audio::audio_source::AudioSource>"};C:\Users\Antoi\.cargo\registry\src\index.crates.io-1949cf8c6b5b557f\bevy_ecs-0.18.1\src\system\function_system.rs;54;2150553;0.002324;18163;118;50;691;30.107672
plugin finish{plugin="bevy_render::mesh::MorphPlugin"};C:\Users\Antoi\.cargo\registry\src\index.crates.io-1949cf8c6b5b557f\bevy_app-0.18.1\src\app.rs;272;55;0.000000;1;55;55;55;0.000000
plugin finish{plugin="bevy_render::sync_component::SyncComponentPlugin<bevy_light::ShadowFilteringMethod>"};C:\Users\Antoi\.cargo\registry\src\index.crates.io-1949cf8c6b5b557f\bevy_app-0.18.1\src\app.rs;272;52;0.000000;1;52;52;52;0.000000
system_commands{name="bevy_pbr::atmosphere::resources::prepare_atmosphere_bind_groups"};C:\Users\Antoi\.cargo\registry\src\index.crates.io-1949cf8c6b5b557f\bevy_ecs-0.18.1\src\system\function_system.rs;54;1812649;0.001959;18162;99;55;1036;26.428897
node{name="bevy_pbr::light_probe::generate::FilteringNode"};C:\Users\Antoi\.cargo\registry\src\index.crates.io-1949cf8c6b5b557f\bevy_render-0.18.1\src\renderer\graph_runner.rs;240;10766640;0.011637;36324;296;88;84579;506.758003
plugin build{plugin="bevy_render::view::window::screenshot::ScreenshotPlugin"};C:\Users\Antoi\.cargo\registry\src\index.crates.io-1949cf8c6b5b557f\bevy_app-0.18.1\src\app.rs;529;56745;0.000061;1;56745;56745;56745;0.000000
plugin cleanup{plugin="bevy_post_process::PostProcessPlugin"};C:\Users\Antoi\.cargo\registry\src\index.crates.io-1949cf8c6b5b557f\bevy_app-0.18.1\src\app.rs;292;57;0.000000;1;57;57;57;0.000000
schedule{name=PostUpdate};C:\Users\Antoi\.cargo\registry\src\index.crates.io-1949cf8c6b5b557f\bevy_ecs-0.18.1\src\schedule\schedule.rs;532;32613830411;35.250799;18163;1795619;825087;64865785;1348786.860967
system_commands{name="bevy_core_pipeline::oit::prepare_oit_buffers"};C:\Users\Antoi\.cargo\registry\src\index.crates.io-1949cf8c6b5b557f\bevy_ecs-0.18.1\src\system\function_system.rs;54;2066185;0.002233;18162;113;51;1585;39.636359
detect_grounded_status_and_apply_friction;C:\Users\Antoi\.cargo\registry\src\index.crates.io-1949cf8c6b5b557f\rapier3d-0.31.0\src\control\character_controller.rs;457;77284556;0.083533;11246;6872;543;851223;12592.067967
plugin finish{plugin="bevy_pbr::prepass::PrepassPipelinePlugin"};C:\Users\Antoi\.cargo\registry\src\index.crates.io-1949cf8c6b5b557f\bevy_app-0.18.1\src\app.rs;272;67;0.000000;1;67;67;67;0.000000
system{name="bevy_core_pipeline::experimental::mip_generation::init_depth_pyramid_dummy_texture"};C:\Users\Antoi\.cargo\registry\src\index.crates.io-1949cf8c6b5b557f\bevy_ecs-0.18.1\src\system\function_system.rs;52;85275;0.000092;1;85275;85275;85275;0.000000
system{name="bevy_render::diagnostic::internal::sync_diagnostics"};C:\Users\Antoi\.cargo\registry\src\index.crates.io-1949cf8c6b5b557f\bevy_ecs-0.18.1\src\system\function_system.rs;52;212687462;0.229884;18163;11709;194;106564;3600.813997
system{name="bevy_render::batching::no_gpu_preprocessing::batch_and_prepare_binned_render_phase<bevy_core_pipeline::core_2d::AlphaMask2d, bevy_sprite_render::mesh2d::mesh::Mesh2dPipeline>"};C:\Users\Antoi\.cargo\registry\src\index.crates.io-1949cf8c6b5b557f\bevy_ecs-0.18.1\src\system\function_system.rs;52;4965035;0.005366;18162;273;90;12612;149.290902
plugin build{plugin="forgia_rpg::ForgiaRpgPlugin"};C:\Users\Antoi\.cargo\registry\src\index.crates.io-1949cf8c6b5b557f\bevy_app-0.18.1\src\app.rs;529;390833;0.000422;1;390833;390833;390833;0.000000
plugin build{plugin="leafwing_input_manager::plugin::InputManagerPlugin<forgia_input::PlayerAction>"};C:\Users\Antoi\.cargo\registry\src\index.crates.io-1949cf8c6b5b557f\bevy_app-0.18.1\src\app.rs;529;302434;0.000327;1;302434;302434;302434;0.000000
system_commands{name="bevy_anti_alias::smaa::prepare_smaa_bind_groups"};C:\Users\Antoi\.cargo\registry\src\index.crates.io-1949cf8c6b5b557f\bevy_ecs-0.18.1\src\system\function_system.rs;54;1691889;0.001829;18162;93;50;1200;31.714191
system{name="forgia_rpg_data::dialogue::start_sessions"};C:\Users\Antoi\.cargo\registry\src\index.crates.io-1949cf8c6b5b557f\bevy_ecs-0.18.1\src\system\function_system.rs;52;7304206;0.007895;18163;402;102;81731;632.711685
plugin build{plugin="bevy_render::texture::TexturePlugin"};C:\Users\Antoi\.cargo\registry\src\index.crates.io-1949cf8c6b5b557f\bevy_app-0.18.1\src\app.rs;529;29781;0.000032;1;29781;29781;29781;0.000000
system_commands{name="bevy_pbr::atmosphere::resources::prepare_atmosphere_transforms"};C:\Users\Antoi\.cargo\registry\src\index.crates.io-1949cf8c6b5b557f\bevy_ecs-0.18.1\src\system\function_system.rs;54;1391469;0.001504;18162;76;50;629;29.358018
plugin build{plugin="forgia_damage::ForgiaDamagePlugin"};C:\Users\Antoi\.cargo\registry\src\index.crates.io-1949cf8c6b5b557f\bevy_app-0.18.1\src\app.rs;529;78056;0.000084;1;78056;78056;78056;0.000000
main_transmissive_pass_3d;C:\Users\Antoi\.cargo\registry\src\index.crates.io-1949cf8c6b5b557f\bevy_core_pipeline-0.18.1\src\core_3d\main_transmissive_pass_3d_node.rs;72;3100043;0.003351;36324;85;47;1010;40.962507
plugin build{plugin="forgia_worldgen::ForgiaWorldgenPlugin"};C:\Users\Antoi\.cargo\registry\src\index.crates.io-1949cf8c6b5b557f\bevy_app-0.18.1\src\app.rs;529;88849;0.000096;1;88849;88849;88849;0.000000
asset loading{loader="bevy_shader::shader::ShaderLoader" asset="embedded://bevy_post_process\\effect_stack\\chromatic_aberration.wgsl"};C:\Users\Antoi\.cargo\registry\src\index.crates.io-1949cf8c6b5b557f\bevy_asset-0.18.1\src\server\loaders.rs;332;121884;0.000132;2;60942;52;121832;86111.463813
system{name="forgia_player::player_movement"};C:\Users\Antoi\.cargo\registry\src\index.crates.io-1949cf8c6b5b557f\bevy_ecs-0.18.1\src\system\function_system.rs;52;6908020;0.007467;5360;1288;221;107742;1491.961560
system{name="bevy_post_process::dof::init_dof_global_bind_group_layout"};C:\Users\Antoi\.cargo\registry\src\index.crates.io-1949cf8c6b5b557f\bevy_ecs-0.18.1\src\system\function_system.rs;52;43227;0.000047;1;43227;43227;43227;0.000000
plugin build{plugin="forgia_auto_rig::ForgiaAutoRigPlugin"};C:\Users\Antoi\.cargo\registry\src\index.crates.io-1949cf8c6b5b557f\bevy_app-0.18.1\src\app.rs;529;125395;0.000136;1;125395;125395;125395;0.000000
par_for_each{query="(&bevy_mesh::components::Mesh3d, &mut bevy_camera::primitives::Aabb)" filter="(bevy_ecs::query::filter::Or<(bevy_asset::asset_changed::AssetChanged<bevy_mesh::components::Mesh3d>, bevy_ecs::query::filter::Changed<bevy_mesh::components::Mesh3d>)>, bevy_ecs::query::filter::Without<bevy_camera::visibility::NoFrustumCulling>, bevy_ecs::query::filter::Without<bevy_camera::visibility::NoAutoAabb>)"};C:\Users\Antoi\.cargo\registry\src\index.crates.io-1949cf8c6b5b557f\bevy_ecs-0.18.1\src\query\state.rs;246;6007296116;6.493012;1065247;5639;58;1971803;22506.667568
system{name="bevy_asset::assets::Assets<bevy_image::image::Image>::asset_events"};C:\Users\Antoi\.cargo\registry\src\index.crates.io-1949cf8c6b5b557f\bevy_ecs-0.18.1\src\system\function_system.rs;52;1612245;0.001743;3268;493;204;8393;257.796761
system{name="forgia_ui_lib::damage_direction::ingest_damage_for_player"};C:\Users\Antoi\.cargo\registry\src\index.crates.io-1949cf8c6b5b557f\bevy_ecs-0.18.1\src\system\function_system.rs;52;15278980;0.016514;18163;841;169;98773;1252.519076
system{name="forgia_juice_lib::knockback::sys_init_knockback_genome"};C:\Users\Antoi\.cargo\registry\src\index.crates.io-1949cf8c6b5b557f\bevy_ecs-0.18.1\src\system\function_system.rs;52;2662629;0.002878;1;2662629;2662629;2662629;0.000000
plugin finish{plugin="bevy_render::extract_component::UniformComponentPlugin<bevy_post_process::bloom::downsampling_pipeline::BloomUniforms>"};C:\Users\Antoi\.cargo\registry\src\index.crates.io-1949cf8c6b5b557f\bevy_app-0.18.1\src\app.rs;272;57;0.000000;1;57;57;57;0.000000
system{name="forgia_mode_roguelite::parcours_obstacles::sys_init_obstacle_genome"};C:\Users\Antoi\.cargo\registry\src\index.crates.io-1949cf8c6b5b557f\bevy_ecs-0.18.1\src\system\function_system.rs;52;3543233;0.003830;1;3543233;3543233;3543233;0.000000
plugin finish{plugin="forgia_fps::ForgiaFpsPlugin"};C:\Users\Antoi\.cargo\registry\src\index.crates.io-1949cf8c6b5b557f\bevy_app-0.18.1\src\app.rs;272;55;0.000000;1;55;55;55;0.000000
system{name="bevy_pbr::volumetric_fog::render::init_volumetric_fog_pipeline"};C:\Users\Antoi\.cargo\registry\src\index.crates.io-1949cf8c6b5b557f\bevy_ecs-0.18.1\src\system\function_system.rs;52;24965;0.000027;1;24965;24965;24965;0.000000
run_graph{name="SubGraphEgui"};C:\Users\Antoi\.cargo\registry\src\index.crates.io-1949cf8c6b5b557f\bevy_render-0.18.1\src\renderer\graph_runner.rs;121;117404618;0.126897;18162;6464;4206;99391;2624.899242
system{name="bevy_asset::assets::Assets<forgia_genome_core::Genome<forgia_rpg_data::boons::BoonsCatalogue>>::track_assets"};C:\Users\Antoi\.cargo\registry\src\index.crates.io-1949cf8c6b5b557f\bevy_ecs-0.18.1\src\system\function_system.rs;52;25408921;0.027463;18163;1398;259;473456;7427.616762
system_commands{name="forgia_player::weapon_recoil_apply"};C:\Users\Antoi\.cargo\registry\src\index.crates.io-1949cf8c6b5b557f\bevy_ecs-0.18.1\src\system\function_system.rs;54;1391137;0.001504;16894;82;50;54894;568.114594
system{name="bevy_pbr::render::mesh_view_bindings::prepare_mesh_view_bind_groups"};C:\Users\Antoi\.cargo\registry\src\index.crates.io-1949cf8c6b5b557f\bevy_ecs-0.18.1\src\system\function_system.rs;52;1199686538;1.296686;18162;66054;31468;2427665;38065.109017
function_scope{egui::input_state::InputState::begin_pass};C:\Users\Antoi\.cargo\registry\src\index.crates.io-1949cf8c6b5b557f\egui-0.33.3\src\input_state\mod.rs;394;26215137;0.028335;18163;1443;676;126914;2393.498912
plugin build{plugin="bevy_render::sync_component::SyncComponentPlugin<bevy_light::point_light::PointLight>"};C:\Users\Antoi\.cargo\registry\src\index.crates.io-1949cf8c6b5b557f\bevy_app-0.18.1\src\app.rs;529;5820;0.000006;1;5820;5820;5820;0.000000
asset loading{loader="forgia_genome_core::GenomeLoader<forgia_skeleton_template::SkeletonTemplate>" asset="genomes/skeleton_humanoid.toml"};C:\Users\Antoi\.cargo\registry\src\index.crates.io-1949cf8c6b5b557f\bevy_asset-0.18.1\src\server\loaders.rs;332;167544;0.000181;4;41886;72;157562;77231.524423
Fonts::begin_pass;C:\Users\Antoi\.cargo\registry\src\index.crates.io-1949cf8c6b5b557f\egui-0.33.3\src\context.rs;587;48563309;0.052490;18163;2673;102;1029350;8787.791928
system{name="bevy_pbr::ssr::init_screen_space_reflections_pipeline"};C:\Users\Antoi\.cargo\registry\src\index.crates.io-1949cf8c6b5b557f\bevy_ecs-0.18.1\src\system\function_system.rs;52;39496;0.000043;1;39496;39496;39496;0.000000
asset loading{loader="bevy_shader::shader::ShaderLoader" asset="embedded://bevy_pbr\\render\\morph.wgsl"};C:\Users\Antoi\.cargo\registry\src\index.crates.io-1949cf8c6b5b557f\bevy_asset-0.18.1\src\server\loaders.rs;332;89463;0.000097;2;44731;59;89404;63176.455369
asset loading{loader="bevy_image::image_loader::ImageLoader" asset="ui/menu_video/frame_0113.webp"};C:\Users\Antoi\.cargo\registry\src\index.crates.io-1949cf8c6b5b557f\bevy_asset-0.18.1\src\server\loaders.rs;332;14080514;0.015219;7;2011502;102;14042380;5305122.208835
system{name="bevy_anti_alias::taa::extract_taa_settings"};C:\Users\Antoi\.cargo\registry\src\index.crates.io-1949cf8c6b5b557f\bevy_ecs-0.18.1\src\system\function_system.rs;52;158561890;0.171382;18163;8729;3787;864030;7092.683769
system_commands{name="bevy_picking::hover::update_is_hovered"};C:\Users\Antoi\.cargo\registry\src\index.crates.io-1949cf8c6b5b557f\bevy_ecs-0.18.1\src\system\function_system.rs;54;1904884;0.002059;18163;104;53;80011;628.394592
system{name="forgia_ai_arena_bot::setup_bot_fireball_assets"};C:\Users\Antoi\.cargo\registry\src\index.crates.io-1949cf8c6b5b557f\bevy_ecs-0.18.1\src\system\function_system.rs;52;214933;0.000232;1;214933;214933;214933;0.000000
system{name="forgia_mode_roguelite::parcours_obstacles::sys_obstacle_push"};C:\Users\Antoi\.cargo\registry\src\index.crates.io-1949cf8c6b5b557f\bevy_ecs-0.18.1\src\system\function_system.rs;52;16891887;0.018258;17308;975;449;77484;801.520029
system{name="bevy_state::state_scoped::despawn_entities_on_enter_state<forgia_mode_roguelite::run::RunState>"};C:\Users\Antoi\.cargo\registry\src\index.crates.io-1949cf8c6b5b557f\bevy_ecs-0.18.1\src\system\function_system.rs;52;5778270;0.006245;18164;318;110;6959;86.860800
system{name="forgia_mode_roguelite::audio::sys_write_audio_sensor"};C:\Users\Antoi\.cargo\registry\src\index.crates.io-1949cf8c6b5b557f\bevy_ecs-0.18.1\src\system\function_system.rs;52;2712330;0.002932;18163;149;64;3373;137.866135
system{name="bevy_core_pipeline::fullscreen_material::extract_on_add<forgia_postprocess::toon::ToonSettings>"};C:\Users\Antoi\.cargo\registry\src\index.crates.io-1949cf8c6b5b557f\bevy_ecs-0.18.1\src\system\function_system.rs;52;176376188;0.190637;18162;9711;4676;769648;8979.295534
system_commands{name="forgia_player::despawn_player"};C:\Users\Antoi\.cargo\registry\src\index.crates.io-1949cf8c6b5b557f\bevy_ecs-0.18.1\src\system\function_system.rs;54;98;0.000000;1;98;98;98;0.000000
system{name="forgia_asset_registry::hot_reload_input"};C:\Users\Antoi\.cargo\registry\src\index.crates.io-1949cf8c6b5b557f\bevy_ecs-0.18.1\src\system\function_system.rs;52;7130897;0.007707;18163;392;92;17872;217.108433
system{name="bevy_gizmos::start_gizmo_context<bevy_gizmos::config::DefaultGizmoConfigGroup, bevy_time::fixed::Fixed>"};C:\Users\Antoi\.cargo\registry\src\index.crates.io-1949cf8c6b5b557f\bevy_ecs-0.18.1\src\system\function_system.rs;52;2219582;0.002399;18163;122;60;56970;436.365707
plugin build{plugin="bevy_picking::PickingPlugin"};C:\Users\Antoi\.cargo\registry\src\index.crates.io-1949cf8c6b5b557f\bevy_app-0.18.1\src\app.rs;529;33624;0.000036;1;33624;33624;33624;0.000000
plugin cleanup{plugin="bevy_render::extract_component::ExtractComponentPlugin<forgia_postprocess::toon::ToonSettings>"};C:\Users\Antoi\.cargo\registry\src\index.crates.io-1949cf8c6b5b557f\bevy_app-0.18.1\src\app.rs;292;62;0.000000;1;62;62;62;0.000000
system{name="forgia_effects::weapon_vfx::tracer::setup_tracer_resources"};C:\Users\Antoi\.cargo\registry\src\index.crates.io-1949cf8c6b5b557f\bevy_ecs-0.18.1\src\system\function_system.rs;52;19320;0.000021;1;19320;19320;19320;0.000000
system{name="bevy_asset::assets::Assets<bevy_gltf::assets::GltfMesh>::track_assets"};C:\Users\Antoi\.cargo\registry\src\index.crates.io-1949cf8c6b5b557f\bevy_ecs-0.18.1\src\system\function_system.rs;52;18365796;0.019851;18163;1011;127;578686;8052.045882
asset loading{loader="bevy_shader::shader::ShaderLoader" asset="embedded://bevy_pbr\\prepass\\prepass_utils.wgsl"};C:\Users\Antoi\.cargo\registry\src\index.crates.io-1949cf8c6b5b557f\bevy_asset-0.18.1\src\server\loaders.rs;332;55822;0.000060;2;27911;58;55764;39390.090353
plugin cleanup{plugin="bevy_render::sync_component::SyncComponentPlugin<bevy_light::ShadowFilteringMethod>"};C:\Users\Antoi\.cargo\registry\src\index.crates.io-1949cf8c6b5b557f\bevy_app-0.18.1\src\app.rs;292;54;0.000000;1;54;54;54;0.000000
plugin build{plugin="bevy_render::extract_resource::ExtractResourcePlugin<bevy_core_pipeline::tonemapping::TonemappingLuts>"};C:\Users\Antoi\.cargo\registry\src\index.crates.io-1949cf8c6b5b557f\bevy_app-0.18.1\src\app.rs;529;9961;0.000011;1;9961;9961;9961;0.000000
plugin cleanup{plugin="forgia_ui_lib::theme::ForgeThemePlugin"};C:\Users\Antoi\.cargo\registry\src\index.crates.io-1949cf8c6b5b557f\bevy_app-0.18.1\src\app.rs;292;58;0.000000;1;58;58;58;0.000000
asset loading{loader="bevy_image::image_loader::ImageLoader" asset="ui/menu_video/frame_0017.webp"};C:\Users\Antoi\.cargo\registry\src\index.crates.io-1949cf8c6b5b557f\bevy_asset-0.18.1\src\server\loaders.rs;332;15389201;0.016633;7;2198457;94;15358534;5803050.600832
system_commands{name="forgia_mode_roguelite::loot_room::sys_collect_level_items"};C:\Users\Antoi\.cargo\registry\src\index.crates.io-1949cf8c6b5b557f\bevy_ecs-0.18.1\src\system\function_system.rs;54;1714772;0.001853;17308;99;50;35502;273.216580
system{name="bevy_rapier3d::plugin::plugin::setup_rapier_configuration"};C:\Users\Antoi\.cargo\registry\src\index.crates.io-1949cf8c6b5b557f\bevy_ecs-0.18.1\src\system\function_system.rs;52;2725881;0.002946;5735;475;77;8618;161.785727
plugin cleanup{plugin="bevy_sprite_render::tilemap_chunk::TilemapChunkPlugin"};C:\Users\Antoi\.cargo\registry\src\index.crates.io-1949cf8c6b5b557f\bevy_app-0.18.1\src\app.rs;292;54;0.000000;1;54;54;54;0.000000
system{name="forgia_mode_roguelite::boss_portal::sys_ground_portal"};C:\Users\Antoi\.cargo\registry\src\index.crates.io-1949cf8c6b5b557f\bevy_ecs-0.18.1\src\system\function_system.rs;52;7464012;0.008068;17308;431;146;35819;343.341125
system{name="bevy_egui::end_pass_system"};C:\Users\Antoi\.cargo\registry\src\index.crates.io-1949cf8c6b5b557f\bevy_ecs-0.18.1\src\system\function_system.rs;52;8164047;0.008824;18163;449;176;69550;746.147054
plugin cleanup{plugin="bevy_sprite_render::mesh2d::color_material::ColorMaterialPlugin"};C:\Users\Antoi\.cargo\registry\src\index.crates.io-1949cf8c6b5b557f\bevy_app-0.18.1\src\app.rs;292;53;0.000000;1;53;53;53;0.000000
plugin finish{plugin="forgia_mode_roguelite::kill_popup::RogueliteKillPopupPlugin"};C:\Users\Antoi\.cargo\registry\src\index.crates.io-1949cf8c6b5b557f\bevy_app-0.18.1\src\app.rs;272;55;0.000000;1;55;55;55;0.000000
system{name="bevy_render::batching::gpu_preprocessing::collect_buffers_for_phase<bevy_core_pipeline::prepass::AlphaMask3dPrepass, bevy_pbr::render::mesh::MeshPipeline>"};C:\Users\Antoi\.cargo\registry\src\index.crates.io-1949cf8c6b5b557f\bevy_ecs-0.18.1\src\system\function_system.rs;52;12603255;0.013622;18162;693;271;76180;658.233102
system{name="bevy_pbr::render::light::specialize_shadows"};C:\Users\Antoi\.cargo\registry\src\index.crates.io-1949cf8c6b5b557f\bevy_ecs-0.18.1\src\system\function_system.rs;52;2376075758;2.568192;18162;130826;488;1851512;85696.135603
system{name="forgia_stage::floor_merge::sys_build_merged_static"};C:\Users\Antoi\.cargo\registry\src\index.crates.io-1949cf8c6b5b557f\bevy_ecs-0.18.1\src\system\function_system.rs;52;33359653;0.036057;18163;1836;182;21355305;158460.739863
asset loading{loader="bevy_image::image_loader::ImageLoader" asset="ui/menu_video/frame_0059.webp"};C:\Users\Antoi\.cargo\registry\src\index.crates.io-1949cf8c6b5b557f\bevy_asset-0.18.1\src\server\loaders.rs;332;15096063;0.016317;7;2156580;306;15058279;5689116.368988
system{name="<forgia_combat::ForgiaCombatPlugin as bevy_app::plugin::Plugin>::build::{{closure}}"};C:\Users\Antoi\.cargo\registry\src\index.crates.io-1949cf8c6b5b557f\bevy_ecs-0.18.1\src\system\function_system.rs;52;1061985;0.001148;5734;185;54;3242;81.479421
schedule{name=PreUpdate};C:\Users\Antoi\.cargo\registry\src\index.crates.io-1949cf8c6b5b557f\bevy_ecs-0.18.1\src\schedule\schedule.rs;532;4971621598;5.373599;18163;273722;126986;10187036;152303.475717
system{name="forgia_mode_roguelite::defense::sys_hot_reload_defense_genome"};C:\Users\Antoi\.cargo\registry\src\index.crates.io-1949cf8c6b5b557f\bevy_ecs-0.18.1\src\system\function_system.rs;52;6919600;0.007479;17308;399;63;102151;3251.048624
system_commands{name="forgia_ai_arena_bot::tick_respawns"};C:\Users\Antoi\.cargo\registry\src\index.crates.io-1949cf8c6b5b557f\bevy_ecs-0.18.1\src\system\function_system.rs;54;1810192;0.001957;18163;99;50;171883;1287.194668
plugin build{plugin="bevy_diagnostic::frame_count_diagnostics_plugin::FrameCountPlugin"};C:\Users\Antoi\.cargo\registry\src\index.crates.io-1949cf8c6b5b557f\bevy_app-0.18.1\src\app.rs;529;19267;0.000021;1;19267;19267;19267;0.000000
asset loading{loader="bevy_image::image_loader::ImageLoader" asset="ui/menu_video/frame_0067.webp"};C:\Users\Antoi\.cargo\registry\src\index.crates.io-1949cf8c6b5b557f\bevy_asset-0.18.1\src\server\loaders.rs;332;14397259;0.015561;6;2399543;180;14368283;5863462.716233
asset loading{loader="bevy_image::image_loader::ImageLoader" asset="ui/menu_video/frame_0132.webp"};C:\Users\Antoi\.cargo\registry\src\index.crates.io-1949cf8c6b5b557f\bevy_asset-0.18.1\src\server\loaders.rs;332;14578151;0.015757;7;2082593;183;14536628;5491716.848926
system{name="bevy_asset::assets::Assets<forgia_genome_core::Genome<forgia_fps::pepin::PepinTuning>>::asset_events"};C:\Users\Antoi\.cargo\registry\src\index.crates.io-1949cf8c6b5b557f\bevy_ecs-0.18.1\src\system\function_system.rs;52;305;0.000000;1;305;305;305;0.000000
plugin cleanup{plugin="forgia_core::ForgiaCorePlugin"};C:\Users\Antoi\.cargo\registry\src\index.crates.io-1949cf8c6b5b557f\bevy_app-0.18.1\src\app.rs;292;53;0.000000;1;53;53;53;0.000000
schedule{name=StateTransition};C:\Users\Antoi\.cargo\registry\src\index.crates.io-1949cf8c6b5b557f\bevy_ecs-0.18.1\src\schedule\schedule.rs;532;1303987272;1.409420;18164;71789;42278;8344292;74289.701671
plugin finish{plugin="bevy_kira_audio::AudioPlugin"};C:\Users\Antoi\.cargo\registry\src\index.crates.io-1949cf8c6b5b557f\bevy_app-0.18.1\src\app.rs;272;54;0.000000;1;54;54;54;0.000000
asset loading{loader="bevy_shader::shader::ShaderLoader" asset="embedded://bevy_pbr\\prepass\\prepass_io.wgsl"};C:\Users\Antoi\.cargo\registry\src\index.crates.io-1949cf8c6b5b557f\bevy_asset-0.18.1\src\server\loaders.rs;332;122223;0.000132;2;61111;151;122072;86211.165872
plugin build{plugin="forgia_mode_roguelite::loot_room::RogueliteLootRoomPlugin"};C:\Users\Antoi\.cargo\registry\src\index.crates.io-1949cf8c6b5b557f\bevy_app-0.18.1\src\app.rs;529;77083;0.000083;1;77083;77083;77083;0.000000
system{name="bevy_core_pipeline::core_2d::prepare_core_2d_depth_textures"};C:\Users\Antoi\.cargo\registry\src\index.crates.io-1949cf8c6b5b557f\bevy_ecs-0.18.1\src\system\function_system.rs;52;63828959;0.068990;18162;3514;1599;2544631;18955.830354
system{name="bevy_asset::assets::Assets<bevy_image::texture_atlas::TextureAtlasLayout>::track_assets"};C:\Users\Antoi\.cargo\registry\src\index.crates.io-1949cf8c6b5b557f\bevy_ecs-0.18.1\src\system\function_system.rs;52;10750039;0.011619;18163;591;148;465366;4064.647170
system{name="bevy_ui_render::gradient::init_gradient_pipeline"};C:\Users\Antoi\.cargo\registry\src\index.crates.io-1949cf8c6b5b557f\bevy_ecs-0.18.1\src\system\function_system.rs;52;12943;0.000014;1;12943;12943;12943;0.000000
plugin finish{plugin="forgia_ui_lib::pause_menu::ForgiaUiPauseMenuPlugin"};C:\Users\Antoi\.cargo\registry\src\index.crates.io-1949cf8c6b5b557f\bevy_app-0.18.1\src\app.rs;272;55;0.000000;1;55;55;55;0.000000
plugin build{plugin="bevy_window::WindowPlugin"};C:\Users\Antoi\.cargo\registry\src\index.crates.io-1949cf8c6b5b557f\bevy_app-0.18.1\src\app.rs;529;89721;0.000097;1;89721;89721;89721;0.000000
system{name="forgia_worldgen::sys_worldgen_lod"};C:\Users\Antoi\.cargo\registry\src\index.crates.io-1949cf8c6b5b557f\bevy_ecs-0.18.1\src\system\function_system.rs;52;9513094;0.010282;18163;523;188;149025;1213.899293
system{name="bevy_core_pipeline::blit::init_blit_pipeline"};C:\Users\Antoi\.cargo\registry\src\index.crates.io-1949cf8c6b5b557f\bevy_ecs-0.18.1\src\system\function_system.rs;52;70717;0.000076;1;70717;70717;70717;0.000000
system{name="bevy_render::extract_component::prepare_uniform_components<forgia_postprocess::toon::ToonSettings>"};C:\Users\Antoi\.cargo\registry\src\index.crates.io-1949cf8c6b5b557f\bevy_ecs-0.18.1\src\system\function_system.rs;52;276730737;0.299106;18162;15236;272;398079;16807.376006
plugin build{plugin="bevy_sprite::picking_backend::SpritePickingPlugin"};C:\Users\Antoi\.cargo\registry\src\index.crates.io-1949cf8c6b5b557f\bevy_app-0.18.1\src\app.rs;529;17303;0.000019;1;17303;17303;17303;0.000000
system{name="bevy_pbr::volumetric_fog::render::prepare_volumetric_fog_uniforms"};C:\Users\Antoi\.cargo\registry\src\index.crates.io-1949cf8c6b5b557f\bevy_ecs-0.18.1\src\system\function_system.rs;52;11274693;0.012186;18162;620;216;87895;725.872119
plugin finish{plugin="bevy_gizmos::light::LightGizmoPlugin"};C:\Users\Antoi\.cargo\registry\src\index.crates.io-1949cf8c6b5b557f\bevy_app-0.18.1\src\app.rs;272;67;0.000000;1;67;67;67;0.000000
system{name="bevy_sprite_render::texture_slice::computed_slices::compute_slices_on_asset_event"};C:\Users\Antoi\.cargo\registry\src\index.crates.io-1949cf8c6b5b557f\bevy_ecs-0.18.1\src\system\function_system.rs;52;12566699;0.013583;18163;691;181;67557;751.929062
system_commands{name="bevy_post_process::bloom::upsampling_pipeline::prepare_upsampling_pipeline"};C:\Users\Antoi\.cargo\registry\src\index.crates.io-1949cf8c6b5b557f\bevy_ecs-0.18.1\src\system\function_system.rs;54;1536905;0.001661;18162;84;55;4681;53.549889
system_commands{name="bevy_pbr::deferred::prepare_deferred_lighting_pipelines"};C:\Users\Antoi\.cargo\registry\src\index.crates.io-1949cf8c6b5b557f\bevy_ecs-0.18.1\src\system\function_system.rs;54;21287307;0.023008;18162;1172;499;88329;970.292837
system_commands{name="forgia_player::skybox_genome::load_sky_palette_genome"};C:\Users\Antoi\.cargo\registry\src\index.crates.io-1949cf8c6b5b557f\bevy_ecs-0.18.1\src\system\function_system.rs;54;3295;0.000004;1;3295;3295;3295;0.000000
system_commands{name="forgia_mode_roguelite::status_vfx::sys_init_status_vfx_pool"};C:\Users\Antoi\.cargo\registry\src\index.crates.io-1949cf8c6b5b557f\bevy_ecs-0.18.1\src\system\function_system.rs;54;66302;0.000072;1;66302;66302;66302;0.000000
plugin finish{plugin="bevy_render::sync_component::SyncComponentPlugin<bevy_pbr::ssr::ScreenSpaceReflections>"};C:\Users\Antoi\.cargo\registry\src\index.crates.io-1949cf8c6b5b557f\bevy_app-0.18.1\src\app.rs;272;58;0.000000;1;58;58;58;0.000000
system{name="bevy_render::view::window::create_surfaces"};C:\Users\Antoi\.cargo\registry\src\index.crates.io-1949cf8c6b5b557f\bevy_ecs-0.18.1\src\system\function_system.rs;52;150863145;0.163061;1;150863145;150863145;150863145;0.000000
asset loading{loader="bevy_image::image_loader::ImageLoader" asset="ui/menu_video/frame_0106.webp"};C:\Users\Antoi\.cargo\registry\src\index.crates.io-1949cf8c6b5b557f\bevy_asset-0.18.1\src\server\loaders.rs;332;13895710;0.015019;7;1985101;141;13860724;5236659.513898
system{name="forgia_fps::sync_fps_tuning"};C:\Users\Antoi\.cargo\registry\src\index.crates.io-1949cf8c6b5b557f\bevy_ecs-0.18.1\src\system\function_system.rs;52;13911824;0.015037;18163;765;244;14894;347.363540
plugin cleanup{plugin="bevy_picking::PickingPlugin"};C:\Users\Antoi\.cargo\registry\src\index.crates.io-1949cf8c6b5b557f\bevy_app-0.18.1\src\app.rs;292;52;0.000000;1;52;52;52;0.000000
asset loading{loader="forgia_genome_core::GenomeLoader<forgia_mode_fps_arena::wave::ArenaWavesGenome>" asset="genomes/arena_waves.toml"};C:\Users\Antoi\.cargo\registry\src\index.crates.io-1949cf8c6b5b557f\bevy_asset-0.18.1\src\server\loaders.rs;332;245864;0.000266;4;61466;570;222329;107562.363105
system{name="bevy_asset::assets::Assets<forgia_genome_core::Genome<forgia_enemy_nameplate::tuning::EnemyNameplateTuning>>::asset_events_condition"};C:\Users\Antoi\.cargo\registry\src\index.crates.io-1949cf8c6b5b557f\bevy_ecs-0.18.1\src\system\function_system.rs;52;1830655;0.001979;18163;100;55;1015;52.338000
system{name="forgia_mode_roguelite::weapon_select::sys_hide_crosshair_at_lobby"};C:\Users\Antoi\.cargo\registry\src\index.crates.io-1949cf8c6b5b557f\bevy_ecs-0.18.1\src\system\function_system.rs;52;434;0.000000;1;434;434;434;0.000000
system{name="bevy_ui_render::extract_text_decorations"};C:\Users\Antoi\.cargo\registry\src\index.crates.io-1949cf8c6b5b557f\bevy_ecs-0.18.1\src\system\function_system.rs;52;12264505;0.013256;18163;675;228;33217;466.925835
plugin finish{plugin="forgia_mode_roguelite::pipeline_warmup::PipelineWarmupPlugin"};C:\Users\Antoi\.cargo\registry\src\index.crates.io-1949cf8c6b5b557f\bevy_app-0.18.1\src\app.rs;272;53;0.000000;1;53;53;53;0.000000
system{name="forgia_rpg::register_sample_quests"};C:\Users\Antoi\.cargo\registry\src\index.crates.io-1949cf8c6b5b557f\bevy_ecs-0.18.1\src\system\function_system.rs;52;5808;0.000006;1;5808;5808;5808;0.000000
system{name="forgia_mode_roguelite::elements::sys_reset_element_unlocks"};C:\Users\Antoi\.cargo\registry\src\index.crates.io-1949cf8c6b5b557f\bevy_ecs-0.18.1\src\system\function_system.rs;52;321992;0.000348;1;321992;321992;321992;0.000000
system{name="bevy_render::render_asset::prepare_assets<bevy_render::texture::gpu_image::GpuImage>"};C:\Users\Antoi\.cargo\registry\src\index.crates.io-1949cf8c6b5b557f\bevy_ecs-0.18.1\src\system\function_system.rs;52;3028888558;3.273787;18162;166770;246;22104272;479617.389059
system{name="bevy_render::batching::sort_binned_render_phase<bevy_core_pipeline::deferred::Opaque3dDeferred>"};C:\Users\Antoi\.cargo\registry\src\index.crates.io-1949cf8c6b5b557f\bevy_ecs-0.18.1\src\system\function_system.rs;52;2971133;0.003211;18162;163;64;8688;101.668009
system{name="bevy_pbr::material::late_sweep_material_instances"};C:\Users\Antoi\.cargo\registry\src\index.crates.io-1949cf8c6b5b557f\bevy_ecs-0.18.1\src\system\function_system.rs;52;6384013;0.006900;18163;351;113;9345;193.965652
plugin cleanup{plugin="bevy_render::extract_component::UniformComponentPlugin<bevy_post_process::dof::DepthOfFieldUniform>"};C:\Users\Antoi\.cargo\registry\src\index.crates.io-1949cf8c6b5b557f\bevy_app-0.18.1\src\app.rs;292;57;0.000000;1;57;57;57;0.000000
system{name="bevy_render::view::prepare_view_attachments"};C:\Users\Antoi\.cargo\registry\src\index.crates.io-1949cf8c6b5b557f\bevy_ecs-0.18.1\src\system\function_system.rs;52;35329687;0.038186;18162;1945;874;80587;993.638240
asset loading{loader="bevy_image::image_loader::ImageLoader" asset="ui/menu_video/frame_0032.webp"};C:\Users\Antoi\.cargo\registry\src\index.crates.io-1949cf8c6b5b557f\bevy_asset-0.18.1\src\server\loaders.rs;332;15254433;0.016488;7;2179204;160;15220688;5750755.736414
system_commands{name="bevy_pbr::volumetric_fog::render::extract_volumetric_fog"};C:\Users\Antoi\.cargo\registry\src\index.crates.io-1949cf8c6b5b557f\bevy_ecs-0.18.1\src\system\function_system.rs;54;1755813;0.001898;18162;96;51;74800;554.947352
system_commands{name="bevy_pbr::render::light::extract_ambient_light"};C:\Users\Antoi\.cargo\registry\src\index.crates.io-1949cf8c6b5b557f\bevy_ecs-0.18.1\src\system\function_system.rs;54;20677129;0.022349;18162;1138;159;122609;1026.917015
system_commands{name="forgia_mode_roguelite::elements::sys_tick_element_status"};C:\Users\Antoi\.cargo\registry\src\index.crates.io-1949cf8c6b5b557f\bevy_ecs-0.18.1\src\system\function_system.rs;54;730306;0.000789;5360;136;63;7985;169.239321
system{name="bevy_picking::PickingSettings::hover_should_run"};C:\Users\Antoi\.cargo\registry\src\index.crates.io-1949cf8c6b5b557f\bevy_ecs-0.18.1\src\system\function_system.rs;52;1142651;0.001235;18163;62;52;544;15.670731
system_commands{name="forgia_mode_roguelite::status_vfx::sys_attach_shock_vfx"};C:\Users\Antoi\.cargo\registry\src\index.crates.io-1949cf8c6b5b557f\bevy_ecs-0.18.1\src\system\function_system.rs;54;1673353;0.001809;17308;96;50;89342;978.906697
system{name="bevy_pbr::prepass::queue_prepass_material_meshes"};C:\Users\Antoi\.cargo\registry\src\index.crates.io-1949cf8c6b5b557f\bevy_ecs-0.18.1\src\system\function_system.rs;52;15032512;0.016248;18162;827;381;79285;907.808109
system_commands{name="bevy_pbr::light_probe::generate::extract_generated_environment_map_entities"};C:\Users\Antoi\.cargo\registry\src\index.crates.io-1949cf8c6b5b557f\bevy_ecs-0.18.1\src\system\function_system.rs;54;1620872;0.001752;18162;89;52;10048;75.836683
plugin finish{plugin="bevy_sprite_render::tilemap_chunk::TilemapChunkPlugin"};C:\Users\Antoi\.cargo\registry\src\index.crates.io-1949cf8c6b5b557f\bevy_app-0.18.1\src\app.rs;272;55;0.000000;1;55;55;55;0.000000
system{name="bevy_gizmos::clear_gizmo_context<bevy_gizmos::aabb::AabbGizmoConfigGroup, bevy_time::fixed::Fixed>"};C:\Users\Antoi\.cargo\registry\src\index.crates.io-1949cf8c6b5b557f\bevy_ecs-0.18.1\src\system\function_system.rs;52;1162432;0.001256;5734;202;83;1076;59.604985
system{name="bevy_pbr::atmosphere::resources::queue_render_sky_pipelines"};C:\Users\Antoi\.cargo\registry\src\index.crates.io-1949cf8c6b5b557f\bevy_ecs-0.18.1\src\system\function_system.rs;52;5168914;0.005587;18162;284;98;16960;198.318379
system{name="forgia_observability::audio_sensor::sys_write_audio_sensor"};C:\Users\Antoi\.cargo\registry\src\index.crates.io-1949cf8c6b5b557f\bevy_ecs-0.18.1\src\system\function_system.rs;52;5532167;0.005979;18163;304;89;77142;830.961342
schedule{name=OnEnter(InGame)};C:\Users\Antoi\.cargo\registry\src\index.crates.io-1949cf8c6b5b557f\bevy_ecs-0.18.1\src\schedule\schedule.rs;532;1894007;0.002047;2;947003;107636;1786371;1187044.902315
plugin cleanup{plugin="bevy_pbr::ssr::ScreenSpaceReflectionsPlugin"};C:\Users\Antoi\.cargo\registry\src\index.crates.io-1949cf8c6b5b557f\bevy_app-0.18.1\src\app.rs;292;55;0.000000;1;55;55;55;0.000000
run_graph{name="HanabiSimulateGraph" debug_group="hanabi"};C:\Users\Antoi\.cargo\registry\src\index.crates.io-1949cf8c6b5b557f\bevy_render-0.18.1\src\renderer\graph_runner.rs;119;430524841;0.465335;18162;23704;4462;1222646;12723.622899
system{name="bevy_pbr::material::prepare_material_bind_groups"};C:\Users\Antoi\.cargo\registry\src\index.crates.io-1949cf8c6b5b557f\bevy_ecs-0.18.1\src\system\function_system.rs;52;5723714719;6.186502;18162;315147;178371;31012898;250786.074870
plugin finish{plugin="bevy_render::mesh::MeshRenderAssetPlugin"};C:\Users\Antoi\.cargo\registry\src\index.crates.io-1949cf8c6b5b557f\bevy_app-0.18.1\src\app.rs;272;59;0.000000;1;59;59;59;0.000000
integrate_positions;C:\Users\Antoi\.cargo\registry\src\index.crates.io-1949cf8c6b5b557f\rapier3d-0.31.0\src\dynamics\solver\velocity_solver.rs;212;2932689;0.003170;22936;127;47;11700;130.438636
asset loading{loader="bevy_shader::shader::ShaderLoader" asset="embedded://bevy_pbr\\light_probe\\irradiance_volume.wgsl"};C:\Users\Antoi\.cargo\registry\src\index.crates.io-1949cf8c6b5b557f\bevy_asset-0.18.1\src\server\loaders.rs;332;203711;0.000220;2;101855;86;203625;143923.807138
system{name="forgia_worldgen::debug_viz::sys_worldgen_gizmos"};C:\Users\Antoi\.cargo\registry\src\index.crates.io-1949cf8c6b5b557f\bevy_ecs-0.18.1\src\system\function_system.rs;52;15883976;0.017168;17308;917;220;279067;2306.498749
system{name="forgia_mode_roguelite::run::sys_start_run"};C:\Users\Antoi\.cargo\registry\src\index.crates.io-1949cf8c6b5b557f\bevy_ecs-0.18.1\src\system\function_system.rs;52;10426697;0.011270;17308;602;193;315660;2415.132001
system{name="forgia_fps::ammo_systems::cancel_reload_on_weapon_switch"};C:\Users\Antoi\.cargo\registry\src\index.crates.io-1949cf8c6b5b557f\bevy_ecs-0.18.1\src\system\function_system.rs;52;3159351;0.003415;17308;182;72;66865;529.992384
system_commands{name="forgia_mode_roguelite::ultimate_apply::sys_apply_ultimate_technique"};C:\Users\Antoi\.cargo\registry\src\index.crates.io-1949cf8c6b5b557f\bevy_ecs-0.18.1\src\system\function_system.rs;54;2350978;0.002541;17308;135;54;95603;961.480016
system_commands{name="forgia_mode_roguelite::loot_room::sys_despawn_demo_level_in_lobby"};C:\Users\Antoi\.cargo\registry\src\index.crates.io-1949cf8c6b5b557f\bevy_ecs-0.18.1\src\system\function_system.rs;54;93;0.000000;1;93;93;93;0.000000
system_commands{name="bevy_post_process::effect_stack::prepare_post_processing_pipelines"};C:\Users\Antoi\.cargo\registry\src\index.crates.io-1949cf8c6b5b557f\bevy_ecs-0.18.1\src\system\function_system.rs;54;1362569;0.001473;18162;75;50;881;28.204929
system_commands{name="bevy_pbr::cluster::prepare_clusters"};C:\Users\Antoi\.cargo\registry\src\index.crates.io-1949cf8c6b5b557f\bevy_ecs-0.18.1\src\system\function_system.rs;54;128471466;0.138859;18162;7073;3328;89997;2118.883051
system{name="bevy_egui::output::process_output_system"};C:\Users\Antoi\.cargo\registry\src\index.crates.io-1949cf8c6b5b557f\bevy_ecs-0.18.1\src\system\function_system.rs;52;2663288489;2.878627;18163;146632;15425;516153;41560.398731
plugin finish{plugin="bevy_pbr::PbrPlugin"};C:\Users\Antoi\.cargo\registry\src\index.crates.io-1949cf8c6b5b557f\bevy_app-0.18.1\src\app.rs;272;5609;0.000006;1;5609;5609;5609;0.000000
plugin build{plugin="bevy_pbr::volumetric_fog::VolumetricFogPlugin"};C:\Users\Antoi\.cargo\registry\src\index.crates.io-1949cf8c6b5b557f\bevy_app-0.18.1\src\app.rs;529;77175;0.000083;1;77175;77175;77175;0.000000
asset loading{loader="bevy_image::image_loader::ImageLoader" asset="ui/menu_video/frame_0053.webp"};C:\Users\Antoi\.cargo\registry\src\index.crates.io-1949cf8c6b5b557f\bevy_asset-0.18.1\src\server\loaders.rs;332;15965461;0.017256;6;2660910;179;15914051;6492694.169337
system{name="forgia_effects::emissive_fade_tick"};C:\Users\Antoi\.cargo\registry\src\index.crates.io-1949cf8c6b5b557f\bevy_ecs-0.18.1\src\system\function_system.rs;52;6661672;0.007200;18163;366;103;25539;282.292667
system{name="forgia_mode_roguelite::loot_room::sys_spin_portals"};C:\Users\Antoi\.cargo\registry\src\index.crates.io-1949cf8c6b5b557f\bevy_ecs-0.18.1\src\system\function_system.rs;52;9075292;0.009809;17308;524;195;27673;292.214533
plugin cleanup{plugin="bevy_anti_alias::smaa::SmaaPlugin"};C:\Users\Antoi\.cargo\registry\src\index.crates.io-1949cf8c6b5b557f\bevy_app-0.18.1\src\app.rs;292;55;0.000000;1;55;55;55;0.000000
system{name="bevy_asset::assets::Assets<bevy_pbr::pbr_material::StandardMaterial>::asset_events_condition"};C:\Users\Antoi\.cargo\registry\src\index.crates.io-1949cf8c6b5b557f\bevy_ecs-0.18.1\src\system\function_system.rs;52;1556486;0.001682;18163;85;54;887;41.501439
plugin build{plugin="bevy_render::extract_component::UniformComponentPlugin<bevy_gizmos_render::LineGizmoUniform>"};C:\Users\Antoi\.cargo\registry\src\index.crates.io-1949cf8c6b5b557f\bevy_app-0.18.1\src\app.rs;529;27597;0.000030;1;27597;27597;27597;0.000000
system{name="forgia_mode_roguelite::shockwave::sys_shockwave_input"};C:\Users\Antoi\.cargo\registry\src\index.crates.io-1949cf8c6b5b557f\bevy_ecs-0.18.1\src\system\function_system.rs;52;10186573;0.011010;17308;588;189;71451;985.689840
system{name="bevy_picking::events::pointer_events"};C:\Users\Antoi\.cargo\registry\src\index.crates.io-1949cf8c6b5b557f\bevy_ecs-0.18.1\src\system\function_system.rs;52;37830165;0.040889;18163;2082;873;220073;2299.795250
asset loading{loader="bevy_image::image_loader::ImageLoader" asset="textures/vfx/kenney/smoke_04.png"};C:\Users\Antoi\.cargo\registry\src\index.crates.io-1949cf8c6b5b557f\bevy_asset-0.18.1\src\server\loaders.rs;332;685675;0.000741;6;114279;94;661756;268241.543655
system{name="forgia_mode_roguelite::enemy_anim::sys_write_enemy_anim_sensor"};C:\Users\Antoi\.cargo\registry\src\index.crates.io-1949cf8c6b5b557f\bevy_ecs-0.18.1\src\system\function_system.rs;52;5871716;0.006346;17308;339;109;19233;262.193794
asset loading{loader="bevy_shader::shader::ShaderLoader" asset="embedded://bevy_pbr\\render/clustered_forward.wgsl"};C:\Users\Antoi\.cargo\registry\src\index.crates.io-1949cf8c6b5b557f\bevy_asset-0.18.1\src\server\loaders.rs;332;504615;0.000545;2;252307;236;504379;356482.933988
plugin build{plugin="bevy_render::sync_component::SyncComponentPlugin<bevy_pbr::deferred::PbrDeferredLightingDepthId>"};C:\Users\Antoi\.cargo\registry\src\index.crates.io-1949cf8c6b5b557f\bevy_app-0.18.1\src\app.rs;529;1352;0.000001;1;1352;1352;1352;0.000000
system{name="forgia_mode_roguelite::hub::lobby_show_gameplay_hud"};C:\Users\Antoi\.cargo\registry\src\index.crates.io-1949cf8c6b5b557f\bevy_ecs-0.18.1\src\system\function_system.rs;52;120;0.000000;1;120;120;120;0.000000
asset loading{loader="bevy_kira_audio::source::ogg_loader::OggLoader" asset="audio/roguelite/weapons/pepin.ogg"};C:\Users\Antoi\.cargo\registry\src\index.crates.io-1949cf8c6b5b557f\bevy_asset-0.18.1\src\server\loaders.rs;332;755542;0.000817;4;188885;241;745178;370873.933581
system{name="forgia_mode_roguelite::run::sys_stage_dispatch"};C:\Users\Antoi\.cargo\registry\src\index.crates.io-1949cf8c6b5b557f\bevy_ecs-0.18.1\src\system\function_system.rs;52;6817744;0.007369;17308;393;113;777320;6011.718523
system{name="bevy_render::render_resource::pipeline_cache::PipelineCache::extract_shaders"};C:\Users\Antoi\.cargo\registry\src\index.crates.io-1949cf8c6b5b557f\bevy_ecs-0.18.1\src\system\function_system.rs;52;46773981;0.050556;18163;2575;121;25697204;213019.696845
plugin cleanup{plugin="bevy_render::sync_component::SyncComponentPlugin<bevy_anti_alias::contrast_adaptive_sharpening::ContrastAdaptiveSharpening>"};C:\Users\Antoi\.cargo\registry\src\index.crates.io-1949cf8c6b5b557f\bevy_app-0.18.1\src\app.rs;292;59;0.000000;1;59;59;59;0.000000
system_commands{name="bevy_state::state::freely_mutable_state::apply_state_transition<forgia_core::states::AppMode>"};C:\Users\Antoi\.cargo\registry\src\index.crates.io-1949cf8c6b5b557f\bevy_ecs-0.18.1\src\system\function_system.rs;54;4699889;0.005080;18164;258;50;12549;183.652973
system{name="bevy_state::state::transitions::last_transition<forgia_core::states::AppMode>"};C:\Users\Antoi\.cargo\registry\src\index.crates.io-1949cf8c6b5b557f\bevy_ecs-0.18.1\src\system\function_system.rs;52;4979134;0.005382;54492;91;53;20894;138.341654
system{name="bevy_state::state_scoped::despawn_entities_on_exit_state<forgia_core::states::GameMode>"};C:\Users\Antoi\.cargo\registry\src\index.crates.io-1949cf8c6b5b557f\bevy_ecs-0.18.1\src\system\function_system.rs;52;5459911;0.005901;18164;300;102;31386;259.619392
system_commands{name="bevy_post_process::dof::prepare_depth_of_field_view_bind_group_layouts"};C:\Users\Antoi\.cargo\registry\src\index.crates.io-1949cf8c6b5b557f\bevy_ecs-0.18.1\src\system\function_system.rs;54;1505827;0.001628;18162;82;51;641;28.111504
asset loading{loader="bevy_gltf::loader::GltfLoader" asset="models/kaykit/dungeon/chest.glb"};C:\Users\Antoi\.cargo\registry\src\index.crates.io-1949cf8c6b5b557f\bevy_asset-0.18.1\src\server\loaders.rs;332;4250176;0.004594;7;607168;628;4026250;1509453.256782
system{name="bevy_state::state::freely_mutable_state::apply_state_transition<forgia_core::states::AppMode>"};C:\Users\Antoi\.cargo\registry\src\index.crates.io-1949cf8c6b5b557f\bevy_ecs-0.18.1\src\system\function_system.rs;52;2293496;0.002479;18164;126;71;1625;48.314584
plugin finish{plugin="forgia_water::ForgiaWaterPlugin"};C:\Users\Antoi\.cargo\registry\src\index.crates.io-1949cf8c6b5b557f\bevy_app-0.18.1\src\app.rs;272;56;0.000000;1;56;56;56;0.000000
system_commands{name="forgia_ui_lib::damage_direction::tuning::load_damage_dir_tuning"};C:\Users\Antoi\.cargo\registry\src\index.crates.io-1949cf8c6b5b557f\bevy_ecs-0.18.1\src\system\function_system.rs;54;5032;0.000005;1;5032;5032;5032;0.000000
system{name="forgia_qa_core::plugin::drain_bug_messages_to_bus"};C:\Users\Antoi\.cargo\registry\src\index.crates.io-1949cf8c6b5b557f\bevy_ecs-0.18.1\src\system\function_system.rs;52;7571296;0.008183;18163;416;157;27253;251.057315
plugin build{plugin="bevy_render::sync_component::SyncComponentPlugin<bevy_pbr::ssao::ScreenSpaceAmbientOcclusion>"};C:\Users\Antoi\.cargo\registry\src\index.crates.io-1949cf8c6b5b557f\bevy_app-0.18.1\src\app.rs;529;15854;0.000017;1;15854;15854;15854;0.000000
plugin build{plugin="bevy_ui::accessibility::AccessibilityPlugin"};C:\Users\Antoi\.cargo\registry\src\index.crates.io-1949cf8c6b5b557f\bevy_app-0.18.1\src\app.rs;529;10790;0.000012;1;10790;10790;10790;0.000000
system{name="bevy_asset::assets::Assets<bevy_audio::pitch::Pitch>::asset_events_condition"};C:\Users\Antoi\.cargo\registry\src\index.crates.io-1949cf8c6b5b557f\bevy_ecs-0.18.1\src\system\function_system.rs;52;2024020;0.002188;18163;111;53;1356;59.639976
system{name="bevy_pbr::material::queue_material_meshes"};C:\Users\Antoi\.cargo\registry\src\index.crates.io-1949cf8c6b5b557f\bevy_ecs-0.18.1\src\system\function_system.rs;52;225299799;0.243516;18162;12405;949;265531;9289.984050
system{name="bevy_sprite_render::mesh2d::material::extract_entities_needs_specialization<bevy_sprite_render::mesh2d::color_material::ColorMaterial>"};C:\Users\Antoi\.cargo\registry\src\index.crates.io-1949cf8c6b5b557f\bevy_ecs-0.18.1\src\system\function_system.rs;52;8765955;0.009475;18163;482;85;112540;1072.873416
asset loading{loader="bevy_image::image_loader::ImageLoader" asset="ui/menu_video/frame_0042.webp"};C:\Users\Antoi\.cargo\registry\src\index.crates.io-1949cf8c6b5b557f\bevy_asset-0.18.1\src\server\loaders.rs;332;15871230;0.017154;7;2267318;126;15838600;5984373.721354
system{name="bevy_render::render_phase::sweep_old_entities<bevy_pbr::render::light::Shadow>"};C:\Users\Antoi\.cargo\registry\src\index.crates.io-1949cf8c6b5b557f\bevy_ecs-0.18.1\src\system\function_system.rs;52;20579536;0.022243;18162;1133;76;94295;2332.269311
system_commands{name="forgia_effects::weapon_vfx::sys_hot_reload_vfx_genome"};C:\Users\Antoi\.cargo\registry\src\index.crates.io-1949cf8c6b5b557f\bevy_ecs-0.18.1\src\system\function_system.rs;54;1403171;0.001517;18163;77;50;927;21.963395
system{name="forgia_mode_roguelite::element_vfx::sys_tick_element_sparks"};C:\Users\Antoi\.cargo\registry\src\index.crates.io-1949cf8c6b5b557f\bevy_ecs-0.18.1\src\system\function_system.rs;52;10442666;0.011287;17308;603;275;23240;292.990218
plugin build{plugin="forgia_mode_roguelite::weapon_select::WeaponSelectPlugin"};C:\Users\Antoi\.cargo\registry\src\index.crates.io-1949cf8c6b5b557f\bevy_app-0.18.1\src\app.rs;529;56962;0.000062;1;56962;56962;56962;0.000000
asset loading{loader="bevy_shader::shader::ShaderLoader" asset="embedded://bevy_pbr\\deferred/pbr_deferred_types.wgsl"};C:\Users\Antoi\.cargo\registry\src\index.crates.io-1949cf8c6b5b557f\bevy_asset-0.18.1\src\server\loaders.rs;332;270015;0.000292;2;135007;135;269880;190738.518692
system{name="forgia_auto_rig::pinocchio_pipeline::auto_rig_pinocchio_v1"};C:\Users\Antoi\.cargo\registry\src\index.crates.io-1949cf8c6b5b557f\bevy_ecs-0.18.1\src\system\function_system.rs;52;22069309;0.023854;18163;1215;307;84342;985.450056
plugin build{plugin="bevy_render::render_phase::SortedRenderPhasePlugin<bevy_core_pipeline::core_3d::Transmissive3d, bevy_pbr::render::mesh::MeshPipeline>"};C:\Users\Antoi\.cargo\registry\src\index.crates.io-1949cf8c6b5b557f\bevy_app-0.18.1\src\app.rs;529;21222;0.000023;1;21222;21222;21222;0.000000
plugin finish{plugin="bevy_pbr::atmosphere::AtmospherePlugin"};C:\Users\Antoi\.cargo\registry\src\index.crates.io-1949cf8c6b5b557f\bevy_app-0.18.1\src\app.rs;272;102137;0.000110;1;102137;102137;102137;0.000000
system_commands{name="bevy_render::globals::extract_frame_count"};C:\Users\Antoi\.cargo\registry\src\index.crates.io-1949cf8c6b5b557f\bevy_ecs-0.18.1\src\system\function_system.rs;54;7651030;0.008270;18162;421;198;10652;160.999312
node{name="bevy_render::render_graph::node::ViewNodeRunner<bevy_core_pipeline::core_2d::main_opaque_pass_2d_node::MainOpaquePass2dNode>"};C:\Users\Antoi\.cargo\registry\src\index.crates.io-1949cf8c6b5b557f\bevy_render-0.18.1\src\renderer\graph_runner.rs;240;515061738;0.556707;18162;28359;4301;339025;12571.879257
system{name="bevy_asset::assets::Assets<forgia_genome_core::Genome<forgia_damage::HitFeedbackTuning>>::asset_events"};C:\Users\Antoi\.cargo\registry\src\index.crates.io-1949cf8c6b5b557f\bevy_ecs-0.18.1\src\system\function_system.rs;52;853;0.000001;1;853;853;853;0.000000
system_commands{name="bevy_pbr::medium::init_scattering_medium_sampler"};C:\Users\Antoi\.cargo\registry\src\index.crates.io-1949cf8c6b5b557f\bevy_ecs-0.18.1\src\system\function_system.rs;54;1346;0.000001;1;1346;1346;1346;0.000000
plugin finish{plugin="bevy_core_pipeline::skybox::SkyboxPlugin"};C:\Users\Antoi\.cargo\registry\src\index.crates.io-1949cf8c6b5b557f\bevy_app-0.18.1\src\app.rs;272;54;0.000000;1;54;54;54;0.000000
plugin build{plugin="forgia_ui_lib::hud::confidence::ConfidenceHudPlugin"};C:\Users\Antoi\.cargo\registry\src\index.crates.io-1949cf8c6b5b557f\bevy_app-0.18.1\src\app.rs;529;69138;0.000075;1;69138;69138;69138;0.000000
system{name="bevy_asset::assets::Assets<bevy_animation::graph::AnimationGraph>::asset_events_condition"};C:\Users\Antoi\.cargo\registry\src\index.crates.io-1949cf8c6b5b557f\bevy_ecs-0.18.1\src\system\function_system.rs;52;1773259;0.001917;18163;97;52;10180;92.431193
node{name="bevy_anti_alias::contrast_adaptive_sharpening::node::CasNode"};C:\Users\Antoi\.cargo\registry\src\index.crates.io-1949cf8c6b5b557f\bevy_render-0.18.1\src\renderer\graph_runner.rs;240;17053539;0.018432;54486;312;62;18781;210.676272
system{name="forgia_ui::block_look_on"};C:\Users\Antoi\.cargo\registry\src\index.crates.io-1949cf8c6b5b557f\bevy_ecs-0.18.1\src\system\function_system.rs;52;107363;0.000116;1;107363;107363;107363;0.000000
system{name="bevy_asset::assets::Assets<bevy_kira_audio::instance::AudioInstance>::track_assets"};C:\Users\Antoi\.cargo\registry\src\index.crates.io-1949cf8c6b5b557f\bevy_ecs-0.18.1\src\system\function_system.rs;52;34408572;0.037191;18163;1894;133;937307;14051.732269
plugin finish{plugin="forgia_ui_lib::hud::confidence::ConfidenceHudPlugin"};C:\Users\Antoi\.cargo\registry\src\index.crates.io-1949cf8c6b5b557f\bevy_app-0.18.1\src\app.rs;272;53;0.000000;1;53;53;53;0.000000
system{name="forgia_debug::poll_sensors_system"};C:\Users\Antoi\.cargo\registry\src\index.crates.io-1949cf8c6b5b557f\bevy_ecs-0.18.1\src\system\function_system.rs;52;4265693;0.004611;18163;234;78;3724;105.140794
schedule{name=EguiPrimaryContextPass};C:\Users\Antoi\.cargo\registry\src\index.crates.io-1949cf8c6b5b557f\bevy_ecs-0.18.1\src\schedule\schedule.rs;532;5199341898;5.619731;18163;286260;124428;7068481;102928.208309
asset loading{loader="bevy_shader::shader::ShaderLoader" asset="embedded://bevy_post_process\\bloom\\bloom.wgsl"};C:\Users\Antoi\.cargo\registry\src\index.crates.io-1949cf8c6b5b557f\bevy_asset-0.18.1\src\server\loaders.rs;332;306146;0.000331;2;153073;81;306065;216363.361335
plugin finish{plugin="forgia_mode_roguelite::hub::HubPlugin"};C:\Users\Antoi\.cargo\registry\src\index.crates.io-1949cf8c6b5b557f\bevy_app-0.18.1\src\app.rs;272;56;0.000000;1;56;56;56;0.000000
plugin finish{plugin="bevy_render::sync_component::SyncComponentPlugin<bevy_anti_alias::smaa::Smaa>"};C:\Users\Antoi\.cargo\registry\src\index.crates.io-1949cf8c6b5b557f\bevy_app-0.18.1\src\app.rs;272;55;0.000000;1;55;55;55;0.000000
plugin cleanup{plugin="forgia_killfeed::ForgiaKillfeedPlugin"};C:\Users\Antoi\.cargo\registry\src\index.crates.io-1949cf8c6b5b557f\bevy_app-0.18.1\src\app.rs;292;52;0.000000;1;52;52;52;0.000000
system{name="bevy_pbr::cluster::extract_clusters"};C:\Users\Antoi\.cargo\registry\src\index.crates.io-1949cf8c6b5b557f\bevy_ecs-0.18.1\src\system\function_system.rs;52;1097486160;1.186223;18163;60424;22961;1578982;25474.407122
asset loading{loader="bevy_image::image_loader::ImageLoader" asset="ui/menu_video/frame_0080.webp"};C:\Users\Antoi\.cargo\registry\src\index.crates.io-1949cf8c6b5b557f\bevy_asset-0.18.1\src\server\loaders.rs;332;14369473;0.015531;6;2394912;165;14330924;5847430.692354
system_commands{name="forgia_mode_roguelite::status_vfx::sys_detach_shock_vfx"};C:\Users\Antoi\.cargo\registry\src\index.crates.io-1949cf8c6b5b557f\bevy_ecs-0.18.1\src\system\function_system.rs;54;1248994;0.001350;17308;72;50;93019;731.233148
system_commands{name="bevy_hanabi::render::update_mesh_locations"};C:\Users\Antoi\.cargo\registry\src\index.crates.io-1949cf8c6b5b557f\bevy_ecs-0.18.1\src\system\function_system.rs;54;1926237;0.002082;18162;106;51;66703;507.516680
system_commands{name="bevy_render::extract_component::extract_components<bevy_render::gpu_readback::Readback>"};C:\Users\Antoi\.cargo\registry\src\index.crates.io-1949cf8c6b5b557f\bevy_ecs-0.18.1\src\system\function_system.rs;54;13806130;0.014922;18162;760;227;44991;559.763266
system{name="forgia_mode_roguelite::hud::sys_track_boss_enrage_banner"};C:\Users\Antoi\.cargo\registry\src\index.crates.io-1949cf8c6b5b557f\bevy_ecs-0.18.1\src\system\function_system.rs;52;3622433;0.003915;17308;209;85;39567;416.203627
system{name="bevy_render::extract_component::extract_components<bevy_pbr::deferred::PbrDeferredLightingDepthId>"};C:\Users\Antoi\.cargo\registry\src\index.crates.io-1949cf8c6b5b557f\bevy_ecs-0.18.1\src\system\function_system.rs;52;4237653;0.004580;18163;233;93;9279;140.295932
system_commands{name="bevy_render::extract_component::extract_components<bevy_anti_alias::contrast_adaptive_sharpening::ContrastAdaptiveSharpening>"};C:\Users\Antoi\.cargo\registry\src\index.crates.io-1949cf8c6b5b557f\bevy_ecs-0.18.1\src\system\function_system.rs;54;10674717;0.011538;18162;587;211;38183;322.298796
asset loading{loader="forgia_genome_core::GenomeLoader<forgia_stage::RoguelitePoisGenome>" asset="genomes/roguelite_pois.toml"};C:\Users\Antoi\.cargo\registry\src\index.crates.io-1949cf8c6b5b557f\bevy_asset-0.18.1\src\server\loaders.rs;332;128230;0.000139;4;32057;65;64485;36725.667219
asset loading{loader="bevy_image::image_loader::ImageLoader" asset="textures/vfx/kenney/muzzle_01.png"};C:\Users\Antoi\.cargo\registry\src\index.crates.io-1949cf8c6b5b557f\bevy_asset-0.18.1\src\server\loaders.rs;332;856237;0.000925;6;142706;125;778962;312654.035229
system{name="bevy_render::batching::gpu_preprocessing::batch_and_prepare_binned_render_phase<bevy_core_pipeline::deferred::AlphaMask3dDeferred, bevy_pbr::render::mesh::MeshPipeline>"};C:\Users\Antoi\.cargo\registry\src\index.crates.io-1949cf8c6b5b557f\bevy_ecs-0.18.1\src\system\function_system.rs;52;11985160;0.012954;18162;659;234;47267;461.567070
system_commands{name="bevy_render::extract_component::extract_components<bevy_render::view::Msaa>"};C:\Users\Antoi\.cargo\registry\src\index.crates.io-1949cf8c6b5b557f\bevy_ecs-0.18.1\src\system\function_system.rs;54;26608023;0.028759;18162;1465;631;78364;1160.625199
plugin finish{plugin="bevy_input::InputPlugin"};C:\Users\Antoi\.cargo\registry\src\index.crates.io-1949cf8c6b5b557f\bevy_app-0.18.1\src\app.rs;272;58;0.000000;1;58;58;58;0.000000
plugin cleanup{plugin="bevy_render::sync_component::SyncComponentPlugin<bevy_pbr::atmosphere::Atmosphere>"};C:\Users\Antoi\.cargo\registry\src\index.crates.io-1949cf8c6b5b557f\bevy_app-0.18.1\src\app.rs;292;61;0.000000;1;61;61;61;0.000000
schedule{name=OnEnter(Roguelite)};C:\Users\Antoi\.cargo\registry\src\index.crates.io-1949cf8c6b5b557f\bevy_ecs-0.18.1\src\schedule\schedule.rs;532;4324242;0.004674;1;4324242;4324242;4324242;0.000000
system{name="forgia_mode_roguelite::meta_shop::sys_meta_shop_input"};C:\Users\Antoi\.cargo\registry\src\index.crates.io-1949cf8c6b5b557f\bevy_ecs-0.18.1\src\system\function_system.rs;52;38674;0.000042;91;424;195;4042;393.089472
system{name="forgia_mode_roguelite::enemy_scaling::sys_hot_reload_enemy_scaling"};C:\Users\Antoi\.cargo\registry\src\index.crates.io-1949cf8c6b5b557f\bevy_ecs-0.18.1\src\system\function_system.rs;52;6660156;0.007199;17308;384;92;65301;2173.190105
asset loading{loader="bevy_image::image_loader::ImageLoader" asset="ui/menu_video/frame_0002.webp"};C:\Users\Antoi\.cargo\registry\src\index.crates.io-1949cf8c6b5b557f\bevy_asset-0.18.1\src\server\loaders.rs;332;15870260;0.017153;8;1983782;80;15832441;5595706.064056
plugin cleanup{plugin="forgia_mode_roguelite::intro_dialogue::IntroDialoguePlugin"};C:\Users\Antoi\.cargo\registry\src\index.crates.io-1949cf8c6b5b557f\bevy_app-0.18.1\src\app.rs;292;53;0.000000;1;53;53;53;0.000000
system{name="bevy_pbr::render::mesh::prepare_mesh_bind_groups"};C:\Users\Antoi\.cargo\registry\src\index.crates.io-1949cf8c6b5b557f\bevy_ecs-0.18.1\src\system\function_system.rs;52;914364325;0.988295;18162;50344;855;40437553;301675.365739
plugin build{plugin="bevy_core_pipeline::core_2d::Core2dPlugin"};C:\Users\Antoi\.cargo\registry\src\index.crates.io-1949cf8c6b5b557f\bevy_app-0.18.1\src\app.rs;529;143886;0.000156;1;143886;143886;143886;0.000000
asset loading{loader="bevy_image::image_loader::ImageLoader" asset="ui/menu_video/frame_0037.webp"};C:\Users\Antoi\.cargo\registry\src\index.crates.io-1949cf8c6b5b557f\bevy_asset-0.18.1\src\server\loaders.rs;332;16063047;0.017362;7;2294721;145;16022304;6053296.641314
asset loading{loader="bevy_image::image_loader::ImageLoader" asset="ui/menu_video/frame_0139.webp"};C:\Users\Antoi\.cargo\registry\src\index.crates.io-1949cf8c6b5b557f\bevy_asset-0.18.1\src\server\loaders.rs;332;14306713;0.015463;7;2043816;1865;14251358;5383022.731210
system{name="bevy_egui::input::write_egui_input_system"};C:\Users\Antoi\.cargo\registry\src\index.crates.io-1949cf8c6b5b557f\bevy_ecs-0.18.1\src\system\function_system.rs;52;16245383;0.017559;18163;894;379;274384;2354.134171
plugin cleanup{plugin="forgia_stage::ForgiaStageArenaPlugin"};C:\Users\Antoi\.cargo\registry\src\index.crates.io-1949cf8c6b5b557f\bevy_app-0.18.1\src\app.rs;292;55;0.000000;1;55;55;55;0.000000
plugin cleanup{plugin="bevy_render::render_asset::RenderAssetPlugin<bevy_render::storage::GpuShaderStorageBuffer>"};C:\Users\Antoi\.cargo\registry\src\index.crates.io-1949cf8c6b5b557f\bevy_app-0.18.1\src\app.rs;292;119;0.000000;1;119;119;119;0.000000
system{name="bevy_pbr::material::extract_entities_needs_specialization<bevy_pbr::extended_material::ExtendedMaterial<bevy_pbr::pbr_material::StandardMaterial, bevy_water::water::material::WaterMaterial>>"};C:\Users\Antoi\.cargo\registry\src\index.crates.io-1949cf8c6b5b557f\bevy_ecs-0.18.1\src\system\function_system.rs;52;15601175;0.016863;18163;858;298;83844;768.589623
plugin build{plugin="forgia_ui::ForgiaUiPlugin"};C:\Users\Antoi\.cargo\registry\src\index.crates.io-1949cf8c6b5b557f\bevy_app-0.18.1\src\app.rs;529;1003966;0.001085;1;1003966;1003966;1003966;0.000000
system_commands{name="bevy_render::extract_component::extract_components<bevy_core_pipeline::tonemapping::Tonemapping>"};C:\Users\Antoi\.cargo\registry\src\index.crates.io-1949cf8c6b5b557f\bevy_ecs-0.18.1\src\system\function_system.rs;54;18392983;0.019880;18162;1012;431;80768;641.603383
asset loading{loader="bevy_image::image_loader::ImageLoader" asset="ui/menu_video/frame_0120.webp"};C:\Users\Antoi\.cargo\registry\src\index.crates.io-1949cf8c6b5b557f\bevy_asset-0.18.1\src\server\loaders.rs;332;14496528;0.015669;6;2416088;184;14460980;5900770.258189
plugin cleanup{plugin="bevy_pbr::prepass::PrepassPlugin"};C:\Users\Antoi\.cargo\registry\src\index.crates.io-1949cf8c6b5b557f\bevy_app-0.18.1\src\app.rs;292;53;0.000000;1;53;53;53;0.000000
plugin cleanup{plugin="forgia_mode_roguelite::atmosphere::RogueliteAtmospherePlugin"};C:\Users\Antoi\.cargo\registry\src\index.crates.io-1949cf8c6b5b557f\bevy_app-0.18.1\src\app.rs;292;70;0.000000;1;70;70;70;0.000000
update;C:\Users\Antoi\.cargo\registry\src\index.crates.io-1949cf8c6b5b557f\rapier3d-0.31.0\src\dynamics\solver\contact_constraint\contact_constraints_set.rs;569;1618648;0.001750;22936;70;47;42854;286.500571
system{name="forgia_mode_roguelite::enemy_anim::sys_wire_enemy_anim"};C:\Users\Antoi\.cargo\registry\src\index.crates.io-1949cf8c6b5b557f\bevy_ecs-0.18.1\src\system\function_system.rs;52;8644382;0.009343;17308;499;176;15922;272.537792
system{name="forgia_juice_screen_flash::draw_screen_flash"};C:\Users\Antoi\.cargo\registry\src\index.crates.io-1949cf8c6b5b557f\bevy_ecs-0.18.1\src\system\function_system.rs;52;18395185;0.019883;18163;1012;175;91531;957.722218
plugin build{plugin="bevy_render::extract_component::ExtractComponentPlugin<bevy_render::gpu_readback::Readback>"};C:\Users\Antoi\.cargo\registry\src\index.crates.io-1949cf8c6b5b557f\bevy_app-0.18.1\src\app.rs;529;7543;0.000008;1;7543;7543;7543;0.000000
system{name="bevy_render::batching::gpu_preprocessing::collect_buffers_for_phase<bevy_core_pipeline::core_3d::Transmissive3d, bevy_pbr::render::mesh::MeshPipeline>"};C:\Users\Antoi\.cargo\registry\src\index.crates.io-1949cf8c6b5b557f\bevy_ecs-0.18.1\src\system\function_system.rs;52;14090494;0.015230;18162;775;347;13644;368.399644
plugin finish{plugin="bevy_winit::accessibility::AccessKitPlugin"};C:\Users\Antoi\.cargo\registry\src\index.crates.io-1949cf8c6b5b557f\bevy_app-0.18.1\src\app.rs;272;56;0.000000;1;56;56;56;0.000000
system_commands{name="forgia_mode_roguelite::render_quality::sys_force_apply_bloom"};C:\Users\Antoi\.cargo\registry\src\index.crates.io-1949cf8c6b5b557f\bevy_ecs-0.18.1\src\system\function_system.rs;54;86;0.000000;1;86;86;86;0.000000
plugin build{plugin="bevy_anti_alias::fxaa::FxaaPlugin"};C:\Users\Antoi\.cargo\registry\src\index.crates.io-1949cf8c6b5b557f\bevy_app-0.18.1\src\app.rs;529;83708;0.000090;1;83708;83708;83708;0.000000
system{name="forgia_ui_lib::hud_ammo::track_ammo_events"};C:\Users\Antoi\.cargo\registry\src\index.crates.io-1949cf8c6b5b557f\bevy_ecs-0.18.1\src\system\function_system.rs;52;2540332;0.002746;18163;139;71;42089;390.059864
system{name="bevy_asset::assets::Assets<forgia_genome_core::Genome<forgia_ui_lib::hud::barks::BarkGenome>>::asset_events_condition"};C:\Users\Antoi\.cargo\registry\src\index.crates.io-1949cf8c6b5b557f\bevy_ecs-0.18.1\src\system\function_system.rs;52;1805638;0.001952;18163;99;56;1225;54.449833
plugin cleanup{plugin="bevy_render::extract_component::ExtractComponentPlugin<bevy_render::view::Msaa>"};C:\Users\Antoi\.cargo\registry\src\index.crates.io-1949cf8c6b5b557f\bevy_app-0.18.1\src\app.rs;292;55;0.000000;1;55;55;55;0.000000
plugin cleanup{plugin="bevy_camera::CameraPlugin"};C:\Users\Antoi\.cargo\registry\src\index.crates.io-1949cf8c6b5b557f\bevy_app-0.18.1\src\app.rs;292;57;0.000000;1;57;57;57;0.000000
system{name="forgia_ui_lib::hud_ammo::tuning::sync_ammo_hud_tuning"};C:\Users\Antoi\.cargo\registry\src\index.crates.io-1949cf8c6b5b557f\bevy_ecs-0.18.1\src\system\function_system.rs;52;5869450;0.006344;18163;323;95;202928;1648.099552
system{name="leafwing_input_manager::user_input::updating::input_is_enabled<bevy_input::gamepad::GamepadAxis>"};C:\Users\Antoi\.cargo\registry\src\index.crates.io-1949cf8c6b5b557f\bevy_ecs-0.18.1\src\system\function_system.rs;52;1441102;0.001558;18163;79;52;599;28.133522
asset loading{loader="bevy_image::image_loader::ImageLoader" asset="ui/menu_video/frame_0089.webp"};C:\Users\Antoi\.cargo\registry\src\index.crates.io-1949cf8c6b5b557f\bevy_asset-0.18.1\src\server\loaders.rs;332;15029757;0.016245;7;2147108;151;14998149;5666778.491949
system{name="bevy_ui_render::gradient::queue_gradient"};C:\Users\Antoi\.cargo\registry\src\index.crates.io-1949cf8c6b5b557f\bevy_ecs-0.18.1\src\system\function_system.rs;52;11756848;0.012707;18162;647;185;26786;375.084335
system{name="forgia_effects::tick_pooled_light_fade"};C:\Users\Antoi\.cargo\registry\src\index.crates.io-1949cf8c6b5b557f\bevy_ecs-0.18.1\src\system\function_system.rs;52;12843944;0.013882;18163;707;73;41767;653.257491
system_commands{name="forgia_mode_roguelite::elements::sys_apply_elements_on_hit"};C:\Users\Antoi\.cargo\registry\src\index.crates.io-1949cf8c6b5b557f\bevy_ecs-0.18.1\src\system\function_system.rs;54;1764853;0.001908;17308;101;50;72970;589.678513
system{name="forgia_mode_roguelite::element_vfx::sys_spawn_element_impact"};C:\Users\Antoi\.cargo\registry\src\index.crates.io-1949cf8c6b5b557f\bevy_ecs-0.18.1\src\system\function_system.rs;52;10827202;0.011703;17308;625;205;42217;515.529442
asset loading{loader="bevy_gltf::loader::GltfLoader" asset="models/environment/inferno/Mound_008.glb"};C:\Users\Antoi\.cargo\registry\src\index.crates.io-1949cf8c6b5b557f\bevy_asset-0.18.1\src\server\loaders.rs;332;6878924;0.007435;5;1375784;343;6836559;3052682.350392
plugin cleanup{plugin="forgia_viewmodel::ForgiaViewmodelPlugin"};C:\Users\Antoi\.cargo\registry\src\index.crates.io-1949cf8c6b5b557f\bevy_app-0.18.1\src\app.rs;292;54;0.000000;1;54;54;54;0.000000
plugin finish{plugin="bevy_pbr::light_probe::LightProbePlugin"};C:\Users\Antoi\.cargo\registry\src\index.crates.io-1949cf8c6b5b557f\bevy_app-0.18.1\src\app.rs;272;51;0.000000;1;51;51;51;0.000000
plugin finish{plugin="bevy_render::extract_component::ExtractComponentPlugin<bevy_anti_alias::smaa::Smaa>"};C:\Users\Antoi\.cargo\registry\src\index.crates.io-1949cf8c6b5b557f\bevy_app-0.18.1\src\app.rs;272;54;0.000000;1;54;54;54;0.000000
system_commands{name="bevy_pbr::deferred::init_deferred_lighting_layout"};C:\Users\Antoi\.cargo\registry\src\index.crates.io-1949cf8c6b5b557f\bevy_ecs-0.18.1\src\system\function_system.rs;54;5322;0.000006;1;5322;5322;5322;0.000000
system{name="bevy_pbr::render::mesh::check_views_need_specialization"};C:\Users\Antoi\.cargo\registry\src\index.crates.io-1949cf8c6b5b557f\bevy_ecs-0.18.1\src\system\function_system.rs;52;29959911;0.032382;18162;1649;764;66670;736.198413
system{name="bevy_core_pipeline::skybox::prepare_skybox_bind_groups"};C:\Users\Antoi\.cargo\registry\src\index.crates.io-1949cf8c6b5b557f\bevy_ecs-0.18.1\src\system\function_system.rs;52;238272243;0.257538;18162;13119;4876;2045643;19414.930442
system{name="forgia_mode_roguelite::decor::sys_unstick_bots_from_decor"};C:\Users\Antoi\.cargo\registry\src\index.crates.io-1949cf8c6b5b557f\bevy_ecs-0.18.1\src\system\function_system.rs;52;43663147;0.047193;17308;2522;254;222095;2840.553258
system{name="forgia_damage::sync_hit_feedback"};C:\Users\Antoi\.cargo\registry\src\index.crates.io-1949cf8c6b5b557f\bevy_ecs-0.18.1\src\system\function_system.rs;52;8101647;0.008757;18163;446;138;9143;170.132456
system_commands{name="forgia_mode_fps_arena::wave::load_arena_waves_genome"};C:\Users\Antoi\.cargo\registry\src\index.crates.io-1949cf8c6b5b557f\bevy_ecs-0.18.1\src\system\function_system.rs;54;3615;0.000004;1;3615;3615;3615;0.000000
system_commands{name="bevy_rapier3d::plugin::systems::multiple_rapier_contexts::on_add_entity_with_parent"};C:\Users\Antoi\.cargo\registry\src\index.crates.io-1949cf8c6b5b557f\bevy_ecs-0.18.1\src\system\function_system.rs;54;1718712;0.001858;5734;299;77;27055;426.216620
plugin build{plugin="bevy_a11y::AccessibilityPlugin"};C:\Users\Antoi\.cargo\registry\src\index.crates.io-1949cf8c6b5b557f\bevy_app-0.18.1\src\app.rs;529;5507;0.000006;1;5507;5507;5507;0.000000
plugin build{plugin="forgia_mode_roguelite::atmosphere::RogueliteAtmospherePlugin"};C:\Users\Antoi\.cargo\registry\src\index.crates.io-1949cf8c6b5b557f\bevy_app-0.18.1\src\app.rs;529;16958;0.000018;1;16958;16958;16958;0.000000
system{name="bevy_winit::accessibility::should_update_accessibility_nodes"};C:\Users\Antoi\.cargo\registry\src\index.crates.io-1949cf8c6b5b557f\bevy_ecs-0.18.1\src\system\function_system.rs;52;8862805;0.009579;18163;487;120;902819;6719.504132
solve_character_collision_impulses;C:\Users\Antoi\.cargo\registry\src\index.crates.io-1949cf8c6b5b557f\rapier3d-0.31.0\src\control\character_controller.rs;823;1176196;0.001271;5359;219;47;8458;624.925323
system{name="bevy_diagnostic::frame_time_diagnostics_plugin::FrameTimeDiagnosticsPlugin::diagnostic_system"};C:\Users\Antoi\.cargo\registry\src\index.crates.io-1949cf8c6b5b557f\bevy_ecs-0.18.1\src\system\function_system.rs;52;16575591;0.017916;18163;912;368;92787;1134.933013
system{name="bevy_pbr::atmosphere::resources::prepare_atmosphere_uniforms"};C:\Users\Antoi\.cargo\registry\src\index.crates.io-1949cf8c6b5b557f\bevy_ecs-0.18.1\src\system\function_system.rs;52;6216440;0.006719;18162;342;80;78188;616.594618
system{name="bevy_render::batching::no_gpu_preprocessing::clear_batched_cpu_instance_buffers<bevy_sprite_render::mesh2d::mesh::Mesh2dPipeline>"};C:\Users\Antoi\.cargo\registry\src\index.crates.io-1949cf8c6b5b557f\bevy_ecs-0.18.1\src\system\function_system.rs;52;4417499;0.004775;18162;243;77;27554;359.622538
system{name="bevy_render::batching::gpu_preprocessing::write_batched_instance_buffers<bevy_pbr::render::mesh::MeshPipeline>"};C:\Users\Antoi\.cargo\registry\src\index.crates.io-1949cf8c6b5b557f\bevy_ecs-0.18.1\src\system\function_system.rs;52;1732964688;1.873082;18162;95417;14401;32806472;503425.527781
system{name="forgia_combat::weapons::setup_casing_resources"};C:\Users\Antoi\.cargo\registry\src\index.crates.io-1949cf8c6b5b557f\bevy_ecs-0.18.1\src\system\function_system.rs;52;5794;0.000006;1;5794;5794;5794;0.000000
asset loading{loader="bevy_shader::shader::ShaderLoader" asset="embedded://bevy_post_process\\motion_blur\\motion_blur.wgsl"};C:\Users\Antoi\.cargo\registry\src\index.crates.io-1949cf8c6b5b557f\bevy_asset-0.18.1\src\server\loaders.rs;332;218005;0.000236;2;109002;58;217947;154070.789448
system{name="bevy_asset::assets::Assets<forgia_genome_core::Genome<forgia_level_presets::LevelModulesGenome>>::track_assets"};C:\Users\Antoi\.cargo\registry\src\index.crates.io-1949cf8c6b5b557f\bevy_ecs-0.18.1\src\system\function_system.rs;52;27807160;0.030055;18163;1530;217;611006;10021.981421
system{name="forgia_mode_roguelite::boss_portal::sys_calibrate_portal"};C:\Users\Antoi\.cargo\registry\src\index.crates.io-1949cf8c6b5b557f\bevy_ecs-0.18.1\src\system\function_system.rs;52;7036629;0.007606;17308;406;166;46745;403.698893
system{name="bevy_picking::pointer::update_pointer_map"};C:\Users\Antoi\.cargo\registry\src\index.crates.io-1949cf8c6b5b557f\bevy_ecs-0.18.1\src\system\function_system.rs;52;11058423;0.011953;18163;608;187;83714;866.719534
plugin finish{plugin="bevy_ui_render::UiRenderPlugin"};C:\Users\Antoi\.cargo\registry\src\index.crates.io-1949cf8c6b5b557f\bevy_app-0.18.1\src\app.rs;272;51;0.000000;1;51;51;51;0.000000
plugin finish{plugin="forgia_streaming::ForgiaStreamingPlugin"};C:\Users\Antoi\.cargo\registry\src\index.crates.io-1949cf8c6b5b557f\bevy_app-0.18.1\src\app.rs;272;53;0.000000;1;53;53;53;0.000000
system{name="forgia_effects::arena_feedback::arena_feedback_sensor_export"};C:\Users\Antoi\.cargo\registry\src\index.crates.io-1949cf8c6b5b557f\bevy_ecs-0.18.1\src\system\function_system.rs;52;5805251;0.006275;18163;319;95;3801;113.461073
system{name="forgia_asset_registry::populate_registry"};C:\Users\Antoi\.cargo\registry\src\index.crates.io-1949cf8c6b5b557f\bevy_ecs-0.18.1\src\system\function_system.rs;52;14644547;0.015829;1;14644547;14644547;14644547;0.000000
system{name="forgia_ui_lib::pause_menu::apply_vsync_to_window"};C:\Users\Antoi\.cargo\registry\src\index.crates.io-1949cf8c6b5b557f\bevy_ecs-0.18.1\src\system\function_system.rs;52;8845806;0.009561;18163;487;190;27463;281.621344
plugin cleanup{plugin="bevy_render::sync_component::SyncComponentPlugin<bevy_post_process::motion_blur::MotionBlur>"};C:\Users\Antoi\.cargo\registry\src\index.crates.io-1949cf8c6b5b557f\bevy_app-0.18.1\src\app.rs;292;64;0.000000;1;64;64;64;0.000000
system{name="bevy_render::mesh::inherit_weights"};C:\Users\Antoi\.cargo\registry\src\index.crates.io-1949cf8c6b5b557f\bevy_ecs-0.18.1\src\system\function_system.rs;52;7704875;0.008328;18163;424;144;11814;188.515932
plugin finish{plugin="bevy_render::render_phase::SortedRenderPhasePlugin<bevy_core_pipeline::core_3d::Transmissive3d, bevy_pbr::render::mesh::MeshPipeline>"};C:\Users\Antoi\.cargo\registry\src\index.crates.io-1949cf8c6b5b557f\bevy_app-0.18.1\src\app.rs;272;75;0.000000;1;75;75;75;0.000000
system{name="forgia_mode_roguelite::ultimate_vfx::sys_init_ultimate_vfx_assets"};C:\Users\Antoi\.cargo\registry\src\index.crates.io-1949cf8c6b5b557f\bevy_ecs-0.18.1\src\system\function_system.rs;52;23233;0.000025;1;23233;23233;23233;0.000000
{shadow_directional_light_1_cascade_2};C:\Users\Antoi\.cargo\registry\src\index.crates.io-1949cf8c6b5b557f\bevy_pbr-0.18.1\src\render\light.rs;2326;1290342012;1.394672;17306;74560;18546;1782478;26098.641791
system{name="forgia_viewmodel::vm_camera::sync_viewmodel_camera_active"};C:\Users\Antoi\.cargo\registry\src\index.crates.io-1949cf8c6b5b557f\bevy_ecs-0.18.1\src\system\function_system.rs;52;9780199;0.010571;17308;565;192;87047;917.452816
system_commands{name="forgia_mode_roguelite::ultimate_vfx::sys_init_ultimate_vfx_assets"};C:\Users\Antoi\.cargo\registry\src\index.crates.io-1949cf8c6b5b557f\bevy_ecs-0.18.1\src\system\function_system.rs;54;2188;0.000002;1;2188;2188;2188;0.000000
asset loading{loader="bevy_gltf::loader::GltfLoader" asset="models/kaykit/dungeon/wall_corner.glb"};C:\Users\Antoi\.cargo\registry\src\index.crates.io-1949cf8c6b5b557f\bevy_asset-0.18.1\src\server\loaders.rs;332;4378892;0.004733;4;1094723;233;4310821;2144300.479825
plugin finish{plugin="forgia_rpg_data::xp_curves::ForgiaXpCurvesPlugin"};C:\Users\Antoi\.cargo\registry\src\index.crates.io-1949cf8c6b5b557f\bevy_app-0.18.1\src\app.rs;272;52;0.000000;1;52;52;52;0.000000
system_commands{name="bevy_render::extract_component::prepare_uniform_components<bevy_post_process::bloom::downsampling_pipeline::BloomUniforms>"};C:\Users\Antoi\.cargo\registry\src\index.crates.io-1949cf8c6b5b557f\bevy_ecs-0.18.1\src\system\function_system.rs;54;1600698;0.001730;18162;88;51;11331;108.789139
schedule{name=PreStartup};C:\Users\Antoi\.cargo\registry\src\index.crates.io-1949cf8c6b5b557f\bevy_ecs-0.18.1\src\schedule\schedule.rs;532;202267;0.000219;1;202267;202267;202267;0.000000
system{name="bevy_asset::assets::Assets<forgia_genome_core::Genome<forgia_player::skybox_genome::SkyPaletteGenome>>::asset_events_condition"};C:\Users\Antoi\.cargo\registry\src\index.crates.io-1949cf8c6b5b557f\bevy_ecs-0.18.1\src\system\function_system.rs;52;1826277;0.001974;18163;100;53;1240;46.719860
{shadow_directional_light_1_cascade_1};C:\Users\Antoi\.cargo\registry\src\index.crates.io-1949cf8c6b5b557f\bevy_pbr-0.18.1\src\render\light.rs;2326;1275284734;1.378397;17306;73690;22937;1375842;23929.462318
system{name="bevy_pbr::prepass::init_prepass_view_bind_group"};C:\Users\Antoi\.cargo\registry\src\index.crates.io-1949cf8c6b5b557f\bevy_ecs-0.18.1\src\system\function_system.rs;52;63671;0.000069;1;63671;63671;63671;0.000000
system{name="forgia_mode_roguelite::decor::sys_init_decor_genome"};C:\Users\Antoi\.cargo\registry\src\index.crates.io-1949cf8c6b5b557f\bevy_ecs-0.18.1\src\system\function_system.rs;52;2211978;0.002391;1;2211978;2211978;2211978;0.000000
system{name="forgia_viewmodel::arms::spawn_arms"};C:\Users\Antoi\.cargo\registry\src\index.crates.io-1949cf8c6b5b557f\bevy_ecs-0.18.1\src\system\function_system.rs;52;12165996;0.013150;17308;702;282;430594;3291.122052
system{name="bevy_ui::widget::text::measure_text_system"};C:\Users\Antoi\.cargo\registry\src\index.crates.io-1949cf8c6b5b557f\bevy_ecs-0.18.1\src\system\function_system.rs;52;9437553;0.010201;18163;519;170;31266;314.498258
asset loading{loader="bevy_shader::shader::ShaderLoader" asset="embedded://bevy_ui_render\\ui_texture_slice.wgsl"};C:\Users\Antoi\.cargo\registry\src\index.crates.io-1949cf8c6b5b557f\bevy_asset-0.18.1\src\server\loaders.rs;332;319871;0.000346;2;159935;152;319719;225967.992745
system{name="forgia_mode_roguelite::parcours_obstacles::sys_hot_reload_obstacle_genome"};C:\Users\Antoi\.cargo\registry\src\index.crates.io-1949cf8c6b5b557f\bevy_ecs-0.18.1\src\system\function_system.rs;52;11387114;0.012308;17308;657;100;150735;5217.963950
plugin build{plugin="bevy_render::sync_component::SyncComponentPlugin<bevy_light::spot_light::SpotLight>"};C:\Users\Antoi\.cargo\registry\src\index.crates.io-1949cf8c6b5b557f\bevy_app-0.18.1\src\app.rs;529;36041;0.000039;1;36041;36041;36041;0.000000
plugin finish{plugin="bevy_render::render_asset::RenderAssetPlugin<bevy_render::texture::gpu_image::GpuImage>"};C:\Users\Antoi\.cargo\registry\src\index.crates.io-1949cf8c6b5b557f\bevy_app-0.18.1\src\app.rs;272;170;0.000000;1;170;170;170;0.000000
system{name="bevy_render::extract_resource::extract_resource<bevy_render::texture::manual_texture_view::ManualTextureViews>"};C:\Users\Antoi\.cargo\registry\src\index.crates.io-1949cf8c6b5b557f\bevy_ecs-0.18.1\src\system\function_system.rs;52;3895355;0.004210;18163;214;74;76983;603.096744
system{name="bevy_asset::assets::Assets<forgia_genome_core::Genome<forgia_mode_fps_arena::ArenaBotsGenome>>::track_assets"};C:\Users\Antoi\.cargo\registry\src\index.crates.io-1949cf8c6b5b557f\bevy_ecs-0.18.1\src\system\function_system.rs;52;30251229;0.032697;18163;1665;118;973699;12761.167964
system{name="forgia_mode_roguelite::enemies::sys_write_enemies_sensor"};C:\Users\Antoi\.cargo\registry\src\index.crates.io-1949cf8c6b5b557f\bevy_ecs-0.18.1\src\system\function_system.rs;52;5065088;0.005475;18163;278;89;29961;338.396614
plugin{tag="DragAndDrop"};C:\Users\Antoi\.cargo\registry\src\index.crates.io-1949cf8c6b5b557f\egui-0.33.3\src\plugin.rs;145;9117889;0.009855;72652;125;49;138591;812.596595
plugin finish{plugin="bevy_app::panic_handler::PanicHandlerPlugin"};C:\Users\Antoi\.cargo\registry\src\index.crates.io-1949cf8c6b5b557f\bevy_app-0.18.1\src\app.rs;272;57;0.000000;1;57;57;57;0.000000
system{name="forgia_mode_roguelite::ultimate_vfx::sys_refresh_ultimate_vfx_materials"};C:\Users\Antoi\.cargo\registry\src\index.crates.io-1949cf8c6b5b557f\bevy_ecs-0.18.1\src\system\function_system.rs;52;5136340;0.005552;17308;296;92;20500;223.199273
asset loading{loader="bevy_image::image_loader::ImageLoader" asset="ui/menu_video/frame_0024.webp"};C:\Users\Antoi\.cargo\registry\src\index.crates.io-1949cf8c6b5b557f\bevy_asset-0.18.1\src\server\loaders.rs;332;15946622;0.017236;6;2657770;146;15903566;6489094.984190
asset loading{loader="bevy_image::image_loader::ImageLoader" asset="ui/menu_video/frame_0026.webp"};C:\Users\Antoi\.cargo\registry\src\index.crates.io-1949cf8c6b5b557f\bevy_asset-0.18.1\src\server\loaders.rs;332;14879054;0.016082;6;2479842;137;14836387;6053450.733505
plugin finish{plugin="forgia_rpg_data::inventory::ForgiaInventoryPlugin"};C:\Users\Antoi\.cargo\registry\src\index.crates.io-1949cf8c6b5b557f\bevy_app-0.18.1\src\app.rs;272;55;0.000000;1;55;55;55;0.000000
asset loading{loader="bevy_gltf::loader::GltfLoader" asset="models/environment/inferno/GoldPileSmall_001.glb"};C:\Users\Antoi\.cargo\registry\src\index.crates.io-1949cf8c6b5b557f\bevy_asset-0.18.1\src\server\loaders.rs;332;7496695;0.008103;7;1070956;170;7437242;2807272.385956
system{name="forgia_observability::lifecycle_sensor::sys_write_lifecycle_sensor"};C:\Users\Antoi\.cargo\registry\src\index.crates.io-1949cf8c6b5b557f\bevy_ecs-0.18.1\src\system\function_system.rs;52;4103518;0.004435;18163;225;83;41379;343.906457
system_commands{name="bevy_gizmos_render::prepare_line_gizmo_bind_group"};C:\Users\Antoi\.cargo\registry\src\index.crates.io-1949cf8c6b5b557f\bevy_ecs-0.18.1\src\system\function_system.rs;54;1691731;0.001829;18162;93;52;39987;297.813001
plugin cleanup{plugin="bevy_gilrs::GilrsPlugin"};C:\Users\Antoi\.cargo\registry\src\index.crates.io-1949cf8c6b5b557f\bevy_app-0.18.1\src\app.rs;292;157;0.000000;1;157;157;157;0.000000
plugin cleanup{plugin="forgia_ui_lib::hud::player_hp::PlayerHpPlugin"};C:\Users\Antoi\.cargo\registry\src\index.crates.io-1949cf8c6b5b557f\bevy_app-0.18.1\src\app.rs;292;55;0.000000;1;55;55;55;0.000000
system_commands{name="forgia_ui::weapon_preview::sys_spawn_arm_preview"};C:\Users\Antoi\.cargo\registry\src\index.crates.io-1949cf8c6b5b557f\bevy_ecs-0.18.1\src\system\function_system.rs;54;253612;0.000274;1;253612;253612;253612;0.000000
system_commands{name="bevy_pbr::lightmap::init_render_lightmaps"};C:\Users\Antoi\.cargo\registry\src\index.crates.io-1949cf8c6b5b557f\bevy_ecs-0.18.1\src\system\function_system.rs;54;833;0.000001;1;833;833;833;0.000000
plugin build{plugin="forgia_secondary_motion::ForgiaSecondaryMotionPlugin"};C:\Users\Antoi\.cargo\registry\src\index.crates.io-1949cf8c6b5b557f\bevy_app-0.18.1\src\app.rs;529;19310;0.000021;1;19310;19310;19310;0.000000
system_commands{name="bevy_core_pipeline::experimental::mip_generation::prepare_downsample_depth_view_bind_groups"};C:\Users\Antoi\.cargo\registry\src\index.crates.io-1949cf8c6b5b557f\bevy_ecs-0.18.1\src\system\function_system.rs;54;2237504;0.002418;18162;123;70;105333;784.996900
system{name="forgia_mode_roguelite::hud::draw_shockwave_indicator"};C:\Users\Antoi\.cargo\registry\src\index.crates.io-1949cf8c6b5b557f\bevy_ecs-0.18.1\src\system\function_system.rs;52;56885730;0.061485;17217;3304;137;103425;2011.350384
system{name="bevy_pbr::ssr::prepare_ssr_settings"};C:\Users\Antoi\.cargo\registry\src\index.crates.io-1949cf8c6b5b557f\bevy_ecs-0.18.1\src\system\function_system.rs;52;262587418;0.283819;18162;14458;1738;676443;17091.156322
system{name="forgia_mode_roguelite::intro_dialogue::sys_load_intro"};C:\Users\Antoi\.cargo\registry\src\index.crates.io-1949cf8c6b5b557f\bevy_ecs-0.18.1\src\system\function_system.rs;52;2115132;0.002286;1;2115132;2115132;2115132;0.000000
system{name="<leafwing_input_manager::user_input::mouse::MouseScroll as leafwing_input_manager::user_input::updating::UpdatableInput>::compute"};C:\Users\Antoi\.cargo\registry\src\index.crates.io-1949cf8c6b5b557f\bevy_ecs-0.18.1\src\system\function_system.rs;52;13533717;0.014628;18163;745;181;26836;309.924652
system{name="bevy_pbr::ssr::prepare_ssr_pipelines"};C:\Users\Antoi\.cargo\registry\src\index.crates.io-1949cf8c6b5b557f\bevy_ecs-0.18.1\src\system\function_system.rs;52;7877847;0.008515;18162;433;129;48364;639.821944
plugin finish{plugin="bevy_render::sync_component::SyncComponentPlugin<bevy_pbr::atmosphere::environment::AtmosphereEnvironmentMap>"};C:\Users\Antoi\.cargo\registry\src\index.crates.io-1949cf8c6b5b557f\bevy_app-0.18.1\src\app.rs;272;55;0.000000;1;55;55;55;0.000000
indexed_cpu_metadata;C:\Users\Antoi\.cargo\registry\src\index.crates.io-1949cf8c6b5b557f\bevy_render-0.18.1\src\batching\gpu_preprocessing.rs;2124;562714164;0.608212;163458;3442;47;672239;9221.564729
asset loading{loader="bevy_image::image_loader::ImageLoader" asset="ui/menu_video/frame_0011.webp"};C:\Users\Antoi\.cargo\registry\src\index.crates.io-1949cf8c6b5b557f\bevy_asset-0.18.1\src\server\loaders.rs;332;31120725;0.033637;10;3112072;171;16110443;6527288.342733
system{name="forgia_observability::perf_sensor::sys_write_perf_sensor"};C:\Users\Antoi\.cargo\registry\src\index.crates.io-1949cf8c6b5b557f\bevy_ecs-0.18.1\src\system\function_system.rs;52;7591603;0.008205;18163;417;113;72552;1719.392028
system{name="forgia_mode_roguelite::enemy_anim::sys_load_enemy_gltf"};C:\Users\Antoi\.cargo\registry\src\index.crates.io-1949cf8c6b5b557f\bevy_ecs-0.18.1\src\system\function_system.rs;52;68860;0.000074;1;68860;68860;68860;0.000000
system{name="bevy_render::extract_component::extract_components<bevy_core_pipeline::oit::OrderIndependentTransparencySettings>"};C:\Users\Antoi\.cargo\registry\src\index.crates.io-1949cf8c6b5b557f\bevy_ecs-0.18.1\src\system\function_system.rs;52;6010416;0.006496;18163;330;134;44366;359.115454
plugin build{plugin="bevy_render::sync_component::SyncComponentPlugin<bevy_pbr::atmosphere::GpuAtmosphereSettings>"};C:\Users\Antoi\.cargo\registry\src\index.crates.io-1949cf8c6b5b557f\bevy_app-0.18.1\src\app.rs;529;1160;0.000001;1;1160;1160;1160;0.000000
system{name="forgia_mode_roguelite::stations::sys_reset_stations_on_stage_change"};C:\Users\Antoi\.cargo\registry\src\index.crates.io-1949cf8c6b5b557f\bevy_ecs-0.18.1\src\system\function_system.rs;52;6571518;0.007103;17308;379;114;183419;1399.749177
system{name="bevy_hanabi::render::prepare_batch_inputs"};C:\Users\Antoi\.cargo\registry\src\index.crates.io-1949cf8c6b5b557f\bevy_ecs-0.18.1\src\system\function_system.rs;52;258633138;0.279545;18162;14240;1087;1893732;15289.548989
plugin finish{plugin="bevy_render::extract_resource::ExtractResourcePlugin<bevy_egui::render::systems::ExtractedEguiManagedTextures>"};C:\Users\Antoi\.cargo\registry\src\index.crates.io-1949cf8c6b5b557f\bevy_app-0.18.1\src\app.rs;272;66;0.000000;1;66;66;66;0.000000
system{name="forgia_killfeed::tuning::sync_killfeed_tuning"};C:\Users\Antoi\.cargo\registry\src\index.crates.io-1949cf8c6b5b557f\bevy_ecs-0.18.1\src\system\function_system.rs;52;6989264;0.007554;18163;384;128;140107;1206.084265
asset loading{loader="bevy_gltf::loader::GltfLoader" asset="models/kaykit/hexagon/red/building_market_red.gltf"};C:\Users\Antoi\.cargo\registry\src\index.crates.io-1949cf8c6b5b557f\bevy_asset-0.18.1\src\server\loaders.rs;332;253190;0.000274;7;36170;63;181672;66335.733493
system{name="bevy_sprite_render::mesh2d::mesh::init_mesh_2d_pipeline"};C:\Users\Antoi\.cargo\registry\src\index.crates.io-1949cf8c6b5b557f\bevy_ecs-0.18.1\src\system\function_system.rs;52;6285;0.000007;1;6285;6285;6285;0.000000
plugin finish{plugin="forgia_audio::ForgiaAudioCorePlugin"};C:\Users\Antoi\.cargo\registry\src\index.crates.io-1949cf8c6b5b557f\bevy_app-0.18.1\src\app.rs;272;74;0.000000;1;74;74;74;0.000000
system{name="bevy_egui::input::process_ime_system"};C:\Users\Antoi\.cargo\registry\src\index.crates.io-1949cf8c6b5b557f\bevy_ecs-0.18.1\src\system\function_system.rs;52;27795426;0.030043;18163;1530;681;83326;1302.184761
system{name="bevy_ui_render::ui_texture_slice_pipeline::prepare_ui_slices"};C:\Users\Antoi\.cargo\registry\src\index.crates.io-1949cf8c6b5b557f\bevy_ecs-0.18.1\src\system\function_system.rs;52;232633300;0.251443;18162;12808;2454;457457;12059.168142
system{name="bevy_gizmos::update_gizmo_meshes<bevy_gizmos::config::DefaultGizmoConfigGroup>"};C:\Users\Antoi\.cargo\registry\src\index.crates.io-1949cf8c6b5b557f\bevy_ecs-0.18.1\src\system\function_system.rs;52;9863284;0.010661;18163;543;198;76594;764.245244
node{name="bevy_hanabi::render::VfxSimulateDriverNode"};C:\Users\Antoi\.cargo\registry\src\index.crates.io-1949cf8c6b5b557f\bevy_render-0.18.1\src\renderer\graph_runner.rs;240;38831177;0.041971;18162;2138;985;447406;3351.117751
asset loading{loader="bevy_shader::shader::ShaderLoader" asset="embedded://bevy_pbr\\ssr\\ssr.wgsl"};C:\Users\Antoi\.cargo\registry\src\index.crates.io-1949cf8c6b5b557f\bevy_asset-0.18.1\src\server\loaders.rs;332;554585;0.000599;2;277292;111;554474;391993.836540
asset loading{loader="bevy_image::image_loader::ImageLoader" asset="ui/menu_video/frame_0050.webp"};C:\Users\Antoi\.cargo\registry\src\index.crates.io-1949cf8c6b5b557f\bevy_asset-0.18.1\src\server\loaders.rs;332;14806376;0.016004;6;2467729;155;14749159;6016656.606870
plugin build{plugin="bevy_render::render_phase::BinnedRenderPhasePlugin<bevy_core_pipeline::deferred::AlphaMask3dDeferred, bevy_pbr::render::mesh::MeshPipeline>"};C:\Users\Antoi\.cargo\registry\src\index.crates.io-1949cf8c6b5b557f\bevy_app-0.18.1\src\app.rs;529;23027;0.000025;1;23027;23027;23027;0.000000
system{name="bevy_pbr::prepass::init_prepass_pipeline"};C:\Users\Antoi\.cargo\registry\src\index.crates.io-1949cf8c6b5b557f\bevy_ecs-0.18.1\src\system\function_system.rs;52;14617;0.000016;1;14617;14617;14617;0.000000
system_commands{name="forgia_viewmodel::arms::spawn_arms"};C:\Users\Antoi\.cargo\registry\src\index.crates.io-1949cf8c6b5b557f\bevy_ecs-0.18.1\src\system\function_system.rs;54;2275984;0.002460;17308;131;51;328329;2626.172710
system{name="forgia_mode_roguelite::poi::sys_lava_tick"};C:\Users\Antoi\.cargo\registry\src\index.crates.io-1949cf8c6b5b557f\bevy_ecs-0.18.1\src\system\function_system.rs;52;6524919;0.007052;17308;376;143;32009;380.995748
system{name="bevy_hanabi::render::allocate_metadata"};C:\Users\Antoi\.cargo\registry\src\index.crates.io-1949cf8c6b5b557f\bevy_ecs-0.18.1\src\system\function_system.rs;52;11740558;0.012690;18162;646;260;10634;194.789304
asset loading{loader="bevy_shader::shader::ShaderLoader" asset="embedded://bevy_pbr\\render/view_transformations.wgsl"};C:\Users\Antoi\.cargo\registry\src\index.crates.io-1949cf8c6b5b557f\bevy_asset-0.18.1\src\server\loaders.rs;332;673860;0.000728;2;336930;152;673708;476276.015109
system_commands{name="bevy_pbr::prepass::update_previous_view_data"};C:\Users\Antoi\.cargo\registry\src\index.crates.io-1949cf8c6b5b557f\bevy_ecs-0.18.1\src\system\function_system.rs;54;35851254;0.038750;18163;1973;59;106446;1495.866501
system{name="bevy_ecs::message::update::signal_message_update_system"};C:\Users\Antoi\.cargo\registry\src\index.crates.io-1949cf8c6b5b557f\bevy_ecs-0.18.1\src\system\function_system.rs;52;837450;0.000905;5734;146;64;3803;79.803421
node{name="bevy_render::render_graph::node::ViewNodeRunner<bevy_core_pipeline::core_2d::main_transparent_pass_2d_node::MainTransparentPass2dNode>"};C:\Users\Antoi\.cargo\registry\src\index.crates.io-1949cf8c6b5b557f\bevy_render-0.18.1\src\renderer\graph_runner.rs;240;12580985;0.013598;18162;692;324;25332;337.448532
system{name="forgia_mode_roguelite::boss_portal::sys_write_boss_gate_sensor"};C:\Users\Antoi\.cargo\registry\src\index.crates.io-1949cf8c6b5b557f\bevy_ecs-0.18.1\src\system\function_system.rs;52;6038635;0.006527;17308;348;102;43385;398.560941
asset loading{loader="bevy_shader::shader::ShaderLoader" asset="embedded://bevy_sprite_render\\mesh2d\\mesh2d_view_types.wgsl"};C:\Users\Antoi\.cargo\registry\src\index.crates.io-1949cf8c6b5b557f\bevy_asset-0.18.1\src\server\loaders.rs;332;5778;0.000006;2;2889;66;5712;3992.324887
plugin build{plugin="forgia_level_presets::ForgiaLevelPresetsPlugin"};C:\Users\Antoi\.cargo\registry\src\index.crates.io-1949cf8c6b5b557f\bevy_app-0.18.1\src\app.rs;529;139491;0.000151;1;139491;139491;139491;0.000000
system_commands{name="bevy_render::extract_component::extract_components<bevy_pbr::deferred::PbrDeferredLightingDepthId>"};C:\Users\Antoi\.cargo\registry\src\index.crates.io-1949cf8c6b5b557f\bevy_ecs-0.18.1\src\system\function_system.rs;54;9804097;0.010597;18162;539;172;11432;185.039228
plugin cleanup{plugin="bevy_diagnostic::entity_count_diagnostics_plugin::EntityCountDiagnosticsPlugin"};C:\Users\Antoi\.cargo\registry\src\index.crates.io-1949cf8c6b5b557f\bevy_app-0.18.1\src\app.rs;292;72;0.000000;1;72;72;72;0.000000
asset loading{loader="bevy_image::image_loader::ImageLoader" asset="ui/menu_video/frame_0122.webp"};C:\Users\Antoi\.cargo\registry\src\index.crates.io-1949cf8c6b5b557f\bevy_asset-0.18.1\src\server\loaders.rs;332;15094644;0.016315;6;2515774;136;15048908;6139961.323660
asset loading{loader="bevy_shader::shader::ShaderLoader" asset="embedded://bevy_core_pipeline\\tonemapping\\tonemapping_shared.wgsl"};C:\Users\Antoi\.cargo\registry\src\index.crates.io-1949cf8c6b5b557f\bevy_asset-0.18.1\src\server\loaders.rs;332;3690862;0.003989;2;1845431;223;3690639;2609518.178999
system{name="forgia_effects::weapon_vfx::setup_weapon_vfx"};C:\Users\Antoi\.cargo\registry\src\index.crates.io-1949cf8c6b5b557f\bevy_ecs-0.18.1\src\system\function_system.rs;52;3004346;0.003247;1;3004346;3004346;3004346;0.000000
system_commands{name="bevy_sprite_render::mesh2d::mesh::prepare_mesh2d_bind_group"};C:\Users\Antoi\.cargo\registry\src\index.crates.io-1949cf8c6b5b557f\bevy_ecs-0.18.1\src\system\function_system.rs;54;1633703;0.001766;18162;89;50;6594;65.870451
plugin build{plugin="bevy_render::sync_component::SyncComponentPlugin<bevy_light::cluster::ClusteredDecal>"};C:\Users\Antoi\.cargo\registry\src\index.crates.io-1949cf8c6b5b557f\bevy_app-0.18.1\src\app.rs;529;6556;0.000007;1;6556;6556;6556;0.000000
system{name="forgia_observability::npcs_sensor::sys_write_npcs_sensor"};C:\Users\Antoi\.cargo\registry\src\index.crates.io-1949cf8c6b5b557f\bevy_ecs-0.18.1\src\system\function_system.rs;52;11006645;0.011897;18163;605;179;90421;841.007971
plugin finish{plugin="bevy_rapier3d::plugin::plugin::RapierPhysicsPlugin"};C:\Users\Antoi\.cargo\registry\src\index.crates.io-1949cf8c6b5b557f\bevy_app-0.18.1\src\app.rs;272;1076;0.000001;1;1076;1076;1076;0.000000
plugin build{plugin="forgia_combat::ForgiaCombatPlugin"};C:\Users\Antoi\.cargo\registry\src\index.crates.io-1949cf8c6b5b557f\bevy_app-0.18.1\src\app.rs;529;142471;0.000154;1;142471;142471;142471;0.000000
system{name="forgia_game::boot_to_menu"};C:\Users\Antoi\.cargo\registry\src\index.crates.io-1949cf8c6b5b557f\bevy_ecs-0.18.1\src\system\function_system.rs;52;134;0.000000;1;134;134;134;0.000000
system{name="forgia_ui_lib::hud::coffre_forgeron::draw_coffre"};C:\Users\Antoi\.cargo\registry\src\index.crates.io-1949cf8c6b5b557f\bevy_ecs-0.18.1\src\system\function_system.rs;52;15466832;0.016717;18163;851;92;6669937;49654.329962
system{name="bevy_gizmos::end_gizmo_context<bevy_gizmos::aabb::AabbGizmoConfigGroup, bevy_time::fixed::Fixed>"};C:\Users\Antoi\.cargo\registry\src\index.crates.io-1949cf8c6b5b557f\bevy_ecs-0.18.1\src\system\function_system.rs;52;1607516;0.001737;18163;88;59;84255;625.351700
non_indexed_cpu_metadata;C:\Users\Antoi\.cargo\registry\src\index.crates.io-1949cf8c6b5b557f\bevy_render-0.18.1\src\batching\gpu_preprocessing.rs;2131;20007441;0.021625;163458;122;47;155398;450.146634
system_commands{name="bevy_app::propagate::propagate_inherited<bevy_ui::ui_node::ComputedUiTargetCamera, (), bevy_ecs::hierarchy::ChildOf>"};C:\Users\Antoi\.cargo\registry\src\index.crates.io-1949cf8c6b5b557f\bevy_ecs-0.18.1\src\system\function_system.rs;54;8134414;0.008792;18163;447;57;117166;1447.355489
system{name="bevy_gilrs::rumble::play_gilrs_rumble"};C:\Users\Antoi\.cargo\registry\src\index.crates.io-1949cf8c6b5b557f\bevy_ecs-0.18.1\src\system\function_system.rs;52;9349078;0.010105;18163;514;197;136142;1247.579679
system{name="forgia_mode_roguelite::render_quality::sys_hot_reload_render_genome"};C:\Users\Antoi\.cargo\registry\src\index.crates.io-1949cf8c6b5b557f\bevy_ecs-0.18.1\src\system\function_system.rs;52;7207984;0.007791;17308;416;84;116304;2470.565659
node{name="bevy_render::render_graph::node::ViewNodeRunner<bevy_post_process::msaa_writeback::MsaaWritebackNode>"};C:\Users\Antoi\.cargo\registry\src\index.crates.io-1949cf8c6b5b557f\bevy_render-0.18.1\src\renderer\graph_runner.rs;240;146654962;0.158513;54486;2691;64;129028;2274.889522
system{name="forgia_rpg_data::shop::open_shop_sessions"};C:\Users\Antoi\.cargo\registry\src\index.crates.io-1949cf8c6b5b557f\bevy_ecs-0.18.1\src\system\function_system.rs;52;4314820;0.004664;18163;237;77;5473;97.256476
plugin cleanup{plugin="forgia_camera_orbit::ForgiaCameraOrbitPlugin"};C:\Users\Antoi\.cargo\registry\src\index.crates.io-1949cf8c6b5b557f\bevy_app-0.18.1\src\app.rs;292;55;0.000000;1;55;55;55;0.000000
system{name="bevy_anti_alias::smaa::prepare_smaa_textures"};C:\Users\Antoi\.cargo\registry\src\index.crates.io-1949cf8c6b5b557f\bevy_ecs-0.18.1\src\system\function_system.rs;52;9881773;0.010681;18162;544;118;146642;1299.435512
plugin cleanup{plugin="bevy_winit::WinitPlugin"};C:\Users\Antoi\.cargo\registry\src\index.crates.io-1949cf8c6b5b557f\bevy_app-0.18.1\src\app.rs;292;80;0.000000;1;80;80;80;0.000000
system_commands{name="forgia_mode_fps_arena::load_arena_bots_genome"};C:\Users\Antoi\.cargo\registry\src\index.crates.io-1949cf8c6b5b557f\bevy_ecs-0.18.1\src\system\function_system.rs;54;5502;0.000006;1;5502;5502;5502;0.000000
remove;C:\Users\Antoi\.cargo\registry\src\index.crates.io-1949cf8c6b5b557f\rapier3d-0.31.0\src\dynamics\rigid_body_set.rs;200;43046;0.000047;15;2869;1079;5265;1362.488558
system{name="bevy_hanabi::render::queue_init_fill_dispatch_ops"};C:\Users\Antoi\.cargo\registry\src\index.crates.io-1949cf8c6b5b557f\bevy_ecs-0.18.1\src\system\function_system.rs;52;8931330;0.009653;18162;491;136;40862;477.887864
system{name="forgia_observability::lifecycle_sensor::obs_nameplate_inserted"};C:\Users\Antoi\.cargo\registry\src\index.crates.io-1949cf8c6b5b557f\bevy_ecs-0.18.1\src\system\function_system.rs;52;1634;0.000002;20;81;56;435;83.574738
system{name="bevy_app::propagate::propagate_inherited<bevy_ui::ui_node::ComputedUiTargetCamera, (), bevy_ecs::hierarchy::ChildOf>"};C:\Users\Antoi\.cargo\registry\src\index.crates.io-1949cf8c6b5b557f\bevy_ecs-0.18.1\src\system\function_system.rs;52;10160497;0.010982;18163;559;230;13642;289.681336
plugin cleanup{plugin="bevy_sprite::SpritePlugin"};C:\Users\Antoi\.cargo\registry\src\index.crates.io-1949cf8c6b5b557f\bevy_app-0.18.1\src\app.rs;292;55;0.000000;1;55;55;55;0.000000
plugin finish{plugin="forgia_postprocess::toon::ForgiaPpToonPlugin"};C:\Users\Antoi\.cargo\registry\src\index.crates.io-1949cf8c6b5b557f\bevy_app-0.18.1\src\app.rs;272;54;0.000000;1;54;54;54;0.000000
asset loading{loader="forgia_genome_core::GenomeLoader<forgia_skeleton_template::SkeletonTemplate>" asset="genomes/skeleton_biped_lizard.toml"};C:\Users\Antoi\.cargo\registry\src\index.crates.io-1949cf8c6b5b557f\bevy_asset-0.18.1\src\server\loaders.rs;332;154751;0.000167;4;38687;305;139474;67459.624114
system_commands{name="forgia_mode_roguelite::atmosphere::sys_ensure_atmosphere"};C:\Users\Antoi\.cargo\registry\src\index.crates.io-1949cf8c6b5b557f\bevy_ecs-0.18.1\src\system\function_system.rs;54;1582380;0.001710;17308;91;50;32816;351.930407
plugin finish{plugin="bevy_pbr::decal::clustered::ClusteredDecalPlugin"};C:\Users\Antoi\.cargo\registry\src\index.crates.io-1949cf8c6b5b557f\bevy_app-0.18.1\src\app.rs;272;55;0.000000;1;55;55;55;0.000000
plugin cleanup{plugin="bevy_render::sync_component::SyncComponentPlugin<bevy_light::ambient_light::AmbientLight>"};C:\Users\Antoi\.cargo\registry\src\index.crates.io-1949cf8c6b5b557f\bevy_app-0.18.1\src\app.rs;292;57;0.000000;1;57;57;57;0.000000
plugin build{plugin="bevy_render::view::ViewPlugin"};C:\Users\Antoi\.cargo\registry\src\index.crates.io-1949cf8c6b5b557f\bevy_app-0.18.1\src\app.rs;529;111694;0.000121;1;111694;111694;111694;0.000000
plugin finish{plugin="bevy_render::sync_component::SyncComponentPlugin<bevy_camera::components::Camera3d>"};C:\Users\Antoi\.cargo\registry\src\index.crates.io-1949cf8c6b5b557f\bevy_app-0.18.1\src\app.rs;272;62;0.000000;1;62;62;62;0.000000
system{name="forgia_mode_roguelite::merchant::sys_merchant_proximity"};C:\Users\Antoi\.cargo\registry\src\index.crates.io-1949cf8c6b5b557f\bevy_ecs-0.18.1\src\system\function_system.rs;52;14313948;0.015471;17308;827;330;82249;760.141894
system_commands{name="bevy_picking::events::pointer_events"};C:\Users\Antoi\.cargo\registry\src\index.crates.io-1949cf8c6b5b557f\bevy_ecs-0.18.1\src\system\function_system.rs;54;2341337;0.002531;18163;128;54;369567;2795.194728
plugin build{plugin="forgia_game::cyber_city::CyberCityDemoPlugin"};C:\Users\Antoi\.cargo\registry\src\index.crates.io-1949cf8c6b5b557f\bevy_app-0.18.1\src\app.rs;529;27632;0.000030;1;27632;27632;27632;0.000000
system{name="forgia_ui_lib::pause_menu::load_user_settings_at_boot"};C:\Users\Antoi\.cargo\registry\src\index.crates.io-1949cf8c6b5b557f\bevy_ecs-0.18.1\src\system\function_system.rs;52;2200482;0.002378;1;2200482;2200482;2200482;0.000000
plugin finish{plugin="bevy_render::view::visibility::range::RenderVisibilityRangePlugin"};C:\Users\Antoi\.cargo\registry\src\index.crates.io-1949cf8c6b5b557f\bevy_app-0.18.1\src\app.rs;272;56;0.000000;1;56;56;56;0.000000
system{name="forgia_fps::track_left_mouse_state"};C:\Users\Antoi\.cargo\registry\src\index.crates.io-1949cf8c6b5b557f\bevy_ecs-0.18.1\src\system\function_system.rs;52;2095571;0.002265;17308;121;66;70194;659.775585
plugin build{plugin="forgia_mode_fps_arena::ForgiaModeFpsArenaPlugin"};C:\Users\Antoi\.cargo\registry\src\index.crates.io-1949cf8c6b5b557f\bevy_app-0.18.1\src\app.rs;529;238046;0.000257;1;238046;238046;238046;0.000000
plugin cleanup{plugin="bevy_pbr::material::MaterialPlugin<bevy_pbr::extended_material::ExtendedMaterial<bevy_pbr::pbr_material::StandardMaterial, bevy_pbr::decal::forward::ForwardDecalMaterialExt>>"};C:\Users\Antoi\.cargo\registry\src\index.crates.io-1949cf8c6b5b557f\bevy_app-0.18.1\src\app.rs;292;122;0.000000;1;122;122;122;0.000000
system{name="bevy_render::extract_component::extract_components<bevy_pbr::atmosphere::environment::AtmosphereEnvironmentMap>"};C:\Users\Antoi\.cargo\registry\src\index.crates.io-1949cf8c6b5b557f\bevy_ecs-0.18.1\src\system\function_system.rs;52;4144953;0.004480;18163;228;93;110135;828.878935
plugin build{plugin="bevy_core_pipeline::fullscreen_material::FullscreenMaterialPlugin<forgia_postprocess::toon::ToonSettings>"};C:\Users\Antoi\.cargo\registry\src\index.crates.io-1949cf8c6b5b557f\bevy_app-0.18.1\src\app.rs;529;62184;0.000067;1;62184;62184;62184;0.000000
asset loading{loader="bevy_gltf::loader::GltfLoader" asset="models/kaykit/dungeon/pillar_deco.glb"};C:\Users\Antoi\.cargo\registry\src\index.crates.io-1949cf8c6b5b557f\bevy_asset-0.18.1\src\server\loaders.rs;332;3888082;0.004202;6;648013;160;3862675;1574861.070241
system{name="forgia_debug::console::draw_console_system"};C:\Users\Antoi\.cargo\registry\src\index.crates.io-1949cf8c6b5b557f\bevy_ecs-0.18.1\src\system\function_system.rs;52;8653050;0.009353;18163;476;142;88591;687.052817
system_commands{name="bevy_audio::audio_output::cleanup_finished_audio<bevy_audio::pitch::Pitch>"};C:\Users\Antoi\.cargo\registry\src\index.crates.io-1949cf8c6b5b557f\bevy_ecs-0.18.1\src\system\function_system.rs;54;2286300;0.002471;18163;125;50;7734;73.988778
system_commands{name="forgia_enemy_nameplate::promote_anchored_to_permanent"};C:\Users\Antoi\.cargo\registry\src\index.crates.io-1949cf8c6b5b557f\bevy_ecs-0.18.1\src\system\function_system.rs;54;1718733;0.001858;18163;94;51;273782;2059.827477
system_commands{name="bevy_core_pipeline::blit::init_blit_pipeline"};C:\Users\Antoi\.cargo\registry\src\index.crates.io-1949cf8c6b5b557f\bevy_ecs-0.18.1\src\system\function_system.rs;54;1906;0.000002;1;1906;1906;1906;0.000000
system_commands{name="forgia_effects::weapon_vfx::tracer::tick_bullets_in_flight"};C:\Users\Antoi\.cargo\registry\src\index.crates.io-1949cf8c6b5b557f\bevy_ecs-0.18.1\src\system\function_system.rs;54;1525873;0.001649;18163;84;50;77010;591.225888
system{name="forgia_viewmodel::vm_camera::propagate_viewmodel_layer"};C:\Users\Antoi\.cargo\registry\src\index.crates.io-1949cf8c6b5b557f\bevy_ecs-0.18.1\src\system\function_system.rs;52;73657833;0.079613;17308;4255;2193;169968;2395.508596
system{name="bevy_core_pipeline::experimental::mip_generation::prepare_downsample_depth_view_bind_groups"};C:\Users\Antoi\.cargo\registry\src\index.crates.io-1949cf8c6b5b557f\bevy_ecs-0.18.1\src\system\function_system.rs;52;9747438;0.010536;18162;536;186;77577;600.616063
asset loading{loader="bevy_image::image_loader::ImageLoader" asset="ui/menu_video/frame_0033.webp"};C:\Users\Antoi\.cargo\registry\src\index.crates.io-1949cf8c6b5b557f\bevy_asset-0.18.1\src\server\loaders.rs;332;15583813;0.016844;7;2226259;96;15541932;5871662.946684
system{name="bevy_pbr::lightmap::init_render_lightmaps"};C:\Users\Antoi\.cargo\registry\src\index.crates.io-1949cf8c6b5b557f\bevy_ecs-0.18.1\src\system\function_system.rs;52;2137;0.000002;1;2137;2137;2137;0.000000
asset loading{loader="bevy_image::image_loader::ImageLoader" asset="ui/menu_video/frame_0134.webp"};C:\Users\Antoi\.cargo\registry\src\index.crates.io-1949cf8c6b5b557f\bevy_asset-0.18.1\src\server\loaders.rs;332;14543472;0.015719;7;2077638;109;14497312;5476564.984157
plugin cleanup{plugin="bevy_gizmos::GizmoPlugin"};C:\Users\Antoi\.cargo\registry\src\index.crates.io-1949cf8c6b5b557f\bevy_app-0.18.1\src\app.rs;292;60;0.000000;1;60;60;60;0.000000
asset loading{loader="bevy_image::image_loader::ImageLoader" asset="ui/menu_video/frame_0015.webp"};C:\Users\Antoi\.cargo\registry\src\index.crates.io-1949cf8c6b5b557f\bevy_asset-0.18.1\src\server\loaders.rs;332;14693670;0.015882;7;2099095;114;14662364;5539881.461994
system{name="bevy_asset::assets::Assets<bevy_mesh::skinning::SkinnedMeshInverseBindposes>::asset_events"};C:\Users\Antoi\.cargo\registry\src\index.crates.io-1949cf8c6b5b557f\bevy_ecs-0.18.1\src\system\function_system.rs;52;11258;0.000012;4;2814;615;7576;3204.523782
plugin finish{plugin="bevy_scene::ScenePlugin"};C:\Users\Antoi\.cargo\registry\src\index.crates.io-1949cf8c6b5b557f\bevy_app-0.18.1\src\app.rs;272;56;0.000000;1;56;56;56;0.000000
plugin finish{plugin="bevy_core_pipeline::experimental::mip_generation::MipGenerationPlugin"};C:\Users\Antoi\.cargo\registry\src\index.crates.io-1949cf8c6b5b557f\bevy_app-0.18.1\src\app.rs;272;55;0.000000;1;55;55;55;0.000000
system{name="bevy_asset::assets::Assets<forgia_genome_core::Genome<forgia_mode_fps_arena::ArenaBotsGenome>>::asset_events"};C:\Users\Antoi\.cargo\registry\src\index.crates.io-1949cf8c6b5b557f\bevy_ecs-0.18.1\src\system\function_system.rs;52;1787;0.000002;1;1787;1787;1787;0.000000
sub app{name=RenderApp};C:\Users\Antoi\.cargo\registry\src\index.crates.io-1949cf8c6b5b557f\bevy_render-0.18.1\src\pipelined_rendering.rs;167;75811979740;81.941704;18162;4174208;1991691;248271691;2363315.010840
asset loading{loader="bevy_image::image_loader::ImageLoader" asset="ui/menu_video/frame_0104.webp"};C:\Users\Antoi\.cargo\registry\src\index.crates.io-1949cf8c6b5b557f\bevy_asset-0.18.1\src\server\loaders.rs;332;14663175;0.015849;7;2094739;100;14624272;5525006.730120
system{name="forgia_mode_roguelite::forge_shop::sys_toggle_forge_shop"};C:\Users\Antoi\.cargo\registry\src\index.crates.io-1949cf8c6b5b557f\bevy_ecs-0.18.1\src\system\function_system.rs;52;4170130;0.004507;17308;240;87;90934;724.084680
system{name="forgia_mode_roguelite::hud::draw_currency_counters"};C:\Users\Antoi\.cargo\registry\src\index.crates.io-1949cf8c6b5b557f\bevy_ecs-0.18.1\src\system\function_system.rs;52;153294447;0.165689;17217;8903;97;422758;4655.115858
system{name="forgia_rpg::register_sample_dialogues"};C:\Users\Antoi\.cargo\registry\src\index.crates.io-1949cf8c6b5b557f\bevy_ecs-0.18.1\src\system\function_system.rs;52;829200;0.000896;1;829200;829200;829200;0.000000
system{name="bevy_asset::assets::Assets<bevy_scene::dynamic_scene::DynamicScene>::track_assets"};C:\Users\Antoi\.cargo\registry\src\index.crates.io-1949cf8c6b5b557f\bevy_ecs-0.18.1\src\system\function_system.rs;52;17140354;0.018526;18163;943;225;162686;2409.407502
plugin finish{plugin="forgia_mode_roguelite::meta_shop::MetaShopPlugin"};C:\Users\Antoi\.cargo\registry\src\index.crates.io-1949cf8c6b5b557f\bevy_app-0.18.1\src\app.rs;272;53;0.000000;1;53;53;53;0.000000
system{name="leafwing_input_manager::user_input::updating::input_is_enabled<leafwing_input_manager::user_input::mouse::MouseMove>"};C:\Users\Antoi\.cargo\registry\src\index.crates.io-1949cf8c6b5b557f\bevy_ecs-0.18.1\src\system\function_system.rs;52;1535180;0.001659;18163;84;52;6431;56.587348
plugin build{plugin="bevy_sprite::SpritePlugin"};C:\Users\Antoi\.cargo\registry\src\index.crates.io-1949cf8c6b5b557f\bevy_app-0.18.1\src\app.rs;529;80321;0.000087;1;80321;80321;80321;0.000000
plugin build{plugin="bevy_render::experimental::occlusion_culling::OcclusionCullingPlugin"};C:\Users\Antoi\.cargo\registry\src\index.crates.io-1949cf8c6b5b557f\bevy_app-0.18.1\src\app.rs;529;9212;0.000010;1;9212;9212;9212;0.000000
system_commands{name="forgia_rpg_data::dialogue::end_sessions"};C:\Users\Antoi\.cargo\registry\src\index.crates.io-1949cf8c6b5b557f\bevy_ecs-0.18.1\src\system\function_system.rs;54;1445701;0.001563;18163;79;50;94600;896.297398
system_commands{name="forgia_enemy_nameplate::spawn_nameplate_for_targets"};C:\Users\Antoi\.cargo\registry\src\index.crates.io-1949cf8c6b5b557f\bevy_ecs-0.18.1\src\system\function_system.rs;54;2527613;0.002732;18163;139;56;145050;1413.708292
plugin cleanup{plugin="forgia_foliage::ForgiaFoliagePlugin"};C:\Users\Antoi\.cargo\registry\src\index.crates.io-1949cf8c6b5b557f\bevy_app-0.18.1\src\app.rs;292;53;0.000000;1;53;53;53;0.000000
system{name="bevy_asset::assets::Assets<bevy_mesh::mesh::Mesh>::asset_events_condition"};C:\Users\Antoi\.cargo\registry\src\index.crates.io-1949cf8c6b5b557f\bevy_ecs-0.18.1\src\system\function_system.rs;52;1745283;0.001886;18163;96;53;15184;131.941130
system{name="bevy_hanabi::render::start_stop_gpu_debug_capture"};C:\Users\Antoi\.cargo\registry\src\index.crates.io-1949cf8c6b5b557f\bevy_ecs-0.18.1\src\system\function_system.rs;52;10209221;0.011035;18163;562;208;21288;337.618479
node{name="bevy_render::render_graph::node::ViewNodeRunner<bevy_post_process::effect_stack::PostProcessingNode>"};C:\Users\Antoi\.cargo\registry\src\index.crates.io-1949cf8c6b5b557f\bevy_render-0.18.1\src\renderer\graph_runner.rs;240;6810018;0.007361;54486;124;54;57487;298.518199
system{name="bevy_pbr::atmosphere::environment::init_atmosphere_probe_layout"};C:\Users\Antoi\.cargo\registry\src\index.crates.io-1949cf8c6b5b557f\bevy_ecs-0.18.1\src\system\function_system.rs;52;6630;0.000007;1;6630;6630;6630;0.000000
plugin finish{plugin="bevy_render::render_asset::RenderAssetPlugin<bevy_sprite_render::mesh2d::material::PreparedMaterial2d<bevy_sprite_render::tilemap_chunk::tilemap_chunk_material::TilemapChunkMaterial>>"};C:\Users\Antoi\.cargo\registry\src\index.crates.io-1949cf8c6b5b557f\bevy_app-0.18.1\src\app.rs;272;55;0.000000;1;55;55;55;0.000000
system_commands{name="bevy_pbr::prepass::init_prepass_pipeline"};C:\Users\Antoi\.cargo\registry\src\index.crates.io-1949cf8c6b5b557f\bevy_ecs-0.18.1\src\system\function_system.rs;54;1535;0.000002;1;1535;1535;1535;0.000000
system{name="forgia_combat::weapons::weapon_cooldown_tick_system"};C:\Users\Antoi\.cargo\registry\src\index.crates.io-1949cf8c6b5b557f\bevy_ecs-0.18.1\src\system\function_system.rs;52;94939;0.000103;262;362;237;1115;114.481992
system{name="forgia_mode_roguelite::boucherie_rocket::sys_draw_trajectory_preview"};C:\Users\Antoi\.cargo\registry\src\index.crates.io-1949cf8c6b5b557f\bevy_ecs-0.18.1\src\system\function_system.rs;52;14136365;0.015279;17308;816;281;509870;4061.616638
system{name="bevy_asset::assets::Assets<bevy_sprite_render::tilemap_chunk::tilemap_chunk_material::TilemapChunkMaterial>::track_assets"};C:\Users\Antoi\.cargo\registry\src\index.crates.io-1949cf8c6b5b557f\bevy_ecs-0.18.1\src\system\function_system.rs;52;14668124;0.015854;18163;807;111;237702;6961.680316
remove_joints_attached_to_rigid_body;C:\Users\Antoi\.cargo\registry\src\index.crates.io-1949cf8c6b5b557f\rapier3d-0.31.0\src\dynamics\joint\multibody_joint\multibody_joint_set.rs;285;1002;0.000001;15;66;48;134;30.222981
system{name="bevy_asset::assets::Assets<bevy_image::texture_atlas::TextureAtlasLayout>::asset_events_condition"};C:\Users\Antoi\.cargo\registry\src\index.crates.io-1949cf8c6b5b557f\bevy_ecs-0.18.1\src\system\function_system.rs;52;2341460;0.002531;18163;128;58;8531;103.158223
system{name="bevy_pbr::material::extract_mesh_materials<bevy_pbr::extended_material::ExtendedMaterial<bevy_pbr::pbr_material::StandardMaterial, bevy_water::water::material::WaterMaterial>>"};C:\Users\Antoi\.cargo\registry\src\index.crates.io-1949cf8c6b5b557f\bevy_ecs-0.18.1\src\system\function_system.rs;52;13919696;0.015045;18163;766;281;76479;724.132075
asset loading{loader="bevy_image::image_loader::ImageLoader" asset="ui/menu_video/frame_0135.webp"};C:\Users\Antoi\.cargo\registry\src\index.crates.io-1949cf8c6b5b557f\bevy_asset-0.18.1\src\server\loaders.rs;332;14597781;0.015778;7;2085397;148;14558357;5500061.566741
system{name="bevy_pbr::render::light::check_light_entities_needing_specialization<bevy_pbr::pbr_material::StandardMaterial>"};C:\Users\Antoi\.cargo\registry\src\index.crates.io-1949cf8c6b5b557f\bevy_ecs-0.18.1\src\system\function_system.rs;52;9766622;0.010556;18163;537;191;99574;890.903679
plugin cleanup{plugin="forgia_rpg_data::loot_tables::ForgiaLootTablesPlugin"};C:\Users\Antoi\.cargo\registry\src\index.crates.io-1949cf8c6b5b557f\bevy_app-0.18.1\src\app.rs;292;54;0.000000;1;54;54;54;0.000000
system{name="bevy_asset::assets::Assets<bevy_scene::dynamic_scene::DynamicScene>::asset_events_condition"};C:\Users\Antoi\.cargo\registry\src\index.crates.io-1949cf8c6b5b557f\bevy_ecs-0.18.1\src\system\function_system.rs;52;1909012;0.002063;18163;105;55;49934;374.906715
plugin build{plugin="bevy_core_pipeline::experimental::mip_generation::MipGenerationPlugin"};C:\Users\Antoi\.cargo\registry\src\index.crates.io-1949cf8c6b5b557f\bevy_app-0.18.1\src\app.rs;529;57238;0.000062;1;57238;57238;57238;0.000000
asset loading{loader="bevy_image::image_loader::ImageLoader" asset="ui/menu_video/frame_0036.webp"};C:\Users\Antoi\.cargo\registry\src\index.crates.io-1949cf8c6b5b557f\bevy_asset-0.18.1\src\server\loaders.rs;332;15143862;0.016368;7;2163408;112;15108540;5708267.829327
system{name="forgia_stage::write_stage_sensor"};C:\Users\Antoi\.cargo\registry\src\index.crates.io-1949cf8c6b5b557f\bevy_ecs-0.18.1\src\system\function_system.rs;52;9821133;0.010615;18163;540;127;17358;448.262185
system{name="bevy_state::state::transitions::run_exit<forgia_core::states::WorldMode>"};C:\Users\Antoi\.cargo\registry\src\index.crates.io-1949cf8c6b5b557f\bevy_ecs-0.18.1\src\system\function_system.rs;52;1780408;0.001924;18164;98;59;13837;108.559127
system{name="bevy_asset::assets::Assets<bevy_text::font::Font>::asset_events"};C:\Users\Antoi\.cargo\registry\src\index.crates.io-1949cf8c6b5b557f\bevy_ecs-0.18.1\src\system\function_system.rs;52;722;0.000001;1;722;722;722;0.000000
plugin cleanup{plugin="forgia_ui_lib::hud::wave_counter::WaveCounterPlugin"};C:\Users\Antoi\.cargo\registry\src\index.crates.io-1949cf8c6b5b557f\bevy_app-0.18.1\src\app.rs;292;55;0.000000;1;55;55;55;0.000000
asset loading{loader="bevy_shader::shader::ShaderLoader" asset="embedded://bevy_anti_alias\\taa\\taa.wgsl"};C:\Users\Antoi\.cargo\registry\src\index.crates.io-1949cf8c6b5b557f\bevy_asset-0.18.1\src\server\loaders.rs;332;291249;0.000315;2;145624;59;291190;205860.704315
plugin build{plugin="bevy_asset::AssetPlugin"};C:\Users\Antoi\.cargo\registry\src\index.crates.io-1949cf8c6b5b557f\bevy_app-0.18.1\src\app.rs;529;66772587;0.072171;1;66772587;66772587;66772587;0.000000
plugin cleanup{plugin="forgia_mode_roguelite::ForgiaModeRoguelitePlugin"};C:\Users\Antoi\.cargo\registry\src\index.crates.io-1949cf8c6b5b557f\bevy_app-0.18.1\src\app.rs;292;55;0.000000;1;55;55;55;0.000000
system{name="forgia_observability::player_state_sensor::sys_track_player_state"};C:\Users\Antoi\.cargo\registry\src\index.crates.io-1949cf8c6b5b557f\bevy_ecs-0.18.1\src\system\function_system.rs;52;12707170;0.013735;18163;699;146;178490;1352.133474
plugin cleanup{plugin="forgia_mode_roguelite::enemy_scaling::RogueliteEnemyScalingPlugin"};C:\Users\Antoi\.cargo\registry\src\index.crates.io-1949cf8c6b5b557f\bevy_app-0.18.1\src\app.rs;292;55;0.000000;1;55;55;55;0.000000
asset loading{loader="bevy_kira_audio::source::ogg_loader::OggLoader" asset="audio/roguelite/sfx/ding_souls.ogg"};C:\Users\Antoi\.cargo\registry\src\index.crates.io-1949cf8c6b5b557f\bevy_asset-0.18.1\src\server\loaders.rs;332;1416845;0.001531;4;354211;190;1401697;698344.848454
plugin cleanup{plugin="bevy_gltf::GltfPlugin"};C:\Users\Antoi\.cargo\registry\src\index.crates.io-1949cf8c6b5b557f\bevy_app-0.18.1\src\app.rs;292;57;0.000000;1;57;57;57;0.000000
system_commands{name="bevy_render::view::prepare_view_targets"};C:\Users\Antoi\.cargo\registry\src\index.crates.io-1949cf8c6b5b557f\bevy_ecs-0.18.1\src\system\function_system.rs;54;89858862;0.097124;18162;4947;2493;90232;2395.579626
plugin cleanup{plugin="bevy_app::main_schedule::MainSchedulePlugin"};C:\Users\Antoi\.cargo\registry\src\index.crates.io-1949cf8c6b5b557f\bevy_app-0.18.1\src\app.rs;292;62;0.000000;1;62;62;62;0.000000
plugin build{plugin="bevy_camera::visibility::VisibilityPlugin"};C:\Users\Antoi\.cargo\registry\src\index.crates.io-1949cf8c6b5b557f\bevy_app-0.18.1\src\app.rs;529;40677;0.000044;1;40677;40677;40677;0.000000
plugin build{plugin="bevy_render::extract_component::ExtractComponentPlugin<bevy_pbr::atmosphere::GpuAtmosphereSettings>"};C:\Users\Antoi\.cargo\registry\src\index.crates.io-1949cf8c6b5b557f\bevy_app-0.18.1\src\app.rs;529;10949;0.000012;1;10949;10949;10949;0.000000
plugin build{plugin="bevy_render::storage::StoragePlugin"};C:\Users\Antoi\.cargo\registry\src\index.crates.io-1949cf8c6b5b557f\bevy_app-0.18.1\src\app.rs;529;45829;0.000050;1;45829;45829;45829;0.000000
plugin cleanup{plugin="bevy_render::texture::TexturePlugin"};C:\Users\Antoi\.cargo\registry\src\index.crates.io-1949cf8c6b5b557f\bevy_app-0.18.1\src\app.rs;292;56;0.000000;1;56;56;56;0.000000
system_commands{name="bevy_core_pipeline::core_3d::prepare_core_3d_transmission_textures"};C:\Users\Antoi\.cargo\registry\src\index.crates.io-1949cf8c6b5b557f\bevy_ecs-0.18.1\src\system\function_system.rs;54;1668476;0.001803;18162;91;52;2005;32.325125
asset loading{loader="bevy_image::image_loader::ImageLoader" asset="textures/vfx/kenney/twirl_01.png"};C:\Users\Antoi\.cargo\registry\src\index.crates.io-1949cf8c6b5b557f\bevy_asset-0.18.1\src\server\loaders.rs;332;873056;0.000944;5;174611;180;841249;372736.888874
plugin finish{plugin="forgia_rpg_data::loot_tables::ForgiaLootTablesPlugin"};C:\Users\Antoi\.cargo\registry\src\index.crates.io-1949cf8c6b5b557f\bevy_app-0.18.1\src\app.rs;272;56;0.000000;1;56;56;56;0.000000
plugin cleanup{plugin="forgia_viewmodel::arms::ForgiaViewmodelArmsPlugin"};C:\Users\Antoi\.cargo\registry\src\index.crates.io-1949cf8c6b5b557f\bevy_app-0.18.1\src\app.rs;292;57;0.000000;1;57;57;57;0.000000
system_commands{name="forgia_mode_roguelite::element_vfx::sys_spawn_reaction_vfx"};C:\Users\Antoi\.cargo\registry\src\index.crates.io-1949cf8c6b5b557f\bevy_ecs-0.18.1\src\system\function_system.rs;54;1134028;0.001226;17308;65;50;811;17.236901
system_commands{name="bevy_gilrs::gilrs_system::gilrs_event_system"};C:\Users\Antoi\.cargo\registry\src\index.crates.io-1949cf8c6b5b557f\bevy_ecs-0.18.1\src\system\function_system.rs;54;2679340;0.002896;18163;147;60;4933;124.446594
plugin build{plugin="forgia_effects::hitmarker::ForgiaHitmarkerPlugin"};C:\Users\Antoi\.cargo\registry\src\index.crates.io-1949cf8c6b5b557f\bevy_app-0.18.1\src\app.rs;529;15108;0.000016;1;15108;15108;15108;0.000000
plugin build{plugin="forgia_foliage::ForgiaFoliagePlugin"};C:\Users\Antoi\.cargo\registry\src\index.crates.io-1949cf8c6b5b557f\bevy_app-0.18.1\src\app.rs;529;97830;0.000106;1;97830;97830;97830;0.000000
system{name="forgia_ai_arena_bot::bot_shoot_at_target"};C:\Users\Antoi\.cargo\registry\src\index.crates.io-1949cf8c6b5b557f\bevy_ecs-0.18.1\src\system\function_system.rs;52;13363963;0.014444;18163;735;132;239833;1994.122317
asset loading{loader="bevy_shader::shader::ShaderLoader" asset="embedded://bevy_pbr\\render\\mesh_view_types.wgsl"};C:\Users\Antoi\.cargo\registry\src\index.crates.io-1949cf8c6b5b557f\bevy_asset-0.18.1\src\server\loaders.rs;332;565611;0.000611;2;282805;104;565507;399800.295404
plugin finish{plugin="forgia_ai_arena_bot::ForgiaAiArenaBotPlugin"};C:\Users\Antoi\.cargo\registry\src\index.crates.io-1949cf8c6b5b557f\bevy_app-0.18.1\src\app.rs;272;56;0.000000;1;56;56;56;0.000000
asset loading{loader="bevy_image::image_loader::ImageLoader" asset="ui/menu_video/frame_0081.webp"};C:\Users\Antoi\.cargo\registry\src\index.crates.io-1949cf8c6b5b557f\bevy_asset-0.18.1\src\server\loaders.rs;332;14238640;0.015390;6;2373106;218;14208003;5797893.262003
system_commands{name="bevy_hanabi::render::batch_effects"};C:\Users\Antoi\.cargo\registry\src\index.crates.io-1949cf8c6b5b557f\bevy_ecs-0.18.1\src\system\function_system.rs;54;80964184;0.087510;18162;4457;73;160975;2213.021446
system{name="forgia_effects::weapon_vfx::tracer::tick_bullets_in_flight"};C:\Users\Antoi\.cargo\registry\src\index.crates.io-1949cf8c6b5b557f\bevy_ecs-0.18.1\src\system\function_system.rs;52;7694083;0.008316;18163;423;122;16411;227.773860
system{name="bevy_anti_alias::smaa::prepare_smaa_uniforms"};C:\Users\Antoi\.cargo\registry\src\index.crates.io-1949cf8c6b5b557f\bevy_ecs-0.18.1\src\system\function_system.rs;52;7305678;0.007896;18162;402;149;10632;191.634157
system{name="forgia_ai_arena_bot::bot_fireball_fly"};C:\Users\Antoi\.cargo\registry\src\index.crates.io-1949cf8c6b5b557f\bevy_ecs-0.18.1\src\system\function_system.rs;52;13368032;0.014449;18163;736;154;87933;936.497999
system{name="bevy_light::cluster::add_clusters"};C:\Users\Antoi\.cargo\registry\src\index.crates.io-1949cf8c6b5b557f\bevy_ecs-0.18.1\src\system\function_system.rs;52;11524266;0.012456;18163;634;186;91622;872.917744
plugin cleanup{plugin="bevy_core_pipeline::core_2d::Core2dPlugin"};C:\Users\Antoi\.cargo\registry\src\index.crates.io-1949cf8c6b5b557f\bevy_app-0.18.1\src\app.rs;292;55;0.000000;1;55;55;55;0.000000
plugin cleanup{plugin="bevy_diagnostic::DiagnosticsPlugin"};C:\Users\Antoi\.cargo\registry\src\index.crates.io-1949cf8c6b5b557f\bevy_app-0.18.1\src\app.rs;292;55;0.000000;1;55;55;55;0.000000
plugin finish{plugin="bevy_gizmos::global::GlobalGizmosPlugin"};C:\Users\Antoi\.cargo\registry\src\index.crates.io-1949cf8c6b5b557f\bevy_app-0.18.1\src\app.rs;272;54;0.000000;1;54;54;54;0.000000
system{name="forgia_mode_roguelite::head_hitbox::sys_track_head_proxies"};C:\Users\Antoi\.cargo\registry\src\index.crates.io-1949cf8c6b5b557f\bevy_ecs-0.18.1\src\system\function_system.rs;52;8065696;0.008718;17308;466;102;50010;451.247768
init_and_solve;C:\Users\Antoi\.cargo\registry\src\index.crates.io-1949cf8c6b5b557f\rapier3d-0.31.0\src\dynamics\solver\island_solver.rs;31;97287372;0.105153;5734;16966;12163;116208;3377.273562
plugin build{plugin="bevy_gizmos::global::GlobalGizmosPlugin"};C:\Users\Antoi\.cargo\registry\src\index.crates.io-1949cf8c6b5b557f\bevy_app-0.18.1\src\app.rs;529;15488;0.000017;1;15488;15488;15488;0.000000
asset loading{loader="bevy_gltf::loader::GltfLoader" asset="models/environment/inferno/StairsMiddle_001.glb"};C:\Users\Antoi\.cargo\registry\src\index.crates.io-1949cf8c6b5b557f\bevy_asset-0.18.1\src\server\loaders.rs;332;6241596;0.006746;6;1040266;210;6219496;2537296.856292
system{name="forgia_ui::sys_menu_enclume"};C:\Users\Antoi\.cargo\registry\src\index.crates.io-1949cf8c6b5b557f\bevy_ecs-0.18.1\src\system\function_system.rs;52;6076667;0.006568;18163;334;96;11078;176.551352
plugin build{plugin="bevy_render::extract_component::ExtractComponentPlugin<bevy_hanabi::EffectVisibilityClass>"};C:\Users\Antoi\.cargo\registry\src\index.crates.io-1949cf8c6b5b557f\bevy_app-0.18.1\src\app.rs;529;38690;0.000042;1;38690;38690;38690;0.000000
plugin build{plugin="bevy_render::extract_resource::ExtractResourcePlugin<bevy_pbr::material::DefaultOpaqueRendererMethod>"};C:\Users\Antoi\.cargo\registry\src\index.crates.io-1949cf8c6b5b557f\bevy_app-0.18.1\src\app.rs;529;4826;0.000005;1;4826;4826;4826;0.000000
system_commands{name="forgia_combat::weapons::setup_casing_resources"};C:\Users\Antoi\.cargo\registry\src\index.crates.io-1949cf8c6b5b557f\bevy_ecs-0.18.1\src\system\function_system.rs;54;2839;0.000003;1;2839;2839;2839;0.000000
system_commands{name="forgia_mode_roguelite::shockwave::sys_animate_shockwave_vfx"};C:\Users\Antoi\.cargo\registry\src\index.crates.io-1949cf8c6b5b557f\bevy_ecs-0.18.1\src\system\function_system.rs;54;1521975;0.001645;17308;87;50;116775;1069.761048
system{name="forgia_level_presets::write_level_modules_sensor"};C:\Users\Antoi\.cargo\registry\src\index.crates.io-1949cf8c6b5b557f\bevy_ecs-0.18.1\src\system\function_system.rs;52;11587615;0.012525;18163;637;176;34408;625.340283
plugin build{plugin="bevy_light::LightPlugin"};C:\Users\Antoi\.cargo\registry\src\index.crates.io-1949cf8c6b5b557f\bevy_app-0.18.1\src\app.rs;529;84268;0.000091;1;84268;84268;84268;0.000000
system_commands{name="bevy_animation::animate_targets"};C:\Users\Antoi\.cargo\registry\src\index.crates.io-1949cf8c6b5b557f\bevy_ecs-0.18.1\src\system\function_system.rs;54;2001289;0.002163;18163;110;55;23390;178.950407
system_commands{name="forgia_damage::apply_damage"};C:\Users\Antoi\.cargo\registry\src\index.crates.io-1949cf8c6b5b557f\bevy_ecs-0.18.1\src\system\function_system.rs;54;1752187;0.001894;18163;96;50;927;21.287960
plugin finish{plugin="bevy_animation::AnimationPlugin"};C:\Users\Antoi\.cargo\registry\src\index.crates.io-1949cf8c6b5b557f\bevy_app-0.18.1\src\app.rs;272;51;0.000000;1;51;51;51;0.000000
check_conditions{name="bevy_gizmos::start_gizmo_context<bevy_gizmos::config::DefaultGizmoConfigGroup, bevy_time::fixed::Fixed>"};C:\Users\Antoi\.cargo\registry\src\index.crates.io-1949cf8c6b5b557f\bevy_ecs-0.18.1\src\schedule\executor\single_threaded.rs;83;1248487;0.001349;18163;68;56;51110;406.072488
system{name="forgia_mode_roguelite::boucherie_rocket::sys_reset_stats"};C:\Users\Antoi\.cargo\registry\src\index.crates.io-1949cf8c6b5b557f\bevy_ecs-0.18.1\src\system\function_system.rs;52;126;0.000000;1;126;126;126;0.000000
plugin build{plugin="forgia_anchor::ForgiaAnchorPlugin"};C:\Users\Antoi\.cargo\registry\src\index.crates.io-1949cf8c6b5b557f\bevy_app-0.18.1\src\app.rs;529;12061;0.000013;1;12061;12061;12061;0.000000
plugin finish{plugin="bevy_render::extract_component::ExtractComponentPlugin<bevy_core_pipeline::oit::OrderIndependentTransparencySettings>"};C:\Users\Antoi\.cargo\registry\src\index.crates.io-1949cf8c6b5b557f\bevy_app-0.18.1\src\app.rs;272;123;0.000000;1;123;123;123;0.000000
plugin{tag="CallbackPlugins"};C:\Users\Antoi\.cargo\registry\src\index.crates.io-1949cf8c6b5b557f\egui-0.33.3\src\plugin.rs;145;98108640;0.106041;72652;1350;55;136433;2270.483810
plugin{tag="LabelSelectionState"};C:\Users\Antoi\.cargo\registry\src\index.crates.io-1949cf8c6b5b557f\egui-0.33.3\src\plugin.rs;145;22753090;0.024593;72652;313;49;123579;1006.778871
plugin build{plugin="bevy_pbr::decal::forward::ForwardDecalPlugin"};C:\Users\Antoi\.cargo\registry\src\index.crates.io-1949cf8c6b5b557f\bevy_app-0.18.1\src\app.rs;529;113358;0.000123;1;113358;113358;113358;0.000000
system{name="bevy_core_pipeline::fullscreen_material::init_pipeline<forgia_postprocess::toon::ToonSettings>"};C:\Users\Antoi\.cargo\registry\src\index.crates.io-1949cf8c6b5b557f\bevy_ecs-0.18.1\src\system\function_system.rs;52;80384;0.000087;1;80384;80384;80384;0.000000
system{name="bevy_egui::input::write_pointer_button_messages_system"};C:\Users\Antoi\.cargo\registry\src\index.crates.io-1949cf8c6b5b557f\bevy_ecs-0.18.1\src\system\function_system.rs;52;10069219;0.010883;18163;554;184;35915;307.756913
system_commands{name="forgia_mode_roguelite::merchant::sys_ground_merchant"};C:\Users\Antoi\.cargo\registry\src\index.crates.io-1949cf8c6b5b557f\bevy_ecs-0.18.1\src\system\function_system.rs;54;1854063;0.002004;17308;107;51;60891;470.905763
system_commands{name="forgia_effects::prespawn_hanabi_dummies"};C:\Users\Antoi\.cargo\registry\src\index.crates.io-1949cf8c6b5b557f\bevy_ecs-0.18.1\src\system\function_system.rs;54;17248;0.000019;1;17248;17248;17248;0.000000
system_commands{name="bevy_render::extract_component::extract_components<bevy_anti_alias::smaa::Smaa>"};C:\Users\Antoi\.cargo\registry\src\index.crates.io-1949cf8c6b5b557f\bevy_ecs-0.18.1\src\system\function_system.rs;54;10288445;0.011120;18162;566;215;80457;625.703759
asset loading{loader="bevy_image::image_loader::ImageLoader" asset="ui/menu_video/frame_0046.webp"};C:\Users\Antoi\.cargo\registry\src\index.crates.io-1949cf8c6b5b557f\bevy_asset-0.18.1\src\server\loaders.rs;332;15261676;0.016496;6;2543612;176;15230363;6215214.494243
system{name="forgia_mode_roguelite::meta_shop::sys_load_meta_shop"};C:\Users\Antoi\.cargo\registry\src\index.crates.io-1949cf8c6b5b557f\bevy_ecs-0.18.1\src\system\function_system.rs;52;2603546;0.002814;1;2603546;2603546;2603546;0.000000
system{name="bevy_asset::assets::Assets<bevy_gltf::assets::GltfSkin>::asset_events"};C:\Users\Antoi\.cargo\registry\src\index.crates.io-1949cf8c6b5b557f\bevy_ecs-0.18.1\src\system\function_system.rs;52;3023;0.000003;4;755;414;932;232.662130
system_commands{name="forgia_mode_roguelite::boucherie_rocket::sys_spawn_rockets"};C:\Users\Antoi\.cargo\registry\src\index.crates.io-1949cf8c6b5b557f\bevy_ecs-0.18.1\src\system\function_system.rs;54;1175376;0.001270;17308;67;50;8191;64.900868
system{name="forgia_terrain::terrain_material::init_terrain_material"};C:\Users\Antoi\.cargo\registry\src\index.crates.io-1949cf8c6b5b557f\bevy_ecs-0.18.1\src\system\function_system.rs;52;75860;0.000082;1;75860;75860;75860;0.000000
plugin build{plugin="bevy_render::extract_component::ExtractComponentPlugin<bevy_camera::camera::CameraMainTextureUsages>"};C:\Users\Antoi\.cargo\registry\src\index.crates.io-1949cf8c6b5b557f\bevy_app-0.18.1\src\app.rs;529;12971;0.000014;1;12971;12971;12971;0.000000
system{name="bevy_ui_render::box_shadow::prepare_shadows"};C:\Users\Antoi\.cargo\registry\src\index.crates.io-1949cf8c6b5b557f\bevy_ecs-0.18.1\src\system\function_system.rs;52;139426973;0.150700;18162;7676;2030;745673;9797.601707
system{name="forgia_enemy_nameplate::tuning::load_tuning"};C:\Users\Antoi\.cargo\registry\src\index.crates.io-1949cf8c6b5b557f\bevy_ecs-0.18.1\src\system\function_system.rs;52;18710;0.000020;1;18710;18710;18710;0.000000
system{name="forgia_combat::ultimate::sys_write_ultimate_sensor"};C:\Users\Antoi\.cargo\registry\src\index.crates.io-1949cf8c6b5b557f\bevy_ecs-0.18.1\src\system\function_system.rs;52;4592318;0.004964;18163;252;69;28299;284.699376
system{name="forgia_effects::mesh_fader::apply_material_fader_alpha"};C:\Users\Antoi\.cargo\registry\src\index.crates.io-1949cf8c6b5b557f\bevy_ecs-0.18.1\src\system\function_system.rs;52;9178515;0.009921;18163;505;121;78764;612.790877
system{name="bevy_render::batching::gpu_preprocessing::batch_and_prepare_binned_render_phase<bevy_core_pipeline::prepass::AlphaMask3dPrepass, bevy_pbr::render::mesh::MeshPipeline>"};C:\Users\Antoi\.cargo\registry\src\index.crates.io-1949cf8c6b5b557f\bevy_ecs-0.18.1\src\system\function_system.rs;52;11400231;0.012322;18162;627;225;16204;303.547218
system{name="bevy_light::check_point_light_mesh_visibility"};C:\Users\Antoi\.cargo\registry\src\index.crates.io-1949cf8c6b5b557f\bevy_ecs-0.18.1\src\system\function_system.rs;52;39151939;0.042318;18163;2155;317;144836;1385.734033
system{name="bevy_anti_alias::contrast_adaptive_sharpening::init_cas_pipeline"};C:\Users\Antoi\.cargo\registry\src\index.crates.io-1949cf8c6b5b557f\bevy_ecs-0.18.1\src\system\function_system.rs;52;11225;0.000012;1;11225;11225;11225;0.000000
system{name="forgia_mode_roguelite::forge_shop::sys_forge_shop_cursor"};C:\Users\Antoi\.cargo\registry\src\index.crates.io-1949cf8c6b5b557f\bevy_ecs-0.18.1\src\system\function_system.rs;52;3613163;0.003905;17308;208;80;18926;169.199982
system_commands{name="forgia_ui::weapon_preview::sys_calibrate_previews"};C:\Users\Antoi\.cargo\registry\src\index.crates.io-1949cf8c6b5b557f\bevy_ecs-0.18.1\src\system\function_system.rs;54;113991;0.000123;855;133;67;20419;720.571683
plugin build{plugin="bevy_app::task_pool_plugin::TaskPoolPlugin"};C:\Users\Antoi\.cargo\registry\src\index.crates.io-1949cf8c6b5b557f\bevy_app-0.18.1\src\app.rs;529;523930;0.000566;1;523930;523930;523930;0.000000
plugin cleanup{plugin="bevy_render::mesh::allocator::MeshAllocatorPlugin"};C:\Users\Antoi\.cargo\registry\src\index.crates.io-1949cf8c6b5b557f\bevy_app-0.18.1\src\app.rs;292;55;0.000000;1;55;55;55;0.000000
plugin cleanup{plugin="forgia_mode_roguelite::meta_shop::MetaShopPlugin"};C:\Users\Antoi\.cargo\registry\src\index.crates.io-1949cf8c6b5b557f\bevy_app-0.18.1\src\app.rs;292;55;0.000000;1;55;55;55;0.000000
plugin finish{plugin="bevy_render::extract_component::ExtractComponentPlugin<bevy_render::view::Msaa>"};C:\Users\Antoi\.cargo\registry\src\index.crates.io-1949cf8c6b5b557f\bevy_app-0.18.1\src\app.rs;272;52;0.000000;1;52;52;52;0.000000
system{name="bevy_water::water::update_global_wave_state"};C:\Users\Antoi\.cargo\registry\src\index.crates.io-1949cf8c6b5b557f\bevy_ecs-0.18.1\src\system\function_system.rs;52;8256873;0.008924;18163;454;92;16563;215.411696
system_commands{name="bevy_render::extract_component::extract_components<bevy_camera::camera::CameraMainTextureUsages>"};C:\Users\Antoi\.cargo\registry\src\index.crates.io-1949cf8c6b5b557f\bevy_ecs-0.18.1\src\system\function_system.rs;54;17729280;0.019163;18162;976;487;100755;781.160378
plugin finish{plugin="bevy_render::sync_component::SyncComponentPlugin<bevy_pbr::atmosphere::GpuAtmosphereSettings>"};C:\Users\Antoi\.cargo\registry\src\index.crates.io-1949cf8c6b5b557f\bevy_app-0.18.1\src\app.rs;272;58;0.000000;1;58;58;58;0.000000
asset loading{loader="bevy_image::image_loader::ImageLoader" asset="ui/menu_video/frame_0034.webp"};C:\Users\Antoi\.cargo\registry\src\index.crates.io-1949cf8c6b5b557f\bevy_asset-0.18.1\src\server\loaders.rs;332;16346774;0.017668;5;3269354;148;16323538;7297511.901046
system{name="bevy_pbr::atmosphere::environment::prepare_atmosphere_probe_components"};C:\Users\Antoi\.cargo\registry\src\index.crates.io-1949cf8c6b5b557f\bevy_ecs-0.18.1\src\system\function_system.rs;52;7078758;0.007651;18163;389;99;133797;1222.935497
system{name="bevy_render::sync_world::despawn_temporary_render_entities"};C:\Users\Antoi\.cargo\registry\src\index.crates.io-1949cf8c6b5b557f\bevy_ecs-0.18.1\src\system\function_system.rs;52;149904903;0.162025;18162;8253;2611;528956;7834.520944
system_commands{name="bevy_core_pipeline::skybox::init_skybox_pipeline"};C:\Users\Antoi\.cargo\registry\src\index.crates.io-1949cf8c6b5b557f\bevy_ecs-0.18.1\src\system\function_system.rs;54;606;0.000001;1;606;606;606;0.000000
system{name="bevy_pbr::atmosphere::resources::init_atmosphere_buffer"};C:\Users\Antoi\.cargo\registry\src\index.crates.io-1949cf8c6b5b557f\bevy_ecs-0.18.1\src\system\function_system.rs;52;867;0.000001;1;867;867;867;0.000000
system{name="bevy_asset::assets::Assets<forgia_genome_core::Genome<forgia_rpg_data::boons::BoonsCatalogue>>::asset_events"};C:\Users\Antoi\.cargo\registry\src\index.crates.io-1949cf8c6b5b557f\bevy_ecs-0.18.1\src\system\function_system.rs;52;681;0.000001;1;681;681;681;0.000000
plugin finish{plugin="forgia_effects::pipeline_ready::PipelinesReadyPlugin"};C:\Users\Antoi\.cargo\registry\src\index.crates.io-1949cf8c6b5b557f\bevy_app-0.18.1\src\app.rs;272;55;0.000000;1;55;55;55;0.000000
system{name="bevy_ui::accessibility::label_changed"};C:\Users\Antoi\.cargo\registry\src\index.crates.io-1949cf8c6b5b557f\bevy_ecs-0.18.1\src\system\function_system.rs;52;9527005;0.010297;18163;524;157;28485;317.894556
plugin build{plugin="bevy_render::render_asset::RenderAssetPlugin<bevy_render::storage::GpuShaderStorageBuffer>"};C:\Users\Antoi\.cargo\registry\src\index.crates.io-1949cf8c6b5b557f\bevy_app-0.18.1\src\app.rs;529;19121;0.000021;1;19121;19121;19121;0.000000
plugin finish{plugin="bevy_anti_alias::AntiAliasPlugin"};C:\Users\Antoi\.cargo\registry\src\index.crates.io-1949cf8c6b5b557f\bevy_app-0.18.1\src\app.rs;272;59;0.000000;1;59;59;59;0.000000
system{name="bevy_sprite_render::mesh2d::material::extract_entities_needs_specialization<bevy_sprite_render::tilemap_chunk::tilemap_chunk_material::TilemapChunkMaterial>"};C:\Users\Antoi\.cargo\registry\src\index.crates.io-1949cf8c6b5b557f\bevy_ecs-0.18.1\src\system\function_system.rs;52;10907230;0.011789;18163;600;91;9305;335.298245
system_commands{name="<forgia_core::states::GameMode as bevy_state::state::state_set::StateSet>::register_sub_state_systems_in_schedule<forgia_mode_roguelite::run::RunState>::{{closure}}"};C:\Users\Antoi\.cargo\registry\src\index.crates.io-1949cf8c6b5b557f\bevy_ecs-0.18.1\src\system\function_system.rs;54;5743225;0.006208;18164;316;54;235110;2464.426144
system{name="forgia_mode_roguelite::merchant::sys_spawn_merchant"};C:\Users\Antoi\.cargo\registry\src\index.crates.io-1949cf8c6b5b557f\bevy_ecs-0.18.1\src\system\function_system.rs;52;612305;0.000662;1;612305;612305;612305;0.000000
system{name="bevy_ui_render::extract_uinode_borders"};C:\Users\Antoi\.cargo\registry\src\index.crates.io-1949cf8c6b5b557f\bevy_ecs-0.18.1\src\system\function_system.rs;52;11153475;0.012055;18163;614;160;100462;823.194513
asset loading{loader="bevy_shader::shader::ShaderLoader" asset="embedded://bevy_pbr\\prepass\\prepass_bindings.wgsl"};C:\Users\Antoi\.cargo\registry\src\index.crates.io-1949cf8c6b5b557f\bevy_asset-0.18.1\src\server\loaders.rs;332;18313;0.000020;2;9156;56;18257;12870.050544
plugin cleanup{plugin="bevy_ui::picking_backend::UiPickingPlugin"};C:\Users\Antoi\.cargo\registry\src\index.crates.io-1949cf8c6b5b557f\bevy_app-0.18.1\src\app.rs;292;54;0.000000;1;54;54;54;0.000000
pass{tag="0"};C:\Users\Antoi\.cargo\registry\src\index.crates.io-1949cf8c6b5b557f\egui-0.33.3\src\context.rs;800;6978715577;7.542975;18163;384227;188006;7524747;125701.441033
system{name="bevy_render::gpu_readback::sync_readbacks"};C:\Users\Antoi\.cargo\registry\src\index.crates.io-1949cf8c6b5b557f\bevy_ecs-0.18.1\src\system\function_system.rs;52;8799966;0.009511;18162;484;199;10282;301.148637
plugin build{plugin="forgia_mode_roguelite::ftue::FtuePlugin"};C:\Users\Antoi\.cargo\registry\src\index.crates.io-1949cf8c6b5b557f\bevy_app-0.18.1\src\app.rs;529;288131;0.000311;1;288131;288131;288131;0.000000
plugin build{plugin="bevy_render::render_asset::RenderAssetPlugin<bevy_pbr::medium::GpuScatteringMedium>"};C:\Users\Antoi\.cargo\registry\src\index.crates.io-1949cf8c6b5b557f\bevy_app-0.18.1\src\app.rs;529;18911;0.000020;1;18911;18911;18911;0.000000
plugin build{plugin="forgia_mode_roguelite::forge_shop::RogueliteForgeShopPlugin"};C:\Users\Antoi\.cargo\registry\src\index.crates.io-1949cf8c6b5b557f\bevy_app-0.18.1\src\app.rs;529;22107;0.000024;1;22107;22107;22107;0.000000
system{name="bevy_egui::setup_primary_egui_context_system"};C:\Users\Antoi\.cargo\registry\src\index.crates.io-1949cf8c6b5b557f\bevy_ecs-0.18.1\src\system\function_system.rs;52;14948549;0.016157;18164;822;322;145204;1123.888705
plugin finish{plugin="bevy_gizmos_render::pipeline_3d::LineGizmo3dPlugin"};C:\Users\Antoi\.cargo\registry\src\index.crates.io-1949cf8c6b5b557f\bevy_app-0.18.1\src\app.rs;272;55;0.000000;1;55;55;55;0.000000
system{name="bevy_light::check_dir_light_mesh_visibility"};C:\Users\Antoi\.cargo\registry\src\index.crates.io-1949cf8c6b5b557f\bevy_ecs-0.18.1\src\system\function_system.rs;52;2030124448;2.194269;18163;111772;518;2198247;53553.111014
system{name="bevy_app::propagate::propagate_output<bevy_ui::ui_node::ComputedUiTargetCamera, ()>"};C:\Users\Antoi\.cargo\registry\src\index.crates.io-1949cf8c6b5b557f\bevy_ecs-0.18.1\src\system\function_system.rs;52;11778837;0.012731;18163;648;236;272845;2040.477572
system_commands{name="bevy_pbr::ssao::prepare_ssao_pipelines"};C:\Users\Antoi\.cargo\registry\src\index.crates.io-1949cf8c6b5b557f\bevy_ecs-0.18.1\src\system\function_system.rs;54;1526546;0.001650;18162;84;50;6244;52.966649
system{name="bevy_render::render_phase::sweep_old_entities<bevy_core_pipeline::deferred::Opaque3dDeferred>"};C:\Users\Antoi\.cargo\registry\src\index.crates.io-1949cf8c6b5b557f\bevy_ecs-0.18.1\src\system\function_system.rs;52;3397408;0.003672;18162;187;58;77757;581.323518
plugin finish{plugin="bevy_window::WindowPlugin"};C:\Users\Antoi\.cargo\registry\src\index.crates.io-1949cf8c6b5b557f\bevy_app-0.18.1\src\app.rs;272;55;0.000000;1;55;55;55;0.000000
plugin build{plugin="bevy_sprite_render::mesh2d::material::Material2dPlugin<bevy_sprite_render::mesh2d::color_material::ColorMaterial>"};C:\Users\Antoi\.cargo\registry\src\index.crates.io-1949cf8c6b5b557f\bevy_app-0.18.1\src\app.rs;529;205973;0.000223;1;205973;205973;205973;0.000000
function_scope{epaint::text::text_layout::layout};C:\Users\Antoi\.cargo\registry\src\index.crates.io-1949cf8c6b5b557f\epaint-0.33.3\src\text\text_layout.rs;79;157476277;0.170209;32727;4811;307;2877040;31185.645023
plugin build{plugin="bevy_core_pipeline::blit::BlitPlugin"};C:\Users\Antoi\.cargo\registry\src\index.crates.io-1949cf8c6b5b557f\bevy_app-0.18.1\src\app.rs;529;6905;0.000007;1;6905;6905;6905;0.000000
plugin build{plugin="bevy_egui::EguiPlugin"};C:\Users\Antoi\.cargo\registry\src\index.crates.io-1949cf8c6b5b557f\bevy_app-0.18.1\src\app.rs;529;697216;0.000754;1;697216;697216;697216;0.000000
plugin finish{plugin="forgia_rpg_data::ForgiaRpgDataPlugin"};C:\Users\Antoi\.cargo\registry\src\index.crates.io-1949cf8c6b5b557f\bevy_app-0.18.1\src\app.rs;272;60;0.000000;1;60;60;60;0.000000
system_commands{name="bevy_state::state_scoped::despawn_entities_on_exit_state<forgia_core::states::WorldMode>"};C:\Users\Antoi\.cargo\registry\src\index.crates.io-1949cf8c6b5b557f\bevy_ecs-0.18.1\src\system\function_system.rs;54;1201897;0.001299;18164;66;50;9100;74.653670
system{name="forgia_ui_lib::hud_ammo::draw_ammo_counter"};C:\Users\Antoi\.cargo\registry\src\index.crates.io-1949cf8c6b5b557f\bevy_ecs-0.18.1\src\system\function_system.rs;52;143588698;0.155198;18072;7945;112;155814;4779.446436
system_commands{name="forgia_mode_roguelite::waves::sys_wave_orchestrator"};C:\Users\Antoi\.cargo\registry\src\index.crates.io-1949cf8c6b5b557f\bevy_ecs-0.18.1\src\system\function_system.rs;54;1551850;0.001677;17308;89;51;73268;561.695054
system{name="bevy_ui::picking_backend::ui_picking"};C:\Users\Antoi\.cargo\registry\src\index.crates.io-1949cf8c6b5b557f\bevy_ecs-0.18.1\src\system\function_system.rs;52;67588121;0.073053;18163;3721;1606;85134;1661.651867
system{name="forgia_mode_roguelite::weapon_select::sys_weapon_unlock_input"};C:\Users\Antoi\.cargo\registry\src\index.crates.io-1949cf8c6b5b557f\bevy_ecs-0.18.1\src\system\function_system.rs;52;24190;0.000026;91;265;126;513;69.334215
system{name="bevy_asset::assets::Assets<forgia_genome_core::Genome<forgia_damage::HitFeedbackTuning>>::asset_events_condition"};C:\Users\Antoi\.cargo\registry\src\index.crates.io-1949cf8c6b5b557f\bevy_ecs-0.18.1\src\system\function_system.rs;52;1832241;0.001980;18163;100;53;14576;121.858112
system_commands{name="forgia_mode_roguelite::ultimate_config::sys_init_ultimate_genome"};C:\Users\Antoi\.cargo\registry\src\index.crates.io-1949cf8c6b5b557f\bevy_ecs-0.18.1\src\system\function_system.rs;54;4999;0.000005;1;4999;4999;4999;0.000000
system{name="bevy_pbr::ssr::add_screen_space_reflections_render_graph_edges"};C:\Users\Antoi\.cargo\registry\src\index.crates.io-1949cf8c6b5b557f\bevy_ecs-0.18.1\src\system\function_system.rs;52;14391;0.000016;1;14391;14391;14391;0.000000
asset loading{loader="bevy_gltf::loader::GltfLoader" asset="models/kaykit/dungeon/wall_window.glb"};C:\Users\Antoi\.cargo\registry\src\index.crates.io-1949cf8c6b5b557f\bevy_asset-0.18.1\src\server\loaders.rs;332;3788868;0.004095;6;631478;125;3767974;1536565.722380
system{name="bevy_pbr::render::morph::extract_morphs"};C:\Users\Antoi\.cargo\registry\src\index.crates.io-1949cf8c6b5b557f\bevy_ecs-0.18.1\src\system\function_system.rs;52;8986658;0.009713;18163;494;167;17921;414.528330
system{name="forgia_debug::console::console_history_navigation_system"};C:\Users\Antoi\.cargo\registry\src\index.crates.io-1949cf8c6b5b557f\bevy_ecs-0.18.1\src\system\function_system.rs;52;5279602;0.005706;18163;290;81;4729;102.062721
asset loading{loader="bevy_shader::shader::ShaderLoader" asset="embedded://bevy_sprite_render\\mesh2d\\mesh2d.wgsl"};C:\Users\Antoi\.cargo\registry\src\index.crates.io-1949cf8c6b5b557f\bevy_asset-0.18.1\src\server\loaders.rs;332;86491;0.000093;2;43245;60;86431;61073.519802
plugin cleanup{plugin="forgia_mode_roguelite::enemy_anim::ForgiaRogueliteEnemyAnimPlugin"};C:\Users\Antoi\.cargo\registry\src\index.crates.io-1949cf8c6b5b557f\bevy_app-0.18.1\src\app.rs;292;54;0.000000;1;54;54;54;0.000000
system_commands{name="forgia_mode_roguelite::loot_room::sys_collide_demo_incremental"};C:\Users\Antoi\.cargo\registry\src\index.crates.io-1949cf8c6b5b557f\bevy_ecs-0.18.1\src\system\function_system.rs;54;1468799;0.001588;17308;84;51;69817;531.133297
asset loading{loader="bevy_image::image_loader::ImageLoader" asset="ui/menu_video/frame_0087.webp"};C:\Users\Antoi\.cargo\registry\src\index.crates.io-1949cf8c6b5b557f\bevy_asset-0.18.1\src\server\loaders.rs;332;14548161;0.015724;7;2078308;102;14510778;5482205.627286
system{name="bevy_rapier3d::plugin::plugin::insert_default_context"};C:\Users\Antoi\.cargo\registry\src\index.crates.io-1949cf8c6b5b557f\bevy_ecs-0.18.1\src\system\function_system.rs;52;16797;0.000018;1;16797;16797;16797;0.000000
system{name="forgia_fps::pepin::sys_write_pepin_sensor"};C:\Users\Antoi\.cargo\registry\src\index.crates.io-1949cf8c6b5b557f\bevy_ecs-0.18.1\src\system\function_system.rs;52;3453572;0.003733;18163;190;83;45574;408.443746
plugin finish{plugin="forgia_effects::mesh_fader::MeshFaderPlugin"};C:\Users\Antoi\.cargo\registry\src\index.crates.io-1949cf8c6b5b557f\bevy_app-0.18.1\src\app.rs;272;56;0.000000;1;56;56;56;0.000000
plugin finish{plugin="bevy_core_pipeline::core_3d::Core3dPlugin"};C:\Users\Antoi\.cargo\registry\src\index.crates.io-1949cf8c6b5b557f\bevy_app-0.18.1\src\app.rs;272;55;0.000000;1;55;55;55;0.000000
system{name="bevy_pbr::render::morph::prepare_morphs"};C:\Users\Antoi\.cargo\registry\src\index.crates.io-1949cf8c6b5b557f\bevy_ecs-0.18.1\src\system\function_system.rs;52;3751491;0.004055;18162;206;71;26352;227.063876
plugin cleanup{plugin="bevy_pbr::material::MaterialsPlugin"};C:\Users\Antoi\.cargo\registry\src\index.crates.io-1949cf8c6b5b557f\bevy_app-0.18.1\src\app.rs;292;58;0.000000;1;58;58;58;0.000000
system{name="bevy_ecs::schedule::condition::common_conditions::resource_exists<bevy_diagnostic::diagnostic::DiagnosticsStore>"};C:\Users\Antoi\.cargo\registry\src\index.crates.io-1949cf8c6b5b557f\bevy_ecs-0.18.1\src\system\function_system.rs;52;3202495;0.003461;18163;176;61;51310;400.489835
asset loading{loader="bevy_image::image_loader::ImageLoader" asset="ui/menu_video/frame_0007.webp"};C:\Users\Antoi\.cargo\registry\src\index.crates.io-1949cf8c6b5b557f\bevy_asset-0.18.1\src\server\loaders.rs;332;18458645;0.019951;7;2636949;79;18443533;6970048.715013
system{name="bevy_post_process::bloom::downsampling_pipeline::init_bloom_downsampling_pipeline"};C:\Users\Antoi\.cargo\registry\src\index.crates.io-1949cf8c6b5b557f\bevy_ecs-0.18.1\src\system\function_system.rs;52;22852;0.000025;1;22852;22852;22852;0.000000
system{name="forgia_mode_roguelite::enemies::sys_init_enemy_genome"};C:\Users\Antoi\.cargo\registry\src\index.crates.io-1949cf8c6b5b557f\bevy_ecs-0.18.1\src\system\function_system.rs;52;993632;0.001074;1;993632;993632;993632;0.000000
system_commands{name="forgia_ui::weapon_preview::sys_clone_arm_materials"};C:\Users\Antoi\.cargo\registry\src\index.crates.io-1949cf8c6b5b557f\bevy_ecs-0.18.1\src\system\function_system.rs;54;155853;0.000168;855;182;65;32629;1119.153960
system{name="forgia_fps::bourrasque::sys_write_bourrasque_sensor"};C:\Users\Antoi\.cargo\registry\src\index.crates.io-1949cf8c6b5b557f\bevy_ecs-0.18.1\src\system\function_system.rs;52;4350151;0.004702;18163;239;88;31802;284.311636
system_commands{name="forgia_rpg_data::shop::open_shop_sessions"};C:\Users\Antoi\.cargo\registry\src\index.crates.io-1949cf8c6b5b557f\bevy_ecs-0.18.1\src\system\function_system.rs;54;1373427;0.001484;18163;75;50;79219;587.581393
asset loading{loader="bevy_gltf::loader::GltfLoader" asset="models/arms/fps_arm_R.glb"};C:\Users\Antoi\.cargo\registry\src\index.crates.io-1949cf8c6b5b557f\bevy_asset-0.18.1\src\server\loaders.rs;332;2182747;0.002359;5;436549;163;2094173;927277.967201
system{name="bevy_asset::assets::Assets<bevy_pbr::pbr_material::StandardMaterial>::asset_events"};C:\Users\Antoi\.cargo\registry\src\index.crates.io-1949cf8c6b5b557f\bevy_ecs-0.18.1\src\system\function_system.rs;52;27190233;0.029389;13836;1965;432;131963;1541.559699
plugin cleanup{plugin="forgia_ui_lib::hud::energy::EnergyOverlayPlugin"};C:\Users\Antoi\.cargo\registry\src\index.crates.io-1949cf8c6b5b557f\bevy_app-0.18.1\src\app.rs;292;58;0.000000;1;58;58;58;0.000000
system{name="bevy_anti_alias::fxaa::prepare_fxaa_pipelines"};C:\Users\Antoi\.cargo\registry\src\index.crates.io-1949cf8c6b5b557f\bevy_ecs-0.18.1\src\system\function_system.rs;52;8175526;0.008837;18162;450;147;63564;511.964126
plugin cleanup{plugin="bevy_egui::EguiPlugin"};C:\Users\Antoi\.cargo\registry\src\index.crates.io-1949cf8c6b5b557f\bevy_app-0.18.1\src\app.rs;292;55;0.000000;1;55;55;55;0.000000
asset loading{loader="bevy_image::image_loader::ImageLoader" asset="textures-v1/terrain/grass/diff.jpg"};C:\Users\Antoi\.cargo\registry\src\index.crates.io-1949cf8c6b5b557f\bevy_asset-0.18.1\src\server\loaders.rs;332;19443268;0.021015;8;2430408;155;18261427;6401023.908091
plugin build{plugin="bevy_anti_alias::taa::TemporalAntiAliasPlugin"};C:\Users\Antoi\.cargo\registry\src\index.crates.io-1949cf8c6b5b557f\bevy_app-0.18.1\src\app.rs;529;60079;0.000065;1;60079;60079;60079;0.000000
system{name="forgia_mode_roguelite::hud::draw_ultimate_banner"};C:\Users\Antoi\.cargo\registry\src\index.crates.io-1949cf8c6b5b557f\bevy_ecs-0.18.1\src\system\function_system.rs;52;6681356;0.007222;17217;388;109;79641;732.808097
system{name="bevy_pbr::material::check_entities_needing_specialization<bevy_pbr::extended_material::ExtendedMaterial<bevy_pbr::pbr_material::StandardMaterial, bevy_pbr::decal::forward::ForwardDecalMaterialExt>>"};C:\Users\Antoi\.cargo\registry\src\index.crates.io-1949cf8c6b5b557f\bevy_ecs-0.18.1\src\system\function_system.rs;52;27036797;0.029223;18163;1488;608;40656;685.650995
asset loading{loader="bevy_image::image_loader::ImageLoader" asset="ui/menu_video/frame_0054.webp"};C:\Users\Antoi\.cargo\registry\src\index.crates.io-1949cf8c6b5b557f\bevy_asset-0.18.1\src\server\loaders.rs;332;15502666;0.016756;7;2214666;551;15465062;5842877.842801
system{name="bevy_asset::assets::Assets<forgia_genome_core::Genome<forgia_ui_lib::hud_ammo::tuning::AmmoHudTuning>>::asset_events"};C:\Users\Antoi\.cargo\registry\src\index.crates.io-1949cf8c6b5b557f\bevy_ecs-0.18.1\src\system\function_system.rs;52;428;0.000000;1;428;428;428;0.000000
system{name="bevy_input::mouse::mouse_button_input_system"};C:\Users\Antoi\.cargo\registry\src\index.crates.io-1949cf8c6b5b557f\bevy_ecs-0.18.1\src\system\function_system.rs;52;6976481;0.007541;18163;384;121;234857;1747.046892
system{name="bevy_render::extract_resource::extract_resource<bevy_pbr::material::DefaultOpaqueRendererMethod>"};C:\Users\Antoi\.cargo\registry\src\index.crates.io-1949cf8c6b5b557f\bevy_ecs-0.18.1\src\system\function_system.rs;52;4636421;0.005011;18163;255;70;7732;361.036439
plugin build{plugin="bevy_sprite_render::mesh2d::mesh::Mesh2dRenderPlugin"};C:\Users\Antoi\.cargo\registry\src\index.crates.io-1949cf8c6b5b557f\bevy_app-0.18.1\src\app.rs;529;149898;0.000162;1;149898;149898;149898;0.000000
plugin build{plugin="forgia_mode_roguelite::pipeline_warmup::PipelineWarmupPlugin"};C:\Users\Antoi\.cargo\registry\src\index.crates.io-1949cf8c6b5b557f\bevy_app-0.18.1\src\app.rs;529;22818;0.000025;1;22818;22818;22818;0.000000
system_commands{name="bevy_picking::hover::update_is_directly_hovered"};C:\Users\Antoi\.cargo\registry\src\index.crates.io-1949cf8c6b5b557f\bevy_ecs-0.18.1\src\system\function_system.rs;54;1658639;0.001793;18163;91;52;10262;104.471042
system{name="bevy_asset::assets::Assets<bevy_image::image::Image>::track_assets"};C:\Users\Antoi\.cargo\registry\src\index.crates.io-1949cf8c6b5b557f\bevy_ecs-0.18.1\src\system\function_system.rs;52;26453721;0.028593;18163;1456;93;461605;11844.366088
plugin build{plugin="bevy_core_pipeline::core_3d::Core3dPlugin"};C:\Users\Antoi\.cargo\registry\src\index.crates.io-1949cf8c6b5b557f\bevy_app-0.18.1\src\app.rs;529;181260;0.000196;1;181260;181260;181260;0.000000
system{name="forgia_observability::lifecycle_sensor::obs_target_cube_added"};C:\Users\Antoi\.cargo\registry\src\index.crates.io-1949cf8c6b5b557f\bevy_ecs-0.18.1\src\system\function_system.rs;52;1498;0.000002;20;74;58;169;29.237683
system{name="bevy_picking::hover::update_is_hovered"};C:\Users\Antoi\.cargo\registry\src\index.crates.io-1949cf8c6b5b557f\bevy_ecs-0.18.1\src\system\function_system.rs;52;5170951;0.005589;18163;284;76;4493;102.441913
plugin cleanup{plugin="bevy_render::render_phase::SortedRenderPhasePlugin<bevy_core_pipeline::core_3d::Transmissive3d, bevy_pbr::render::mesh::MeshPipeline>"};C:\Users\Antoi\.cargo\registry\src\index.crates.io-1949cf8c6b5b557f\bevy_app-0.18.1\src\app.rs;292;57;0.000000;1;57;57;57;0.000000
plugin finish{plugin="forgia_rpg_data::quests::ForgiaQuestsPlugin"};C:\Users\Antoi\.cargo\registry\src\index.crates.io-1949cf8c6b5b557f\bevy_app-0.18.1\src\app.rs;272;55;0.000000;1;55;55;55;0.000000
plugin finish{plugin="forgia_mode_roguelite::trempe::RogueliteTrempePlugin"};C:\Users\Antoi\.cargo\registry\src\index.crates.io-1949cf8c6b5b557f\bevy_app-0.18.1\src\app.rs;272;54;0.000000;1;54;54;54;0.000000
system{name="bevy_app::propagate::on_r_removed<bevy_ui::ui_node::ComputedUiRenderTargetInfo, (), bevy_ecs::hierarchy::ChildOf>"};C:\Users\Antoi\.cargo\registry\src\index.crates.io-1949cf8c6b5b557f\bevy_ecs-0.18.1\src\system\function_system.rs;52;51395;0.000056;609;84;54;1373;87.062090
schedule{name=Render};C:\Users\Antoi\.cargo\registry\src\index.crates.io-1949cf8c6b5b557f\bevy_ecs-0.18.1\src\schedule\schedule.rs;532;75741128687;81.865124;18162;4170307;1989253;248263551;2363049.364600
plugin build{plugin="forgia_rpg_data::quests::ForgiaQuestsPlugin"};C:\Users\Antoi\.cargo\registry\src\index.crates.io-1949cf8c6b5b557f\bevy_app-0.18.1\src\app.rs;529;83904;0.000091;1;83904;83904;83904;0.000000
system{name="bevy_render::extract_component::extract_components<bevy_anti_alias::contrast_adaptive_sharpening::ContrastAdaptiveSharpening>"};C:\Users\Antoi\.cargo\registry\src\index.crates.io-1949cf8c6b5b557f\bevy_ecs-0.18.1\src\system\function_system.rs;52;9799390;0.010592;18163;539;207;28190;348.520065
system_commands{name="bevy_sprite_render::text2d::extract_text2d_sprite"};C:\Users\Antoi\.cargo\registry\src\index.crates.io-1949cf8c6b5b557f\bevy_ecs-0.18.1\src\system\function_system.rs;54;3832213;0.004142;18162;211;51;130841;1068.747560
system{name="bevy_render::render_phase::sweep_old_entities<bevy_core_pipeline::core_3d::Opaque3d>"};C:\Users\Antoi\.cargo\registry\src\index.crates.io-1949cf8c6b5b557f\bevy_ecs-0.18.1\src\system\function_system.rs;52;16349686;0.017672;18162;900;102;127851;1705.291705
plugin cleanup{plugin="bevy_render::extract_component::ExtractComponentPlugin<bevy_pbr::fog::DistanceFog>"};C:\Users\Antoi\.cargo\registry\src\index.crates.io-1949cf8c6b5b557f\bevy_app-0.18.1\src\app.rs;292;54;0.000000;1;54;54;54;0.000000
plugin build{plugin="forgia_effects::arena_feedback::ArenaFeedbackPlugin"};C:\Users\Antoi\.cargo\registry\src\index.crates.io-1949cf8c6b5b557f\bevy_app-0.18.1\src\app.rs;529;5674;0.000006;1;5674;5674;5674;0.000000
system{name="bevy_asset::assets::Assets<bevy_kira_audio::instance::AudioInstance>::asset_events_condition"};C:\Users\Antoi\.cargo\registry\src\index.crates.io-1949cf8c6b5b557f\bevy_ecs-0.18.1\src\system\function_system.rs;52;1587191;0.001716;18163;87;53;4423;54.532716
asset loading{loader="bevy_image::image_loader::ImageLoader" asset="ui/menu_video/frame_0065.webp"};C:\Users\Antoi\.cargo\registry\src\index.crates.io-1949cf8c6b5b557f\bevy_asset-0.18.1\src\server\loaders.rs;332;14510006;0.015683;7;2072858;214;14469569;5466437.715281
system_commands{name="bevy_rapier3d::plugin::systems::joint::init_joints"};C:\Users\Antoi\.cargo\registry\src\index.crates.io-1949cf8c6b5b557f\bevy_ecs-0.18.1\src\system\function_system.rs;54;641762;0.000694;5734;111;68;768;32.690003
system{name="bevy_pbr::render::light::extract_lights"};C:\Users\Antoi\.cargo\registry\src\index.crates.io-1949cf8c6b5b557f\bevy_ecs-0.18.1\src\system\function_system.rs;52;526081136;0.568617;18163;28964;1435;230185;11407.461330
asset loading{loader="bevy_shader::shader::ShaderLoader" asset="embedded://bevy_pbr\\render/pbr_ambient.wgsl"};C:\Users\Antoi\.cargo\registry\src\index.crates.io-1949cf8c6b5b557f\bevy_asset-0.18.1\src\server\loaders.rs;332;86711;0.000094;2;43355;138;86573;61118.774636
system{name="bevy_gizmos::start_gizmo_context<bevy_gizmos::aabb::AabbGizmoConfigGroup, bevy_time::fixed::Fixed>"};C:\Users\Antoi\.cargo\registry\src\index.crates.io-1949cf8c6b5b557f\bevy_ecs-0.18.1\src\system\function_system.rs;52;2548333;0.002754;18163;140;64;54869;409.301565
plugin finish{plugin="forgia_secondary_motion::ForgiaSecondaryMotionPlugin"};C:\Users\Antoi\.cargo\registry\src\index.crates.io-1949cf8c6b5b557f\bevy_app-0.18.1\src\app.rs;272;1041;0.000001;1;1041;1041;1041;0.000000
system{name="forgia_ai_arena_bot::tick_respawns"};C:\Users\Antoi\.cargo\registry\src\index.crates.io-1949cf8c6b5b557f\bevy_ecs-0.18.1\src\system\function_system.rs;52;5313660;0.005743;18163;292;117;20278;213.090415
system{name="forgia_mode_roguelite::boons_apply::sys_recompute_boon_mods"};C:\Users\Antoi\.cargo\registry\src\index.crates.io-1949cf8c6b5b557f\bevy_ecs-0.18.1\src\system\function_system.rs;52;14110782;0.015252;17308;815;190;251811;2368.716683
plugin cleanup{plugin="bevy_render::extract_component::ExtractComponentPlugin<bevy_pbr::atmosphere::environment::AtmosphereEnvironmentMap>"};C:\Users\Antoi\.cargo\registry\src\index.crates.io-1949cf8c6b5b557f\bevy_app-0.18.1\src\app.rs;292;52;0.000000;1;52;52;52;0.000000
system{name="bevy_pbr::material::mark_meshes_as_changed_if_their_materials_changed<bevy_pbr::pbr_material::StandardMaterial>"};C:\Users\Antoi\.cargo\registry\src\index.crates.io-1949cf8c6b5b557f\bevy_ecs-0.18.1\src\system\function_system.rs;52;118829157;0.128437;18163;6542;270;368910;4564.201413
plugin cleanup{plugin="forgia_viewmodel::vm_camera::ForgiaViewmodelCameraPlugin"};C:\Users\Antoi\.cargo\registry\src\index.crates.io-1949cf8c6b5b557f\bevy_app-0.18.1\src\app.rs;292;56;0.000000;1;56;56;56;0.000000
{shadow_directional_light_1_cascade_3};C:\Users\Antoi\.cargo\registry\src\index.crates.io-1949cf8c6b5b557f\bevy_pbr-0.18.1\src\render\light.rs;2326;1306963904;1.412638;17306;75520;15806;5897904;50815.946533
asset loading{loader="bevy_gltf::loader::GltfLoader" asset="models/environment/inferno/WellSmall_001.glb"};C:\Users\Antoi\.cargo\registry\src\index.crates.io-1949cf8c6b5b557f\bevy_asset-0.18.1\src\server\loaders.rs;332;16556824;0.017896;8;2069603;228;16410278;5794534.456295
system{name="forgia_fps::fire_weapon_minimal"};C:\Users\Antoi\.cargo\registry\src\index.crates.io-1949cf8c6b5b557f\bevy_ecs-0.18.1\src\system\function_system.rs;52;14269650;0.015423;5297;2693;448;445416;6890.002567
system{name="forgia_ai_arena_bot::on_bot_death"};C:\Users\Antoi\.cargo\registry\src\index.crates.io-1949cf8c6b5b557f\bevy_ecs-0.18.1\src\system\function_system.rs;52;16588;0.000018;8;2073;345;11057;3744.564518
plugin cleanup{plugin="forgia_mode_roguelite::forge_shop::RogueliteForgeShopPlugin"};C:\Users\Antoi\.cargo\registry\src\index.crates.io-1949cf8c6b5b557f\bevy_app-0.18.1\src\app.rs;292;50;0.000000;1;50;50;50;0.000000
plugin build{plugin="forgia_debug::ForgiaDebugPlugin"};C:\Users\Antoi\.cargo\registry\src\index.crates.io-1949cf8c6b5b557f\bevy_app-0.18.1\src\app.rs;529;54321;0.000059;1;54321;54321;54321;0.000000
schedule{name=Startup};C:\Users\Antoi\.cargo\registry\src\index.crates.io-1949cf8c6b5b557f\bevy_ecs-0.18.1\src\schedule\schedule.rs;532;16362981;0.017686;1;16362981;16362981;16362981;0.000000
asset loading{loader="bevy_gltf::loader::GltfLoader" asset="models/environment/inferno/RockBig_001.glb"};C:\Users\Antoi\.cargo\registry\src\index.crates.io-1949cf8c6b5b557f\bevy_asset-0.18.1\src\server\loaders.rs;332;6566849;0.007098;4;1641712;169;6523833;3254807.210469
system{name="forgia_observability::exporter::sys_write_rpg_health_json"};C:\Users\Antoi\.cargo\registry\src\index.crates.io-1949cf8c6b5b557f\bevy_ecs-0.18.1\src\system\function_system.rs;52;6929088;0.007489;18163;381;116;72269;662.501990
node{name="bevy_render::render_graph::node::ViewNodeRunner<bevy_pbr::atmosphere::node::AtmosphereLutsNode>"};C:\Users\Antoi\.cargo\registry\src\index.crates.io-1949cf8c6b5b557f\bevy_render-0.18.1\src\renderer\graph_runner.rs;240;9489622;0.010257;36324;261;63;18529;193.907747
plugin cleanup{plugin="bevy_pbr::lightmap::LightmapPlugin"};C:\Users\Antoi\.cargo\registry\src\index.crates.io-1949cf8c6b5b557f\bevy_app-0.18.1\src\app.rs;292;55;0.000000;1;55;55;55;0.000000
system{name="forgia_ui_lib::hud::energy::draw_warm_orange_fade"};C:\Users\Antoi\.cargo\registry\src\index.crates.io-1949cf8c6b5b557f\bevy_ecs-0.18.1\src\system\function_system.rs;52;10413664;0.011256;18072;576;84;24669;342.310301
plugin build{plugin="bevy_ui::picking_backend::UiPickingPlugin"};C:\Users\Antoi\.cargo\registry\src\index.crates.io-1949cf8c6b5b557f\bevy_app-0.18.1\src\app.rs;529;8029;0.000009;1;8029;8029;8029;0.000000
system_commands{name="bevy_state::state_scoped::despawn_entities_on_enter_state<forgia_core::states::GameMode>"};C:\Users\Antoi\.cargo\registry\src\index.crates.io-1949cf8c6b5b557f\bevy_ecs-0.18.1\src\system\function_system.rs;54;1042097;0.001126;18164;57;49;7536;62.793760
plugin build{plugin="forgia_terrain::ForgiaTerrainPlugin"};C:\Users\Antoi\.cargo\registry\src\index.crates.io-1949cf8c6b5b557f\bevy_app-0.18.1\src\app.rs;529;54246;0.000059;1;54246;54246;54246;0.000000
plugin cleanup{plugin="bevy_pbr::render::fog::FogPlugin"};C:\Users\Antoi\.cargo\registry\src\index.crates.io-1949cf8c6b5b557f\bevy_app-0.18.1\src\app.rs;292;111;0.000000;1;111;111;111;0.000000
plugin finish{plugin="forgia_crosshair::ForgiaCrosshairPlugin"};C:\Users\Antoi\.cargo\registry\src\index.crates.io-1949cf8c6b5b557f\bevy_app-0.18.1\src\app.rs;272;55;0.000000;1;55;55;55;0.000000
plugin build{plugin="forgia_ui_lib::dialogue::ForgiaUiDialoguePlugin"};C:\Users\Antoi\.cargo\registry\src\index.crates.io-1949cf8c6b5b557f\bevy_app-0.18.1\src\app.rs;529;5133;0.000006;1;5133;5133;5133;0.000000
system{name="bevy_core_pipeline::upscaling::prepare_view_upscaling_pipelines"};C:\Users\Antoi\.cargo\registry\src\index.crates.io-1949cf8c6b5b557f\bevy_ecs-0.18.1\src\system\function_system.rs;52;131200072;0.141808;18162;7223;859;71745921;560201.519568
plugin finish{plugin="bevy_render::render_phase::BinnedRenderPhasePlugin<bevy_core_pipeline::core_3d::AlphaMask3d, bevy_pbr::render::mesh::MeshPipeline>"};C:\Users\Antoi\.cargo\registry\src\index.crates.io-1949cf8c6b5b557f\bevy_app-0.18.1\src\app.rs;272;72;0.000000;1;72;72;72;0.000000
system_commands{name="bevy_ui_render::extract_text_decorations"};C:\Users\Antoi\.cargo\registry\src\index.crates.io-1949cf8c6b5b557f\bevy_ecs-0.18.1\src\system\function_system.rs;54;1619090;0.001750;18162;89;50;700;21.498373
asset loading{loader="bevy_shader::shader::ShaderLoader" asset="embedded://bevy_pbr\\render\\forward_io.wgsl"};C:\Users\Antoi\.cargo\registry\src\index.crates.io-1949cf8c6b5b557f\bevy_asset-0.18.1\src\server\loaders.rs;332;124569;0.000135;2;62284;82;124487;87967.619116
system{name="bevy_post_process::bloom::prepare_bloom_textures"};C:\Users\Antoi\.cargo\registry\src\index.crates.io-1949cf8c6b5b557f\bevy_ecs-0.18.1\src\system\function_system.rs;52;6498513;0.007024;18162;357;87;68800;581.142555
system{name="bevy_egui::input::write_window_touch_messages_system"};C:\Users\Antoi\.cargo\registry\src\index.crates.io-1949cf8c6b5b557f\bevy_ecs-0.18.1\src\system\function_system.rs;52;9153272;0.009893;18163;503;206;35102;310.509079
system{name="bevy_asset::assets::Assets<bevy_animation::graph::AnimationGraph>::track_assets"};C:\Users\Antoi\.cargo\registry\src\index.crates.io-1949cf8c6b5b557f\bevy_ecs-0.18.1\src\system\function_system.rs;52;17731473;0.019165;18163;976;93;479720;7999.096231
{shadow_directional_light_1_cascade_0};C:\Users\Antoi\.cargo\registry\src\index.crates.io-1949cf8c6b5b557f\bevy_pbr-0.18.1\src\render\light.rs;2326;1296616101;1.401453;17306;74922;29054;4291505;37759.036798
plugin build{plugin="bevy_image::texture_atlas::TextureAtlasPlugin"};C:\Users\Antoi\.cargo\registry\src\index.crates.io-1949cf8c6b5b557f\bevy_app-0.18.1\src\app.rs;529;34295;0.000037;1;34295;34295;34295;0.000000
system_commands{name="forgia_mode_roguelite::meta_shop::sys_load_meta_shop"};C:\Users\Antoi\.cargo\registry\src\index.crates.io-1949cf8c6b5b557f\bevy_ecs-0.18.1\src\system\function_system.rs;54;19369;0.000021;1;19369;19369;19369;0.000000
system_commands{name="forgia_worldgen::sys_load_kit"};C:\Users\Antoi\.cargo\registry\src\index.crates.io-1949cf8c6b5b557f\bevy_ecs-0.18.1\src\system\function_system.rs;54;4297;0.000005;1;4297;4297;4297;0.000000
asset loading{loader="bevy_image::image_loader::ImageLoader" asset="textures/vfx/kenney/flame_03.png"};C:\Users\Antoi\.cargo\registry\src\index.crates.io-1949cf8c6b5b557f\bevy_asset-0.18.1\src\server\loaders.rs;332;544657;0.000589;6;90776;284;487710;195093.264888
system_commands{name="bevy_sprite::calculate_bounds_2d"};C:\Users\Antoi\.cargo\registry\src\index.crates.io-1949cf8c6b5b557f\bevy_ecs-0.18.1\src\system\function_system.rs;54;1738627;0.001879;18163;95;50;1634;23.565226
asset loading{loader="bevy_shader::shader::ShaderLoader" asset="embedded://bevy_render\\globals.wgsl"};C:\Users\Antoi\.cargo\registry\src\index.crates.io-1949cf8c6b5b557f\bevy_asset-0.18.1\src\server\loaders.rs;332;3665139;0.003961;2;1832569;66;3665073;2591551.302796
system_commands{name="forgia_mode_roguelite::audio::sys_init_audio_genome"};C:\Users\Antoi\.cargo\registry\src\index.crates.io-1949cf8c6b5b557f\bevy_ecs-0.18.1\src\system\function_system.rs;54;3814;0.000004;1;3814;3814;3814;0.000000
system{name="bevy_state::state::transitions::run_exit<forgia_core::states::GameMode>"};C:\Users\Antoi\.cargo\registry\src\index.crates.io-1949cf8c6b5b557f\bevy_ecs-0.18.1\src\system\function_system.rs;52;1505170;0.001627;18164;82;58;1311;38.052971
plugin cleanup{plugin="bevy_render::mesh::MorphPlugin"};C:\Users\Antoi\.cargo\registry\src\index.crates.io-1949cf8c6b5b557f\bevy_app-0.18.1\src\app.rs;292;54;0.000000;1;54;54;54;0.000000
plugin cleanup{plugin="forgia_effects::pipeline_ready::PipelinesReadyPlugin"};C:\Users\Antoi\.cargo\registry\src\index.crates.io-1949cf8c6b5b557f\bevy_app-0.18.1\src\app.rs;292;54;0.000000;1;54;54;54;0.000000
system{name="forgia_mode_roguelite::loot_room::sys_portal_walkover"};C:\Users\Antoi\.cargo\registry\src\index.crates.io-1949cf8c6b5b557f\bevy_ecs-0.18.1\src\system\function_system.rs;52;13714184;0.014823;17308;792;312;175459;1765.817178
system{name="bevy_sprite_render::texture_slice::computed_slices::compute_slices_on_sprite_change"};C:\Users\Antoi\.cargo\registry\src\index.crates.io-1949cf8c6b5b557f\bevy_ecs-0.18.1\src\system\function_system.rs;52;4093863;0.004425;18163;225;76;85507;672.705797
system_commands{name="bevy_gizmos_render::init_line_gizmo_uniform_bind_group_layout"};C:\Users\Antoi\.cargo\registry\src\index.crates.io-1949cf8c6b5b557f\bevy_ecs-0.18.1\src\system\function_system.rs;54;2317;0.000003;1;2317;2317;2317;0.000000
plugin build{plugin="bevy_render::extract_component::ExtractComponentPlugin<bevy_render::view::Msaa>"};C:\Users\Antoi\.cargo\registry\src\index.crates.io-1949cf8c6b5b557f\bevy_app-0.18.1\src\app.rs;529;8869;0.000010;1;8869;8869;8869;0.000000
plugin finish{plugin="forgia_viewmodel::pose::ForgiaViewmodelPosePlugin"};C:\Users\Antoi\.cargo\registry\src\index.crates.io-1949cf8c6b5b557f\bevy_app-0.18.1\src\app.rs;272;1130;0.000001;1;1130;1130;1130;0.000000
asset loading{loader="forgia_genome_core::GenomeLoader<forgia_mode_fps_arena::ArenaBotsGenome>" asset="genomes/arena_bots.toml"};C:\Users\Antoi\.cargo\registry\src\index.crates.io-1949cf8c6b5b557f\bevy_asset-0.18.1\src\server\loaders.rs;332;224608;0.000243;5;44921;212;208014;91300.029588
system{name="bevy_hanabi::render::property::allocate_properties"};C:\Users\Antoi\.cargo\registry\src\index.crates.io-1949cf8c6b5b557f\bevy_ecs-0.18.1\src\system\function_system.rs;52;12382854;0.013384;18162;681;227;122387;1084.662444
node{name="bevy_egui::render::render_pass::EguiPassNode"};C:\Users\Antoi\.cargo\registry\src\index.crates.io-1949cf8c6b5b557f\bevy_render-0.18.1\src\renderer\graph_runner.rs;240;89708212;0.096962;18162;4939;2958;97884;2124.372110
system{name="bevy_asset::assets::Assets<bevy_kira_audio::source::AudioSource>::track_assets"};C:\Users\Antoi\.cargo\registry\src\index.crates.io-1949cf8c6b5b557f\bevy_ecs-0.18.1\src\system\function_system.rs;52;23531241;0.025434;18163;1295;122;266365;7240.980971
main app;C:\Users\Antoi\.cargo\registry\src\index.crates.io-1949cf8c6b5b557f\bevy_app-0.18.1\src\sub_app.rs;516;56459701897;61.024711;18163;3108500;1440280;92513190;1704629.629387
system_commands{name="forgia_mode_roguelite::decor::sys_load_decor_assets"};C:\Users\Antoi\.cargo\registry\src\index.crates.io-1949cf8c6b5b557f\bevy_ecs-0.18.1\src\system\function_system.rs;54;5034;0.000005;1;5034;5034;5034;0.000000
system_commands{name="forgia_mode_roguelite::element_vfx::sys_init_element_bursts"};C:\Users\Antoi\.cargo\registry\src\index.crates.io-1949cf8c6b5b557f\bevy_ecs-0.18.1\src\system\function_system.rs;54;46711;0.000050;1;46711;46711;46711;0.000000
plugin build{plugin="bevy_post_process::dof::DepthOfFieldPlugin"};C:\Users\Antoi\.cargo\registry\src\index.crates.io-1949cf8c6b5b557f\bevy_app-0.18.1\src\app.rs;529;95568;0.000103;1;95568;95568;95568;0.000000
system{name="bevy_render::extract_component::extract_components<bevy_post_process::effect_stack::ChromaticAberration>"};C:\Users\Antoi\.cargo\registry\src\index.crates.io-1949cf8c6b5b557f\bevy_ecs-0.18.1\src\system\function_system.rs;52;8264369;0.008933;18163;455;141;4908;254.488981
multithreaded executor;C:\Users\Antoi\.cargo\registry\src\index.crates.io-1949cf8c6b5b557f\bevy_ecs-0.18.1\src\schedule\executor\multi_threaded.rs;400;20827801303;22.511818;11489651;1812;64;4514526;6191.422232
system_commands{name="bevy_render::render_asset::extract_render_asset<bevy_gizmos_render::GpuLineGizmo>"};C:\Users\Antoi\.cargo\registry\src\index.crates.io-1949cf8c6b5b557f\bevy_ecs-0.18.1\src\system\function_system.rs;54;17260222;0.018656;18162;950;361;37912;401.238429
system{name="forgia_fps::load_fps_tuning"};C:\Users\Antoi\.cargo\registry\src\index.crates.io-1949cf8c6b5b557f\bevy_ecs-0.18.1\src\system\function_system.rs;52;284810;0.000308;1;284810;284810;284810;0.000000
plugin cleanup{plugin="bevy_core_pipeline::tonemapping::TonemappingPlugin"};C:\Users\Antoi\.cargo\registry\src\index.crates.io-1949cf8c6b5b557f\bevy_app-0.18.1\src\app.rs;292;53;0.000000;1;53;53;53;0.000000
transparent_main_pass_2d;C:\Users\Antoi\.cargo\registry\src\index.crates.io-1949cf8c6b5b557f\bevy_core_pipeline-0.18.1\src\core_2d\main_transparent_pass_2d_node.rs;86;7771206;0.008400;1655;4695;2113;159634;4692.870307
plugin finish{plugin="forgia_mode_roguelite::enemy_scaling::RogueliteEnemyScalingPlugin"};C:\Users\Antoi\.cargo\registry\src\index.crates.io-1949cf8c6b5b557f\bevy_app-0.18.1\src\app.rs;272;52;0.000000;1;52;52;52;0.000000
system{name="bevy_egui::free_egui_textures_system"};C:\Users\Antoi\.cargo\registry\src\index.crates.io-1949cf8c6b5b557f\bevy_ecs-0.18.1\src\system\function_system.rs;52;10135706;0.010955;18163;558;205;26139;262.991103
plugin build{plugin="bevy_pbr::decal::clustered::ClusteredDecalPlugin"};C:\Users\Antoi\.cargo\registry\src\index.crates.io-1949cf8c6b5b557f\bevy_app-0.18.1\src\app.rs;529;31123;0.000034;1;31123;31123;31123;0.000000
system_commands{name="bevy_pbr::light_probe::upload_light_probes"};C:\Users\Antoi\.cargo\registry\src\index.crates.io-1949cf8c6b5b557f\bevy_ecs-0.18.1\src\system\function_system.rs;54;48380990;0.052293;18162;2663;1321;91933;1261.549491
asset loading{loader="bevy_shader::shader::ShaderLoader" asset="embedded://bevy_pbr\\volumetric_fog\\volumetric_fog.wgsl"};C:\Users\Antoi\.cargo\registry\src\index.crates.io-1949cf8c6b5b557f\bevy_asset-0.18.1\src\server\loaders.rs;332;768059;0.000830;2;384029;122;767937;542927.193197
asset loading{loader="bevy_shader::shader::ShaderLoader" asset="embedded://bevy_gizmos_render\\lines.wgsl"};C:\Users\Antoi\.cargo\registry\src\index.crates.io-1949cf8c6b5b557f\bevy_asset-0.18.1\src\server\loaders.rs;332;252855;0.000273;2;126427;63;252792;178706.389704
system{name="forgia_crosshair::draw_crosshair"};C:\Users\Antoi\.cargo\registry\src\index.crates.io-1949cf8c6b5b557f\bevy_ecs-0.18.1\src\system\function_system.rs;52;26419631;0.028556;18163;1454;78;87202;1080.149292
system_commands{name="bevy_anti_alias::taa::init_taa_pipeline"};C:\Users\Antoi\.cargo\registry\src\index.crates.io-1949cf8c6b5b557f\bevy_ecs-0.18.1\src\system\function_system.rs;54;3124;0.000003;1;3124;3124;3124;0.000000
system{name="bevy_post_process::bloom::upsampling_pipeline::prepare_upsampling_pipeline"};C:\Users\Antoi\.cargo\registry\src\index.crates.io-1949cf8c6b5b557f\bevy_ecs-0.18.1\src\system\function_system.rs;52;5074745;0.005485;18162;279;84;16306;232.733813
plugin build{plugin="bevy_render::render_asset::RenderAssetPlugin<bevy_sprite_render::mesh2d::material::PreparedMaterial2d<bevy_sprite_render::mesh2d::color_material::ColorMaterial>>"};C:\Users\Antoi\.cargo\registry\src\index.crates.io-1949cf8c6b5b557f\bevy_app-0.18.1\src\app.rs;529;26914;0.000029;1;26914;26914;26914;0.000000
system{name="bevy_pbr::material::check_entities_needing_specialization<bevy_pbr::extended_material::ExtendedMaterial<bevy_pbr::pbr_material::StandardMaterial, bevy_water::water::material::WaterMaterial>>"};C:\Users\Antoi\.cargo\registry\src\index.crates.io-1949cf8c6b5b557f\bevy_ecs-0.18.1\src\system\function_system.rs;52;1388368675;1.500624;18163;76439;11198;63266181;858991.204544
plugin finish{plugin="bevy_render::camera::CameraPlugin"};C:\Users\Antoi\.cargo\registry\src\index.crates.io-1949cf8c6b5b557f\bevy_app-0.18.1\src\app.rs;272;59;0.000000;1;59;59;59;0.000000
system{name="bevy_asset::assets::Assets<forgia_genome_core::Genome<forgia_fps::FpsTuning>>::track_assets"};C:\Users\Antoi\.cargo\registry\src\index.crates.io-1949cf8c6b5b557f\bevy_ecs-0.18.1\src\system\function_system.rs;52;17684927;0.019115;18163;973;100;928832;8239.958647
system{name="bevy_asset::assets::Assets<bevy_scene::scene::Scene>::track_assets"};C:\Users\Antoi\.cargo\registry\src\index.crates.io-1949cf8c6b5b557f\bevy_ecs-0.18.1\src\system\function_system.rs;52;8066932;0.008719;18163;444;121;132409;2048.062149
run_graph{name="Core3d" debug_group="Camera 0 (61v205)"};C:\Users\Antoi\.cargo\registry\src\index.crates.io-1949cf8c6b5b557f\bevy_render-0.18.1\src\renderer\graph_runner.rs;119;8104682142;8.759980;17307;468289;215989;6370452;145232.225251
plugins{tag="on_begin_pass"};C:\Users\Antoi\.cargo\registry\src\index.crates.io-1949cf8c6b5b557f\egui-0.33.3\src\plugin.rs;151;176429216;0.190694;18163;9713;5190;163744;6917.277628
plugin finish{plugin="bevy_water::water::material::WaterMaterialPlugin"};C:\Users\Antoi\.cargo\registry\src\index.crates.io-1949cf8c6b5b557f\bevy_app-0.18.1\src\app.rs;272;54;0.000000;1;54;54;54;0.000000
asset loading{loader="bevy_image::image_loader::ImageLoader" asset="ui/menu_video/frame_0100.webp"};C:\Users\Antoi\.cargo\registry\src\index.crates.io-1949cf8c6b5b557f\bevy_asset-0.18.1\src\server\loaders.rs;332;14414886;0.015580;7;2059269;201;14362266;5425116.372573
plugin build{plugin="bevy_pbr::render::mesh::MeshRenderPlugin"};C:\Users\Antoi\.cargo\registry\src\index.crates.io-1949cf8c6b5b557f\bevy_app-0.18.1\src\app.rs;529;313084;0.000338;1;313084;313084;313084;0.000000
plugin finish{plugin="bevy_pbr::decal::forward::ForwardDecalPlugin"};C:\Users\Antoi\.cargo\registry\src\index.crates.io-1949cf8c6b5b557f\bevy_app-0.18.1\src\app.rs;272;57;0.000000;1;57;57;57;0.000000
asset loading{loader="bevy_shader::shader::ShaderLoader" asset="embedded://bevy_sprite_render\\mesh2d\\mesh2d_functions.wgsl"};C:\Users\Antoi\.cargo\registry\src\index.crates.io-1949cf8c6b5b557f\bevy_asset-0.18.1\src\server\loaders.rs;332;87136;0.000094;2;43568;68;87068;61518.289963
system{name="bevy_pbr::decal::clustered::extract_clustered_decal"};C:\Users\Antoi\.cargo\registry\src\index.crates.io-1949cf8c6b5b557f\bevy_ecs-0.18.1\src\system\function_system.rs;52;10974662;0.011862;18163;604;199;8340;319.401720
system{name="forgia_viewmodel::genome::load_viewmodel_genome"};C:\Users\Antoi\.cargo\registry\src\index.crates.io-1949cf8c6b5b557f\bevy_ecs-0.18.1\src\system\function_system.rs;52;671889;0.000726;1;671889;671889;671889;0.000000
write_work_item_buffers;C:\Users\Antoi\.cargo\registry\src\index.crates.io-1949cf8c6b5b557f\bevy_render-0.18.1\src\batching\gpu_preprocessing.rs;2056;1523582079;1.646770;214528;7102;48;4897444;21548.803437
plugin cleanup{plugin="forgia_juice_lib::recoil::ForgiaJuiceRecoilPlugin"};C:\Users\Antoi\.cargo\registry\src\index.crates.io-1949cf8c6b5b557f\bevy_app-0.18.1\src\app.rs;292;53;0.000000;1;53;53;53;0.000000
system{name="forgia_ui_lib::damage_direction::tick_damage_arcs"};C:\Users\Antoi\.cargo\registry\src\index.crates.io-1949cf8c6b5b557f\bevy_ecs-0.18.1\src\system\function_system.rs;52;3983699;0.004306;18163;219;81;150698;1124.540606
plugin cleanup{plugin="forgia_ui_lib::quest_journal::ForgiaUiQuestPlugin"};C:\Users\Antoi\.cargo\registry\src\index.crates.io-1949cf8c6b5b557f\bevy_app-0.18.1\src\app.rs;292;52;0.000000;1;52;52;52;0.000000
check_conditions{name="bevy_gizmos::end_gizmo_context<bevy_gizmos::light::LightGizmoConfigGroup, bevy_time::fixed::Fixed>"};C:\Users\Antoi\.cargo\registry\src\index.crates.io-1949cf8c6b5b557f\bevy_ecs-0.18.1\src\schedule\executor\single_threaded.rs;83;13177288;0.014243;18163;725;56;83957;1366.687479
plugin finish{plugin="bevy_render::sync_component::SyncComponentPlugin<bevy_hanabi::EffectVisibilityClass>"};C:\Users\Antoi\.cargo\registry\src\index.crates.io-1949cf8c6b5b557f\bevy_app-0.18.1\src\app.rs;272;73;0.000000;1;73;73;73;0.000000
system_commands{name="forgia_stage::spawn_stage_arena_on_request"};C:\Users\Antoi\.cargo\registry\src\index.crates.io-1949cf8c6b5b557f\bevy_ecs-0.18.1\src\system\function_system.rs;54;3801628;0.004109;18163;209;51;2329638;17285.441292
plugin cleanup{plugin="bevy_render::sync_component::SyncComponentPlugin<bevy_light::directional_light::DirectionalLight>"};C:\Users\Antoi\.cargo\registry\src\index.crates.io-1949cf8c6b5b557f\bevy_app-0.18.1\src\app.rs;292;58;0.000000;1;58;58;58;0.000000
asset loading{loader="bevy_shader::shader::ShaderLoader" asset="embedded://bevy_pbr\\render\\build_indirect_params.wgsl"};C:\Users\Antoi\.cargo\registry\src\index.crates.io-1949cf8c6b5b557f\bevy_asset-0.18.1\src\server\loaders.rs;332;251892;0.000272;2;125946;95;251797;177980.191038
system{name="forgia_audio::sys_apply_user_master_volume"};C:\Users\Antoi\.cargo\registry\src\index.crates.io-1949cf8c6b5b557f\bevy_ecs-0.18.1\src\system\function_system.rs;52;3251841;0.003515;18163;179;75;7434;106.523153
plugin cleanup{plugin="bevy_light::LightPlugin"};C:\Users\Antoi\.cargo\registry\src\index.crates.io-1949cf8c6b5b557f\bevy_app-0.18.1\src\app.rs;292;55;0.000000;1;55;55;55;0.000000
system{name="bevy_render::view::cleanup_view_targets_for_resize"};C:\Users\Antoi\.cargo\registry\src\index.crates.io-1949cf8c6b5b557f\bevy_ecs-0.18.1\src\system\function_system.rs;52;16266120;0.017581;18162;895;425;32321;343.501157
system{name="bevy_pbr::decal::clustered::extract_decals"};C:\Users\Antoi\.cargo\registry\src\index.crates.io-1949cf8c6b5b557f\bevy_ecs-0.18.1\src\system\function_system.rs;52;21229251;0.022946;18163;1168;399;148003;1209.179843
system{name="bevy_hanabi::render::on_remove_cached_draw_indirect_args"};C:\Users\Antoi\.cargo\registry\src\index.crates.io-1949cf8c6b5b557f\bevy_ecs-0.18.1\src\system\function_system.rs;52;1157;0.000001;4;289;66;929;426.622003
plugin cleanup{plugin="forgia_fps::ForgiaFpsPlugin"};C:\Users\Antoi\.cargo\registry\src\index.crates.io-1949cf8c6b5b557f\bevy_app-0.18.1\src\app.rs;292;54;0.000000;1;54;54;54;0.000000
plugin cleanup{plugin="bevy_render::sync_component::SyncComponentPlugin<bevy_pbr::atmosphere::environment::AtmosphereEnvironmentMap>"};C:\Users\Antoi\.cargo\registry\src\index.crates.io-1949cf8c6b5b557f\bevy_app-0.18.1\src\app.rs;292;53;0.000000;1;53;53;53;0.000000
system{name="forgia_mode_roguelite::weapon_select::sys_hot_reload_weapon_cards"};C:\Users\Antoi\.cargo\registry\src\index.crates.io-1949cf8c6b5b557f\bevy_ecs-0.18.1\src\system\function_system.rs;52;8787133;0.009498;17308;507;72;131336;4350.351439
system{name="bevy_core_pipeline::oit::check_msaa"};C:\Users\Antoi\.cargo\registry\src\index.crates.io-1949cf8c6b5b557f\bevy_ecs-0.18.1\src\system\function_system.rs;52;4566820;0.004936;18163;251;95;7473;145.072169
system{name="forgia_mode_roguelite::poi::sys_reconcile_poi_anchors"};C:\Users\Antoi\.cargo\registry\src\index.crates.io-1949cf8c6b5b557f\bevy_ecs-0.18.1\src\system\function_system.rs;52;10785940;0.011658;17308;623;229;567823;5365.479182
plugin finish{plugin="forgia_village_loader::ForgiaVillageLoaderPlugin"};C:\Users\Antoi\.cargo\registry\src\index.crates.io-1949cf8c6b5b557f\bevy_app-0.18.1\src\app.rs;272;52;0.000000;1;52;52;52;0.000000
asset loading{loader="bevy_image::image_loader::ImageLoader" asset="ui/menu_video/frame_0140.webp"};C:\Users\Antoi\.cargo\registry\src\index.crates.io-1949cf8c6b5b557f\bevy_asset-0.18.1\src\server\loaders.rs;332;14679921;0.015867;7;2097131;141;14634497;5528461.318150
system{name="forgia_mode_roguelite::hud::draw_weapon_slots"};C:\Users\Antoi\.cargo\registry\src\index.crates.io-1949cf8c6b5b557f\bevy_ecs-0.18.1\src\system\function_system.rs;52;321109329;0.347072;17217;18650;169;315928;6632.239016
system_commands{name="bevy_anti_alias::contrast_adaptive_sharpening::init_cas_pipeline"};C:\Users\Antoi\.cargo\registry\src\index.crates.io-1949cf8c6b5b557f\bevy_ecs-0.18.1\src\system\function_system.rs;54;3840;0.000004;1;3840;3840;3840;0.000000
system_commands{name="bevy_rapier3d::plugin::systems::collider::init_async_colliders"};C:\Users\Antoi\.cargo\registry\src\index.crates.io-1949cf8c6b5b557f\bevy_ecs-0.18.1\src\system\function_system.rs;54;517642;0.000559;5734;90;68;1771;49.063058
plugin cleanup{plugin="bevy_render::extract_component::ExtractComponentPlugin<bevy_post_process::effect_stack::ChromaticAberration>"};C:\Users\Antoi\.cargo\registry\src\index.crates.io-1949cf8c6b5b557f\bevy_app-0.18.1\src\app.rs;292;58;0.000000;1;58;58;58;0.000000
system{name="bevy_asset::assets::Assets<forgia_genome_core::Genome<forgia_enemy_nameplate::tuning::EnemyNameplateTuning>>::track_assets"};C:\Users\Antoi\.cargo\registry\src\index.crates.io-1949cf8c6b5b557f\bevy_ecs-0.18.1\src\system\function_system.rs;52;19297935;0.020858;18163;1062;194;181789;5566.501450
system{name="forgia_streaming::load_streaming_genome"};C:\Users\Antoi\.cargo\registry\src\index.crates.io-1949cf8c6b5b557f\bevy_ecs-0.18.1\src\system\function_system.rs;52;2322617;0.002510;1;2322617;2322617;2322617;0.000000
plugin finish{plugin="bevy_mesh::MeshPlugin"};C:\Users\Antoi\.cargo\registry\src\index.crates.io-1949cf8c6b5b557f\bevy_app-0.18.1\src\app.rs;272;60;0.000000;1;60;60;60;0.000000
function_scope{egui::context::Context::tessellate};C:\Users\Antoi\.cargo\registry\src\index.crates.io-1949cf8c6b5b557f\egui-0.33.3\src\context.rs;2658;2565651417;2.773095;18163;141257;10339;509015;41165.966899
system{name="forgia_observability::roguelite_health::sys_roguelite_health"};C:\Users\Antoi\.cargo\registry\src\index.crates.io-1949cf8c6b5b557f\bevy_ecs-0.18.1\src\system\function_system.rs;52;15341243;0.016582;17308;886;127;200932;6808.874528
system{name="forgia_auto_rig::write_auto_rig_sensor"};C:\Users\Antoi\.cargo\registry\src\index.crates.io-1949cf8c6b5b557f\bevy_ecs-0.18.1\src\system\function_system.rs;52;46299728;0.050043;18163;2549;189;707901;26706.484035
asset loading{loader="bevy_image::image_loader::ImageLoader" asset="ui/menu_video/frame_0070.webp"};C:\Users\Antoi\.cargo\registry\src\index.crates.io-1949cf8c6b5b557f\bevy_asset-0.18.1\src\server\loaders.rs;332;14061763;0.015199;7;2008823;179;14026228;5299179.784308
system{name="forgia_ui::sys_regrab_cursor_on_focus"};C:\Users\Antoi\.cargo\registry\src\index.crates.io-1949cf8c6b5b557f\bevy_ecs-0.18.1\src\system\function_system.rs;52;9948730;0.010753;18163;547;151;143998;1150.890289
plugin finish{plugin="forgia_audio::biome::ForgiaAudioBiomePlugin"};C:\Users\Antoi\.cargo\registry\src\index.crates.io-1949cf8c6b5b557f\bevy_app-0.18.1\src\app.rs;272;55;0.000000;1;55;55;55;0.000000
plugin finish{plugin="bevy_render::sync_component::SyncComponentPlugin<bevy_light::cluster::ClusteredDecal>"};C:\Users\Antoi\.cargo\registry\src\index.crates.io-1949cf8c6b5b557f\bevy_app-0.18.1\src\app.rs;272;60;0.000000;1;60;60;60;0.000000
run_graph{name="Core3d" debug_group="Camera -1 (81v0)"};C:\Users\Antoi\.cargo\registry\src\index.crates.io-1949cf8c6b5b557f\bevy_render-0.18.1\src\renderer\graph_runner.rs;119;137402437;0.148512;855;160704;129379;674824;39713.863495
system_commands{name="forgia_mode_roguelite::pipeline_warmup::sys_drain_warmup_queue"};C:\Users\Antoi\.cargo\registry\src\index.crates.io-1949cf8c6b5b557f\bevy_ecs-0.18.1\src\system\function_system.rs;54;1495704;0.001617;91;16436;62;88905;27190.292083
asset loading{loader="bevy_image::image_loader::ImageLoader" asset="ui/menu_video/frame_0138.webp"};C:\Users\Antoi\.cargo\registry\src\index.crates.io-1949cf8c6b5b557f\bevy_asset-0.18.1\src\server\loaders.rs;332;14784015;0.015979;6;2464002;167;14753730;6020714.255671
calculate conflicting systems;C:\Users\Antoi\.cargo\registry\src\index.crates.io-1949cf8c6b5b557f\bevy_ecs-0.18.1\src\schedule\executor\multi_threaded.rs;188;5370855;0.005805;26;206571;265;3870719;762217.575356
system{name="forgia_rpg_data::boons::load_boons_catalogue"};C:\Users\Antoi\.cargo\registry\src\index.crates.io-1949cf8c6b5b557f\bevy_ecs-0.18.1\src\system\function_system.rs;52;13359;0.000014;1;13359;13359;13359;0.000000
system{name="forgia_killfeed::tuning::load_killfeed_tuning"};C:\Users\Antoi\.cargo\registry\src\index.crates.io-1949cf8c6b5b557f\bevy_ecs-0.18.1\src\system\function_system.rs;52;18756;0.000020;1;18756;18756;18756;0.000000
system{name="bevy_hanabi::render::update_mesh_locations"};C:\Users\Antoi\.cargo\registry\src\index.crates.io-1949cf8c6b5b557f\bevy_ecs-0.18.1\src\system\function_system.rs;52;71626210;0.077417;18162;3943;2321;89087;1864.645427
system_commands{name="bevy_rapier3d::plugin::systems::collider::init_async_scene_colliders"};C:\Users\Antoi\.cargo\registry\src\index.crates.io-1949cf8c6b5b557f\bevy_ecs-0.18.1\src\system\function_system.rs;54;592075;0.000640;5734;103;61;21105;281.741626
asset loading{loader="bevy_image::image_loader::ImageLoader" asset="ui/menu_video/frame_0091.webp"};C:\Users\Antoi\.cargo\registry\src\index.crates.io-1949cf8c6b5b557f\bevy_asset-0.18.1\src\server\loaders.rs;332;14769915;0.015964;6;2461652;110;14737743;6014034.661485
plugin build{plugin="forgia_ui_lib::hud::player_hp::PlayerHpPlugin"};C:\Users\Antoi\.cargo\registry\src\index.crates.io-1949cf8c6b5b557f\bevy_app-0.18.1\src\app.rs;529;13996;0.000015;1;13996;13996;13996;0.000000
plugin finish{plugin="bevy_state::app::StatesPlugin"};C:\Users\Antoi\.cargo\registry\src\index.crates.io-1949cf8c6b5b557f\bevy_app-0.18.1\src\app.rs;272;54;0.000000;1;54;54;54;0.000000
schedule{name=Update};C:\Users\Antoi\.cargo\registry\src\index.crates.io-1949cf8c6b5b557f\bevy_ecs-0.18.1\src\schedule\schedule.rs;532;11237222854;12.145801;18163;618687;224936;35570595;406855.709212
plugin finish{plugin="bevy_pbr::lightmap::LightmapPlugin"};C:\Users\Antoi\.cargo\registry\src\index.crates.io-1949cf8c6b5b557f\bevy_app-0.18.1\src\app.rs;272;50;0.000000;1;50;50;50;0.000000
system{name="forgia_mode_roguelite::render_quality::sys_write_render_sensor"};C:\Users\Antoi\.cargo\registry\src\index.crates.io-1949cf8c6b5b557f\bevy_ecs-0.18.1\src\system\function_system.rs;52;7270313;0.007858;17308;420;134;46707;548.223215
asset loading{loader="bevy_image::image_loader::ImageLoader" asset="ui/menu_video/frame_0083.webp"};C:\Users\Antoi\.cargo\registry\src\index.crates.io-1949cf8c6b5b557f\bevy_asset-0.18.1\src\server\loaders.rs;332;14221873;0.015372;7;2031696;179;14190747;5361639.078852
plugin finish{plugin="bevy_app::task_pool_plugin::TaskPoolPlugin"};C:\Users\Antoi\.cargo\registry\src\index.crates.io-1949cf8c6b5b557f\bevy_app-0.18.1\src\app.rs;272;681;0.000001;1;681;681;681;0.000000
plugin build{plugin="bevy_winit::WinitPlugin"};C:\Users\Antoi\.cargo\registry\src\index.crates.io-1949cf8c6b5b557f\bevy_app-0.18.1\src\app.rs;529;1765887;0.001909;1;1765887;1765887;1765887;0.000000
plugin finish{plugin="bevy_render::extract_component::ExtractComponentPlugin<forgia_postprocess::toon::ToonSettings>"};C:\Users\Antoi\.cargo\registry\src\index.crates.io-1949cf8c6b5b557f\bevy_app-0.18.1\src\app.rs;272;61;0.000000;1;61;61;61;0.000000
system_commands{name="bevy_pbr::render::fog::prepare_fog"};C:\Users\Antoi\.cargo\registry\src\index.crates.io-1949cf8c6b5b557f\bevy_ecs-0.18.1\src\system\function_system.rs;54;60505427;0.065398;18162;3331;1546;135026;1914.967635
system{name="forgia_crosshair::draw_sniper_scope_overlay"};C:\Users\Antoi\.cargo\registry\src\index.crates.io-1949cf8c6b5b557f\bevy_ecs-0.18.1\src\system\function_system.rs;52;9184587;0.009927;18163;505;105;105923;964.783277
plugin build{plugin="bevy_render::gpu_readback::GpuReadbackPlugin"};C:\Users\Antoi\.cargo\registry\src\index.crates.io-1949cf8c6b5b557f\bevy_app-0.18.1\src\app.rs;529;19135;0.000021;1;19135;19135;19135;0.000000
system{name="bevy_render::camera::sort_cameras"};C:\Users\Antoi\.cargo\registry\src\index.crates.io-1949cf8c6b5b557f\bevy_ecs-0.18.1\src\system\function_system.rs;52;49174850;0.053151;18162;2707;1291;88125;1097.356576
system_commands{name="bevy_app::propagate::propagate_output<bevy_ui::ui_node::ComputedUiRenderTargetInfo, ()>"};C:\Users\Antoi\.cargo\registry\src\index.crates.io-1949cf8c6b5b557f\bevy_ecs-0.18.1\src\system\function_system.rs;54;1685067;0.001821;18163;92;50;20470;212.528815
system_commands{name="forgia_ai_arena_bot::bot_shoot_at_target"};C:\Users\Antoi\.cargo\registry\src\index.crates.io-1949cf8c6b5b557f\bevy_ecs-0.18.1\src\system\function_system.rs;54;2760458;0.002984;18163;151;51;705957;5246.838376
plugin cleanup{plugin="bevy_camera::visibility::VisibilityPlugin"};C:\Users\Antoi\.cargo\registry\src\index.crates.io-1949cf8c6b5b557f\bevy_app-0.18.1\src\app.rs;292;52;0.000000;1;52;52;52;0.000000
compute_contacts;C:\Users\Antoi\.cargo\registry\src\index.crates.io-1949cf8c6b5b557f\rapier3d-0.31.0\src\geometry\narrow_phase.rs;806;18464163;0.019957;5734;3220;51;169377;3095.034881
system{name="bevy_core_pipeline::oit::resolve::queue_oit_resolve_pipeline"};C:\Users\Antoi\.cargo\registry\src\index.crates.io-1949cf8c6b5b557f\bevy_ecs-0.18.1\src\system\function_system.rs;52;12724449;0.013753;18162;700;316;116092;937.275169
system{name="bevy_asset::assets::Assets<bevy_pbr::pbr_material::StandardMaterial>::track_assets"};C:\Users\Antoi\.cargo\registry\src\index.crates.io-1949cf8c6b5b557f\bevy_ecs-0.18.1\src\system\function_system.rs;52;15908689;0.017195;18163;875;144;237346;6603.457072
plugin build{plugin="bevy_render::sync_component::SyncComponentPlugin<bevy_camera::components::Camera2d>"};C:\Users\Antoi\.cargo\registry\src\index.crates.io-1949cf8c6b5b557f\bevy_app-0.18.1\src\app.rs;529;3745;0.000004;1;3745;3745;3745;0.000000
system{name="bevy_rapier3d::plugin::systems::multiple_rapier_contexts::on_change_context"};C:\Users\Antoi\.cargo\registry\src\index.crates.io-1949cf8c6b5b557f\bevy_ecs-0.18.1\src\system\function_system.rs;52;12402464;0.013405;5734;2162;84;47261;1287.157794
system{name="bevy_ui_render::extract_uinode_images"};C:\Users\Antoi\.cargo\registry\src\index.crates.io-1949cf8c6b5b557f\bevy_ecs-0.18.1\src\system\function_system.rs;52;11775615;0.012728;18163;648;183;101265;934.288879
system_commands{name="forgia_mode_roguelite::decor::sys_calibrate_decor"};C:\Users\Antoi\.cargo\registry\src\index.crates.io-1949cf8c6b5b557f\bevy_ecs-0.18.1\src\system\function_system.rs;54;1860547;0.002011;17308;107;50;92255;790.106531
system{name="bevy_post_process::effect_stack::prepare_post_processing_pipelines"};C:\Users\Antoi\.cargo\registry\src\index.crates.io-1949cf8c6b5b557f\bevy_ecs-0.18.1\src\system\function_system.rs;52;6354573;0.006868;18162;349;98;44727;597.305422
system_commands{name="forgia_mode_roguelite::boss_portal::sys_reconcile_boss_gate"};C:\Users\Antoi\.cargo\registry\src\index.crates.io-1949cf8c6b5b557f\bevy_ecs-0.18.1\src\system\function_system.rs;54;1606699;0.001737;17308;92;50;75107;573.432658
system{name="forgia_mode_roguelite::forge_shop::draw_forge_prompt"};C:\Users\Antoi\.cargo\registry\src\index.crates.io-1949cf8c6b5b557f\bevy_ecs-0.18.1\src\system\function_system.rs;52;4524120;0.004890;17308;261;100;15162;186.161172
system{name="bevy_winit::system::changed_windows"};C:\Users\Antoi\.cargo\registry\src\index.crates.io-1949cf8c6b5b557f\bevy_ecs-0.18.1\src\system\function_system.rs;52;17189436;0.018579;18163;946;287;2721999;20244.527840
plugin cleanup{plugin="bevy_app::propagate::HierarchyPropagatePlugin<bevy_ui::ui_node::ComputedUiRenderTargetInfo>"};C:\Users\Antoi\.cargo\registry\src\index.crates.io-1949cf8c6b5b557f\bevy_app-0.18.1\src\app.rs;292;58;0.000000;1;58;58;58;0.000000
system{name="bevy_ecs::schedule::condition::common_conditions::resource_exists<bevy_render::batching::gpu_preprocessing::BatchedInstanceBuffers<bevy_pbr::render::mesh::MeshUniform, bevy_pbr::render::mesh::MeshInputUniform>>"};C:\Users\Antoi\.cargo\registry\src\index.crates.io-1949cf8c6b5b557f\bevy_ecs-0.18.1\src\system\function_system.rs;52;31553055;0.034104;345078;91;52;493929;876.971043
system{name="forgia_mode_roguelite::run::sys_collect_soul_wisps"};C:\Users\Antoi\.cargo\registry\src\index.crates.io-1949cf8c6b5b557f\bevy_ecs-0.18.1\src\system\function_system.rs;52;11940517;0.012906;17308;689;231;88604;802.165313
system_commands{name="bevy_anti_alias::smaa::prepare_smaa_uniforms"};C:\Users\Antoi\.cargo\registry\src\index.crates.io-1949cf8c6b5b557f\bevy_ecs-0.18.1\src\system\function_system.rs;54;1563915;0.001690;18162;86;51;20182;153.212268
system{name="bevy_hanabi::render::allocate_effects"};C:\Users\Antoi\.cargo\registry\src\index.crates.io-1949cf8c6b5b557f\bevy_ecs-0.18.1\src\system\function_system.rs;52;19063809;0.020605;18162;1049;373;3093444;22968.484863
system{name="bevy_core_pipeline::skybox::prepass::prepare_skybox_prepass_bind_groups"};C:\Users\Antoi\.cargo\registry\src\index.crates.io-1949cf8c6b5b557f\bevy_ecs-0.18.1\src\system\function_system.rs;52;4067325;0.004396;18162;223;83;34434;301.293766
plugin finish{plugin="forgia_ui_lib::inventory_panel::ForgiaUiInventoryPlugin"};C:\Users\Antoi\.cargo\registry\src\index.crates.io-1949cf8c6b5b557f\bevy_app-0.18.1\src\app.rs;272;55;0.000000;1;55;55;55;0.000000
system{name="bevy_hanabi::render::prepare_indirect_pipeline"};C:\Users\Antoi\.cargo\registry\src\index.crates.io-1949cf8c6b5b557f\bevy_ecs-0.18.1\src\system\function_system.rs;52;3251746;0.003515;18162;179;64;6307;111.764319
system{name="bevy_core_pipeline::skybox::prepass::prepare_skybox_prepass_pipelines"};C:\Users\Antoi\.cargo\registry\src\index.crates.io-1949cf8c6b5b557f\bevy_ecs-0.18.1\src\system\function_system.rs;52;4737888;0.005121;18162;260;80;39004;338.392858
plugin finish{plugin="bevy_diagnostic::frame_count_diagnostics_plugin::FrameCountPlugin"};C:\Users\Antoi\.cargo\registry\src\index.crates.io-1949cf8c6b5b557f\bevy_app-0.18.1\src\app.rs;272;55;0.000000;1;55;55;55;0.000000
system{name="bevy_render::render_asset::extract_render_asset<bevy_render::storage::GpuShaderStorageBuffer>"};C:\Users\Antoi\.cargo\registry\src\index.crates.io-1949cf8c6b5b557f\bevy_ecs-0.18.1\src\system\function_system.rs;52;18351161;0.019835;18162;1010;553;85750;761.137725
plugin cleanup{plugin="bevy_render::sync_component::SyncComponentPlugin<forgia_postprocess::toon::ToonSettings>"};C:\Users\Antoi\.cargo\registry\src\index.crates.io-1949cf8c6b5b557f\bevy_app-0.18.1\src\app.rs;292;55;0.000000;1;55;55;55;0.000000
system{name="bevy_rapier3d::plugin::systems::collider::init_async_colliders"};C:\Users\Antoi\.cargo\registry\src\index.crates.io-1949cf8c6b5b557f\bevy_ecs-0.18.1\src\system\function_system.rs;52;2233530;0.002414;5734;389;92;3666;136.077245
system{name="bevy_render::batching::gpu_preprocessing::collect_buffers_for_phase<bevy_pbr::render::light::Shadow, bevy_pbr::render::mesh::MeshPipeline>"};C:\Users\Antoi\.cargo\registry\src\index.crates.io-1949cf8c6b5b557f\bevy_ecs-0.18.1\src\system\function_system.rs;52;18228078;0.019702;18162;1003;330;107597;953.357440
system_commands{name="bevy_render::extract_component::extract_components<bevy_post_process::motion_blur::MotionBlur>"};C:\Users\Antoi\.cargo\registry\src\index.crates.io-1949cf8c6b5b557f\bevy_ecs-0.18.1\src\system\function_system.rs;54;14638449;0.015822;18162;805;235;43613;438.674481
asset loading{loader="bevy_shader::shader::ShaderLoader" asset="embedded://bevy_pbr\\render\\mesh_functions.wgsl"};C:\Users\Antoi\.cargo\registry\src\index.crates.io-1949cf8c6b5b557f\bevy_asset-0.18.1\src\server\loaders.rs;332;432064;0.000467;2;216032;173;431891;305270.725360
system{name="forgia_mode_roguelite::render_quality::sys_force_apply_bloom"};C:\Users\Antoi\.cargo\registry\src\index.crates.io-1949cf8c6b5b557f\bevy_ecs-0.18.1\src\system\function_system.rs;52;138085;0.000149;1;138085;138085;138085;0.000000
system{name="bevy_pbr::deferred::prepare_deferred_lighting_pipelines"};C:\Users\Antoi\.cargo\registry\src\index.crates.io-1949cf8c6b5b557f\bevy_ecs-0.18.1\src\system\function_system.rs;52;25416243;0.027471;18162;1399;528;96940;1251.156004
plugin finish{plugin="bevy_picking::input::PointerInputPlugin"};C:\Users\Antoi\.cargo\registry\src\index.crates.io-1949cf8c6b5b557f\bevy_app-0.18.1\src\app.rs;272;56;0.000000;1;56;56;56;0.000000
plugin build{plugin="bevy_core_pipeline::upscaling::UpscalingPlugin"};C:\Users\Antoi\.cargo\registry\src\index.crates.io-1949cf8c6b5b557f\bevy_app-0.18.1\src\app.rs;529;9558;0.000010;1;9558;9558;9558;0.000000
system_commands{name="forgia_mode_roguelite::weapon_select::sys_clear_lobby_preview"};C:\Users\Antoi\.cargo\registry\src\index.crates.io-1949cf8c6b5b557f\bevy_ecs-0.18.1\src\system\function_system.rs;54;28664;0.000031;1;28664;28664;28664;0.000000
system{name="bevy_render::view::clear_view_attachments"};C:\Users\Antoi\.cargo\registry\src\index.crates.io-1949cf8c6b5b557f\bevy_ecs-0.18.1\src\system\function_system.rs;52;14213850;0.015363;18162;782;310;78967;907.858707
system{name="bevy_asset::assets::Assets<bevy_shader::shader::Shader>::asset_events"};C:\Users\Antoi\.cargo\registry\src\index.crates.io-1949cf8c6b5b557f\bevy_ecs-0.18.1\src\system\function_system.rs;52;6778;0.000007;3;2259;472;3614;1615.067026
system{name="bevy_egui::input::write_modifiers_keys_state_system"};C:\Users\Antoi\.cargo\registry\src\index.crates.io-1949cf8c6b5b557f\bevy_ecs-0.18.1\src\system\function_system.rs;52;5074998;0.005485;18163;279;101;12313;127.507010
system{name="bevy_pbr::render::mesh::set_mesh_motion_vector_flags"};C:\Users\Antoi\.cargo\registry\src\index.crates.io-1949cf8c6b5b557f\bevy_ecs-0.18.1\src\system\function_system.rs;52;7365113;0.007961;18162;405;104;93681;717.709582
system{name="forgia_player::load_player_movement_tuning"};C:\Users\Antoi\.cargo\registry\src\index.crates.io-1949cf8c6b5b557f\bevy_ecs-0.18.1\src\system\function_system.rs;52;17511;0.000019;1;17511;17511;17511;0.000000
asset loading{loader="bevy_image::image_loader::ImageLoader" asset="ui/menu_video/frame_0060.webp"};C:\Users\Antoi\.cargo\registry\src\index.crates.io-1949cf8c6b5b557f\bevy_asset-0.18.1\src\server\loaders.rs;332;14641505;0.015825;7;2091643;127;14595248;5513574.268712
system_commands{name="bevy_render::extract_component::prepare_uniform_components<bevy_post_process::motion_blur::MotionBlurUniform>"};C:\Users\Antoi\.cargo\registry\src\index.crates.io-1949cf8c6b5b557f\bevy_ecs-0.18.1\src\system\function_system.rs;54;1529869;0.001654;18162;84;50;47309;351.724529
asset loading{loader="bevy_image::image_loader::ImageLoader" asset="ui/menu_video/frame_0016.webp"};C:\Users\Antoi\.cargo\registry\src\index.crates.io-1949cf8c6b5b557f\bevy_asset-0.18.1\src\server\loaders.rs;332;14602017;0.015783;7;2086002;106;14569174;5504562.757130
system_commands{name="forgia_ui::weapon_preview::sys_propagate_preview_layers"};C:\Users\Antoi\.cargo\registry\src\index.crates.io-1949cf8c6b5b557f\bevy_ecs-0.18.1\src\system\function_system.rs;54;262525;0.000284;855;307;62;133469;4610.919426
plugin cleanup{plugin="forgia_anim_debug::bone_trace::BoneTracePlugin"};C:\Users\Antoi\.cargo\registry\src\index.crates.io-1949cf8c6b5b557f\bevy_app-0.18.1\src\app.rs;292;56;0.000000;1;56;56;56;0.000000
system{name="bevy_ui::focus::ui_focus_system"};C:\Users\Antoi\.cargo\registry\src\index.crates.io-1949cf8c6b5b557f\bevy_ecs-0.18.1\src\system\function_system.rs;52;39012646;0.042167;18163;2147;1013;105019;1117.435996
system{name="bevy_pbr::material::sweep_entities_needing_specialization<bevy_pbr::extended_material::ExtendedMaterial<bevy_pbr::pbr_material::StandardMaterial, bevy_pbr::decal::forward::ForwardDecalMaterialExt>>"};C:\Users\Antoi\.cargo\registry\src\index.crates.io-1949cf8c6b5b557f\bevy_ecs-0.18.1\src\system\function_system.rs;52;8862159;0.009579;18163;487;127;6029;243.597506
node{name="bevy_render::render_graph::node::ViewNodeRunner<bevy_core_pipeline::fullscreen_material::FullscreenMaterialNode<forgia_postprocess::toon::ToonSettings>>"};C:\Users\Antoi\.cargo\registry\src\index.crates.io-1949cf8c6b5b557f\bevy_render-0.18.1\src\renderer\graph_runner.rs;240;181223316;0.195876;34614;5235;73;131411;5520.014055
system{name="forgia_mode_roguelite::pipeline_warmup::on_warmup_scene_ready"};C:\Users\Antoi\.cargo\registry\src\index.crates.io-1949cf8c6b5b557f\bevy_ecs-0.18.1\src\system\function_system.rs;52;55421;0.000060;50;1108;206;5965;1074.434099
system_commands{name="bevy_render::extract_resource::extract_resource<bevy_render::texture::manual_texture_view::ManualTextureViews>"};C:\Users\Antoi\.cargo\registry\src\index.crates.io-1949cf8c6b5b557f\bevy_ecs-0.18.1\src\system\function_system.rs;54;1635764;0.001768;18162;90;52;35390;262.597000
system{name="forgia_mode_roguelite::hud::draw_enemy_archetype_labels"};C:\Users\Antoi\.cargo\registry\src\index.crates.io-1949cf8c6b5b557f\bevy_ecs-0.18.1\src\system\function_system.rs;52;251128842;0.271434;17217;14586;517;2877409;39461.538910
system{name="bevy_text::font_atlas_set::free_unused_font_atlases_system"};C:\Users\Antoi\.cargo\registry\src\index.crates.io-1949cf8c6b5b557f\bevy_ecs-0.18.1\src\system\function_system.rs;52;5467913;0.005910;18163;301;105;34165;453.756882
asset loading{loader="bevy_shader::shader::ShaderLoader" asset="embedded://bevy_pbr\\deferred/pbr_deferred_functions.wgsl"};C:\Users\Antoi\.cargo\registry\src\index.crates.io-1949cf8c6b5b557f\bevy_asset-0.18.1\src\server\loaders.rs;332;451776;0.000488;2;225888;210;451566;319156.888329
system{name="forgia_effects::effects_tick"};C:\Users\Antoi\.cargo\registry\src\index.crates.io-1949cf8c6b5b557f\bevy_ecs-0.18.1\src\system\function_system.rs;52;2354848;0.002545;18163;129;57;84963;638.875027
system{name="forgia_ui::weapon_preview::sys_swap_weapon_preview"};C:\Users\Antoi\.cargo\registry\src\index.crates.io-1949cf8c6b5b557f\bevy_ecs-0.18.1\src\system\function_system.rs;52;476916;0.000515;855;557;231;5800;270.417708
system{name="bevy_sprite::picking_backend::sprite_picking"};C:\Users\Antoi\.cargo\registry\src\index.crates.io-1949cf8c6b5b557f\bevy_ecs-0.18.1\src\system\function_system.rs;52;40647887;0.043934;18163;2237;857;103020;1167.826881
system{name="forgia_mode_roguelite::loot_room::sys_despawn_demo_level_in_lobby"};C:\Users\Antoi\.cargo\registry\src\index.crates.io-1949cf8c6b5b557f\bevy_ecs-0.18.1\src\system\function_system.rs;52;640;0.000001;1;640;640;640;0.000000
system_commands{name="bevy_render::extract_resource::extract_resource<bevy_core_pipeline::tonemapping::TonemappingLuts>"};C:\Users\Antoi\.cargo\registry\src\index.crates.io-1949cf8c6b5b557f\bevy_ecs-0.18.1\src\system\function_system.rs;54;1442552;0.001559;18162;79;53;1304;21.300742
plugin finish{plugin="bevy_render::erased_render_asset::ErasedRenderAssetPlugin<bevy_pbr::mesh_material::MeshMaterial3d<bevy_pbr::pbr_material::StandardMaterial>>"};C:\Users\Antoi\.cargo\registry\src\index.crates.io-1949cf8c6b5b557f\bevy_app-0.18.1\src\app.rs;272;19409;0.000021;1;19409;19409;19409;0.000000
run_graph{name="Core2d" debug_group="Camera 10 (8v0)"};C:\Users\Antoi\.cargo\registry\src\index.crates.io-1949cf8c6b5b557f\bevy_render-0.18.1\src\renderer\graph_runner.rs;119;1583666078;1.711712;18162;87196;51563;472902;28767.333395
asset loading{loader="bevy_image::image_loader::ImageLoader" asset="ui/menu_video/frame_0105.webp"};C:\Users\Antoi\.cargo\registry\src\index.crates.io-1949cf8c6b5b557f\bevy_asset-0.18.1\src\server\loaders.rs;332;14138795;0.015282;7;2019827;86;14105408;5329241.412177
system{name="forgia_mode_roguelite::merchant::sys_apply_purchase"};C:\Users\Antoi\.cargo\registry\src\index.crates.io-1949cf8c6b5b557f\bevy_ecs-0.18.1\src\system\function_system.rs;52;7820074;0.008452;17308;451;128;37211;449.051063
system{name="forgia_effects::hitmarker::hitmarker_trigger"};C:\Users\Antoi\.cargo\registry\src\index.crates.io-1949cf8c6b5b557f\bevy_ecs-0.18.1\src\system\function_system.rs;52;4754267;0.005139;18163;261;84;73120;706.761838
plugin cleanup{plugin="forgia_fps::pepin::ForgiaPepinPlugin"};C:\Users\Antoi\.cargo\registry\src\index.crates.io-1949cf8c6b5b557f\bevy_app-0.18.1\src\app.rs;292;55;0.000000;1;55;55;55;0.000000
system{name="bevy_core_pipeline::oit::init_oit_buffers"};C:\Users\Antoi\.cargo\registry\src\index.crates.io-1949cf8c6b5b557f\bevy_ecs-0.18.1\src\system\function_system.rs;52;43335;0.000047;1;43335;43335;43335;0.000000
plugin cleanup{plugin="bevy_render::extract_component::ExtractComponentPlugin<bevy_core_pipeline::tonemapping::Tonemapping>"};C:\Users\Antoi\.cargo\registry\src\index.crates.io-1949cf8c6b5b557f\bevy_app-0.18.1\src\app.rs;292;64;0.000000;1;64;64;64;0.000000
plugin build{plugin="bevy_render::sync_component::SyncComponentPlugin<bevy_light::ShadowFilteringMethod>"};C:\Users\Antoi\.cargo\registry\src\index.crates.io-1949cf8c6b5b557f\bevy_app-0.18.1\src\app.rs;529;1292;0.000001;1;1292;1292;1292;0.000000
plugin finish{plugin="bevy_render::globals::GlobalsPlugin"};C:\Users\Antoi\.cargo\registry\src\index.crates.io-1949cf8c6b5b557f\bevy_app-0.18.1\src\app.rs;272;57;0.000000;1;57;57;57;0.000000
system{name="bevy_asset::assets::Assets<forgia_genome_core::Genome<forgia_mode_fps_arena::wave::ArenaWavesGenome>>::asset_events"};C:\Users\Antoi\.cargo\registry\src\index.crates.io-1949cf8c6b5b557f\bevy_ecs-0.18.1\src\system\function_system.rs;52;1725;0.000002;1;1725;1725;1725;0.000000
system_commands{name="bevy_core_pipeline::skybox::prepare_skybox_pipelines"};C:\Users\Antoi\.cargo\registry\src\index.crates.io-1949cf8c6b5b557f\bevy_ecs-0.18.1\src\system\function_system.rs;54;15739305;0.017012;18162;866;376;39815;452.088680
system{name="bevy_gizmos_render::prepare_line_gizmo_bind_group"};C:\Users\Antoi\.cargo\registry\src\index.crates.io-1949cf8c6b5b557f\bevy_ecs-0.18.1\src\system\function_system.rs;52;5523672;0.005970;18162;304;95;27793;392.687688
system{name="bevy_sprite_render::mesh2d::material::init_material_2d_pipeline<bevy_sprite_render::mesh2d::color_material::ColorMaterial>"};C:\Users\Antoi\.cargo\registry\src\index.crates.io-1949cf8c6b5b557f\bevy_ecs-0.18.1\src\system\function_system.rs;52;10549;0.000011;1;10549;10549;10549;0.000000
asset loading{loader="bevy_image::image_loader::ImageLoader" asset="ui/menu_video/frame_0101.webp"};C:\Users\Antoi\.cargo\registry\src\index.crates.io-1949cf8c6b5b557f\bevy_asset-0.18.1\src\server\loaders.rs;332;14635462;0.015819;8;1829432;234;14597397;5159039.101279
system{name="forgia_enemy_nameplate::billboard_to_camera"};C:\Users\Antoi\.cargo\registry\src\index.crates.io-1949cf8c6b5b557f\bevy_ecs-0.18.1\src\system\function_system.rs;52;38903471;0.042049;18163;2141;318;110681;1663.446710
system{name="forgia_player::weapon_recoil_apply"};C:\Users\Antoi\.cargo\registry\src\index.crates.io-1949cf8c6b5b557f\bevy_ecs-0.18.1\src\system\function_system.rs;52;15716479;0.016987;16894;930;261;90222;983.812093
system_commands{name="bevy_render::extract_component::extract_components<forgia_postprocess::toon::ToonSettings>"};C:\Users\Antoi\.cargo\registry\src\index.crates.io-1949cf8c6b5b557f\bevy_ecs-0.18.1\src\system\function_system.rs;54;17461375;0.018873;18162;961;170;24553;331.680145
plugin build{plugin="forgia_mode_roguelite::ForgiaModeRoguelitePlugin"};C:\Users\Antoi\.cargo\registry\src\index.crates.io-1949cf8c6b5b557f\bevy_app-0.18.1\src\app.rs;529;14659299;0.015845;1;14659299;14659299;14659299;0.000000
system{name="bevy_render::view::visibility::range::extract_visibility_ranges"};C:\Users\Antoi\.cargo\registry\src\index.crates.io-1949cf8c6b5b557f\bevy_ecs-0.18.1\src\system\function_system.rs;52;8882377;0.009601;18163;489;186;6005;185.640101
system_commands{name="forgia_ai_arena_bot::bot_fireball_fly"};C:\Users\Antoi\.cargo\registry\src\index.crates.io-1949cf8c6b5b557f\bevy_ecs-0.18.1\src\system\function_system.rs;54;1975073;0.002135;18163;108;51;7562;121.187848
run_graph{name="Core3d" debug_group="Camera 1 (62v205)"};C:\Users\Antoi\.cargo\registry\src\index.crates.io-1949cf8c6b5b557f\bevy_render-0.18.1\src\renderer\graph_runner.rs;119;5919523484;6.398142;17307;342030;236204;1535606;92544.639409
plugin finish{plugin="bevy_render::render_phase::BinnedRenderPhasePlugin<bevy_core_pipeline::prepass::AlphaMask3dPrepass, bevy_pbr::render::mesh::MeshPipeline>"};C:\Users\Antoi\.cargo\registry\src\index.crates.io-1949cf8c6b5b557f\bevy_app-0.18.1\src\app.rs;272;97;0.000000;1;97;97;97;0.000000
plugin finish{plugin="bevy_ui::picking_backend::UiPickingPlugin"};C:\Users\Antoi\.cargo\registry\src\index.crates.io-1949cf8c6b5b557f\bevy_app-0.18.1\src\app.rs;272;55;0.000000;1;55;55;55;0.000000
update;C:\Users\Antoi\.cargo\registry\src\index.crates.io-1949cf8c6b5b557f\bevy_app-0.18.1\src\sub_app.rs;513;84855849603;91.716809;18162;4672164;2264733;269980931;2870123.872716
system{name="forgia_ui_lib::damage_direction::draw_damage_arcs"};C:\Users\Antoi\.cargo\registry\src\index.crates.io-1949cf8c6b5b557f\bevy_ecs-0.18.1\src\system\function_system.rs;52;5127534;0.005542;18163;282;70;22477;227.811696
plugin cleanup{plugin="bevy_render::erased_render_asset::ErasedRenderAssetPlugin<bevy_pbr::mesh_material::MeshMaterial3d<bevy_pbr::extended_material::ExtendedMaterial<bevy_pbr::pbr_material::StandardMaterial, bevy_pbr::decal::forward::ForwardDecalMaterialExt>>>"};C:\Users\Antoi\.cargo\registry\src\index.crates.io-1949cf8c6b5b557f\bevy_app-0.18.1\src\app.rs;292;136;0.000000;1;136;136;136;0.000000
plugin cleanup{plugin="bevy_render::sync_component::SyncComponentPlugin<bevy_anti_alias::fxaa::Fxaa>"};C:\Users\Antoi\.cargo\registry\src\index.crates.io-1949cf8c6b5b557f\bevy_app-0.18.1\src\app.rs;292;52;0.000000;1;52;52;52;0.000000
function_scope{egui::context::Context::end_pass};C:\Users\Antoi\.cargo\registry\src\index.crates.io-1949cf8c6b5b557f\egui-0.33.3\src\context.rs;2301;701185114;0.757879;18163;38605;18827;2326196;31736.087437
system{name="forgia_mode_roguelite::status_vfx::sys_detach_burn_vfx"};C:\Users\Antoi\.cargo\registry\src\index.crates.io-1949cf8c6b5b557f\bevy_ecs-0.18.1\src\system\function_system.rs;52;7489286;0.008095;17308;432;143;101425;846.233699
system_commands{name="bevy_core_pipeline::deferred::copy_lighting_id::prepare_deferred_lighting_id_textures"};C:\Users\Antoi\.cargo\registry\src\index.crates.io-1949cf8c6b5b557f\bevy_ecs-0.18.1\src\system\function_system.rs;54;1609926;0.001740;18162;88;51;766;25.928551
system{name="forgia_observability::physics_sensor::sys_write_physics_sensor"};C:\Users\Antoi\.cargo\registry\src\index.crates.io-1949cf8c6b5b557f\bevy_ecs-0.18.1\src\system\function_system.rs;52;11327409;0.012243;18163;623;174;33670;525.727966
plugin finish{plugin="bevy_render::render_phase::BinnedRenderPhasePlugin<bevy_core_pipeline::deferred::Opaque3dDeferred, bevy_pbr::render::mesh::MeshPipeline>"};C:\Users\Antoi\.cargo\registry\src\index.crates.io-1949cf8c6b5b557f\bevy_app-0.18.1\src\app.rs;272;84;0.000000;1;84;84;84;0.000000
plugin cleanup{plugin="bevy_render::extract_component::ExtractComponentPlugin<bevy_pbr::deferred::PbrDeferredLightingDepthId>"};C:\Users\Antoi\.cargo\registry\src\index.crates.io-1949cf8c6b5b557f\bevy_app-0.18.1\src\app.rs;292;83;0.000000;1;83;83;83;0.000000
system{name="forgia_mode_roguelite::audio::sys_sfx_on_combat_hit"};C:\Users\Antoi\.cargo\registry\src\index.crates.io-1949cf8c6b5b557f\bevy_ecs-0.18.1\src\system\function_system.rs;52;4280791;0.004627;17308;247;93;46186;517.665232
indexed_batch_sets;C:\Users\Antoi\.cargo\registry\src\index.crates.io-1949cf8c6b5b557f\bevy_render-0.18.1\src\batching\gpu_preprocessing.rs;2154;575946301;0.622514;163458;3523;47;2369392;12023.114363
system_commands{name="bevy_hanabi::render::event::allocate_events"};C:\Users\Antoi\.cargo\registry\src\index.crates.io-1949cf8c6b5b557f\bevy_ecs-0.18.1\src\system\function_system.rs;54;1756657;0.001899;18162;96;51;7603;70.033611
plugin build{plugin="bevy_render::sync_component::SyncComponentPlugin<bevy_post_process::effect_stack::ChromaticAberration>"};C:\Users\Antoi\.cargo\registry\src\index.crates.io-1949cf8c6b5b557f\bevy_app-0.18.1\src\app.rs;529;3280;0.000004;1;3280;3280;3280;0.000000
system{name="bevy_gizmos::propagate_gizmos<bevy_gizmos::config::DefaultGizmoConfigGroup, bevy_time::fixed::Fixed>"};C:\Users\Antoi\.cargo\registry\src\index.crates.io-1949cf8c6b5b557f\bevy_ecs-0.18.1\src\system\function_system.rs;52;4541418;0.004909;18163;250;78;19266;181.265236
plugin finish{plugin="forgia_enemy_nameplate::ForgiaEnemyNameplatePlugin"};C:\Users\Antoi\.cargo\registry\src\index.crates.io-1949cf8c6b5b557f\bevy_app-0.18.1\src\app.rs;272;54;0.000000;1;54;54;54;0.000000
system{name="forgia_mode_roguelite::kill_popup::sys_track_kill_popups"};C:\Users\Antoi\.cargo\registry\src\index.crates.io-1949cf8c6b5b557f\bevy_ecs-0.18.1\src\system\function_system.rs;52;6810876;0.007362;17308;393;127;5826;178.028824
asset loading{loader="bevy_image::image_loader::ImageLoader" asset="ui/menu_video/frame_0030.webp"};C:\Users\Antoi\.cargo\registry\src\index.crates.io-1949cf8c6b5b557f\bevy_asset-0.18.1\src\server\loaders.rs;332;14772476;0.015967;7;2110353;184;14730395;5564917.586189
plugin build{plugin="forgia_mode_roguelite::mushrooms::ForgiaRogueliteMushroomsPlugin"};C:\Users\Antoi\.cargo\registry\src\index.crates.io-1949cf8c6b5b557f\bevy_app-0.18.1\src\app.rs;529;42718;0.000046;1;42718;42718;42718;0.000000
plugin build{plugin="bevy_render::sync_component::SyncComponentPlugin<bevy_anti_alias::taa::TemporalAntiAliasing>"};C:\Users\Antoi\.cargo\registry\src\index.crates.io-1949cf8c6b5b557f\bevy_app-0.18.1\src\app.rs;529;6411;0.000007;1;6411;6411;6411;0.000000
system{name="bevy_render::render_phase::sweep_old_entities<bevy_core_pipeline::core_3d::AlphaMask3d>"};C:\Users\Antoi\.cargo\registry\src\index.crates.io-1949cf8c6b5b557f\bevy_ecs-0.18.1\src\system\function_system.rs;52;6090950;0.006583;18162;335;112;79134;784.262570
function_scope{<egui::plugin::CallbackPlugin as egui::plugin::Plugin>::on_end_pass};C:\Users\Antoi\.cargo\registry\src\index.crates.io-1949cf8c6b5b557f\egui-0.33.3\src\plugin.rs;240;6442256;0.006963;18163;354;69;91300;784.916485
node{name="bevy_render::render_graph::node::ViewNodeRunner<bevy_core_pipeline::core_3d::main_transparent_pass_3d_node::MainTransparentPass3dNode>"};C:\Users\Antoi\.cargo\registry\src\index.crates.io-1949cf8c6b5b557f\bevy_render-0.18.1\src\renderer\graph_runner.rs;240;640876339;0.692694;36324;17643;104;623345;20383.957158
asset loading{loader="bevy_image::image_loader::ImageLoader" asset="ui/menu_video/frame_0082.webp"};C:\Users\Antoi\.cargo\registry\src\index.crates.io-1949cf8c6b5b557f\bevy_asset-0.18.1\src\server\loaders.rs;332;14211254;0.015360;7;2030179;155;14175173;5355440.569400
system_commands{name="bevy_core_pipeline::core_3d::prepare_core_3d_depth_textures"};C:\Users\Antoi\.cargo\registry\src\index.crates.io-1949cf8c6b5b557f\bevy_ecs-0.18.1\src\system\function_system.rs;54;14213691;0.015363;18162;782;287;78085;857.038063
system_commands{name="bevy_pbr::ssr::prepare_ssr_settings"};C:\Users\Antoi\.cargo\registry\src\index.crates.io-1949cf8c6b5b557f\bevy_ecs-0.18.1\src\system\function_system.rs;54;48515294;0.052438;18162;2671;1182;88203;1326.812992
system{name="forgia_mode_roguelite::trempe::sys_write_trempe_sensor"};C:\Users\Antoi\.cargo\registry\src\index.crates.io-1949cf8c6b5b557f\bevy_ecs-0.18.1\src\system\function_system.rs;52;5692135;0.006152;18163;313;98;27091;312.820899
plugin finish{plugin="bevy_ui_render::gradient::GradientPlugin"};C:\Users\Antoi\.cargo\registry\src\index.crates.io-1949cf8c6b5b557f\bevy_app-0.18.1\src\app.rs;272;53;0.000000;1;53;53;53;0.000000
system_commands{name="forgia_mode_roguelite::enemy_anim::sys_init_enemy_anim_genome"};C:\Users\Antoi\.cargo\registry\src\index.crates.io-1949cf8c6b5b557f\bevy_ecs-0.18.1\src\system\function_system.rs;54;9644;0.000010;1;9644;9644;9644;0.000000
system{name="forgia_enemy_nameplate::update_hp_fill"};C:\Users\Antoi\.cargo\registry\src\index.crates.io-1949cf8c6b5b557f\bevy_ecs-0.18.1\src\system\function_system.rs;52;18883765;0.020411;18163;1039;129;83347;946.131747
system{name="<bevy_input::mouse::MouseButton as leafwing_input_manager::user_input::updating::UpdatableInput>::compute"};C:\Users\Antoi\.cargo\registry\src\index.crates.io-1949cf8c6b5b557f\bevy_ecs-0.18.1\src\system\function_system.rs;52;5600685;0.006054;18163;308;102;10504;249.902515
system{name="bevy_rapier3d::plugin::systems::writeback::writeback_mass_properties"};C:\Users\Antoi\.cargo\registry\src\index.crates.io-1949cf8c6b5b557f\bevy_ecs-0.18.1\src\system\function_system.rs;52;2739489;0.002961;5734;477;80;9863;202.553673
system{name="forgia_ui::weapon_preview::sys_spawn_weapon_preview"};C:\Users\Antoi\.cargo\registry\src\index.crates.io-1949cf8c6b5b557f\bevy_ecs-0.18.1\src\system\function_system.rs;52;372640;0.000403;1;372640;372640;372640;0.000000
system{name="bevy_post_process::effect_stack::prepare_post_processing_uniforms"};C:\Users\Antoi\.cargo\registry\src\index.crates.io-1949cf8c6b5b557f\bevy_ecs-0.18.1\src\system\function_system.rs;52;7642533;0.008260;18162;420;132;38388;392.568205
handle_user_changes_on_colliders;C:\Users\Antoi\.cargo\registry\src\index.crates.io-1949cf8c6b5b557f\rapier3d-0.31.0\src\geometry\narrow_phase.rs;428;2254391;0.002437;5734;393;49;12383;281.343527
system{name="bevy_gizmos::propagate_gizmos<bevy_gizmos::light::LightGizmoConfigGroup, bevy_time::fixed::Fixed>"};C:\Users\Antoi\.cargo\registry\src\index.crates.io-1949cf8c6b5b557f\bevy_ecs-0.18.1\src\system\function_system.rs;52;4519581;0.004885;18163;248;76;30711;253.560588
solve;C:\Users\Antoi\.cargo\registry\src\index.crates.io-1949cf8c6b5b557f\rapier3d-0.31.0\src\dynamics\solver\contact_constraint\contact_constraints_set.rs;537;1300481;0.001406;22936;56;46;1581;19.396193
plugin finish{plugin="forgia_fps::score::ArenaScorePlugin"};C:\Users\Antoi\.cargo\registry\src\index.crates.io-1949cf8c6b5b557f\bevy_app-0.18.1\src\app.rs;272;55;0.000000;1;55;55;55;0.000000
system{name="forgia_ui::weapon_preview::sys_calibrate_previews"};C:\Users\Antoi\.cargo\registry\src\index.crates.io-1949cf8c6b5b557f\bevy_ecs-0.18.1\src\system\function_system.rs;52;301368;0.000326;855;352;152;14871;633.345341
asset loading{loader="bevy_shader::shader::ShaderLoader" asset="embedded://bevy_pbr\\atmosphere\\sky_view_lut.wgsl"};C:\Users\Antoi\.cargo\registry\src\index.crates.io-1949cf8c6b5b557f\bevy_asset-0.18.1\src\server\loaders.rs;332;66878;0.000072;2;33439;56;66822;47210.691353
asset loading{loader="forgia_genome_core::GenomeLoader<forgia_fps::FpsTuning>" asset="genomes/fps_tuning.toml"};C:\Users\Antoi\.cargo\registry\src\index.crates.io-1949cf8c6b5b557f\bevy_asset-0.18.1\src\server\loaders.rs;332;216883;0.000234;4;54220;84;188307;89787.813028
system{name="bevy_pbr::render::mesh::extract_meshes_for_gpu_building"};C:\Users\Antoi\.cargo\registry\src\index.crates.io-1949cf8c6b5b557f\bevy_ecs-0.18.1\src\system\function_system.rs;52;739707898;0.799516;18162;40728;15468;1474599;17014.570787
schedule{name=FixedMain};C:\Users\Antoi\.cargo\registry\src\index.crates.io-1949cf8c6b5b557f\bevy_ecs-0.18.1\src\schedule\schedule.rs;532;2547722057;2.753716;5734;444318;139504;44269295;790038.562987
plugin build{plugin="forgia_viewmodel::fade::ForgiaViewmodelFadePlugin"};C:\Users\Antoi\.cargo\registry\src\index.crates.io-1949cf8c6b5b557f\bevy_app-0.18.1\src\app.rs;529;7685;0.000008;1;7685;7685;7685;0.000000
system{name="bevy_anti_alias::smaa::prepare_smaa_bind_groups"};C:\Users\Antoi\.cargo\registry\src\index.crates.io-1949cf8c6b5b557f\bevy_ecs-0.18.1\src\system\function_system.rs;52;14354181;0.015515;18162;790;320;67253;917.386229
system{name="bevy_time::time_system"};C:\Users\Antoi\.cargo\registry\src\index.crates.io-1949cf8c6b5b557f\bevy_ecs-0.18.1\src\system\function_system.rs;52;26313696;0.028441;18163;1448;683;44351;558.559516
system{name="bevy_ui_render::ui_texture_slice_pipeline::queue_ui_slices"};C:\Users\Antoi\.cargo\registry\src\index.crates.io-1949cf8c6b5b557f\bevy_ecs-0.18.1\src\system\function_system.rs;52;12312804;0.013308;18162;677;265;52618;622.694163
system{name="forgia_ui::sys_menu_forgeron"};C:\Users\Antoi\.cargo\registry\src\index.crates.io-1949cf8c6b5b557f\bevy_ecs-0.18.1\src\system\function_system.rs;52;6510453;0.007037;18163;358;105;79109;618.245104
asset loading{loader="bevy_shader::shader::ShaderLoader" asset="embedded://bevy_pbr\\atmosphere\\bruneton_functions.wgsl"};C:\Users\Antoi\.cargo\registry\src\index.crates.io-1949cf8c6b5b557f\bevy_asset-0.18.1\src\server\loaders.rs;332;252902;0.000273;2;126451;56;252846;178749.523216
plugin cleanup{plugin="forgia_mode_roguelite::identity::IdentityPlugin"};C:\Users\Antoi\.cargo\registry\src\index.crates.io-1949cf8c6b5b557f\bevy_app-0.18.1\src\app.rs;292;55;0.000000;1;55;55;55;0.000000
plugin finish{plugin="bevy_render::sync_component::SyncComponentPlugin<bevy_anti_alias::taa::TemporalAntiAliasing>"};C:\Users\Antoi\.cargo\registry\src\index.crates.io-1949cf8c6b5b557f\bevy_app-0.18.1\src\app.rs;272;57;0.000000;1;57;57;57;0.000000
system_commands{name="forgia_game::color_grading::sys_apply"};C:\Users\Antoi\.cargo\registry\src\index.crates.io-1949cf8c6b5b557f\bevy_ecs-0.18.1\src\system\function_system.rs;54;1906970;0.002061;18163;104;50;70042;599.020775
plugin build{plugin="bevy_pbr::light_probe::LightProbePlugin"};C:\Users\Antoi\.cargo\registry\src\index.crates.io-1949cf8c6b5b557f\bevy_app-0.18.1\src\app.rs;529;38917;0.000042;1;38917;38917;38917;0.000000
system{name="bevy_input::touch::touch_screen_input_system"};C:\Users\Antoi\.cargo\registry\src\index.crates.io-1949cf8c6b5b557f\bevy_ecs-0.18.1\src\system\function_system.rs;52;9794646;0.010587;18163;539;205;62298;485.376173
system{name="bevy_pbr::material::mark_meshes_as_changed_if_their_materials_changed<bevy_pbr::extended_material::ExtendedMaterial<bevy_pbr::pbr_material::StandardMaterial, bevy_pbr::decal::forward::ForwardDecalMaterialExt>>"};C:\Users\Antoi\.cargo\registry\src\index.crates.io-1949cf8c6b5b557f\bevy_ecs-0.18.1\src\system\function_system.rs;52;9088127;0.009823;18163;500;149;13437;325.719878
system{name="forgia_ui_lib::dialogue::render_dialogue"};C:\Users\Antoi\.cargo\registry\src\index.crates.io-1949cf8c6b5b557f\bevy_ecs-0.18.1\src\system\function_system.rs;52;13582675;0.014681;18163;747;346;50862;601.884494
system{name="forgia_mode_roguelite::boucherie_rocket::sys_spawn_rockets"};C:\Users\Antoi\.cargo\registry\src\index.crates.io-1949cf8c6b5b557f\bevy_ecs-0.18.1\src\system\function_system.rs;52;8245496;0.008912;17308;476;138;301854;2490.871441
system{name="forgia_mode_roguelite::poi::sys_reset_poi_stats"};C:\Users\Antoi\.cargo\registry\src\index.crates.io-1949cf8c6b5b557f\bevy_ecs-0.18.1\src\system\function_system.rs;52;227;0.000000;1;227;227;227;0.000000
plugin finish{plugin="bevy_pbr::deferred::DeferredPbrLightingPlugin"};C:\Users\Antoi\.cargo\registry\src\index.crates.io-1949cf8c6b5b557f\bevy_app-0.18.1\src\app.rs;272;56;0.000000;1;56;56;56;0.000000
plugin cleanup{plugin="forgia_mode_fps_arena::ForgiaModeFpsArenaPlugin"};C:\Users\Antoi\.cargo\registry\src\index.crates.io-1949cf8c6b5b557f\bevy_app-0.18.1\src\app.rs;292;53;0.000000;1;53;53;53;0.000000
system{name="bevy_pbr::ssao::prepare_ssao_textures"};C:\Users\Antoi\.cargo\registry\src\index.crates.io-1949cf8c6b5b557f\bevy_ecs-0.18.1\src\system\function_system.rs;52;8729092;0.009435;18162;480;127;36112;400.380641
system_commands{name="forgia_ui::menu_video::setup_menu_video"};C:\Users\Antoi\.cargo\registry\src\index.crates.io-1949cf8c6b5b557f\bevy_ecs-0.18.1\src\system\function_system.rs;54;8938;0.000010;1;8938;8938;8938;0.000000
system{name="forgia_anim_debug::bone_trace::write_bone_trace_sensor"};C:\Users\Antoi\.cargo\registry\src\index.crates.io-1949cf8c6b5b557f\bevy_ecs-0.18.1\src\system\function_system.rs;52;21950594;0.023725;18163;1208;228;82580;5030.863875
system{name="bevy_hanabi::render::allocate_parent_child_infos"};C:\Users\Antoi\.cargo\registry\src\index.crates.io-1949cf8c6b5b557f\bevy_ecs-0.18.1\src\system\function_system.rs;52;11282361;0.012195;18162;621;239;22019;359.395563
system{name="bevy_asset::assets::Assets<bevy_gltf::assets::GltfMesh>::asset_events"};C:\Users\Antoi\.cargo\registry\src\index.crates.io-1949cf8c6b5b557f\bevy_ecs-0.18.1\src\system\function_system.rs;52;13954;0.000015;15;930;338;2945;723.567847
plugin build{plugin="bevy_sprite_render::mesh2d::material::Material2dPlugin<bevy_sprite_render::tilemap_chunk::tilemap_chunk_material::TilemapChunkMaterial>"};C:\Users\Antoi\.cargo\registry\src\index.crates.io-1949cf8c6b5b557f\bevy_app-0.18.1\src\app.rs;529;95066;0.000103;1;95066;95066;95066;0.000000
system{name="bevy_pbr::render::skin::prepare_skins"};C:\Users\Antoi\.cargo\registry\src\index.crates.io-1949cf8c6b5b557f\bevy_ecs-0.18.1\src\system\function_system.rs;52;299918014;0.324168;18162;16513;1415;1185445;16753.458541
present_frames;C:\Users\Antoi\.cargo\registry\src\index.crates.io-1949cf8c6b5b557f\bevy_render-0.18.1\src\renderer\mod.rs;83;736055603;0.795569;18162;40527;3020;1231527;12916.204189
system{name="forgia_rpg_data::dialogue::advance_sessions"};C:\Users\Antoi\.cargo\registry\src\index.crates.io-1949cf8c6b5b557f\bevy_ecs-0.18.1\src\system\function_system.rs;52;10160338;0.010982;18163;559;231;179585;1348.525150
plugin finish{plugin="forgia_mode_fps_arena::wave::ArenaWavesPlugin"};C:\Users\Antoi\.cargo\registry\src\index.crates.io-1949cf8c6b5b557f\bevy_app-0.18.1\src\app.rs;272;54;0.000000;1;54;54;54;0.000000
system_commands{name="bevy_render::extract_component::extract_components<bevy_post_process::effect_stack::ChromaticAberration>"};C:\Users\Antoi\.cargo\registry\src\index.crates.io-1949cf8c6b5b557f\bevy_ecs-0.18.1\src\system\function_system.rs;54;13836445;0.014955;18162;761;209;84807;731.813432
asset loading{loader="bevy_shader::shader::ShaderLoader" asset="embedded://bevy_pbr\\render/shadow_sampling.wgsl"};C:\Users\Antoi\.cargo\registry\src\index.crates.io-1949cf8c6b5b557f\bevy_asset-0.18.1\src\server\loaders.rs;332;1807691;0.001954;2;903845;248;1807443;1277879.839427
system_commands{name="forgia_rpg_data::loot_tables::sys_tick_pickup_lifetime"};C:\Users\Antoi\.cargo\registry\src\index.crates.io-1949cf8c6b5b557f\bevy_ecs-0.18.1\src\system\function_system.rs;54;1535044;0.001659;18163;84;50;42083;467.958813
plugin build{plugin="forgia_game::color_grading::ColorGradingPlugin"};C:\Users\Antoi\.cargo\registry\src\index.crates.io-1949cf8c6b5b557f\bevy_app-0.18.1\src\app.rs;529;9551;0.000010;1;9551;9551;9551;0.000000
asset loading{loader="bevy_image::image_loader::ImageLoader" asset="textures/vfx/kenney/muzzle_03.png"};C:\Users\Antoi\.cargo\registry\src\index.crates.io-1949cf8c6b5b557f\bevy_asset-0.18.1\src\server\loaders.rs;332;748242;0.000809;7;106891;169;703127;262993.341959
system{name="forgia_mode_roguelite::trempe::sys_reset_trempe"};C:\Users\Antoi\.cargo\registry\src\index.crates.io-1949cf8c6b5b557f\bevy_ecs-0.18.1\src\system\function_system.rs;52;198;0.000000;1;198;198;198;0.000000
plugin cleanup{plugin="bevy_anti_alias::taa::TemporalAntiAliasPlugin"};C:\Users\Antoi\.cargo\registry\src\index.crates.io-1949cf8c6b5b557f\bevy_app-0.18.1\src\app.rs;292;56;0.000000;1;56;56;56;0.000000
system{name="forgia_game::color_grading::sys_write_sensor"};C:\Users\Antoi\.cargo\registry\src\index.crates.io-1949cf8c6b5b557f\bevy_ecs-0.18.1\src\system\function_system.rs;52;5056163;0.005465;18163;278;99;23858;317.004921
system{name="forgia_stage::load_stage_genomes"};C:\Users\Antoi\.cargo\registry\src\index.crates.io-1949cf8c6b5b557f\bevy_ecs-0.18.1\src\system\function_system.rs;52;921925;0.000996;1;921925;921925;921925;0.000000
system{name="forgia_effects::weapon_vfx::sys_hot_reload_vfx_genome"};C:\Users\Antoi\.cargo\registry\src\index.crates.io-1949cf8c6b5b557f\bevy_ecs-0.18.1\src\system\function_system.rs;52;9201202;0.009945;18163;506;94;73339;2828.363485
system{name="forgia_damage::load_hit_feedback"};C:\Users\Antoi\.cargo\registry\src\index.crates.io-1949cf8c6b5b557f\bevy_ecs-0.18.1\src\system\function_system.rs;52;16913;0.000018;1;16913;16913;16913;0.000000
system{name="bevy_sprite_render::mesh2d::mesh::init_batched_instance_buffer"};C:\Users\Antoi\.cargo\registry\src\index.crates.io-1949cf8c6b5b557f\bevy_ecs-0.18.1\src\system\function_system.rs;52;5639;0.000006;1;5639;5639;5639;0.000000
system{name="forgia_mode_roguelite::ultimate_config::sys_hot_reload_ultimate_genome"};C:\Users\Antoi\.cargo\registry\src\index.crates.io-1949cf8c6b5b557f\bevy_ecs-0.18.1\src\system\function_system.rs;52;9064346;0.009797;17308;523;84;143826;4521.804006
plugin cleanup{plugin="bevy_window::WindowPlugin"};C:\Users\Antoi\.cargo\registry\src\index.crates.io-1949cf8c6b5b557f\bevy_app-0.18.1\src\app.rs;292;56;0.000000;1;56;56;56;0.000000
add_pair;C:\Users\Antoi\.cargo\registry\src\index.crates.io-1949cf8c6b5b557f\rapier3d-0.31.0\src\geometry\narrow_phase.rs;608;141909;0.000153;678;209;55;3233;275.969116
system_commands{name="bevy_render::extract_component::extract_components<bevy_render::view::Hdr>"};C:\Users\Antoi\.cargo\registry\src\index.crates.io-1949cf8c6b5b557f\bevy_ecs-0.18.1\src\system\function_system.rs;54;9438722;0.010202;18162;519;192;6262;132.401968
asset loading{loader="bevy_image::image_loader::ImageLoader" asset="ui/menu_video/frame_0085.webp"};C:\Users\Antoi\.cargo\registry\src\index.crates.io-1949cf8c6b5b557f\bevy_asset-0.18.1\src\server\loaders.rs;332;14292305;0.015448;6;2382050;302;14248465;5813336.203469
plugin finish{plugin="forgia_mode_roguelite::ftue::FtuePlugin"};C:\Users\Antoi\.cargo\registry\src\index.crates.io-1949cf8c6b5b557f\bevy_app-0.18.1\src\app.rs;272;55;0.000000;1;55;55;55;0.000000
system{name="forgia_mode_roguelite::run::sys_spawn_roguelite_scene"};C:\Users\Antoi\.cargo\registry\src\index.crates.io-1949cf8c6b5b557f\bevy_ecs-0.18.1\src\system\function_system.rs;52;67364;0.000073;1;67364;67364;67364;0.000000
asset loading{loader="bevy_image::image_loader::ImageLoader" asset="ui/menu_video/frame_0008.webp"};C:\Users\Antoi\.cargo\registry\src\index.crates.io-1949cf8c6b5b557f\bevy_asset-0.18.1\src\server\loaders.rs;332;14968731;0.016179;8;1871091;161;14940149;5280698.945682
plugin build{plugin="bevy_render::render_phase::BinnedRenderPhasePlugin<bevy_pbr::render::light::Shadow, bevy_pbr::render::mesh::MeshPipeline>"};C:\Users\Antoi\.cargo\registry\src\index.crates.io-1949cf8c6b5b557f\bevy_app-0.18.1\src\app.rs;529;23951;0.000026;1;23951;23951;23951;0.000000
system_commands{name="forgia_mode_roguelite::merchant::sys_apply_purchase"};C:\Users\Antoi\.cargo\registry\src\index.crates.io-1949cf8c6b5b557f\bevy_ecs-0.18.1\src\system\function_system.rs;54;2929044;0.003166;17308;169;62;83500;1004.637932
plugin build{plugin="bevy_ui::UiPlugin"};C:\Users\Antoi\.cargo\registry\src\index.crates.io-1949cf8c6b5b557f\bevy_app-0.18.1\src\app.rs;529;284362;0.000307;1;284362;284362;284362;0.000000
system{name="bevy_pbr::render::gpu_preprocess::write_mesh_culling_data_buffer"};C:\Users\Antoi\.cargo\registry\src\index.crates.io-1949cf8c6b5b557f\bevy_ecs-0.18.1\src\system\function_system.rs;52;148636435;0.160654;18162;8183;773;1814900;16315.153903
plugin cleanup{plugin="forgia_rpg_data::quests::ForgiaQuestsPlugin"};C:\Users\Antoi\.cargo\registry\src\index.crates.io-1949cf8c6b5b557f\bevy_app-0.18.1\src\app.rs;292;53;0.000000;1;53;53;53;0.000000
system{name="bevy_light::cascade::build_directional_light_cascades"};C:\Users\Antoi\.cargo\registry\src\index.crates.io-1949cf8c6b5b557f\bevy_ecs-0.18.1\src\system\function_system.rs;52;77796847;0.084087;18163;4283;684;208268;3278.959674
system{name="bevy_pbr::light_probe::generate::prepare_generated_environment_map_intermediate_textures"};C:\Users\Antoi\.cargo\registry\src\index.crates.io-1949cf8c6b5b557f\bevy_ecs-0.18.1\src\system\function_system.rs;52;6461102;0.006984;18162;355;69;35751;420.714989
system{name="forgia_viewmodel::pose::apply_ads_camera_fov"};C:\Users\Antoi\.cargo\registry\src\index.crates.io-1949cf8c6b5b557f\bevy_ecs-0.18.1\src\system\function_system.rs;52;12201878;0.013188;17308;704;249;87937;919.900894
system_commands{name="bevy_render::render_asset::extract_render_asset<bevy_render::texture::gpu_image::GpuImage>"};C:\Users\Antoi\.cargo\registry\src\index.crates.io-1949cf8c6b5b557f\bevy_ecs-0.18.1\src\system\function_system.rs;54;14722056;0.015912;18162;810;253;43499;559.394684
system{name="bevy_sprite_render::mesh2d::material::specialize_material2d_meshes<bevy_sprite_render::tilemap_chunk::tilemap_chunk_material::TilemapChunkMaterial>"};C:\Users\Antoi\.cargo\registry\src\index.crates.io-1949cf8c6b5b557f\bevy_ecs-0.18.1\src\system\function_system.rs;52;8820918;0.009534;18162;485;177;43714;422.902924
plugin cleanup{plugin="bevy_gizmos_render::pipeline_3d::LineGizmo3dPlugin"};C:\Users\Antoi\.cargo\registry\src\index.crates.io-1949cf8c6b5b557f\bevy_app-0.18.1\src\app.rs;292;96;0.000000;1;96;96;96;0.000000
asset loading{loader="bevy_image::image_loader::ImageLoader" asset="ui/menu_video/frame_0136.webp"};C:\Users\Antoi\.cargo\registry\src\index.crates.io-1949cf8c6b5b557f\bevy_asset-0.18.1\src\server\loaders.rs;332;14614420;0.015796;6;2435736;79;14575220;5947111.479742
plugin build{plugin="forgia_ui_lib::shop_panel::ForgiaUiShopPlugin"};C:\Users\Antoi\.cargo\registry\src\index.crates.io-1949cf8c6b5b557f\bevy_app-0.18.1\src\app.rs;529;3943;0.000004;1;3943;3943;3943;0.000000
node{name="bevy_render::render_graph::node::ViewNodeRunner<bevy_core_pipeline::core_3d::main_transmissive_pass_3d_node::MainTransmissivePass3dNode>"};C:\Users\Antoi\.cargo\registry\src\index.crates.io-1949cf8c6b5b557f\bevy_render-0.18.1\src\renderer\graph_runner.rs;240;53963406;0.058327;36324;1485;669;116864;1123.120599
asset loading{loader="bevy_gltf::loader::GltfLoader" asset="models/environment/inferno/Gear_001.glb"};C:\Users\Antoi\.cargo\registry\src\index.crates.io-1949cf8c6b5b557f\bevy_asset-0.18.1\src\server\loaders.rs;332;7626161;0.008243;6;1271026;158;7535436;3069054.490865
plugin cleanup{plugin="forgia_effects::arena_feedback::ArenaFeedbackPlugin"};C:\Users\Antoi\.cargo\registry\src\index.crates.io-1949cf8c6b5b557f\bevy_app-0.18.1\src\app.rs;292;54;0.000000;1;54;54;54;0.000000
system_commands{name="forgia_mode_roguelite::poi::sys_reconcile_poi_anchors"};C:\Users\Antoi\.cargo\registry\src\index.crates.io-1949cf8c6b5b557f\bevy_ecs-0.18.1\src\system\function_system.rs;54;1793883;0.001939;17308;103;50;376019;2929.414132
plugin build{plugin="bevy_render::extract_component::ExtractComponentPlugin<forgia_postprocess::toon::ToonSettings>"};C:\Users\Antoi\.cargo\registry\src\index.crates.io-1949cf8c6b5b557f\bevy_app-0.18.1\src\app.rs;529;35631;0.000039;1;35631;35631;35631;0.000000
asset loading{loader="bevy_shader::shader::ShaderLoader" asset="embedded://bevy_pbr\\decal\\clustered.wgsl"};C:\Users\Antoi\.cargo\registry\src\index.crates.io-1949cf8c6b5b557f\bevy_asset-0.18.1\src\server\loaders.rs;332;688440;0.000744;2;344220;138;688302;486605.430968
system{name="bevy_render::erased_render_asset::prepare_erased_assets<bevy_pbr::mesh_material::MeshMaterial3d<bevy_pbr::extended_material::ExtendedMaterial<bevy_pbr::pbr_material::StandardMaterial, bevy_pbr::decal::forward::ForwardDecalMaterialExt>>>"};C:\Users\Antoi\.cargo\registry\src\index.crates.io-1949cf8c6b5b557f\bevy_ecs-0.18.1\src\system\function_system.rs;52;20225521;0.021861;18162;1113;559;21907;410.328154
system{name="bevy_render::view::visibility::range::write_render_visibility_ranges"};C:\Users\Antoi\.cargo\registry\src\index.crates.io-1949cf8c6b5b557f\bevy_ecs-0.18.1\src\system\function_system.rs;52;4970901;0.005373;18162;273;96;121696;913.963793
system{name="forgia_mode_roguelite::status_vfx::sys_attach_poison_vfx"};C:\Users\Antoi\.cargo\registry\src\index.crates.io-1949cf8c6b5b557f\bevy_ecs-0.18.1\src\system\function_system.rs;52;6688861;0.007230;17308;386;125;76578;608.474525
system{name="forgia_mode_roguelite::pipeline_warmup::sys_drain_warmup_queue"};C:\Users\Antoi\.cargo\registry\src\index.crates.io-1949cf8c6b5b557f\bevy_ecs-0.18.1\src\system\function_system.rs;52;46184;0.000050;91;507;110;3438;484.558207
system{name="bevy_hanabi::render::prepare_bind_groups"};C:\Users\Antoi\.cargo\registry\src\index.crates.io-1949cf8c6b5b557f\bevy_ecs-0.18.1\src\system\function_system.rs;52;908129783;0.981556;18162;50001;150;510686;23143.043449
system_commands{name="bevy_winit::cursor::update_cursors"};C:\Users\Antoi\.cargo\registry\src\index.crates.io-1949cf8c6b5b557f\bevy_ecs-0.18.1\src\system\function_system.rs;54;1742061;0.001883;18163;95;52;409;24.958719
plugin cleanup{plugin="bevy_hanabi::plugin::HanabiPlugin"};C:\Users\Antoi\.cargo\registry\src\index.crates.io-1949cf8c6b5b557f\bevy_app-0.18.1\src\app.rs;292;53;0.000000;1;53;53;53;0.000000
system{name="forgia_enemy_nameplate::tick_lifetime_and_despawn"};C:\Users\Antoi\.cargo\registry\src\index.crates.io-1949cf8c6b5b557f\bevy_ecs-0.18.1\src\system\function_system.rs;52;48732953;0.052673;18163;2683;114;119589;2514.707359
system{name="forgia_mode_roguelite::element_vfx::sys_init_vfx_assets"};C:\Users\Antoi\.cargo\registry\src\index.crates.io-1949cf8c6b5b557f\bevy_ecs-0.18.1\src\system\function_system.rs;52;52342;0.000057;1;52342;52342;52342;0.000000
system{name="forgia_observability::migration_baseline::sys_capture_and_compare_baseline"};C:\Users\Antoi\.cargo\registry\src\index.crates.io-1949cf8c6b5b557f\bevy_ecs-0.18.1\src\system\function_system.rs;52;18194655;0.019666;18163;1001;313;546085;4273.286253
plugin cleanup{plugin="bevy_sprite_render::tilemap_chunk::tilemap_chunk_material::TilemapChunkMaterialPlugin"};C:\Users\Antoi\.cargo\registry\src\index.crates.io-1949cf8c6b5b557f\bevy_app-0.18.1\src\app.rs;292;55;0.000000;1;55;55;55;0.000000
system{name="bevy_hanabi::update_properties_from_asset"};C:\Users\Antoi\.cargo\registry\src\index.crates.io-1949cf8c6b5b557f\bevy_ecs-0.18.1\src\system\function_system.rs;52;11151186;0.012053;18163;613;218;82004;898.580563
system{name="forgia_mode_roguelite::mushrooms::sys_hot_reload_mushroom_genome"};C:\Users\Antoi\.cargo\registry\src\index.crates.io-1949cf8c6b5b557f\bevy_ecs-0.18.1\src\system\function_system.rs;52;6890181;0.007447;17308;398;79;82360;2685.281808
system_commands{name="forgia_mode_roguelite::ultimate_vfx::sys_spawn_ultimate_vfx"};C:\Users\Antoi\.cargo\registry\src\index.crates.io-1949cf8c6b5b557f\bevy_ecs-0.18.1\src\system\function_system.rs;54;1902237;0.002056;17308;109;55;69300;528.842987
system{name="bevy_pbr::atmosphere::resources::prepare_atmosphere_textures"};C:\Users\Antoi\.cargo\registry\src\index.crates.io-1949cf8c6b5b557f\bevy_ecs-0.18.1\src\system\function_system.rs;52;6654041;0.007192;18162;366;92;54715;500.492180
asset loading{loader="bevy_gltf::loader::GltfLoader" asset="models/weapons/forgia/madame_lenoir.glb"};C:\Users\Antoi\.cargo\registry\src\index.crates.io-1949cf8c6b5b557f\bevy_asset-0.18.1\src\server\loaders.rs;332;162591232;0.175737;9;18065692;83;161495957;53786712.093007
asset loading{loader="bevy_gltf::loader::GltfLoader" asset="models/environment/inferno/Vase_001.glb"};C:\Users\Antoi\.cargo\registry\src\index.crates.io-1949cf8c6b5b557f\bevy_asset-0.18.1\src\server\loaders.rs;332;287862580;0.311138;4;71965645;82;287824699;143906036.533640
plugin cleanup{plugin="forgia_ui_lib::dialogue::ForgiaUiDialoguePlugin"};C:\Users\Antoi\.cargo\registry\src\index.crates.io-1949cf8c6b5b557f\bevy_app-0.18.1\src\app.rs;292;55;0.000000;1;55;55;55;0.000000
system{name="bevy_gizmos::start_gizmo_context<bevy_gizmos::light::LightGizmoConfigGroup, bevy_time::fixed::Fixed>"};C:\Users\Antoi\.cargo\registry\src\index.crates.io-1949cf8c6b5b557f\bevy_ecs-0.18.1\src\system\function_system.rs;52;3712945;0.004013;18163;204;78;123303;965.913443
system{name="bevy_ui_render::prepare_uinodes"};C:\Users\Antoi\.cargo\registry\src\index.crates.io-1949cf8c6b5b557f\bevy_ecs-0.18.1\src\system\function_system.rs;52;283569397;0.306497;18162;15613;3505;336250;13698.792155
system{name="forgia_ai_arena_bot::tactical::bot_tactical_movement"};C:\Users\Antoi\.cargo\registry\src\index.crates.io-1949cf8c6b5b557f\bevy_ecs-0.18.1\src\system\function_system.rs;52;155871200;0.168474;18163;8581;157;351453;14010.282076
system_commands{name="bevy_egui::render::systems::queue_bind_groups_system"};C:\Users\Antoi\.cargo\registry\src\index.crates.io-1949cf8c6b5b557f\bevy_ecs-0.18.1\src\system\function_system.rs;54;38896364;0.042041;18162;2141;969;77799;1227.059316
system{name="forgia_debug::draw_overlay_system"};C:\Users\Antoi\.cargo\registry\src\index.crates.io-1949cf8c6b5b557f\bevy_ecs-0.18.1\src\system\function_system.rs;52;8529348;0.009219;18163;469;107;14920;232.712861
system{name="forgia_player::dash::dash_input_system"};C:\Users\Antoi\.cargo\registry\src\index.crates.io-1949cf8c6b5b557f\bevy_ecs-0.18.1\src\system\function_system.rs;52;7171052;0.007751;5360;1337;303;346105;9136.984627
system{name="bevy_gizmos::collect_requested_gizmos<bevy_gizmos::config::DefaultGizmoConfigGroup, bevy_time::fixed::Fixed>"};C:\Users\Antoi\.cargo\registry\src\index.crates.io-1949cf8c6b5b557f\bevy_ecs-0.18.1\src\system\function_system.rs;52;1293439;0.001398;5734;225;80;8424;147.448507
system{name="bevy_render::batching::gpu_preprocessing::collect_buffers_for_phase<bevy_core_pipeline::deferred::AlphaMask3dDeferred, bevy_pbr::render::mesh::MeshPipeline>"};C:\Users\Antoi\.cargo\registry\src\index.crates.io-1949cf8c6b5b557f\bevy_ecs-0.18.1\src\system\function_system.rs;52;13624664;0.014726;18162;750;282;76838;682.959689
plugin cleanup{plugin="forgia_mode_roguelite::weapon_select::WeaponSelectPlugin"};C:\Users\Antoi\.cargo\registry\src\index.crates.io-1949cf8c6b5b557f\bevy_app-0.18.1\src\app.rs;292;74;0.000000;1;74;74;74;0.000000
plugin finish{plugin="bevy_pbr::ssao::ScreenSpaceAmbientOcclusionPlugin"};C:\Users\Antoi\.cargo\registry\src\index.crates.io-1949cf8c6b5b557f\bevy_app-0.18.1\src\app.rs;272;265701;0.000287;1;265701;265701;265701;0.000000
system{name="forgia_mode_roguelite::boss_portal::sys_flicker_portal_flames"};C:\Users\Antoi\.cargo\registry\src\index.crates.io-1949cf8c6b5b557f\bevy_ecs-0.18.1\src\system\function_system.rs;52;12142464;0.013124;17308;701;321;125982;1009.186594
system{name="bevy_asset::assets::Assets<()>::asset_events_condition"};C:\Users\Antoi\.cargo\registry\src\index.crates.io-1949cf8c6b5b557f\bevy_ecs-0.18.1\src\system\function_system.rs;52;1983897;0.002144;18163;109;56;12787;107.940248
system{name="bevy_pbr::ssao::prepare_ssao_bind_groups"};C:\Users\Antoi\.cargo\registry\src\index.crates.io-1949cf8c6b5b557f\bevy_ecs-0.18.1\src\system\function_system.rs;52;9556051;0.010329;18162;526;163;96600;897.383993
par_for_each{query="(bevy_ecs::entity::Entity, bevy_ecs::change_detection::params::Ref<'_, bevy_transform::components::transform::Transform>, &mut bevy_transform::components::global_transform::GlobalTransform, &bevy_ecs::hierarchy::Children, bevy_ecs::change_detection::params::Ref<'_, bevy_transform::components::transform::TransformTreeChanged>)" filter="bevy_ecs::query::filter::Without<bevy_ecs::hierarchy::ChildOf>"};C:\Users\Antoi\.cargo\registry\src\index.crates.io-1949cf8c6b5b557f\bevy_ecs-0.18.1\src\query\state.rs;246;426834953;0.461346;1205590;354;58;110711;587.078488
system{name="forgia_game::color_grading::sys_apply"};C:\Users\Antoi\.cargo\registry\src\index.crates.io-1949cf8c6b5b557f\bevy_ecs-0.18.1\src\system\function_system.rs;52;14169367;0.015315;18163;780;335;50948;503.553331
system_commands{name="bevy_pbr::render::light::extract_lights"};C:\Users\Antoi\.cargo\registry\src\index.crates.io-1949cf8c6b5b557f\bevy_ecs-0.18.1\src\system\function_system.rs;54;209486541;0.226424;18162;11534;1652;105239;3736.679140
plugin cleanup{plugin="bevy_render::extract_component::UniformComponentPlugin<bevy_gizmos_render::LineGizmoUniform>"};C:\Users\Antoi\.cargo\registry\src\index.crates.io-1949cf8c6b5b557f\bevy_app-0.18.1\src\app.rs;292;99;0.000000;1;99;99;99;0.000000
plugin finish{plugin="bevy_sprite_render::mesh2d::color_material::ColorMaterialPlugin"};C:\Users\Antoi\.cargo\registry\src\index.crates.io-1949cf8c6b5b557f\bevy_app-0.18.1\src\app.rs;272;55;0.000000;1;55;55;55;0.000000
plugin cleanup{plugin="bevy_pbr::render::mesh::MeshRenderPlugin"};C:\Users\Antoi\.cargo\registry\src\index.crates.io-1949cf8c6b5b557f\bevy_app-0.18.1\src\app.rs;292;57;0.000000;1;57;57;57;0.000000
system{name="forgia_viewmodel::calibration_sensor::viewmodel_calibration_sensor"};C:\Users\Antoi\.cargo\registry\src\index.crates.io-1949cf8c6b5b557f\bevy_ecs-0.18.1\src\system\function_system.rs;52;108857874;0.117660;18163;5993;340;152657;8012.928320
system{name="bevy_render::extract_component::prepare_uniform_components<bevy_anti_alias::contrast_adaptive_sharpening::CasUniform>"};C:\Users\Antoi\.cargo\registry\src\index.crates.io-1949cf8c6b5b557f\bevy_ecs-0.18.1\src\system\function_system.rs;52;12407733;0.013411;18162;683;177;87402;1246.922637
system_commands{name="bevy_egui::output::process_output_system"};C:\Users\Antoi\.cargo\registry\src\index.crates.io-1949cf8c6b5b557f\bevy_ecs-0.18.1\src\system\function_system.rs;54;1506526;0.001628;18163;82;50;28868;216.020212
schedule{name=FixedFirst};C:\Users\Antoi\.cargo\registry\src\index.crates.io-1949cf8c6b5b557f\bevy_ecs-0.18.1\src\schedule\schedule.rs;532;80374541;0.086873;5734;14017;3455;574552;11534.499336
system{name="forgia_ui_lib::damage_direction::tuning::sync_damage_dir_tuning"};C:\Users\Antoi\.cargo\registry\src\index.crates.io-1949cf8c6b5b557f\bevy_ecs-0.18.1\src\system\function_system.rs;52;6665323;0.007204;18163;366;109;323861;3155.058840
plugin finish{plugin="bevy_render::extract_component::ExtractComponentPlugin<bevy_post_process::motion_blur::MotionBlur>"};C:\Users\Antoi\.cargo\registry\src\index.crates.io-1949cf8c6b5b557f\bevy_app-0.18.1\src\app.rs;272;55;0.000000;1;55;55;55;0.000000
system_commands{name="bevy_hanabi::render::allocate_effects"};C:\Users\Antoi\.cargo\registry\src\index.crates.io-1949cf8c6b5b557f\bevy_ecs-0.18.1\src\system\function_system.rs;54;3168727;0.003425;18162;174;67;99252;760.685627
plugin build{plugin="forgia_anim_debug::ForgiaAnimDebugPlugin"};C:\Users\Antoi\.cargo\registry\src\index.crates.io-1949cf8c6b5b557f\bevy_app-0.18.1\src\app.rs;529;36927;0.000040;1;36927;36927;36927;0.000000
plugin finish{plugin="forgia_assets::ForgiaAssetsPlugin"};C:\Users\Antoi\.cargo\registry\src\index.crates.io-1949cf8c6b5b557f\bevy_app-0.18.1\src\app.rs;272;61;0.000000;1;61;61;61;0.000000
system{name="forgia_mode_roguelite::loot_room::sys_mark_demo_meshes"};C:\Users\Antoi\.cargo\registry\src\index.crates.io-1949cf8c6b5b557f\bevy_ecs-0.18.1\src\system\function_system.rs;52;7794464;0.008425;17308;450;174;13230;240.744692
move_shape;C:\Users\Antoi\.cargo\registry\src\index.crates.io-1949cf8c6b5b557f\rapier3d-0.31.0\src\control\character_controller.rs;267;138038777;0.149200;5359;25758;4644;1015263;59973.192941
system{name="forgia_mode_roguelite::status_vfx::sys_follow_status_vfx"};C:\Users\Antoi\.cargo\registry\src\index.crates.io-1949cf8c6b5b557f\bevy_ecs-0.18.1\src\system\function_system.rs;52;5570817;0.006021;17308;321;99;12614;229.384466
system{name="forgia_fps::bourrasque::sys_reset_stats"};C:\Users\Antoi\.cargo\registry\src\index.crates.io-1949cf8c6b5b557f\bevy_ecs-0.18.1\src\system\function_system.rs;52;85;0.000000;1;85;85;85;0.000000
system{name="bevy_asset::assets::Assets<forgia_genome_core::Genome<forgia_ui_lib::hud::barks::BarkGenome>>::track_assets"};C:\Users\Antoi\.cargo\registry\src\index.crates.io-1949cf8c6b5b557f\bevy_ecs-0.18.1\src\system\function_system.rs;52;18075442;0.019537;18163;995;155;273372;5931.252560
system{name="bevy_asset::server::publish_asset_server_diagnostics"};C:\Users\Antoi\.cargo\registry\src\index.crates.io-1949cf8c6b5b557f\bevy_ecs-0.18.1\src\system\function_system.rs;52;24134076;0.026085;18163;1328;275;157416;5372.552195
system{name="bevy_asset::assets::Assets<bevy_gltf::assets::GltfSkin>::asset_events_condition"};C:\Users\Antoi\.cargo\registry\src\index.crates.io-1949cf8c6b5b557f\bevy_ecs-0.18.1\src\system\function_system.rs;52;1558222;0.001684;18163;85;52;86630;645.507639
plugin finish{plugin="bevy_sprite::SpritePlugin"};C:\Users\Antoi\.cargo\registry\src\index.crates.io-1949cf8c6b5b557f\bevy_app-0.18.1\src\app.rs;272;54;0.000000;1;54;54;54;0.000000
plugin build{plugin="forgia_juice_lib::fov_punch::ForgiaJuiceFovPunchPlugin"};C:\Users\Antoi\.cargo\registry\src\index.crates.io-1949cf8c6b5b557f\bevy_app-0.18.1\src\app.rs;529;8333;0.000009;1;8333;8333;8333;0.000000
system{name="bevy_render::extract_component::extract_components<bevy_pbr::atmosphere::GpuAtmosphereSettings>"};C:\Users\Antoi\.cargo\registry\src\index.crates.io-1949cf8c6b5b557f\bevy_ecs-0.18.1\src\system\function_system.rs;52;5578136;0.006029;18163;307;82;528339;3925.641869
system{name="forgia_mode_roguelite::ultimate_apply::sys_write_ultimate_tech_sensor"};C:\Users\Antoi\.cargo\registry\src\index.crates.io-1949cf8c6b5b557f\bevy_ecs-0.18.1\src\system\function_system.rs;52;3740969;0.004043;18163;205;84;43340;407.768224
asset loading{loader="bevy_shader::shader::ShaderLoader" asset="embedded://bevy_pbr\\deferred\\deferred_lighting.wgsl"};C:\Users\Antoi\.cargo\registry\src\index.crates.io-1949cf8c6b5b557f\bevy_asset-0.18.1\src\server\loaders.rs;332;122062;0.000132;2;61031;66;121996;86217.529830
system{name="bevy_ui_render::gradient::prepare_gradient"};C:\Users\Antoi\.cargo\registry\src\index.crates.io-1949cf8c6b5b557f\bevy_ecs-0.18.1\src\system\function_system.rs;52;174760455;0.188891;18162;9622;2255;390609;9725.049801
plugin build{plugin="bevy_scene::ScenePlugin"};C:\Users\Antoi\.cargo\registry\src\index.crates.io-1949cf8c6b5b557f\bevy_app-0.18.1\src\app.rs;529;95114;0.000103;1;95114;95114;95114;0.000000
system{name="forgia_ui_lib::hud::energy::sys_energy_exhaustion_voiceline"};C:\Users\Antoi\.cargo\registry\src\index.crates.io-1949cf8c6b5b557f\bevy_ecs-0.18.1\src\system\function_system.rs;52;11707293;0.012654;18163;644;124;76198;675.237530
plugin build{plugin="bevy_render::extract_component::UniformComponentPlugin<bevy_pbr::atmosphere::resources::GpuAtmosphere>"};C:\Users\Antoi\.cargo\registry\src\index.crates.io-1949cf8c6b5b557f\bevy_app-0.18.1\src\app.rs;529;4457;0.000005;1;4457;4457;4457;0.000000
system{name="forgia_mode_roguelite::loot_room::sys_spawn_demo_level_after_boss"};C:\Users\Antoi\.cargo\registry\src\index.crates.io-1949cf8c6b5b557f\bevy_ecs-0.18.1\src\system\function_system.rs;52;6334414;0.006847;17308;365;133;164233;1291.274688
system{name="forgia_ui::escape_handler"};C:\Users\Antoi\.cargo\registry\src\index.crates.io-1949cf8c6b5b557f\bevy_ecs-0.18.1\src\system\function_system.rs;52;12215279;0.013203;18163;672;258;451659;3809.220146
system{name="bevy_render::render_asset::extract_render_asset<bevy_sprite_render::mesh2d::material::PreparedMaterial2d<bevy_sprite_render::mesh2d::color_material::ColorMaterial>>"};C:\Users\Antoi\.cargo\registry\src\index.crates.io-1949cf8c6b5b557f\bevy_ecs-0.18.1\src\system\function_system.rs;52;15836032;0.017116;18163;871;325;15088;327.953375
asset loading{loader="bevy_image::image_loader::ImageLoader" asset="ui/menu_video/frame_0061.webp"};C:\Users\Antoi\.cargo\registry\src\index.crates.io-1949cf8c6b5b557f\bevy_asset-0.18.1\src\server\loaders.rs;332;14649141;0.015834;6;2441523;178;14612432;5962504.993052
system{name="bevy_state::state_scoped::despawn_entities_on_enter_state<forgia_core::states::AppMode>"};C:\Users\Antoi\.cargo\registry\src\index.crates.io-1949cf8c6b5b557f\bevy_ecs-0.18.1\src\system\function_system.rs;52;5124201;0.005539;18164;282;87;15674;148.173494
plugin finish{plugin="forgia_effects::ForgiaEffectsPlugin"};C:\Users\Antoi\.cargo\registry\src\index.crates.io-1949cf8c6b5b557f\bevy_app-0.18.1\src\app.rs;272;151;0.000000;1;151;151;151;0.000000
system{name="bevy_time::fixed::run_fixed_main_schedule"};C:\Users\Antoi\.cargo\registry\src\index.crates.io-1949cf8c6b5b557f\bevy_ecs-0.18.1\src\system\function_system.rs;52;2601751496;2.812114;18163;143244;948;44273437;493975.109444
system{name="bevy_winit::accessibility::poll_receivers"};C:\Users\Antoi\.cargo\registry\src\index.crates.io-1949cf8c6b5b557f\bevy_ecs-0.18.1\src\system\function_system.rs;52;8451058;0.009134;18163;465;144;82609;645.616472
function_scope{egui::pass_state::PassState::begin_pass};C:\Users\Antoi\.cargo\registry\src\index.crates.io-1949cf8c6b5b557f\egui-0.33.3\src\pass_state.rs;262;8749541;0.009457;18163;481;177;126135;1723.290658
plugin build{plugin="bevy_render::extract_component::ExtractComponentPlugin<bevy_core_pipeline::skybox::Skybox>"};C:\Users\Antoi\.cargo\registry\src\index.crates.io-1949cf8c6b5b557f\bevy_app-0.18.1\src\app.rs;529;13095;0.000014;1;13095;13095;13095;0.000000
system{name="<bevy_input::gamepad::GamepadAxis as leafwing_input_manager::user_input::updating::UpdatableInput>::compute"};C:\Users\Antoi\.cargo\registry\src\index.crates.io-1949cf8c6b5b557f\bevy_ecs-0.18.1\src\system\function_system.rs;52;6462755;0.006985;18163;355;91;5546;136.912281
plugin finish{plugin="bevy_gizmos_render::pipeline_2d::LineGizmo2dPlugin"};C:\Users\Antoi\.cargo\registry\src\index.crates.io-1949cf8c6b5b557f\bevy_app-0.18.1\src\app.rs;272;67;0.000000;1;67;67;67;0.000000
system{name="bevy_hanabi::render::queue_effects"};C:\Users\Antoi\.cargo\registry\src\index.crates.io-1949cf8c6b5b557f\bevy_ecs-0.18.1\src\system\function_system.rs;52;452806717;0.489418;18162;24931;411;767951;11686.416584
plugin finish{plugin="bevy_render::extract_component::ExtractComponentPlugin<bevy_camera::components::Camera2d>"};C:\Users\Antoi\.cargo\registry\src\index.crates.io-1949cf8c6b5b557f\bevy_app-0.18.1\src\app.rs;272;110;0.000000;1;110;110;110;0.000000
system{name="bevy_post_process::dof::prepare_auxiliary_depth_of_field_textures"};C:\Users\Antoi\.cargo\registry\src\index.crates.io-1949cf8c6b5b557f\bevy_ecs-0.18.1\src\system\function_system.rs;52;8416586;0.009097;18162;463;124;85859;697.443140
system{name="bevy_picking::hover::update_interactions"};C:\Users\Antoi\.cargo\registry\src\index.crates.io-1949cf8c6b5b557f\bevy_ecs-0.18.1\src\system\function_system.rs;52;52208160;0.056429;18163;2874;1237;106108;1624.078417
system_commands{name="bevy_sprite_render::render::init_sprite_pipeline"};C:\Users\Antoi\.cargo\registry\src\index.crates.io-1949cf8c6b5b557f\bevy_ecs-0.18.1\src\system\function_system.rs;54;4486;0.000005;1;4486;4486;4486;0.000000
plugin cleanup{plugin="bevy_text::TextPlugin"};C:\Users\Antoi\.cargo\registry\src\index.crates.io-1949cf8c6b5b557f\bevy_app-0.18.1\src\app.rs;292;56;0.000000;1;56;56;56;0.000000
system{name="bevy_render::gpu_readback::map_buffers"};C:\Users\Antoi\.cargo\registry\src\index.crates.io-1949cf8c6b5b557f\bevy_ecs-0.18.1\src\system\function_system.rs;52;12051665;0.013026;18162;663;315;29627;307.285753
plugin cleanup{plugin="bevy_render::experimental::occlusion_culling::OcclusionCullingPlugin"};C:\Users\Antoi\.cargo\registry\src\index.crates.io-1949cf8c6b5b557f\bevy_app-0.18.1\src\app.rs;292;55;0.000000;1;55;55;55;0.000000
system{name="forgia_core::hud_visibility::gameplay_hud_visible"};C:\Users\Antoi\.cargo\registry\src\index.crates.io-1949cf8c6b5b557f\bevy_ecs-0.18.1\src\system\function_system.rs;52;8269556;0.008938;90815;91;52;73805;249.909546
system{name="forgia_mode_roguelite::enemies::sys_hot_reload_enemy_genome"};C:\Users\Antoi\.cargo\registry\src\index.crates.io-1949cf8c6b5b557f\bevy_ecs-0.18.1\src\system\function_system.rs;52;8394966;0.009074;17308;485;85;104301;3640.913175
system{name="bevy_asset::assets::Assets<bevy_render::storage::ShaderStorageBuffer>::asset_events_condition"};C:\Users\Antoi\.cargo\registry\src\index.crates.io-1949cf8c6b5b557f\bevy_ecs-0.18.1\src\system\function_system.rs;52;1821223;0.001968;18163;100;54;40712;326.264650
system{name="forgia_fps::pepin::load_pepin_tuning"};C:\Users\Antoi\.cargo\registry\src\index.crates.io-1949cf8c6b5b557f\bevy_ecs-0.18.1\src\system\function_system.rs;52;30272;0.000033;1;30272;30272;30272;0.000000
system{name="forgia_mode_roguelite::decor::sys_hot_reload_decor_genome"};C:\Users\Antoi\.cargo\registry\src\index.crates.io-1949cf8c6b5b557f\bevy_ecs-0.18.1\src\system\function_system.rs;52;8370014;0.009047;17308;483;94;79447;3316.211896
plugin finish{plugin="bevy_render::sync_component::SyncComponentPlugin<bevy_render::experimental::occlusion_culling::OcclusionCulling>"};C:\Users\Antoi\.cargo\registry\src\index.crates.io-1949cf8c6b5b557f\bevy_app-0.18.1\src\app.rs;272;53;0.000000;1;53;53;53;0.000000
system{name="bevy_asset::assets::Assets<forgia_genome_core::Genome<forgia_player::PlayerMovementTuning>>::track_assets"};C:\Users\Antoi\.cargo\registry\src\index.crates.io-1949cf8c6b5b557f\bevy_ecs-0.18.1\src\system\function_system.rs;52;23036883;0.024900;18163;1268;233;480434;7608.659268
plugin build{plugin="bevy_diagnostic::DiagnosticsPlugin"};C:\Users\Antoi\.cargo\registry\src\index.crates.io-1949cf8c6b5b557f\bevy_app-0.18.1\src\app.rs;529;248406538;0.268491;1;248406538;248406538;248406538;0.000000
system{name="bevy_render::render_phase::sort_phase_system<bevy_ui_render::render_pass::TransparentUi>"};C:\Users\Antoi\.cargo\registry\src\index.crates.io-1949cf8c6b5b557f\bevy_ecs-0.18.1\src\system\function_system.rs;52;3467271;0.003748;18162;190;90;19708;171.980217
plugin finish{plugin="bevy_render::render_phase::BinnedRenderPhasePlugin<bevy_core_pipeline::core_3d::Opaque3d, bevy_pbr::render::mesh::MeshPipeline>"};C:\Users\Antoi\.cargo\registry\src\index.crates.io-1949cf8c6b5b557f\bevy_app-0.18.1\src\app.rs;272;165;0.000000;1;165;165;165;0.000000
system{name="bevy_winit::system::check_keyboard_focus_lost"};C:\Users\Antoi\.cargo\registry\src\index.crates.io-1949cf8c6b5b557f\bevy_ecs-0.18.1\src\system\function_system.rs;52;6781924;0.007330;18163;373;140;36330;390.119043
asset loading{loader="bevy_image::image_loader::ImageLoader" asset="ui/menu_video/frame_0084.webp"};C:\Users\Antoi\.cargo\registry\src\index.crates.io-1949cf8c6b5b557f\bevy_asset-0.18.1\src\server\loaders.rs;332;14564458;0.015742;7;2080636;159;14528626;5489048.619727
system{name="forgia_ui_lib::hud::barks::load_bark_genome"};C:\Users\Antoi\.cargo\registry\src\index.crates.io-1949cf8c6b5b557f\bevy_ecs-0.18.1\src\system\function_system.rs;52;13175;0.000014;1;13175;13175;13175;0.000000
system{name="bevy_pbr::ssao::prepare_ssao_pipelines"};C:\Users\Antoi\.cargo\registry\src\index.crates.io-1949cf8c6b5b557f\bevy_ecs-0.18.1\src\system\function_system.rs;52;5514742;0.005961;18162;303;92;25140;301.962683
plugin build{plugin="forgia_prefab::ForgiaPrefabPlugin"};C:\Users\Antoi\.cargo\registry\src\index.crates.io-1949cf8c6b5b557f\bevy_app-0.18.1\src\app.rs;529;14280;0.000015;1;14280;14280;14280;0.000000
system{name="bevy_picking::PickingSettings::input_should_run"};C:\Users\Antoi\.cargo\registry\src\index.crates.io-1949cf8c6b5b557f\bevy_ecs-0.18.1\src\system\function_system.rs;52;13050005;0.014105;18163;718;55;110424;1526.059085
plugin build{plugin="forgia_juice_lib::recoil::ForgiaJuiceRecoilPlugin"};C:\Users\Antoi\.cargo\registry\src\index.crates.io-1949cf8c6b5b557f\bevy_app-0.18.1\src\app.rs;529;9971;0.000011;1;9971;9971;9971;0.000000
system_commands{name="forgia_foliage::material_override::preload_bark_textures"};C:\Users\Antoi\.cargo\registry\src\index.crates.io-1949cf8c6b5b557f\bevy_ecs-0.18.1\src\system\function_system.rs;54;7576;0.000008;1;7576;7576;7576;0.000000
system_commands{name="bevy_render::render_asset::extract_render_asset<bevy_render::mesh::RenderMesh>"};C:\Users\Antoi\.cargo\registry\src\index.crates.io-1949cf8c6b5b557f\bevy_ecs-0.18.1\src\system\function_system.rs;54;14431724;0.015599;18162;794;313;115225;934.854985
plugin finish{plugin="bevy_render::extract_component::UniformComponentPlugin<forgia_postprocess::toon::ToonSettings>"};C:\Users\Antoi\.cargo\registry\src\index.crates.io-1949cf8c6b5b557f\bevy_app-0.18.1\src\app.rs;272;53;0.000000;1;53;53;53;0.000000
system{name="forgia_viewmodel::pose::update_ads_progress"};C:\Users\Antoi\.cargo\registry\src\index.crates.io-1949cf8c6b5b557f\bevy_ecs-0.18.1\src\system\function_system.rs;52;7169123;0.007749;17308;414;120;8059;251.356786
plugin finish{plugin="bevy_asset::AssetPlugin"};C:\Users\Antoi\.cargo\registry\src\index.crates.io-1949cf8c6b5b557f\bevy_app-0.18.1\src\app.rs;272;58;0.000000;1;58;58;58;0.000000
system{name="forgia_stage::graph::write_stage_graph_sensor"};C:\Users\Antoi\.cargo\registry\src\index.crates.io-1949cf8c6b5b557f\bevy_ecs-0.18.1\src\system\function_system.rs;52;9102331;0.009838;18163;501;121;63914;685.320366
system_commands{name="bevy_rapier3d::plugin::systems::remove::sync_removals"};C:\Users\Antoi\.cargo\registry\src\index.crates.io-1949cf8c6b5b557f\bevy_ecs-0.18.1\src\system\function_system.rs;54;2963074;0.003203;23897;123;52;75982;497.201837
system{name="bevy_gilrs::gilrs_system::gilrs_event_startup_system"};C:\Users\Antoi\.cargo\registry\src\index.crates.io-1949cf8c6b5b557f\bevy_ecs-0.18.1\src\system\function_system.rs;52;1577;0.000002;1;1577;1577;1577;0.000000
asset loading{loader="bevy_shader::shader::ShaderLoader" asset="embedded://bevy_pbr\\atmosphere\\functions.wgsl"};C:\Users\Antoi\.cargo\registry\src\index.crates.io-1949cf8c6b5b557f\bevy_asset-0.18.1\src\server\loaders.rs;332;1495550;0.001616;2;747775;181;1495369;1057257.573949
plugin cleanup{plugin="bevy_render::sync_component::SyncComponentPlugin<bevy_post_process::bloom::settings::Bloom>"};C:\Users\Antoi\.cargo\registry\src\index.crates.io-1949cf8c6b5b557f\bevy_app-0.18.1\src\app.rs;292;59;0.000000;1;59;59;59;0.000000
system{name="bevy_asset::assets::Assets<bevy_gltf::assets::Gltf>::track_assets"};C:\Users\Antoi\.cargo\registry\src\index.crates.io-1949cf8c6b5b557f\bevy_ecs-0.18.1\src\system\function_system.rs;52;21311809;0.023035;18163;1173;225;244716;7135.097364
system_commands{name="bevy_core_pipeline::upscaling::prepare_view_upscaling_pipelines"};C:\Users\Antoi\.cargo\registry\src\index.crates.io-1949cf8c6b5b557f\bevy_ecs-0.18.1\src\system\function_system.rs;54;15878958;0.017163;18162;874;433;130601;1027.649964
system_commands{name="forgia_player::load_player_movement_tuning"};C:\Users\Antoi\.cargo\registry\src\index.crates.io-1949cf8c6b5b557f\bevy_ecs-0.18.1\src\system\function_system.rs;54;3319;0.000004;1;3319;3319;3319;0.000000
system_commands{name="forgia_ai_arena_bot::setup_bot_fireball_assets"};C:\Users\Antoi\.cargo\registry\src\index.crates.io-1949cf8c6b5b557f\bevy_ecs-0.18.1\src\system\function_system.rs;54;2141;0.000002;1;2141;2141;2141;0.000000
plugins{tag="on_end_pass"};C:\Users\Antoi\.cargo\registry\src\index.crates.io-1949cf8c6b5b557f\egui-0.33.3\src\plugin.rs;158;181539890;0.196218;18163;9995;5907;178674;5058.231423
system{name="forgia_ui::block_look_off"};C:\Users\Antoi\.cargo\registry\src\index.crates.io-1949cf8c6b5b557f\bevy_ecs-0.18.1\src\system\function_system.rs;52;179750;0.000194;1;179750;179750;179750;0.000000
plugin build{plugin="forgia_mode_roguelite::render_quality::ForgiaRogueliteRenderPlugin"};C:\Users\Antoi\.cargo\registry\src\index.crates.io-1949cf8c6b5b557f\bevy_app-0.18.1\src\app.rs;529;45358;0.000049;1;45358;45358;45358;0.000000
system_commands{name="bevy_core_pipeline::skybox::prepass::init_skybox_prepass_pipeline"};C:\Users\Antoi\.cargo\registry\src\index.crates.io-1949cf8c6b5b557f\bevy_ecs-0.18.1\src\system\function_system.rs;54;3370;0.000004;1;3370;3370;3370;0.000000
system{name="forgia_mode_roguelite::decor::sys_decor_build_hull_colliders"};C:\Users\Antoi\.cargo\registry\src\index.crates.io-1949cf8c6b5b557f\bevy_ecs-0.18.1\src\system\function_system.rs;52;45622380;0.049311;17308;2635;156;11085551;121323.699187
plugin cleanup{plugin="forgia_audio::ForgiaAudioCorePlugin"};C:\Users\Antoi\.cargo\registry\src\index.crates.io-1949cf8c6b5b557f\bevy_app-0.18.1\src\app.rs;292;53;0.000000;1;53;53;53;0.000000
system_commands{name="bevy_app::propagate::update_source<bevy_ui::ui_node::ComputedUiRenderTargetInfo, (), bevy_ecs::hierarchy::ChildOf>"};C:\Users\Antoi\.cargo\registry\src\index.crates.io-1949cf8c6b5b557f\bevy_ecs-0.18.1\src\system\function_system.rs;54;11110507;0.012009;18163;611;80;128466;1468.088418
system_commands{name="bevy_ui_render::prepare_uinodes"};C:\Users\Antoi\.cargo\registry\src\index.crates.io-1949cf8c6b5b557f\bevy_ecs-0.18.1\src\system\function_system.rs;54;12687695;0.013714;18162;698;277;76118;653.528825
system{name="bevy_post_process::msaa_writeback::prepare_msaa_writeback_pipelines"};C:\Users\Antoi\.cargo\registry\src\index.crates.io-1949cf8c6b5b557f\bevy_ecs-0.18.1\src\system\function_system.rs;52;19069817;0.020612;18162;1049;264;40287;591.117873
plugin finish{plugin="bevy_render::extract_component::ExtractComponentPlugin<bevy_camera::camera::CameraMainTextureUsages>"};C:\Users\Antoi\.cargo\registry\src\index.crates.io-1949cf8c6b5b557f\bevy_app-0.18.1\src\app.rs;272;55;0.000000;1;55;55;55;0.000000
plugin finish{plugin="leafwing_input_manager::plugin::CentralInputStorePlugin"};C:\Users\Antoi\.cargo\registry\src\index.crates.io-1949cf8c6b5b557f\bevy_app-0.18.1\src\app.rs;272;55;0.000000;1;55;55;55;0.000000
system{name="bevy_picking::input::deactivate_touch_pointers"};C:\Users\Antoi\.cargo\registry\src\index.crates.io-1949cf8c6b5b557f\bevy_ecs-0.18.1\src\system\function_system.rs;52;9914008;0.010716;18163;545;203;33627;411.862834
system{name="bevy_render::view::window::screenshot::init_screenshot_to_screen_pipeline"};C:\Users\Antoi\.cargo\registry\src\index.crates.io-1949cf8c6b5b557f\bevy_ecs-0.18.1\src\system\function_system.rs;52;22267;0.000024;1;22267;22267;22267;0.000000
system{name="<bevy_gizmos::light::LightGizmoPlugin as bevy_app::plugin::Plugin>::build::{{closure}}"};C:\Users\Antoi\.cargo\registry\src\index.crates.io-1949cf8c6b5b557f\bevy_ecs-0.18.1\src\system\function_system.rs;52;12882038;0.013924;18163;709;159;85172;806.889400
system{name="leafwing_input_manager::user_input::updating::input_is_enabled<leafwing_input_manager::user_input::mouse::MouseScroll>"};C:\Users\Antoi\.cargo\registry\src\index.crates.io-1949cf8c6b5b557f\bevy_ecs-0.18.1\src\system\function_system.rs;52;1450028;0.001567;18163;79;53;42092;312.456566
system{name="bevy_rapier3d::plugin::systems::rigid_body::init_rigid_bodies"};C:\Users\Antoi\.cargo\registry\src\index.crates.io-1949cf8c6b5b557f\bevy_ecs-0.18.1\src\system\function_system.rs;52;5794771;0.006263;5734;1010;86;459527;6355.403470
system{name="forgia_juice_lib::knockback::sys_write_knockback_sensor"};C:\Users\Antoi\.cargo\registry\src\index.crates.io-1949cf8c6b5b557f\bevy_ecs-0.18.1\src\system\function_system.rs;52;7287347;0.007877;18163;401;128;6225;275.161875
system{name="forgia_mode_roguelite::elements::sys_tick_element_status"};C:\Users\Antoi\.cargo\registry\src\index.crates.io-1949cf8c6b5b557f\bevy_ecs-0.18.1\src\system\function_system.rs;52;5353389;0.005786;5360;998;225;13312;368.183151
plugin build{plugin="bevy_render::sync_component::SyncComponentPlugin<bevy_render::view::Msaa>"};C:\Users\Antoi\.cargo\registry\src\index.crates.io-1949cf8c6b5b557f\bevy_app-0.18.1\src\app.rs;529;1470;0.000002;1;1470;1470;1470;0.000000
node{name="bevy_egui::render::RunEguiSubgraphOnEguiViewNode"};C:\Users\Antoi\.cargo\registry\src\index.crates.io-1949cf8c6b5b557f\bevy_render-0.18.1\src\renderer\graph_runner.rs;240;242356253;0.261952;54486;4448;1855;297836;2240.571840
system{name="forgia_mode_roguelite::ultimate_apply::sys_apply_ultimate_technique"};C:\Users\Antoi\.cargo\registry\src\index.crates.io-1949cf8c6b5b557f\bevy_ecs-0.18.1\src\system\function_system.rs;52;8348550;0.009024;17308;482;197;80134;683.536064
plugin cleanup{plugin="leafwing_input_manager::plugin::InputManagerPlugin<forgia_input::PlayerAction>"};C:\Users\Antoi\.cargo\registry\src\index.crates.io-1949cf8c6b5b557f\bevy_app-0.18.1\src\app.rs;292;675;0.000001;1;675;675;675;0.000000
plugin cleanup{plugin="forgia_level_presets::ForgiaLevelPresetsPlugin"};C:\Users\Antoi\.cargo\registry\src\index.crates.io-1949cf8c6b5b557f\bevy_app-0.18.1\src\app.rs;292;56;0.000000;1;56;56;56;0.000000
plugin cleanup{plugin="bevy_render::storage::StoragePlugin"};C:\Users\Antoi\.cargo\registry\src\index.crates.io-1949cf8c6b5b557f\bevy_app-0.18.1\src\app.rs;292;54;0.000000;1;54;54;54;0.000000
plugin cleanup{plugin="bevy_render::diagnostic::RenderDiagnosticsPlugin"};C:\Users\Antoi\.cargo\registry\src\index.crates.io-1949cf8c6b5b557f\bevy_app-0.18.1\src\app.rs;292;52;0.000000;1;52;52;52;0.000000
system{name="bevy_app::propagate::update_removed_limit<bevy_ui::ui_node::ComputedUiTargetCamera, (), bevy_ecs::hierarchy::ChildOf>"};C:\Users\Antoi\.cargo\registry\src\index.crates.io-1949cf8c6b5b557f\bevy_ecs-0.18.1\src\system\function_system.rs;52;6731483;0.007276;18163;370;65;26362;302.607963
system{name="bevy_asset::assets::Assets<forgia_genome_core::Genome<forgia_killfeed::tuning::KillfeedTuning>>::asset_events"};C:\Users\Antoi\.cargo\registry\src\index.crates.io-1949cf8c6b5b557f\bevy_ecs-0.18.1\src\system\function_system.rs;52;921;0.000001;1;921;921;921;0.000000
system{name="bevy_kira_audio::audio_output::update_instance_states<forgia_audio::MusicChannel>"};C:\Users\Antoi\.cargo\registry\src\index.crates.io-1949cf8c6b5b557f\bevy_ecs-0.18.1\src\system\function_system.rs;52;16397201;0.017723;18163;902;100;91096;1169.994864
par_for_each{query="(bevy_ecs::entity::Entity, &bevy_animation::AnimationTargetId, &bevy_animation::AnimatedBy, bevy_ecs::world::entity_access::except::EntityMutExcept<'_, '_, (bevy_animation::AnimationTargetId, bevy_animation::AnimatedBy, bevy_animation::AnimationPlayer, bevy_animation::graph::AnimationGraphHandle)>)" filter="()"};C:\Users\Antoi\.cargo\registry\src\index.crates.io-1949cf8c6b5b557f\bevy_ecs-0.18.1\src\query\state.rs;246;2675746;0.002892;1836;1457;68;143488;11361.695463
asset loading{loader="bevy_gltf::loader::GltfLoader" asset="models/environment/inferno/ChestBig_001.glb"};C:\Users\Antoi\.cargo\registry\src\index.crates.io-1949cf8c6b5b557f\bevy_asset-0.18.1\src\server\loaders.rs;332;30902297;0.033401;6;5150382;199;30623149;12479507.732030
asset loading{loader="bevy_shader::shader::ShaderLoader" asset="embedded://bevy_render\\color_operations.wgsl"};C:\Users\Antoi\.cargo\registry\src\index.crates.io-1949cf8c6b5b557f\bevy_asset-0.18.1\src\server\loaders.rs;332;101264;0.000109;2;50632;122;101142;71431.927035
system_commands{name="bevy_render::extract_resource::extract_resource<bevy_camera::clear_color::ClearColor>"};C:\Users\Antoi\.cargo\registry\src\index.crates.io-1949cf8c6b5b557f\bevy_ecs-0.18.1\src\system\function_system.rs;54;1454786;0.001572;18162;80;52;555;18.115634
system{name="bevy_asset::assets::Assets<forgia_genome_core::Genome<forgia_stage::RogueliteStagesGenome>>::track_assets"};C:\Users\Antoi\.cargo\registry\src\index.crates.io-1949cf8c6b5b557f\bevy_ecs-0.18.1\src\system\function_system.rs;52;21567793;0.023312;18163;1187;144;239601;6636.625613
system{name="bevy_text::text::detect_text_needs_rerender<bevy_sprite::text2d::Text2d>"};C:\Users\Antoi\.cargo\registry\src\index.crates.io-1949cf8c6b5b557f\bevy_ecs-0.18.1\src\system\function_system.rs;52;24327348;0.026294;18163;1339;525;24197;482.444990
plugin finish{plugin="bevy_sprite_render::SpriteRenderPlugin"};C:\Users\Antoi\.cargo\registry\src\index.crates.io-1949cf8c6b5b557f\bevy_app-0.18.1\src\app.rs;272;56;0.000000;1;56;56;56;0.000000
plugin cleanup{plugin="forgia_ui::weapon_preview::WeaponPreviewPlugin"};C:\Users\Antoi\.cargo\registry\src\index.crates.io-1949cf8c6b5b557f\bevy_app-0.18.1\src\app.rs;292;53;0.000000;1;53;53;53;0.000000
plugin finish{plugin="bevy_render::extract_component::ExtractComponentPlugin<bevy_pbr::atmosphere::GpuAtmosphereSettings>"};C:\Users\Antoi\.cargo\registry\src\index.crates.io-1949cf8c6b5b557f\bevy_app-0.18.1\src\app.rs;272;55;0.000000;1;55;55;55;0.000000
plugin finish{plugin="forgia_mode_roguelite::head_hitbox::RogueliteHeadHitboxPlugin"};C:\Users\Antoi\.cargo\registry\src\index.crates.io-1949cf8c6b5b557f\bevy_app-0.18.1\src\app.rs;272;52;0.000000;1;52;52;52;0.000000
system{name="bevy_ui::widget::text::text_system"};C:\Users\Antoi\.cargo\registry\src\index.crates.io-1949cf8c6b5b557f\bevy_ecs-0.18.1\src\system\function_system.rs;52;10227399;0.011054;18163;563;160;157568;1206.010124
system{name="forgia_rpg_data::loot_tables::sys_collect_pickups"};C:\Users\Antoi\.cargo\registry\src\index.crates.io-1949cf8c6b5b557f\bevy_ecs-0.18.1\src\system\function_system.rs;52;14009000;0.015142;18163;771;142;37280;478.916593
plugin cleanup{plugin="forgia_rpg_data::dialogue::ForgiaDialoguePlugin"};C:\Users\Antoi\.cargo\registry\src\index.crates.io-1949cf8c6b5b557f\bevy_app-0.18.1\src\app.rs;292;57;0.000000;1;57;57;57;0.000000
plugin finish{plugin="bevy_render::render_asset::RenderAssetPlugin<bevy_sprite_render::mesh2d::material::PreparedMaterial2d<bevy_sprite_render::mesh2d::color_material::ColorMaterial>>"};C:\Users\Antoi\.cargo\registry\src\index.crates.io-1949cf8c6b5b557f\bevy_app-0.18.1\src\app.rs;272;53;0.000000;1;53;53;53;0.000000
asset loading{loader="bevy_gltf::loader::GltfLoader" asset="models/environment/inferno/Mound_005.glb"};C:\Users\Antoi\.cargo\registry\src\index.crates.io-1949cf8c6b5b557f\bevy_asset-0.18.1\src\server\loaders.rs;332;7687301;0.008309;6;1281216;195;7671331;3130504.758615
plugin build{plugin="forgia_mode_roguelite::parcours_obstacles::ParcoursObstaclesPlugin"};C:\Users\Antoi\.cargo\registry\src\index.crates.io-1949cf8c6b5b557f\bevy_app-0.18.1\src\app.rs;529;27547;0.000030;1;27547;27547;27547;0.000000
system_commands{name="forgia_worldgen::spawn::sys_spawn_drain"};C:\Users\Antoi\.cargo\registry\src\index.crates.io-1949cf8c6b5b557f\bevy_ecs-0.18.1\src\system\function_system.rs;54;1439458;0.001556;18163;79;51;27844;285.548336
system_commands{name="bevy_core_pipeline::experimental::mip_generation::init_depth_pyramid_dummy_texture"};C:\Users\Antoi\.cargo\registry\src\index.crates.io-1949cf8c6b5b557f\bevy_ecs-0.18.1\src\system\function_system.rs;54;2726;0.000003;1;2726;2726;2726;0.000000
plugin cleanup{plugin="bevy_pbr::ssao::ScreenSpaceAmbientOcclusionPlugin"};C:\Users\Antoi\.cargo\registry\src\index.crates.io-1949cf8c6b5b557f\bevy_app-0.18.1\src\app.rs;292;55;0.000000;1;55;55;55;0.000000
system{name="forgia_mode_roguelite::weapon_select::sys_load_weapon_cards"};C:\Users\Antoi\.cargo\registry\src\index.crates.io-1949cf8c6b5b557f\bevy_ecs-0.18.1\src\system\function_system.rs;52;1133900;0.001226;1;1133900;1133900;1133900;0.000000
system{name="forgia_viewmodel::vm_camera::update_viewmodel_camera_fov"};C:\Users\Antoi\.cargo\registry\src\index.crates.io-1949cf8c6b5b557f\bevy_ecs-0.18.1\src\system\function_system.rs;52;7755597;0.008383;17308;448;144;110210;1054.897115
plugin finish{plugin="forgia_ui_lib::hud::wave_counter::WaveCounterPlugin"};C:\Users\Antoi\.cargo\registry\src\index.crates.io-1949cf8c6b5b557f\bevy_app-0.18.1\src\app.rs;272;54;0.000000;1;54;54;54;0.000000
asset loading{loader="bevy_shader::shader::ShaderLoader" asset="embedded://bevy_pbr\\ssao\\ssao.wgsl"};C:\Users\Antoi\.cargo\registry\src\index.crates.io-1949cf8c6b5b557f\bevy_asset-0.18.1\src\server\loaders.rs;332;407064;0.000440;2;203532;225;406839;287519.516725
plugin cleanup{plugin="forgia_rpg::ForgiaRpgPlugin"};C:\Users\Antoi\.cargo\registry\src\index.crates.io-1949cf8c6b5b557f\bevy_app-0.18.1\src\app.rs;292;53;0.000000;1;53;53;53;0.000000
system_commands{name="forgia_mode_roguelite::toon_config::sys_force_apply_toon_settings"};C:\Users\Antoi\.cargo\registry\src\index.crates.io-1949cf8c6b5b557f\bevy_ecs-0.18.1\src\system\function_system.rs;54;105;0.000000;1;105;105;105;0.000000
plugin build{plugin="bevy_render::sync_component::SyncComponentPlugin<bevy_hanabi::EffectVisibilityClass>"};C:\Users\Antoi\.cargo\registry\src\index.crates.io-1949cf8c6b5b557f\bevy_app-0.18.1\src\app.rs;529;15621;0.000017;1;15621;15621;15621;0.000000
system{name="bevy_asset::assets::Assets<bevy_audio::pitch::Pitch>::track_assets"};C:\Users\Antoi\.cargo\registry\src\index.crates.io-1949cf8c6b5b557f\bevy_ecs-0.18.1\src\system\function_system.rs;52;16961332;0.018333;18163;933;92;199244;6797.101586
system{name="forgia_mode_roguelite::ultimate_config::sys_init_ultimate_genome"};C:\Users\Antoi\.cargo\registry\src\index.crates.io-1949cf8c6b5b557f\bevy_ecs-0.18.1\src\system\function_system.rs;52;2292973;0.002478;1;2292973;2292973;2292973;0.000000
system{name="forgia_observability::inventory_sensor::sys_write_inventory_sensor"};C:\Users\Antoi\.cargo\registry\src\index.crates.io-1949cf8c6b5b557f\bevy_ecs-0.18.1\src\system\function_system.rs;52;9053476;0.009785;18163;498;165;51985;475.107365
plugin build{plugin="forgia_effects::mesh_fader::MeshFaderPlugin"};C:\Users\Antoi\.cargo\registry\src\index.crates.io-1949cf8c6b5b557f\bevy_app-0.18.1\src\app.rs;529;12739;0.000014;1;12739;12739;12739;0.000000
system{name="forgia_enemy_nameplate::spawn_or_refresh_on_hit"};C:\Users\Antoi\.cargo\registry\src\index.crates.io-1949cf8c6b5b557f\bevy_ecs-0.18.1\src\system\function_system.rs;52;8758580;0.009467;18163;482;175;90123;712.507424
system{name="forgia_mode_roguelite::poi::sys_write_poi_sensor"};C:\Users\Antoi\.cargo\registry\src\index.crates.io-1949cf8c6b5b557f\bevy_ecs-0.18.1\src\system\function_system.rs;52;6939335;0.007500;18163;382;121;18451;287.240597
plugin cleanup{plugin="bevy_render::render_phase::BinnedRenderPhasePlugin<bevy_core_pipeline::core_3d::AlphaMask3d, bevy_pbr::render::mesh::MeshPipeline>"};C:\Users\Antoi\.cargo\registry\src\index.crates.io-1949cf8c6b5b557f\bevy_app-0.18.1\src\app.rs;292;56;0.000000;1;56;56;56;0.000000
asset loading{loader="forgia_genome_core::GenomeLoader<forgia_level_presets::LevelModulesGenome>" asset="genomes/level_modules.toml"};C:\Users\Antoi\.cargo\registry\src\index.crates.io-1949cf8c6b5b557f\bevy_asset-0.18.1\src\server\loaders.rs;332;301494;0.000326;5;60298;97;281605;123817.974034
system{name="forgia_ui_lib::damage_direction::write_damage_dir_sensor"};C:\Users\Antoi\.cargo\registry\src\index.crates.io-1949cf8c6b5b557f\bevy_ecs-0.18.1\src\system\function_system.rs;52;6351475;0.006865;18163;349;102;24331;343.842590
plugin build{plugin="bevy_render::batching::gpu_preprocessing::BatchingPlugin"};C:\Users\Antoi\.cargo\registry\src\index.crates.io-1949cf8c6b5b557f\bevy_app-0.18.1\src\app.rs;529;10114;0.000011;1;10114;10114;10114;0.000000
system{name="forgia_juice_screen_flash::ingest_flash_events"};C:\Users\Antoi\.cargo\registry\src\index.crates.io-1949cf8c6b5b557f\bevy_ecs-0.18.1\src\system\function_system.rs;52;13320843;0.014398;18163;733;181;35516;527.114913
plugin cleanup{plugin="bevy_image::image::ImagePlugin"};C:\Users\Antoi\.cargo\registry\src\index.crates.io-1949cf8c6b5b557f\bevy_app-0.18.1\src\app.rs;292;52;0.000000;1;52;52;52;0.000000
system{name="bevy_animation::advance_animations"};C:\Users\Antoi\.cargo\registry\src\index.crates.io-1949cf8c6b5b557f\bevy_ecs-0.18.1\src\system\function_system.rs;52;32704130;0.035348;18163;1800;694;151211;1382.158044
plugin finish{plugin="bevy_render::extract_component::ExtractComponentPlugin<bevy_core_pipeline::tonemapping::DebandDither>"};C:\Users\Antoi\.cargo\registry\src\index.crates.io-1949cf8c6b5b557f\bevy_app-0.18.1\src\app.rs;272;55;0.000000;1;55;55;55;0.000000
system{name="bevy_sprite_render::mesh2d::mesh::load_mesh2d_bindings"};C:\Users\Antoi\.cargo\registry\src\index.crates.io-1949cf8c6b5b557f\bevy_ecs-0.18.1\src\system\function_system.rs;52;28871;0.000031;1;28871;28871;28871;0.000000
plugin cleanup{plugin="bevy_render::erased_render_asset::ErasedRenderAssetPlugin<bevy_pbr::mesh_material::MeshMaterial3d<bevy_pbr::pbr_material::StandardMaterial>>"};C:\Users\Antoi\.cargo\registry\src\index.crates.io-1949cf8c6b5b557f\bevy_app-0.18.1\src\app.rs;292;57;0.000000;1;57;57;57;0.000000
system{name="bevy_render::erased_render_asset::prepare_erased_assets<bevy_pbr::mesh_material::MeshMaterial3d<bevy_pbr::pbr_material::StandardMaterial>>"};C:\Users\Antoi\.cargo\registry\src\index.crates.io-1949cf8c6b5b557f\bevy_ecs-0.18.1\src\system\function_system.rs;52;2997100612;3.239429;18162;165020;357;2605185;114412.231395
system{name="bevy_asset::server::handle_internal_asset_events"};C:\Users\Antoi\.cargo\registry\src\index.crates.io-1949cf8c6b5b557f\bevy_ecs-0.18.1\src\system\function_system.rs;52;51101951;0.055234;18163;2813;894;2951191;29845.109392
asset loading{loader="forgia_genome_core::GenomeLoader<forgia_skeleton_template::SkeletonTemplate>" asset="genomes/skeleton_humanoid_apose.toml"};C:\Users\Antoi\.cargo\registry\src\index.crates.io-1949cf8c6b5b557f\bevy_asset-0.18.1\src\server\loaders.rs;332;355504;0.000384;4;88876;205;298244;141674.968490
system{name="forgia_ui_lib::pause_menu::apply_settings_to_volume"};C:\Users\Antoi\.cargo\registry\src\index.crates.io-1949cf8c6b5b557f\bevy_ecs-0.18.1\src\system\function_system.rs;52;2466597;0.002666;18163;135;59;15114;144.421866
system{name="bevy_core_pipeline::experimental::mip_generation::create_downsample_depth_pipelines"};C:\Users\Antoi\.cargo\registry\src\index.crates.io-1949cf8c6b5b557f\bevy_ecs-0.18.1\src\system\function_system.rs;52;4692840;0.005072;18162;258;88;76737;719.670141
system{name="bevy_gizmos::light::draw_lights"};C:\Users\Antoi\.cargo\registry\src\index.crates.io-1949cf8c6b5b557f\bevy_ecs-0.18.1\src\system\function_system.rs;52;23554932;0.025459;18163;1296;307;102852;1429.835112
plugin cleanup{plugin="forgia_ui_lib::damage_direction::ForgiaUiDamageDirectionPlugin"};C:\Users\Antoi\.cargo\registry\src\index.crates.io-1949cf8c6b5b557f\bevy_app-0.18.1\src\app.rs;292;55;0.000000;1;55;55;55;0.000000
system{name="bevy_render::batching::no_gpu_preprocessing::clear_batched_cpu_instance_buffers<bevy_pbr::render::mesh::MeshPipeline>"};C:\Users\Antoi\.cargo\registry\src\index.crates.io-1949cf8c6b5b557f\bevy_ecs-0.18.1\src\system\function_system.rs;52;6278560;0.006786;18162;345;65;23512;466.865350
system{name="forgia_mode_roguelite::toon_config::sys_init_toon_genome"};C:\Users\Antoi\.cargo\registry\src\index.crates.io-1949cf8c6b5b557f\bevy_ecs-0.18.1\src\system\function_system.rs;52;2279679;0.002464;1;2279679;2279679;2279679;0.000000
system_commands{name="bevy_ui_render::box_shadow::extract_shadows"};C:\Users\Antoi\.cargo\registry\src\index.crates.io-1949cf8c6b5b557f\bevy_ecs-0.18.1\src\system\function_system.rs;54;2084345;0.002253;18162;114;51;85988;638.034858
plugin finish{plugin="bevy_render::erased_render_asset::ErasedRenderAssetPlugin<bevy_pbr::mesh_material::MeshMaterial3d<bevy_pbr::extended_material::ExtendedMaterial<bevy_pbr::pbr_material::StandardMaterial, bevy_pbr::decal::forward::ForwardDecalMaterialExt>>>"};C:\Users\Antoi\.cargo\registry\src\index.crates.io-1949cf8c6b5b557f\bevy_app-0.18.1\src\app.rs;272;7823;0.000008;1;7823;7823;7823;0.000000
asset loading{loader="bevy_kira_audio::source::ogg_loader::OggLoader" asset="audio/roguelite/sfx/kill.ogg"};C:\Users\Antoi\.cargo\registry\src\index.crates.io-1949cf8c6b5b557f\bevy_asset-0.18.1\src\server\loaders.rs;332;1204084;0.001301;5;240816;142;1179299;524653.470384
system{name="forgia_fps::lenoir::sys_update_stats"};C:\Users\Antoi\.cargo\registry\src\index.crates.io-1949cf8c6b5b557f\bevy_ecs-0.18.1\src\system\function_system.rs;52;3625082;0.003918;18163;199;86;74768;604.776273
system{name="bevy_render::extract_component::extract_components<forgia_postprocess::toon::ToonSettings>"};C:\Users\Antoi\.cargo\registry\src\index.crates.io-1949cf8c6b5b557f\bevy_ecs-0.18.1\src\system\function_system.rs;52;14691032;0.015879;18163;808;223;71324;637.075665
system{name="bevy_pbr::material::add_material_bind_group_allocator<bevy_pbr::pbr_material::StandardMaterial>"};C:\Users\Antoi\.cargo\registry\src\index.crates.io-1949cf8c6b5b557f\bevy_ecs-0.18.1\src\system\function_system.rs;52;56727;0.000061;1;56727;56727;56727;0.000000
system_commands{name="bevy_render::view::cleanup_view_targets_for_resize"};C:\Users\Antoi\.cargo\registry\src\index.crates.io-1949cf8c6b5b557f\bevy_ecs-0.18.1\src\system\function_system.rs;54;1772374;0.001916;18162;97;51;2081;52.972342
system{name="bevy_pbr::atmosphere::environment::prepare_atmosphere_probe_bind_groups"};C:\Users\Antoi\.cargo\registry\src\index.crates.io-1949cf8c6b5b557f\bevy_ecs-0.18.1\src\system\function_system.rs;52;7839860;0.008474;18162;431;107;59178;672.608308
asset loading{loader="bevy_gltf::loader::GltfLoader" asset="models/environment/inferno/TowerBig_001.glb"};C:\Users\Antoi\.cargo\registry\src\index.crates.io-1949cf8c6b5b557f\bevy_asset-0.18.1\src\server\loaders.rs;332;425536422;0.459943;4;106384105;126;425520884;212757852.415609
plugin finish{plugin="bevy_pbr::medium::ScatteringMediumPlugin"};C:\Users\Antoi\.cargo\registry\src\index.crates.io-1949cf8c6b5b557f\bevy_app-0.18.1\src\app.rs;272;53;0.000000;1;53;53;53;0.000000
system_commands{name="bevy_core_pipeline::tonemapping::init_tonemapping_pipeline"};C:\Users\Antoi\.cargo\registry\src\index.crates.io-1949cf8c6b5b557f\bevy_ecs-0.18.1\src\system\function_system.rs;54;3604;0.000004;1;3604;3604;3604;0.000000
plugin finish{plugin="forgia_ui::ForgiaUiPlugin"};C:\Users\Antoi\.cargo\registry\src\index.crates.io-1949cf8c6b5b557f\bevy_app-0.18.1\src\app.rs;272;55;0.000000;1;55;55;55;0.000000
system{name="bevy_hanabi::render::prepare_gpu_resources"};C:\Users\Antoi\.cargo\registry\src\index.crates.io-1949cf8c6b5b557f\bevy_ecs-0.18.1\src\system\function_system.rs;52;252033882;0.272412;18162;13876;7180;145016;4447.575944
system_commands{name="forgia_mode_roguelite::enemy_anim::sys_build_enemy_anim_graphs"};C:\Users\Antoi\.cargo\registry\src\index.crates.io-1949cf8c6b5b557f\bevy_ecs-0.18.1\src\system\function_system.rs;54;1254265;0.001356;17308;72;50;1672;17.691541
plugin finish{plugin="forgia_camera_orbit::ForgiaCameraOrbitPlugin"};C:\Users\Antoi\.cargo\registry\src\index.crates.io-1949cf8c6b5b557f\bevy_app-0.18.1\src\app.rs;272;54;0.000000;1;54;54;54;0.000000
system{name="forgia_skeleton_template::update_skeleton_registry_load_state"};C:\Users\Antoi\.cargo\registry\src\index.crates.io-1949cf8c6b5b557f\bevy_ecs-0.18.1\src\system\function_system.rs;52;7647721;0.008266;18163;421;91;107547;808.276199
system_commands{name="bevy_animation::trigger_untargeted_animation_events"};C:\Users\Antoi\.cargo\registry\src\index.crates.io-1949cf8c6b5b557f\bevy_ecs-0.18.1\src\system\function_system.rs;54;2336995;0.002526;18163;128;54;55813;430.399886
system{name="bevy_render::renderer::render_system"};C:\Users\Antoi\.cargo\registry\src\index.crates.io-1949cf8c6b5b557f\bevy_ecs-0.18.1\src\system\function_system.rs;52;29009844304;31.355415;18162;1597282;715576;47149441;753992.147322
system{name="bevy_core_pipeline::core_3d::check_msaa"};C:\Users\Antoi\.cargo\registry\src\index.crates.io-1949cf8c6b5b557f\bevy_ecs-0.18.1\src\system\function_system.rs;52;5757218;0.006223;18163;316;80;81552;629.908503
plugin cleanup{plugin="bevy_sprite_render::mesh2d::mesh::Mesh2dRenderPlugin"};C:\Users\Antoi\.cargo\registry\src\index.crates.io-1949cf8c6b5b557f\bevy_app-0.18.1\src\app.rs;292;55;0.000000;1;55;55;55;0.000000
system{name="forgia_streaming::write_chunk_stream_sensor"};C:\Users\Antoi\.cargo\registry\src\index.crates.io-1949cf8c6b5b557f\bevy_ecs-0.18.1\src\system\function_system.rs;52;13815788;0.014933;18163;760;138;101051;5075.802268
plugin build{plugin="bevy_ui_render::UiRenderPlugin"};C:\Users\Antoi\.cargo\registry\src\index.crates.io-1949cf8c6b5b557f\bevy_app-0.18.1\src\app.rs;529;279844;0.000302;1;279844;279844;279844;0.000000
system_commands{name="bevy_pbr::decal::clustered::extract_clustered_decal"};C:\Users\Antoi\.cargo\registry\src\index.crates.io-1949cf8c6b5b557f\bevy_ecs-0.18.1\src\system\function_system.rs;54;8625073;0.009322;18162;474;228;11581;163.394906
schedule{name=RunFixedMainLoop};C:\Users\Antoi\.cargo\registry\src\index.crates.io-1949cf8c6b5b557f\bevy_ecs-0.18.1\src\schedule\schedule.rs;532;3485316816;3.767120;18163;191891;22655;44317945;495777.844537
system_commands{name="forgia_mode_roguelite::defense::sys_init_defense_genome"};C:\Users\Antoi\.cargo\registry\src\index.crates.io-1949cf8c6b5b557f\bevy_ecs-0.18.1\src\system\function_system.rs;54;1540;0.000002;1;1540;1540;1540;0.000000
system_commands{name="bevy_post_process::dof::prepare_auxiliary_depth_of_field_textures"};C:\Users\Antoi\.cargo\registry\src\index.crates.io-1949cf8c6b5b557f\bevy_ecs-0.18.1\src\system\function_system.rs;54;2804681;0.003031;18162;154;62;3405;111.354768
system{name="bevy_pbr::prepass::prepare_prepass_view_bind_group"};C:\Users\Antoi\.cargo\registry\src\index.crates.io-1949cf8c6b5b557f\bevy_ecs-0.18.1\src\system\function_system.rs;52;452177004;0.488737;18162;24896;6586;1564781;23109.567390
plugin cleanup{plugin="forgia_mode_roguelite::trempe::RogueliteTrempePlugin"};C:\Users\Antoi\.cargo\registry\src\index.crates.io-1949cf8c6b5b557f\bevy_app-0.18.1\src\app.rs;292;56;0.000000;1;56;56;56;0.000000
asset loading{loader="bevy_shader::shader::ShaderLoader" asset="embedded://bevy_pbr\\ssr\\raymarch.wgsl"};C:\Users\Antoi\.cargo\registry\src\index.crates.io-1949cf8c6b5b557f\bevy_asset-0.18.1\src\server\loaders.rs;332;1636113;0.001768;2;818056;204;1635909;1156618.097521
system{name="forgia_effects::hitmarker::draw_white_flash"};C:\Users\Antoi\.cargo\registry\src\index.crates.io-1949cf8c6b5b557f\bevy_ecs-0.18.1\src\system\function_system.rs;52;4734243;0.005117;18163;260;74;155653;1163.423032
system{name="bevy_hanabi::spawn::tick_spawners"};C:\Users\Antoi\.cargo\registry\src\index.crates.io-1949cf8c6b5b557f\bevy_ecs-0.18.1\src\system\function_system.rs;52;68501040;0.074040;18163;3771;1268;164557;2689.738147
plugin build{plugin="forgia_ui_lib::hud::wave_counter::WaveCounterPlugin"};C:\Users\Antoi\.cargo\registry\src\index.crates.io-1949cf8c6b5b557f\bevy_app-0.18.1\src\app.rs;529;19821;0.000021;1;19821;19821;19821;0.000000
system{name="bevy_sprite_render::mesh2d::mesh::prepare_mesh2d_view_bind_groups"};C:\Users\Antoi\.cargo\registry\src\index.crates.io-1949cf8c6b5b557f\bevy_ecs-0.18.1\src\system\function_system.rs;52;245682190;0.265547;18162;13527;3501;513544;9873.409296
plugin finish{plugin="bevy_render::sync_component::SyncComponentPlugin<forgia_postprocess::toon::ToonSettings>"};C:\Users\Antoi\.cargo\registry\src\index.crates.io-1949cf8c6b5b557f\bevy_app-0.18.1\src\app.rs;272;57;0.000000;1;57;57;57;0.000000
plugin build{plugin="forgia_ui_lib::hud::coffre_forgeron::CoffreForgeronPlugin"};C:\Users\Antoi\.cargo\registry\src\index.crates.io-1949cf8c6b5b557f\bevy_app-0.18.1\src\app.rs;529;9716;0.000011;1;9716;9716;9716;0.000000
asset loading{loader="bevy_shader::shader::ShaderLoader" asset="embedded://bevy_post_process\\effect_stack\\post_process.wgsl"};C:\Users\Antoi\.cargo\registry\src\index.crates.io-1949cf8c6b5b557f\bevy_asset-0.18.1\src\server\loaders.rs;332;17116;0.000018;2;8558;55;17061;12025.057921
system_commands{name="forgia_mode_roguelite::pipeline_warmup::sys_clear_warmup"};C:\Users\Antoi\.cargo\registry\src\index.crates.io-1949cf8c6b5b557f\bevy_ecs-0.18.1\src\system\function_system.rs;54;210;0.000000;1;210;210;210;0.000000
system{name="bevy_picking::input::touch_pick_events"};C:\Users\Antoi\.cargo\registry\src\index.crates.io-1949cf8c6b5b557f\bevy_ecs-0.18.1\src\system\function_system.rs;52;6811283;0.007362;18163;375;84;5926;171.047515
plugin cleanup{plugin="bevy_render::sync_component::SyncComponentPlugin<bevy_pbr::atmosphere::GpuAtmosphereSettings>"};C:\Users\Antoi\.cargo\registry\src\index.crates.io-1949cf8c6b5b557f\bevy_app-0.18.1\src\app.rs;292;53;0.000000;1;53;53;53;0.000000
system{name="bevy_asset::assets::Assets<forgia_genome_core::Genome<forgia_juice_screen_flash::ScreenFlashTuning>>::asset_events_condition"};C:\Users\Antoi\.cargo\registry\src\index.crates.io-1949cf8c6b5b557f\bevy_ecs-0.18.1\src\system\function_system.rs;52;1484002;0.001604;18163;81;53;1160;39.916396
asset loading{loader="bevy_image::image_loader::ImageLoader" asset="ui/menu_video/frame_0131.webp"};C:\Users\Antoi\.cargo\registry\src\index.crates.io-1949cf8c6b5b557f\bevy_asset-0.18.1\src\server\loaders.rs;332;14518913;0.015693;7;2074130;145;14481483;5471131.077917
system_commands{name="forgia_mode_roguelite::ultimate_apply::sys_tick_ultimate_freeze"};C:\Users\Antoi\.cargo\registry\src\index.crates.io-1949cf8c6b5b557f\bevy_ecs-0.18.1\src\system\function_system.rs;54;1296538;0.001401;17308;74;50;4379;40.067073
plugin cleanup{plugin="bevy_kira_audio::AudioPlugin"};C:\Users\Antoi\.cargo\registry\src\index.crates.io-1949cf8c6b5b557f\bevy_app-0.18.1\src\app.rs;292;53;0.000000;1;53;53;53;0.000000
asset loading{loader="bevy_gltf::loader::GltfLoader" asset="models/kaykit/hexagon/red/building_barracks_red.gltf"};C:\Users\Antoi\.cargo\registry\src\index.crates.io-1949cf8c6b5b557f\bevy_asset-0.18.1\src\server\loaders.rs;332;693243;0.000749;7;99034;177;387256;142363.972960
system{name="forgia_observability::lifecycle_sensor::obs_arena_bot_removed"};C:\Users\Antoi\.cargo\registry\src\index.crates.io-1949cf8c6b5b557f\bevy_ecs-0.18.1\src\system\function_system.rs;52;485;0.000001;8;60;58;64;2.699206
plugin finish{plugin="forgia_viewmodel::attach::ForgiaViewmodelAttachPlugin"};C:\Users\Antoi\.cargo\registry\src\index.crates.io-1949cf8c6b5b557f\bevy_app-0.18.1\src\app.rs;272;53;0.000000;1;53;53;53;0.000000
asset loading{loader="bevy_image::image_loader::ImageLoader" asset="models\\kaykit\\hexagon\\red\\hexagons_medieval.png"};C:\Users\Antoi\.cargo\registry\src\index.crates.io-1949cf8c6b5b557f\bevy_asset-0.18.1\src\server\loaders.rs;332;3990143;0.004313;5;798028;333;3977199;1777212.382179
node{name="bevy_pbr::render::gpu_preprocess::MainBuildIndirectParametersNode"};C:\Users\Antoi\.cargo\registry\src\index.crates.io-1949cf8c6b5b557f\bevy_render-0.18.1\src\renderer\graph_runner.rs;240;59387619;0.064189;36324;1634;78;102179;1028.466279
system_commands{name="bevy_anti_alias::taa::prepare_taa_history_textures"};C:\Users\Antoi\.cargo\registry\src\index.crates.io-1949cf8c6b5b557f\bevy_ecs-0.18.1\src\system\function_system.rs;54;1416918;0.001531;18162;78;50;625;29.558728
system_commands{name="bevy_render::extract_component::prepare_uniform_components<bevy_anti_alias::contrast_adaptive_sharpening::CasUniform>"};C:\Users\Antoi\.cargo\registry\src\index.crates.io-1949cf8c6b5b557f\bevy_ecs-0.18.1\src\system\function_system.rs;54;1516395;0.001639;18162;83;50;6040;53.563537
system{name="bevy_pbr::atmosphere::configure_camera_depth_usages"};C:\Users\Antoi\.cargo\registry\src\index.crates.io-1949cf8c6b5b557f\bevy_ecs-0.18.1\src\system\function_system.rs;52;5134780;0.005550;18162;282;81;11434;143.341686
plugin finish{plugin="bevy_render::experimental::occlusion_culling::OcclusionCullingPlugin"};C:\Users\Antoi\.cargo\registry\src\index.crates.io-1949cf8c6b5b557f\bevy_app-0.18.1\src\app.rs;272;54;0.000000;1;54;54;54;0.000000
plugin finish{plugin="forgia_rpg_data::dialogue::ForgiaDialoguePlugin"};C:\Users\Antoi\.cargo\registry\src\index.crates.io-1949cf8c6b5b557f\bevy_app-0.18.1\src\app.rs;272;53;0.000000;1;53;53;53;0.000000
plugin build{plugin="bevy_render::extract_component::ExtractComponentPlugin<bevy_pbr::atmosphere::Atmosphere>"};C:\Users\Antoi\.cargo\registry\src\index.crates.io-1949cf8c6b5b557f\bevy_app-0.18.1\src\app.rs;529;12001;0.000013;1;12001;12001;12001;0.000000
plugin build{plugin="forgia_effects::ForgiaEffectsPlugin"};C:\Users\Antoi\.cargo\registry\src\index.crates.io-1949cf8c6b5b557f\bevy_app-0.18.1\src\app.rs;529;97398;0.000105;1;97398;97398;97398;0.000000
plugin cleanup{plugin="bevy_post_process::dof::DepthOfFieldPlugin"};C:\Users\Antoi\.cargo\registry\src\index.crates.io-1949cf8c6b5b557f\bevy_app-0.18.1\src\app.rs;292;54;0.000000;1;54;54;54;0.000000
system{name="forgia_ui_lib::hud_ammo::draw_slot_strip"};C:\Users\Antoi\.cargo\registry\src\index.crates.io-1949cf8c6b5b557f\bevy_ecs-0.18.1\src\system\function_system.rs;52;6176665;0.006676;18072;341;86;77535;608.666692
system{name="bevy_ui_render::box_shadow::extract_shadows"};C:\Users\Antoi\.cargo\registry\src\index.crates.io-1949cf8c6b5b557f\bevy_ecs-0.18.1\src\system\function_system.rs;52;12590967;0.013609;18163;693;229;24371;350.852500
asset loading{loader="bevy_shader::shader::ShaderLoader" asset="embedded://bevy_sprite_render\\mesh2d\\mesh2d_bindings.wgsl"};C:\Users\Antoi\.cargo\registry\src\index.crates.io-1949cf8c6b5b557f\bevy_asset-0.18.1\src\server\loaders.rs;332;35843;0.000039;2;17921;55;35788;25267.046622
check_conditions{name="bevy_gizmos::end_gizmo_context<bevy_gizmos::aabb::AabbGizmoConfigGroup, bevy_time::fixed::Fixed>"};C:\Users\Antoi\.cargo\registry\src\index.crates.io-1949cf8c6b5b557f\bevy_ecs-0.18.1\src\schedule\executor\single_threaded.rs;83;1945185;0.002102;18163;107;56;11066;131.910688
system{name="bevy_asset::assets::Assets<forgia_genome_core::Genome<forgia_skeleton_template::SkeletonTemplate>>::asset_events"};C:\Users\Antoi\.cargo\registry\src\index.crates.io-1949cf8c6b5b557f\bevy_ecs-0.18.1\src\system\function_system.rs;52;1383;0.000001;1;1383;1383;1383;0.000000
plugin cleanup{plugin="bevy_core_pipeline::skybox::SkyboxPlugin"};C:\Users\Antoi\.cargo\registry\src\index.crates.io-1949cf8c6b5b557f\bevy_app-0.18.1\src\app.rs;292;50;0.000000;1;50;50;50;0.000000
system{name="forgia_fps::ammo_systems::tick_ammo_reload"};C:\Users\Antoi\.cargo\registry\src\index.crates.io-1949cf8c6b5b557f\bevy_ecs-0.18.1\src\system\function_system.rs;52;2902821;0.003138;5360;541;170;4895;131.849082
plugin build{plugin="bevy_render::extract_component::ExtractComponentPlugin<bevy_pbr::ssr::ScreenSpaceReflections>"};C:\Users\Antoi\.cargo\registry\src\index.crates.io-1949cf8c6b5b557f\bevy_app-0.18.1\src\app.rs;529;11783;0.000013;1;11783;11783;11783;0.000000
plugin cleanup{plugin="forgia_fps::bourrasque::ForgiaBourrasquePlugin"};C:\Users\Antoi\.cargo\registry\src\index.crates.io-1949cf8c6b5b557f\bevy_app-0.18.1\src\app.rs;292;55;0.000000;1;55;55;55;0.000000
system{name="bevy_rapier3d::plugin::systems::collider::update_colliding_entities"};C:\Users\Antoi\.cargo\registry\src\index.crates.io-1949cf8c6b5b557f\bevy_ecs-0.18.1\src\system\function_system.rs;52;2235620;0.002416;5734;389;75;31881;448.973795
plugin finish{plugin="forgia_effects::hitmarker::ForgiaHitmarkerPlugin"};C:\Users\Antoi\.cargo\registry\src\index.crates.io-1949cf8c6b5b557f\bevy_app-0.18.1\src\app.rs;272;52;0.000000;1;52;52;52;0.000000
system{name="bevy_pbr::render::light::check_light_entities_needing_specialization<bevy_pbr::extended_material::ExtendedMaterial<bevy_pbr::pbr_material::StandardMaterial, bevy_water::water::material::WaterMaterial>>"};C:\Users\Antoi\.cargo\registry\src\index.crates.io-1949cf8c6b5b557f\bevy_ecs-0.18.1\src\system\function_system.rs;52;12883304;0.013925;18163;709;267;25060;462.053804
system{name="forgia_player::skybox_genome::track_stage_biome"};C:\Users\Antoi\.cargo\registry\src\index.crates.io-1949cf8c6b5b557f\bevy_ecs-0.18.1\src\system\function_system.rs;52;5485984;0.005930;18163;302;87;279077;2075.952413
system{name="bevy_asset::assets::Assets<forgia_genome_core::Genome<forgia_mode_fps_arena::ArenaBotsGenome>>::asset_events_condition"};C:\Users\Antoi\.cargo\registry\src\index.crates.io-1949cf8c6b5b557f\bevy_ecs-0.18.1\src\system\function_system.rs;52;1763785;0.001906;18163;97;54;671;49.649321
system_commands{name="forgia_effects::damage_numbers::setup_damage_number_pool"};C:\Users\Antoi\.cargo\registry\src\index.crates.io-1949cf8c6b5b557f\bevy_ecs-0.18.1\src\system\function_system.rs;54;140795;0.000152;1;140795;140795;140795;0.000000
system{name="bevy_render::view::prepare_view_targets"};C:\Users\Antoi\.cargo\registry\src\index.crates.io-1949cf8c6b5b557f\bevy_ecs-0.18.1\src\system\function_system.rs;52;95385986;0.103098;18162;5251;2640;215560;2830.517612
system_commands{name="bevy_render::render_asset::extract_render_asset<bevy_render::storage::GpuShaderStorageBuffer>"};C:\Users\Antoi\.cargo\registry\src\index.crates.io-1949cf8c6b5b557f\bevy_ecs-0.18.1\src\system\function_system.rs;54;15172432;0.016399;18162;835;295;75211;772.245566
system{name="bevy_pbr::prepass::update_previous_view_data"};C:\Users\Antoi\.cargo\registry\src\index.crates.io-1949cf8c6b5b557f\bevy_ecs-0.18.1\src\system\function_system.rs;52;15098421;0.016319;18163;831;376;62048;542.924248
check_conditions{name="leafwing_input_manager::systems::swap_to_fixed_update<forgia_input::PlayerAction>"};C:\Users\Antoi\.cargo\registry\src\index.crates.io-1949cf8c6b5b557f\bevy_ecs-0.18.1\src\schedule\executor\single_threaded.rs;83;1194823;0.001291;18163;65;56;3240;27.483673
plugin finish{plugin="bevy_app::main_schedule::MainSchedulePlugin"};C:\Users\Antoi\.cargo\registry\src\index.crates.io-1949cf8c6b5b557f\bevy_app-0.18.1\src\app.rs;272;253;0.000000;1;253;253;253;0.000000
plugin cleanup{plugin="bevy_post_process::effect_stack::EffectStackPlugin"};C:\Users\Antoi\.cargo\registry\src\index.crates.io-1949cf8c6b5b557f\bevy_app-0.18.1\src\app.rs;292;53;0.000000;1;53;53;53;0.000000
system{name="forgia_mode_roguelite::audio::sys_fire_sfx"};C:\Users\Antoi\.cargo\registry\src\index.crates.io-1949cf8c6b5b557f\bevy_ecs-0.18.1\src\system\function_system.rs;52;4295375;0.004643;17308;248;84;87275;676.201480
system{name="bevy_render::extract_component::prepare_uniform_components<bevy_post_process::dof::DepthOfFieldUniform>"};C:\Users\Antoi\.cargo\registry\src\index.crates.io-1949cf8c6b5b557f\bevy_ecs-0.18.1\src\system\function_system.rs;52;7005647;0.007572;18162;385;120;23285;304.391610
node{name="bevy_render::render_graph::node::ViewNodeRunner<bevy_post_process::bloom::BloomNode>"};C:\Users\Antoi\.cargo\registry\src\index.crates.io-1949cf8c6b5b557f\bevy_render-0.18.1\src\renderer\graph_runner.rs;240;11204982;0.012111;54486;205;61;58527;311.620067
system{name="forgia_juice_lib::fov_punch::consume_fov_impulses"};C:\Users\Antoi\.cargo\registry\src\index.crates.io-1949cf8c6b5b557f\bevy_ecs-0.18.1\src\system\function_system.rs;52;5210423;0.005632;18163;286;85;63597;617.824925
system{name="bevy_render::render_asset::extract_render_asset<bevy_gizmos_render::GpuLineGizmo>"};C:\Users\Antoi\.cargo\registry\src\index.crates.io-1949cf8c6b5b557f\bevy_ecs-0.18.1\src\system\function_system.rs;52;22196265;0.023991;18163;1222;499;60086;778.890255
system_commands{name="forgia_mode_roguelite::poi::sys_init_poi_genome"};C:\Users\Antoi\.cargo\registry\src\index.crates.io-1949cf8c6b5b557f\bevy_ecs-0.18.1\src\system\function_system.rs;54;4396;0.000005;1;4396;4396;4396;0.000000
system{name="bevy_post_process::dof::extract_depth_of_field_settings"};C:\Users\Antoi\.cargo\registry\src\index.crates.io-1949cf8c6b5b557f\bevy_ecs-0.18.1\src\system\function_system.rs;52;6208692;0.006711;18163;341;118;16352;246.941342
plugin finish{plugin="forgia_level_presets::ForgiaLevelPresetsPlugin"};C:\Users\Antoi\.cargo\registry\src\index.crates.io-1949cf8c6b5b557f\bevy_app-0.18.1\src\app.rs;272;52;0.000000;1;52;52;52;0.000000
system{name="bevy_pbr::material_bind_groups::init_fallback_bindless_resources"};C:\Users\Antoi\.cargo\registry\src\index.crates.io-1949cf8c6b5b557f\bevy_ecs-0.18.1\src\system\function_system.rs;52;91621;0.000099;1;91621;91621;91621;0.000000
system_commands{name="forgia_mode_roguelite::decor::sys_drain_decor_queue"};C:\Users\Antoi\.cargo\registry\src\index.crates.io-1949cf8c6b5b557f\bevy_ecs-0.18.1\src\system\function_system.rs;54;1707405;0.001845;17308;98;50;76578;1020.945607
plugin build{plugin="bevy_gizmos::aabb::AabbGizmoPlugin"};C:\Users\Antoi\.cargo\registry\src\index.crates.io-1949cf8c6b5b557f\bevy_app-0.18.1\src\app.rs;529;44528;0.000048;1;44528;44528;44528;0.000000
system{name="bevy_gizmos_render::retained::extract_linegizmos"};C:\Users\Antoi\.cargo\registry\src\index.crates.io-1949cf8c6b5b557f\bevy_ecs-0.18.1\src\system\function_system.rs;52;12024236;0.012996;18163;662;213;137663;1081.351483
system_commands{name="bevy_pbr::prepass::update_mesh_previous_global_transforms"};C:\Users\Antoi\.cargo\registry\src\index.crates.io-1949cf8c6b5b557f\bevy_ecs-0.18.1\src\system\function_system.rs;54;3201850;0.003461;18163;176;51;109733;1397.972326
system{name="bevy_pbr::render::skin::no_automatic_skin_batching"};C:\Users\Antoi\.cargo\registry\src\index.crates.io-1949cf8c6b5b557f\bevy_ecs-0.18.1\src\system\function_system.rs;52;8800788;0.009512;18163;484;176;6069;192.133227
system{name="bevy_gizmos_render::extract_gizmo_data"};C:\Users\Antoi\.cargo\registry\src\index.crates.io-1949cf8c6b5b557f\bevy_ecs-0.18.1\src\system\function_system.rs;52;10571015;0.011426;18163;582;284;101775;953.697652
system{name="forgia_rpg_data::quests::grant_quest_rewards"};C:\Users\Antoi\.cargo\registry\src\index.crates.io-1949cf8c6b5b557f\bevy_ecs-0.18.1\src\system\function_system.rs;52;5746219;0.006211;18163;316;112;17553;232.285592
plugin build{plugin="forgia_ui_lib::quest_journal::ForgiaUiQuestPlugin"};C:\Users\Antoi\.cargo\registry\src\index.crates.io-1949cf8c6b5b557f\bevy_app-0.18.1\src\app.rs;529;14623;0.000016;1;14623;14623;14623;0.000000
system{name="bevy_asset::assets::Assets<forgia_genome_core::Genome<forgia_player::skybox_genome::SkyPaletteGenome>>::track_assets"};C:\Users\Antoi\.cargo\registry\src\index.crates.io-1949cf8c6b5b557f\bevy_ecs-0.18.1\src\system\function_system.rs;52;21615858;0.023364;18163;1190;149;983253;10108.696370
plugin cleanup{plugin="bevy_render::sync_component::SyncComponentPlugin<bevy_post_process::effect_stack::ChromaticAberration>"};C:\Users\Antoi\.cargo\registry\src\index.crates.io-1949cf8c6b5b557f\bevy_app-0.18.1\src\app.rs;292;56;0.000000;1;56;56;56;0.000000
plugin cleanup{plugin="bevy_render::RenderPlugin"};C:\Users\Antoi\.cargo\registry\src\index.crates.io-1949cf8c6b5b557f\bevy_app-0.18.1\src\app.rs;292;58;0.000000;1;58;58;58;0.000000
system_commands{name="forgia_mode_roguelite::render_quality::sys_apply_bloom"};C:\Users\Antoi\.cargo\registry\src\index.crates.io-1949cf8c6b5b557f\bevy_ecs-0.18.1\src\system\function_system.rs;54;1501646;0.001623;17308;86;51;812;22.852319
check_conditions{name="bevy_app::main_schedule::Main::run_main"};C:\Users\Antoi\.cargo\registry\src\index.crates.io-1949cf8c6b5b557f\bevy_ecs-0.18.1\src\schedule\executor\single_threaded.rs;83;5672624;0.006131;18163;312;92;35252;349.934626
system{name="forgia_mode_roguelite::hud::draw_zone_reward_cards"};C:\Users\Antoi\.cargo\registry\src\index.crates.io-1949cf8c6b5b557f\bevy_ecs-0.18.1\src\system\function_system.rs;52;6362245;0.006877;18163;350;92;38077;307.827108
system_commands{name="bevy_pbr::light_probe::gather_light_probes<bevy_light::probe::IrradianceVolume>"};C:\Users\Antoi\.cargo\registry\src\index.crates.io-1949cf8c6b5b557f\bevy_ecs-0.18.1\src\system\function_system.rs;54;17477632;0.018891;18162;962;270;18888;347.668578
plugin build{plugin="forgia_player::skybox_genome::SkyboxGenomePlugin"};C:\Users\Antoi\.cargo\registry\src\index.crates.io-1949cf8c6b5b557f\bevy_app-0.18.1\src\app.rs;529;43576;0.000047;1;43576;43576;43576;0.000000
system{name="forgia_ui::sys_menu_armes"};C:\Users\Antoi\.cargo\registry\src\index.crates.io-1949cf8c6b5b557f\bevy_ecs-0.18.1\src\system\function_system.rs;52;5440648;0.005881;18163;299;101;74052;640.973262
system{name="bevy_pbr::material::extract_entities_needs_specialization<bevy_pbr::extended_material::ExtendedMaterial<bevy_pbr::pbr_material::StandardMaterial, bevy_pbr::decal::forward::ForwardDecalMaterialExt>>"};C:\Users\Antoi\.cargo\registry\src\index.crates.io-1949cf8c6b5b557f\bevy_ecs-0.18.1\src\system\function_system.rs;52;6655950;0.007194;18163;366;94;13375;470.823798
plugin build{plugin="bevy_render::extract_instances::ExtractInstancesPlugin<bevy_pbr::light_probe::environment_map::EnvironmentMapIds>"};C:\Users\Antoi\.cargo\registry\src\index.crates.io-1949cf8c6b5b557f\bevy_app-0.18.1\src\app.rs;529;5378;0.000006;1;5378;5378;5378;0.000000
system{name="bevy_pbr::material::early_sweep_material_instances<bevy_pbr::extended_material::ExtendedMaterial<bevy_pbr::pbr_material::StandardMaterial, bevy_water::water::material::WaterMaterial>>"};C:\Users\Antoi\.cargo\registry\src\index.crates.io-1949cf8c6b5b557f\bevy_ecs-0.18.1\src\system\function_system.rs;52;4389116;0.004744;18163;241;75;9390;249.294724
plugin build{plugin="bevy_rapier3d::plugin::plugin::RapierPhysicsPlugin"};C:\Users\Antoi\.cargo\registry\src\index.crates.io-1949cf8c6b5b557f\bevy_app-0.18.1\src\app.rs;529;214932;0.000232;1;214932;214932;214932;0.000000
system{name="bevy_asset::assets::Assets<bevy_hanabi::asset::EffectAsset>::asset_events_condition"};C:\Users\Antoi\.cargo\registry\src\index.crates.io-1949cf8c6b5b557f\bevy_ecs-0.18.1\src\system\function_system.rs;52;1781654;0.001926;18163;98;55;1191;41.905869
system{name="bevy_render::extract_component::extract_components<bevy_pbr::fog::DistanceFog>"};C:\Users\Antoi\.cargo\registry\src\index.crates.io-1949cf8c6b5b557f\bevy_ecs-0.18.1\src\system\function_system.rs;52;13660551;0.014765;18163;752;103;26419;450.256934
system{name="bevy_state::state_scoped::despawn_entities_on_enter_state<forgia_core::states::WorldMode>"};C:\Users\Antoi\.cargo\registry\src\index.crates.io-1949cf8c6b5b557f\bevy_ecs-0.18.1\src\system\function_system.rs;52;2350229;0.002540;18164;129;78;10120;112.373825
plugin cleanup{plugin="bevy_render::extract_component::ExtractComponentPlugin<bevy_camera::camera::CameraMainTextureUsages>"};C:\Users\Antoi\.cargo\registry\src\index.crates.io-1949cf8c6b5b557f\bevy_app-0.18.1\src\app.rs;292;61;0.000000;1;61;61;61;0.000000
plugin cleanup{plugin="forgia_combat::ForgiaCombatPlugin"};C:\Users\Antoi\.cargo\registry\src\index.crates.io-1949cf8c6b5b557f\bevy_app-0.18.1\src\app.rs;292;55;0.000000;1;55;55;55;0.000000
system_commands{name="bevy_app::propagate::update_source<bevy_ui::ui_node::ComputedUiTargetCamera, (), bevy_ecs::hierarchy::ChildOf>"};C:\Users\Antoi\.cargo\registry\src\index.crates.io-1949cf8c6b5b557f\bevy_ecs-0.18.1\src\system\function_system.rs;54;6079259;0.006571;18163;334;52;70948;537.694248
function_scope{egui::interaction::interact};C:\Users\Antoi\.cargo\registry\src\index.crates.io-1949cf8c6b5b557f\egui-0.33.3\src\interaction.rs;116;11879613;0.012840;18163;654;237;78803;912.896857
plugin build{plugin="bevy_post_process::motion_blur::MotionBlurPlugin"};C:\Users\Antoi\.cargo\registry\src\index.crates.io-1949cf8c6b5b557f\bevy_app-0.18.1\src\app.rs;529;36842;0.000040;1;36842;36842;36842;0.000000
system{name="forgia_observability::watchdog_sensor::sys_write_watchdog_sensor"};C:\Users\Antoi\.cargo\registry\src\index.crates.io-1949cf8c6b5b557f\bevy_ecs-0.18.1\src\system\function_system.rs;52;3928319;0.004246;18163;216;72;59306;478.811273
plugin cleanup{plugin="bevy_animation::AnimationPlugin"};C:\Users\Antoi\.cargo\registry\src\index.crates.io-1949cf8c6b5b557f\bevy_app-0.18.1\src\app.rs;292;54;0.000000;1;54;54;54;0.000000
plugin cleanup{plugin="bevy_render::render_asset::RenderAssetPlugin<bevy_sprite_render::mesh2d::material::PreparedMaterial2d<bevy_sprite_render::tilemap_chunk::tilemap_chunk_material::TilemapChunkMaterial>>"};C:\Users\Antoi\.cargo\registry\src\index.crates.io-1949cf8c6b5b557f\bevy_app-0.18.1\src\app.rs;292;947;0.000001;1;947;947;947;0.000000
system_commands{name="forgia_mode_roguelite::mushrooms::sys_init_mushroom_genome"};C:\Users\Antoi\.cargo\registry\src\index.crates.io-1949cf8c6b5b557f\bevy_ecs-0.18.1\src\system\function_system.rs;54;2363;0.000003;1;2363;2363;2363;0.000000
system{name="bevy_asset::assets::Assets<bevy_text::font::Font>::asset_events_condition"};C:\Users\Antoi\.cargo\registry\src\index.crates.io-1949cf8c6b5b557f\bevy_ecs-0.18.1\src\system\function_system.rs;52;1839532;0.001988;18163;101;53;9044;83.601801
system{name="forgia_mode_roguelite::hub::on_armes_tab"};C:\Users\Antoi\.cargo\registry\src\index.crates.io-1949cf8c6b5b557f\bevy_ecs-0.18.1\src\system\function_system.rs;52;2334864;0.002524;18163;128;61;6280;73.574788
plugin finish{plugin="forgia_mode_roguelite::ForgiaModeRoguelitePlugin"};C:\Users\Antoi\.cargo\registry\src\index.crates.io-1949cf8c6b5b557f\bevy_app-0.18.1\src\app.rs;272;56;0.000000;1;56;56;56;0.000000
plugin finish{plugin="bevy_anti_alias::fxaa::FxaaPlugin"};C:\Users\Antoi\.cargo\registry\src\index.crates.io-1949cf8c6b5b557f\bevy_app-0.18.1\src\app.rs;272;54;0.000000;1;54;54;54;0.000000
check_conditions{name="leafwing_input_manager::systems::swap_to_update<forgia_input::PlayerAction>"};C:\Users\Antoi\.cargo\registry\src\index.crates.io-1949cf8c6b5b557f\bevy_ecs-0.18.1\src\schedule\executor\single_threaded.rs;83;1332626;0.001440;18163;73;55;5235;65.056153
system_commands{name="bevy_render::extract_component::extract_components<bevy_camera::components::Camera3d>"};C:\Users\Antoi\.cargo\registry\src\index.crates.io-1949cf8c6b5b557f\bevy_ecs-0.18.1\src\system\function_system.rs;54;21998539;0.023777;18162;1211;434;96173;1188.010006
system{name="forgia_observability::fps_feel_sensor::sys_write_fps_feel_sensor"};C:\Users\Antoi\.cargo\registry\src\index.crates.io-1949cf8c6b5b557f\bevy_ecs-0.18.1\src\system\function_system.rs;52;4053874;0.004382;18163;223;73;24436;285.781113
plugin finish{plugin="bevy_picking::InteractionPlugin"};C:\Users\Antoi\.cargo\registry\src\index.crates.io-1949cf8c6b5b557f\bevy_app-0.18.1\src\app.rs;272;54;0.000000;1;54;54;54;0.000000
system{name="forgia_qa_replay::recorder::capture_keyboard_input_system"};C:\Users\Antoi\.cargo\registry\src\index.crates.io-1949cf8c6b5b557f\bevy_ecs-0.18.1\src\system\function_system.rs;52;4592689;0.004964;18163;252;95;22419;253.613693
plugin build{plugin="bevy_gizmos::light::LightGizmoPlugin"};C:\Users\Antoi\.cargo\registry\src\index.crates.io-1949cf8c6b5b557f\bevy_app-0.18.1\src\app.rs;529;25637;0.000028;1;25637;25637;25637;0.000000
system{name="bevy_asset::assets::Assets<forgia_genome_core::Genome<forgia_stage::RoguelitePoisGenome>>::asset_events_condition"};C:\Users\Antoi\.cargo\registry\src\index.crates.io-1949cf8c6b5b557f\bevy_ecs-0.18.1\src\system\function_system.rs;52;1614195;0.001745;18163;88;52;1770;48.956092
system{name="bevy_ui::widget::image::update_image_content_size_system"};C:\Users\Antoi\.cargo\registry\src\index.crates.io-1949cf8c6b5b557f\bevy_ecs-0.18.1\src\system\function_system.rs;52;7745539;0.008372;18163;426;169;55876;485.178917
plugin finish{plugin="bevy_render::extract_resource::ExtractResourcePlugin<bevy_render::texture::manual_texture_view::ManualTextureViews>"};C:\Users\Antoi\.cargo\registry\src\index.crates.io-1949cf8c6b5b557f\bevy_app-0.18.1\src\app.rs;272;64;0.000000;1;64;64;64;0.000000
system{name="bevy_audio::audio_output::play_queued_audio_system<bevy_audio::pitch::Pitch>"};C:\Users\Antoi\.cargo\registry\src\index.crates.io-1949cf8c6b5b557f\bevy_ecs-0.18.1\src\system\function_system.rs;52;15041378;0.016258;18163;828;199;40188;519.702379
plugin build{plugin="bevy_render::extract_component::UniformComponentPlugin<bevy_anti_alias::contrast_adaptive_sharpening::CasUniform>"};C:\Users\Antoi\.cargo\registry\src\index.crates.io-1949cf8c6b5b557f\bevy_app-0.18.1\src\app.rs;529;3409;0.000004;1;3409;3409;3409;0.000000
system{name="forgia_effects::hitmarker::draw_hitmarker"};C:\Users\Antoi\.cargo\registry\src\index.crates.io-1949cf8c6b5b557f\bevy_ecs-0.18.1\src\system\function_system.rs;52;3896759;0.004212;18163;214;65;11146;210.542077
system_commands{name="bevy_hanabi::spawn::tick_spawners"};C:\Users\Antoi\.cargo\registry\src\index.crates.io-1949cf8c6b5b557f\bevy_ecs-0.18.1\src\system\function_system.rs;54;1581984;0.001710;18163;87;50;182792;1367.017993
asset loading{loader="bevy_shader::shader::ShaderLoader" asset="embedded://bevy_core_pipeline\\skybox\\skybox.wgsl"};C:\Users\Antoi\.cargo\registry\src\index.crates.io-1949cf8c6b5b557f\bevy_asset-0.18.1\src\server\loaders.rs;332;121924;0.000132;2;60962;56;121868;86134.091230
system{name="bevy_render::view::window::screenshot::trigger_screenshots"};C:\Users\Antoi\.cargo\registry\src\index.crates.io-1949cf8c6b5b557f\bevy_ecs-0.18.1\src\system\function_system.rs;52;10657521;0.011519;18163;586;212;17098;265.493722
plugin finish{plugin="bevy_render::extract_component::UniformComponentPlugin<bevy_pbr::atmosphere::resources::GpuAtmosphere>"};C:\Users\Antoi\.cargo\registry\src\index.crates.io-1949cf8c6b5b557f\bevy_app-0.18.1\src\app.rs;272;55;0.000000;1;55;55;55;0.000000
plugin cleanup{plugin="forgia_mode_roguelite::progress::PlayerProgressPlugin"};C:\Users\Antoi\.cargo\registry\src\index.crates.io-1949cf8c6b5b557f\bevy_app-0.18.1\src\app.rs;292;55;0.000000;1;55;55;55;0.000000
system{name="bevy_ui::accessibility::button_changed"};C:\Users\Antoi\.cargo\registry\src\index.crates.io-1949cf8c6b5b557f\bevy_ecs-0.18.1\src\system\function_system.rs;52;7978302;0.008623;18163;439;126;70204;588.884000
plugin cleanup{plugin="forgia_mode_roguelite::kill_popup::RogueliteKillPopupPlugin"};C:\Users\Antoi\.cargo\registry\src\index.crates.io-1949cf8c6b5b557f\bevy_app-0.18.1\src\app.rs;292;54;0.000000;1;54;54;54;0.000000
asset loading{loader="bevy_gltf::loader::GltfLoader" asset="models/kaykit/hexagon/red/building_mine_red.gltf"};C:\Users\Antoi\.cargo\registry\src\index.crates.io-1949cf8c6b5b557f\bevy_asset-0.18.1\src\server\loaders.rs;332;352744;0.000381;7;50392;199;251020;93073.053003
system_commands{name="forgia_mode_roguelite::enemy_anim::sys_load_enemy_gltf"};C:\Users\Antoi\.cargo\registry\src\index.crates.io-1949cf8c6b5b557f\bevy_ecs-0.18.1\src\system\function_system.rs;54;703;0.000001;1;703;703;703;0.000000
system{name="forgia_mode_roguelite::audio::sys_ding_on_currency"};C:\Users\Antoi\.cargo\registry\src\index.crates.io-1949cf8c6b5b557f\bevy_ecs-0.18.1\src\system\function_system.rs;52;3564395;0.003853;17308;205;77;31885;287.732435
schedule{name=RenderStartup};C:\Users\Antoi\.cargo\registry\src\index.crates.io-1949cf8c6b5b557f\bevy_ecs-0.18.1\src\schedule\schedule.rs;532;1517338;0.001640;1;1517338;1517338;1517338;0.000000
system{name="forgia_player::dash::dash_motion_system"};C:\Users\Antoi\.cargo\registry\src\index.crates.io-1949cf8c6b5b557f\bevy_ecs-0.18.1\src\system\function_system.rs;52;3545605;0.003832;5360;661;125;21739;318.086944
asset loading{loader="bevy_shader::shader::ShaderLoader" asset="embedded://bevy_core_pipeline\\oit\\oit_draw.wgsl"};C:\Users\Antoi\.cargo\registry\src\index.crates.io-1949cf8c6b5b557f\bevy_asset-0.18.1\src\server\loaders.rs;332;104328;0.000113;2;52164;77;104251;73662.141823
system{name="forgia_killfeed::draw_multikill_banner"};C:\Users\Antoi\.cargo\registry\src\index.crates.io-1949cf8c6b5b557f\bevy_ecs-0.18.1\src\system\function_system.rs;52;36026892;0.038940;18163;1983;79;894238;9611.208739
system{name="forgia_ui_lib::pause_menu::reset_submenu_on_pause"};C:\Users\Antoi\.cargo\registry\src\index.crates.io-1949cf8c6b5b557f\bevy_ecs-0.18.1\src\system\function_system.rs;52;1311;0.000001;2;655;447;864;294.864376
plugin cleanup{plugin="bevy_gizmos::global::GlobalGizmosPlugin"};C:\Users\Antoi\.cargo\registry\src\index.crates.io-1949cf8c6b5b557f\bevy_app-0.18.1\src\app.rs;292;55;0.000000;1;55;55;55;0.000000
system_commands{name="bevy_render::extract_component::prepare_uniform_components<bevy_pbr::atmosphere::GpuAtmosphereSettings>"};C:\Users\Antoi\.cargo\registry\src\index.crates.io-1949cf8c6b5b557f\bevy_ecs-0.18.1\src\system\function_system.rs;54;1791072;0.001936;18162;98;53;844;23.460767
system_commands{name="forgia_worldgen::streaming::sys_stream_city"};C:\Users\Antoi\.cargo\registry\src\index.crates.io-1949cf8c6b5b557f\bevy_ecs-0.18.1\src\system\function_system.rs;54;1623605;0.001755;17308;93;52;42990;328.019906
system{name="bevy_input::mouse::accumulate_mouse_motion_system"};C:\Users\Antoi\.cargo\registry\src\index.crates.io-1949cf8c6b5b557f\bevy_ecs-0.18.1\src\system\function_system.rs;52;5752977;0.006218;18163;316;90;4679;115.385035
system_commands{name="bevy_pbr::atmosphere::environment::init_atmosphere_probe_layout"};C:\Users\Antoi\.cargo\registry\src\index.crates.io-1949cf8c6b5b557f\bevy_ecs-0.18.1\src\system\function_system.rs;54;1769;0.000002;1;1769;1769;1769;0.000000
asset loading{loader="bevy_gltf::loader::GltfLoader" asset="models/kaykit/hexagon/neutral/building_grain.gltf"};C:\Users\Antoi\.cargo\registry\src\index.crates.io-1949cf8c6b5b557f\bevy_asset-0.18.1\src\server\loaders.rs;332;376200;0.000407;7;53742;99;232918;88428.216183
system{name="bevy_pbr::lightmap::extract_lightmaps"};C:\Users\Antoi\.cargo\registry\src\index.crates.io-1949cf8c6b5b557f\bevy_ecs-0.18.1\src\system\function_system.rs;52;14805246;0.016002;18162;815;265;51549;500.032788
system{name="forgia_rpg_data::shop::process_buy"};C:\Users\Antoi\.cargo\registry\src\index.crates.io-1949cf8c6b5b557f\bevy_ecs-0.18.1\src\system\function_system.rs;52;7812313;0.008444;18163;430;160;83029;716.122398
asset loading{loader="bevy_kira_audio::source::ogg_loader::OggLoader" asset="audio/roguelite/sfx/impact.ogg"};C:\Users\Antoi\.cargo\registry\src\index.crates.io-1949cf8c6b5b557f\bevy_asset-0.18.1\src\server\loaders.rs;332;708254;0.000766;4;177063;95;698172;347419.249251
plugin build{plugin="forgia_streaming::ForgiaStreamingPlugin"};C:\Users\Antoi\.cargo\registry\src\index.crates.io-1949cf8c6b5b557f\bevy_app-0.18.1\src\app.rs;529;20603;0.000022;1;20603;20603;20603;0.000000
system{name="forgia_mode_roguelite::hud::draw_active_boons"};C:\Users\Antoi\.cargo\registry\src\index.crates.io-1949cf8c6b5b557f\bevy_ecs-0.18.1\src\system\function_system.rs;52;124009095;0.134036;17217;7202;128;130385;4732.631040
system_commands{name="forgia_mode_roguelite::shockwave::sys_apply_knockback"};C:\Users\Antoi\.cargo\registry\src\index.crates.io-1949cf8c6b5b557f\bevy_ecs-0.18.1\src\system\function_system.rs;54;1473949;0.001593;17308;85;51;81929;684.853074
asset loading{loader="bevy_image::image_loader::ImageLoader" asset="ui/menu_video/frame_0010.webp"};C:\Users\Antoi\.cargo\registry\src\index.crates.io-1949cf8c6b5b557f\bevy_asset-0.18.1\src\server\loaders.rs;332;16069692;0.017369;7;2295670;286;15992437;6039718.644279
plugin cleanup{plugin="forgia_ui_lib::hud::confidence::ConfidenceHudPlugin"};C:\Users\Antoi\.cargo\registry\src\index.crates.io-1949cf8c6b5b557f\bevy_app-0.18.1\src\app.rs;292;53;0.000000;1;53;53;53;0.000000
system{name="bevy_render::extract_component::extract_components<bevy_render::gpu_readback::Readback>"};C:\Users\Antoi\.cargo\registry\src\index.crates.io-1949cf8c6b5b557f\bevy_ecs-0.18.1\src\system\function_system.rs;52;5359171;0.005792;18163;295;123;40633;387.020289
asset loading{loader="bevy_image::image_loader::ImageLoader" asset="ui/menu_video/frame_0001.webp"};C:\Users\Antoi\.cargo\registry\src\index.crates.io-1949cf8c6b5b557f\bevy_asset-0.18.1\src\server\loaders.rs;332;14977054;0.016188;10;1497705;495;14923904;4717490.212569
asset loading{loader="bevy_gltf::loader::GltfLoader" asset="models/kaykit/dungeon/wall_broken.glb"};C:\Users\Antoi\.cargo\registry\src\index.crates.io-1949cf8c6b5b557f\bevy_asset-0.18.1\src\server\loaders.rs;332;3780796;0.004086;4;945199;144;3768215;1882018.101096
system{name="forgia_mode_roguelite::elements::sys_write_elements_sensor"};C:\Users\Antoi\.cargo\registry\src\index.crates.io-1949cf8c6b5b557f\bevy_ecs-0.18.1\src\system\function_system.rs;52;7091525;0.007665;18163;390;135;50793;500.622458
system{name="bevy_ecs::schedule::condition::common_conditions::any_with_component<forgia_secondary_motion::spring_bone::SpringBoneChain>"};C:\Users\Antoi\.cargo\registry\src\index.crates.io-1949cf8c6b5b557f\bevy_ecs-0.18.1\src\system\function_system.rs;52;7499735;0.008106;18163;412;99;48214;464.297837
plugin cleanup{plugin="bevy_render::extract_component::UniformComponentPlugin<bevy_core_pipeline::skybox::SkyboxUniforms>"};C:\Users\Antoi\.cargo\registry\src\index.crates.io-1949cf8c6b5b557f\bevy_app-0.18.1\src\app.rs;292;58;0.000000;1;58;58;58;0.000000
asset loading{loader="bevy_image::image_loader::ImageLoader" asset="textures/vfx/kenney/flare_01.png"};C:\Users\Antoi\.cargo\registry\src\index.crates.io-1949cf8c6b5b557f\bevy_asset-0.18.1\src\server\loaders.rs;332;660867;0.000714;5;132173;111;612864;269352.663058
system{name="bevy_pbr::cluster::prepare_clusters"};C:\Users\Antoi\.cargo\registry\src\index.crates.io-1949cf8c6b5b557f\bevy_ecs-0.18.1\src\system\function_system.rs;52;2167737581;2.343008;18162;119355;65393;3888016;45833.705115
system{name="bevy_sprite_render::text2d::extract_text2d_sprite"};C:\Users\Antoi\.cargo\registry\src\index.crates.io-1949cf8c6b5b557f\bevy_ecs-0.18.1\src\system\function_system.rs;52;23958741;0.025896;18163;1319;488;159718;1767.372437
plugin build{plugin="bevy_ui_render::box_shadow::BoxShadowPlugin"};C:\Users\Antoi\.cargo\registry\src\index.crates.io-1949cf8c6b5b557f\bevy_app-0.18.1\src\app.rs;529;20271;0.000022;1;20271;20271;20271;0.000000
system_commands{name="forgia_mode_roguelite::decor::sys_hot_reload_decor_genome"};C:\Users\Antoi\.cargo\registry\src\index.crates.io-1949cf8c6b5b557f\bevy_ecs-0.18.1\src\system\function_system.rs;54;1523064;0.001646;17308;87;50;142634;1272.335982
system{name="forgia_ui_lib::pause_menu::apply_msaa_to_cameras"};C:\Users\Antoi\.cargo\registry\src\index.crates.io-1949cf8c6b5b557f\bevy_ecs-0.18.1\src\system\function_system.rs;52;11084104;0.011980;18163;610;196;48432;506.790228
asset loading{loader="bevy_shader::shader::ShaderLoader" asset="embedded://bevy_sprite_render\\mesh2d\\mesh2d_view_bindings.wgsl"};C:\Users\Antoi\.cargo\registry\src\index.crates.io-1949cf8c6b5b557f\bevy_asset-0.18.1\src\server\loaders.rs;332;15291;0.000017;2;7645;56;15235;10733.173855
system{name="forgia_juice_lib::knockback::sys_tick_knockback"};C:\Users\Antoi\.cargo\registry\src\index.crates.io-1949cf8c6b5b557f\bevy_ecs-0.18.1\src\system\function_system.rs;52;8636033;0.009334;18163;475;153;17998;239.180814
system{name="bevy_asset::assets::Assets<bevy_asset::assets::LoadedUntypedAsset>::track_assets"};C:\Users\Antoi\.cargo\registry\src\index.crates.io-1949cf8c6b5b557f\bevy_ecs-0.18.1\src\system\function_system.rs;52;24067501;0.026013;18163;1325;106;608080;9769.069810
plugin build{plugin="forgia_player::ForgiaPlayerPlugin"};C:\Users\Antoi\.cargo\registry\src\index.crates.io-1949cf8c6b5b557f\bevy_app-0.18.1\src\app.rs;529;206917;0.000224;1;206917;206917;206917;0.000000
system{name="bevy_egui::render::extract_egui_camera_view_system"};C:\Users\Antoi\.cargo\registry\src\index.crates.io-1949cf8c6b5b557f\bevy_ecs-0.18.1\src\system\function_system.rs;52;143446174;0.155044;18163;7897;4068;124588;4472.520399
plugin cleanup{plugin="bevy_pbr::deferred::DeferredPbrLightingPlugin"};C:\Users\Antoi\.cargo\registry\src\index.crates.io-1949cf8c6b5b557f\bevy_app-0.18.1\src\app.rs;292;60;0.000000;1;60;60;60;0.000000
plugin cleanup{plugin="bevy_render::sync_component::SyncComponentPlugin<bevy_camera::components::Camera2d>"};C:\Users\Antoi\.cargo\registry\src\index.crates.io-1949cf8c6b5b557f\bevy_app-0.18.1\src\app.rs;292;54;0.000000;1;54;54;54;0.000000
system_commands{name="forgia_player::spawn_player"};C:\Users\Antoi\.cargo\registry\src\index.crates.io-1949cf8c6b5b557f\bevy_ecs-0.18.1\src\system\function_system.rs;54;909234;0.000983;2;454617;163;909071;642695.010275
system{name="bevy_core_pipeline::skybox::prepare_skybox_pipelines"};C:\Users\Antoi\.cargo\registry\src\index.crates.io-1949cf8c6b5b557f\bevy_ecs-0.18.1\src\system\function_system.rs;52;17961297;0.019414;18162;988;338;126661;1345.183495
system{name="forgia_rpg::rex_third_person_active"};C:\Users\Antoi\.cargo\registry\src\index.crates.io-1949cf8c6b5b557f\bevy_ecs-0.18.1\src\system\function_system.rs;52;1973738;0.002133;18163;108;52;39377;298.732251
plugin build{plugin="forgia_water::ForgiaWaterPlugin"};C:\Users\Antoi\.cargo\registry\src\index.crates.io-1949cf8c6b5b557f\bevy_app-0.18.1\src\app.rs;529;866785;0.000937;1;866785;866785;866785;0.000000
system{name="bevy_asset::assets::Assets<bevy_mesh::mesh::Mesh>::track_assets"};C:\Users\Antoi\.cargo\registry\src\index.crates.io-1949cf8c6b5b557f\bevy_ecs-0.18.1\src\system\function_system.rs;52;22724255;0.024562;18163;1251;148;265264;9039.315604
system{name="forgia_level_presets::load_level_modules_genome"};C:\Users\Antoi\.cargo\registry\src\index.crates.io-1949cf8c6b5b557f\bevy_ecs-0.18.1\src\system\function_system.rs;52;582115;0.000629;1;582115;582115;582115;0.000000
system{name="forgia_ui_lib::hud::player_hp::draw_player_hp"};C:\Users\Antoi\.cargo\registry\src\index.crates.io-1949cf8c6b5b557f\bevy_ecs-0.18.1\src\system\function_system.rs;52;106012198;0.114584;18072;5866;128;168726;2882.752030
plugin finish{plugin="forgia_juice_lib::recoil::ForgiaJuiceRecoilPlugin"};C:\Users\Antoi\.cargo\registry\src\index.crates.io-1949cf8c6b5b557f\bevy_app-0.18.1\src\app.rs;272;55;0.000000;1;55;55;55;0.000000
system{name="bevy_asset::assets::Assets<bevy_gltf::assets::GltfMesh>::asset_events_condition"};C:\Users\Antoi\.cargo\registry\src\index.crates.io-1949cf8c6b5b557f\bevy_ecs-0.18.1\src\system\function_system.rs;52;2001114;0.002163;18163;110;52;13911;136.383306
system{name="forgia_juice_lib::knockback::sys_hot_reload_knockback_genome"};C:\Users\Antoi\.cargo\registry\src\index.crates.io-1949cf8c6b5b557f\bevy_ecs-0.18.1\src\system\function_system.rs;52;9037840;0.009769;18163;497;81;89218;3504.957414
system_commands{name="forgia_mode_roguelite::status_vfx::sys_detach_burn_vfx"};C:\Users\Antoi\.cargo\registry\src\index.crates.io-1949cf8c6b5b557f\bevy_ecs-0.18.1\src\system\function_system.rs;54;1508292;0.001630;17308;87;50;102671;780.045192
system{name="bevy_sprite_render::mesh2d::mesh::prepare_mesh2d_bind_group"};C:\Users\Antoi\.cargo\registry\src\index.crates.io-1949cf8c6b5b557f\bevy_ecs-0.18.1\src\system\function_system.rs;52;4745474;0.005129;18162;261;90;15934;178.548136
plugin finish{plugin="bevy_time::TimePlugin"};C:\Users\Antoi\.cargo\registry\src\index.crates.io-1949cf8c6b5b557f\bevy_app-0.18.1\src\app.rs;272;55;0.000000;1;55;55;55;0.000000
schedule{name=OnExit(Lobby)};C:\Users\Antoi\.cargo\registry\src\index.crates.io-1949cf8c6b5b557f\bevy_ecs-0.18.1\src\schedule\schedule.rs;532;326416;0.000353;1;326416;326416;326416;0.000000
system{name="bevy_asset::assets::Assets<forgia_genome_core::Genome<forgia_enemy_nameplate::tuning::EnemyNameplateTuning>>::asset_events"};C:\Users\Antoi\.cargo\registry\src\index.crates.io-1949cf8c6b5b557f\bevy_ecs-0.18.1\src\system\function_system.rs;52;460;0.000000;1;460;460;460;0.000000
transform propagation worker;C:\Users\Antoi\.cargo\registry\src\index.crates.io-1949cf8c6b5b557f\bevy_transform-0.18.1\src\systems.rs;438;15391001729;16.635430;476260;32316;60;63221331;935019.085195
system_commands{name="forgia_mode_roguelite::mushrooms::sys_init_mushroom_assets"};C:\Users\Antoi\.cargo\registry\src\index.crates.io-1949cf8c6b5b557f\bevy_ecs-0.18.1\src\system\function_system.rs;54;2617;0.000003;1;2617;2617;2617;0.000000
system{name="bevy_egui::update_egui_textures_system"};C:\Users\Antoi\.cargo\registry\src\index.crates.io-1949cf8c6b5b557f\bevy_ecs-0.18.1\src\system\function_system.rs;52;139857082;0.151165;18163;7700;255;5010777;84417.102140
asset loading{loader="forgia_genome_core::GenomeLoader<forgia_player::PlayerMovementTuning>" asset="genomes/player_movement.toml"};C:\Users\Antoi\.cargo\registry\src\index.crates.io-1949cf8c6b5b557f\bevy_asset-0.18.1\src\server\loaders.rs;332;102059;0.000110;5;20411;232;92300;40230.856081
asset loading{loader="bevy_image::image_loader::ImageLoader" asset="ui/menu_video/frame_0020.webp"};C:\Users\Antoi\.cargo\registry\src\index.crates.io-1949cf8c6b5b557f\bevy_asset-0.18.1\src\server\loaders.rs;332;13877251;0.014999;7;1982464;86;13844199;5230535.643510
asset loading{loader="bevy_image::image_loader::ImageLoader" asset="ui/menu_video/frame_0038.webp"};C:\Users\Antoi\.cargo\registry\src\index.crates.io-1949cf8c6b5b557f\bevy_asset-0.18.1\src\server\loaders.rs;332;15705928;0.016976;8;1963241;165;15660376;5534481.489855
system{name="bevy_asset::assets::Assets<bevy_sprite_render::tilemap_chunk::tilemap_chunk_material::TilemapChunkMaterial>::asset_events_condition"};C:\Users\Antoi\.cargo\registry\src\index.crates.io-1949cf8c6b5b557f\bevy_ecs-0.18.1\src\system\function_system.rs;52;1611007;0.001741;18163;88;54;4133;72.692835
system_commands{name="bevy_render::extract_component::extract_components<bevy_core_pipeline::oit::OrderIndependentTransparencySettings>"};C:\Users\Antoi\.cargo\registry\src\index.crates.io-1949cf8c6b5b557f\bevy_ecs-0.18.1\src\system\function_system.rs;54;10625415;0.011485;18162;585;204;78469;611.506152
asset loading{loader="bevy_shader::shader::ShaderLoader" asset="embedded://bevy_gizmos_render\\line_joints.wgsl"};C:\Users\Antoi\.cargo\registry\src\index.crates.io-1949cf8c6b5b557f\bevy_asset-0.18.1\src\server\loaders.rs;332;541719;0.000586;2;270859;168;541551;382815.590520
asset loading{loader="bevy_image::image_loader::ImageLoader" asset="ui/menu_video/frame_0124.webp"};C:\Users\Antoi\.cargo\registry\src\index.crates.io-1949cf8c6b5b557f\bevy_asset-0.18.1\src\server\loaders.rs;332;14543866;0.015720;7;2077695;165;14503068;5479077.560922
system{name="bevy_render::texture::texture_cache::update_texture_cache_system"};C:\Users\Antoi\.cargo\registry\src\index.crates.io-1949cf8c6b5b557f\bevy_ecs-0.18.1\src\system\function_system.rs;52;12076002;0.013052;18162;664;187;1390197;12401.091145
plugin finish{plugin="bevy_render::sync_component::SyncComponentPlugin<bevy_pbr::atmosphere::Atmosphere>"};C:\Users\Antoi\.cargo\registry\src\index.crates.io-1949cf8c6b5b557f\bevy_app-0.18.1\src\app.rs;272;55;0.000000;1;55;55;55;0.000000
asset loading{loader="bevy_image::image_loader::ImageLoader" asset="ui/menu_video/frame_0072.webp"};C:\Users\Antoi\.cargo\registry\src\index.crates.io-1949cf8c6b5b557f\bevy_asset-0.18.1\src\server\loaders.rs;332;16374623;0.017699;6;2729103;239;16325110;6660659.107443
system_commands{name="bevy_pbr::light_probe::prepare_environment_uniform_buffer"};C:\Users\Antoi\.cargo\registry\src\index.crates.io-1949cf8c6b5b557f\bevy_ecs-0.18.1\src\system\function_system.rs;54;45949620;0.049665;18162;2529;1206;81403;1317.016930
plugin cleanup{plugin="bevy_render::erased_render_asset::ErasedRenderAssetPlugin<bevy_pbr::mesh_material::MeshMaterial3d<bevy_pbr::extended_material::ExtendedMaterial<bevy_pbr::pbr_material::StandardMaterial, bevy_water::water::material::WaterMaterial>>>"};C:\Users\Antoi\.cargo\registry\src\index.crates.io-1949cf8c6b5b557f\bevy_app-0.18.1\src\app.rs;292;132;0.000000;1;132;132;132;0.000000
system{name="bevy_asset::assets::Assets<forgia_genome_core::Genome<forgia_viewmodel::genome::ViewmodelGenome>>::asset_events"};C:\Users\Antoi\.cargo\registry\src\index.crates.io-1949cf8c6b5b557f\bevy_ecs-0.18.1\src\system\function_system.rs;52;1443;0.000002;1;1443;1443;1443;0.000000
system_commands{name="forgia_fps::fire_weapon_minimal"};C:\Users\Antoi\.cargo\registry\src\index.crates.io-1949cf8c6b5b557f\bevy_ecs-0.18.1\src\system\function_system.rs;54;1273287;0.001376;5297;240;54;233836;3643.416267
system{name="leafwing_input_manager::systems::update_action_state<forgia_input::PlayerAction>"};C:\Users\Antoi\.cargo\registry\src\index.crates.io-1949cf8c6b5b557f\bevy_ecs-0.18.1\src\system\function_system.rs;52;558530213;0.603690;36326;15375;114;769147;7336.192842
system{name="forgia_mode_roguelite::transform_hierarchy_sensor::sys_capture_transform_lag_roots"};C:\Users\Antoi\.cargo\registry\src\index.crates.io-1949cf8c6b5b557f\bevy_ecs-0.18.1\src\system\function_system.rs;52;6561997;0.007093;17308;379;94;167282;1928.427091
system_commands{name="bevy_post_process::effect_stack::prepare_post_processing_uniforms"};C:\Users\Antoi\.cargo\registry\src\index.crates.io-1949cf8c6b5b557f\bevy_ecs-0.18.1\src\system\function_system.rs;54;1503406;0.001625;18162;82;50;6150;56.217593
system_commands{name="forgia_juice_lib::knockback::sys_tick_knockback"};C:\Users\Antoi\.cargo\registry\src\index.crates.io-1949cf8c6b5b557f\bevy_ecs-0.18.1\src\system\function_system.rs;54;1604860;0.001735;18163;88;51;156099;1256.202029
plugin finish{plugin="forgia_mode_roguelite::render_quality::ForgiaRogueliteRenderPlugin"};C:\Users\Antoi\.cargo\registry\src\index.crates.io-1949cf8c6b5b557f\bevy_app-0.18.1\src\app.rs;272;55;0.000000;1;55;55;55;0.000000
system{name="bevy_light::point_light::update_point_light_frusta"};C:\Users\Antoi\.cargo\registry\src\index.crates.io-1949cf8c6b5b557f\bevy_ecs-0.18.1\src\system\function_system.rs;52;34642862;0.037444;18163;1907;930;52985;861.919435
system{name="forgia_mode_roguelite::merchant::sys_reset_revive_tokens"};C:\Users\Antoi\.cargo\registry\src\index.crates.io-1949cf8c6b5b557f\bevy_ecs-0.18.1\src\system\function_system.rs;52;334;0.000000;1;334;334;334;0.000000
plugin build{plugin="bevy_core_pipeline::tonemapping::TonemappingPlugin"};C:\Users\Antoi\.cargo\registry\src\index.crates.io-1949cf8c6b5b557f\bevy_app-0.18.1\src\app.rs;529;10276317;0.011107;1;10276317;10276317;10276317;0.000000
system{name="forgia_mode_roguelite::weapon_select::sys_weapon_select_input"};C:\Users\Antoi\.cargo\registry\src\index.crates.io-1949cf8c6b5b557f\bevy_ecs-0.18.1\src\system\function_system.rs;52;12375;0.000013;91;135;63;311;48.131302
plugin finish{plugin="bevy_post_process::dof::DepthOfFieldPlugin"};C:\Users\Antoi\.cargo\registry\src\index.crates.io-1949cf8c6b5b557f\bevy_app-0.18.1\src\app.rs;272;55;0.000000;1;55;55;55;0.000000
plugin cleanup{plugin="forgia_water::ForgiaWaterPlugin"};C:\Users\Antoi\.cargo\registry\src\index.crates.io-1949cf8c6b5b557f\bevy_app-0.18.1\src\app.rs;292;53;0.000000;1;53;53;53;0.000000
asset loading{loader="bevy_shader::shader::ShaderLoader" asset="embedded://bevy_ui_render\\box_shadow.wgsl"};C:\Users\Antoi\.cargo\registry\src\index.crates.io-1949cf8c6b5b557f\bevy_asset-0.18.1\src\server\loaders.rs;332;149585;0.000162;2;74792;68;149517;105676.401344
system{name="bevy_pbr::prepass::extract_camera_previous_view_data"};C:\Users\Antoi\.cargo\registry\src\index.crates.io-1949cf8c6b5b557f\bevy_ecs-0.18.1\src\system\function_system.rs;52;14589699;0.015769;18163;803;307;9897;319.809002
asset loading{loader="bevy_shader::shader::ShaderLoader" asset="embedded://bevy_ui_render\\ui.wgsl"};C:\Users\Antoi\.cargo\registry\src\index.crates.io-1949cf8c6b5b557f\bevy_asset-0.18.1\src\server\loaders.rs;332;1243214;0.001344;2;621607;231;1242983;878758.366533
asset loading{loader="bevy_gltf::loader::GltfLoader" asset="models/kaykit/hexagon/red/building_tower_B_red.gltf"};C:\Users\Antoi\.cargo\registry\src\index.crates.io-1949cf8c6b5b557f\bevy_asset-0.18.1\src\server\loaders.rs;332;670364;0.000725;8;83795;174;453831;153655.261634
system_commands{name="forgia_combat::combat_juice::hit_flash_tick_system"};C:\Users\Antoi\.cargo\registry\src\index.crates.io-1949cf8c6b5b557f\bevy_ecs-0.18.1\src\system\function_system.rs;54;1376416;0.001488;18163;75;50;1371;22.365654
plugin build{plugin="bevy_render::extract_component::ExtractComponentPlugin<bevy_render::view::Hdr>"};C:\Users\Antoi\.cargo\registry\src\index.crates.io-1949cf8c6b5b557f\bevy_app-0.18.1\src\app.rs;529;8696;0.000009;1;8696;8696;8696;0.000000
plugin build{plugin="forgia_ui_lib::hud::energy::EnergyOverlayPlugin"};C:\Users\Antoi\.cargo\registry\src\index.crates.io-1949cf8c6b5b557f\bevy_app-0.18.1\src\app.rs;529;18372;0.000020;1;18372;18372;18372;0.000000
system{name="bevy_app::propagate::update_removed_limit<bevy_ui::ui_node::ComputedUiRenderTargetInfo, (), bevy_ecs::hierarchy::ChildOf>"};C:\Users\Antoi\.cargo\registry\src\index.crates.io-1949cf8c6b5b557f\bevy_ecs-0.18.1\src\system\function_system.rs;52;5513235;0.005959;18163;303;62;131695;1011.879330
system{name="bevy_ui_render::extract_viewport_nodes"};C:\Users\Antoi\.cargo\registry\src\index.crates.io-1949cf8c6b5b557f\bevy_ecs-0.18.1\src\system\function_system.rs;52;19032258;0.020571;18163;1047;483;31488;513.964661
asset loading{loader="bevy_gltf::loader::GltfLoader" asset="models/environment/inferno/CirclePlatformSmall_001.glb"};C:\Users\Antoi\.cargo\registry\src\index.crates.io-1949cf8c6b5b557f\bevy_asset-0.18.1\src\server\loaders.rs;332;6546638;0.007076;8;818329;113;6423266;2264832.591710
plugin cleanup{plugin="bevy_render::render_asset::RenderAssetPlugin<bevy_gizmos_render::GpuLineGizmo>"};C:\Users\Antoi\.cargo\registry\src\index.crates.io-1949cf8c6b5b557f\bevy_app-0.18.1\src\app.rs;292;55;0.000000;1;55;55;55;0.000000
collect_screenshots;C:\Users\Antoi\.cargo\registry\src\index.crates.io-1949cf8c6b5b557f\bevy_render-0.18.1\src\view\window\screenshot.rs;626;9971679;0.010778;18162;549;294;11735;190.976573
plugin cleanup{plugin="bevy_render::render_asset::RenderAssetPlugin<bevy_sprite_render::mesh2d::material::PreparedMaterial2d<bevy_sprite_render::mesh2d::color_material::ColorMaterial>>"};C:\Users\Antoi\.cargo\registry\src\index.crates.io-1949cf8c6b5b557f\bevy_app-0.18.1\src\app.rs;292;102;0.000000;1;102;102;102;0.000000
system{name="bevy_asset::assets::Assets<bevy_gltf::assets::GltfPrimitive>::asset_events_condition"};C:\Users\Antoi\.cargo\registry\src\index.crates.io-1949cf8c6b5b557f\bevy_ecs-0.18.1\src\system\function_system.rs;52;2033890;0.002198;18163;111;52;5263;75.593099
system{name="forgia_foliage::material_override::preload_bark_textures"};C:\Users\Antoi\.cargo\registry\src\index.crates.io-1949cf8c6b5b557f\bevy_ecs-0.18.1\src\system\function_system.rs;52;19794;0.000021;1;19794;19794;19794;0.000000
system{name="bevy_asset::assets::Assets<bevy_gizmos::GizmoAsset>::asset_events_condition"};C:\Users\Antoi\.cargo\registry\src\index.crates.io-1949cf8c6b5b557f\bevy_ecs-0.18.1\src\system\function_system.rs;52;1453196;0.001571;18163;80;52;21408;161.724755
plugin build{plugin="bevy_render::extract_component::ExtractComponentPlugin<bevy_core_pipeline::tonemapping::DebandDither>"};C:\Users\Antoi\.cargo\registry\src\index.crates.io-1949cf8c6b5b557f\bevy_app-0.18.1\src\app.rs;529;14666;0.000016;1;14666;14666;14666;0.000000
system{name="forgia_killfeed::write_killfeed_sensor"};C:\Users\Antoi\.cargo\registry\src\index.crates.io-1949cf8c6b5b557f\bevy_ecs-0.18.1\src\system\function_system.rs;52;5035705;0.005443;18163;277;74;24525;317.944389
system{name="forgia_mode_roguelite::status_vfx::sys_detach_shock_vfx"};C:\Users\Antoi\.cargo\registry\src\index.crates.io-1949cf8c6b5b557f\bevy_ecs-0.18.1\src\system\function_system.rs;52;8000642;0.008648;17308;462;138;56331;487.550479
system{name="bevy_render::extract_component::prepare_uniform_components<bevy_pbr::deferred::PbrDeferredLightingDepthId>"};C:\Users\Antoi\.cargo\registry\src\index.crates.io-1949cf8c6b5b557f\bevy_ecs-0.18.1\src\system\function_system.rs;52;6611438;0.007146;18162;364;122;21540;301.604870
plugin build{plugin="bevy_pbr::PbrPlugin"};C:\Users\Antoi\.cargo\registry\src\index.crates.io-1949cf8c6b5b557f\bevy_app-0.18.1\src\app.rs;529;1661193;0.001796;1;1661193;1661193;1661193;0.000000
plugin cleanup{plugin="forgia_mode_roguelite::merchant::MerchantPlugin"};C:\Users\Antoi\.cargo\registry\src\index.crates.io-1949cf8c6b5b557f\bevy_app-0.18.1\src\app.rs;292;56;0.000000;1;56;56;56;0.000000
system{name="forgia_effects::damage_numbers::spawn_on_hit"};C:\Users\Antoi\.cargo\registry\src\index.crates.io-1949cf8c6b5b557f\bevy_ecs-0.18.1\src\system\function_system.rs;52;6322212;0.006833;18163;348;121;11730;184.546089
plugin finish{plugin="bevy_render::extract_component::ExtractComponentPlugin<bevy_render::gpu_readback::Readback>"};C:\Users\Antoi\.cargo\registry\src\index.crates.io-1949cf8c6b5b557f\bevy_app-0.18.1\src\app.rs;272;96;0.000000;1;96;96;96;0.000000
system_commands{name="bevy_ui_render::gradient::extract_gradients"};C:\Users\Antoi\.cargo\registry\src\index.crates.io-1949cf8c6b5b557f\bevy_ecs-0.18.1\src\system\function_system.rs;54;1740854;0.001882;18162;95;52;752;21.060321
system{name="bevy_state::state::transitions::run_enter<forgia_core::states::GameMode>"};C:\Users\Antoi\.cargo\registry\src\index.crates.io-1949cf8c6b5b557f\bevy_ecs-0.18.1\src\system\function_system.rs;52;6074831;0.006566;18164;334;66;4330636;32137.995658
system{name="forgia_rpg_data::boons::sys_handle_coffre_pick"};C:\Users\Antoi\.cargo\registry\src\index.crates.io-1949cf8c6b5b557f\bevy_ecs-0.18.1\src\system\function_system.rs;52;6280302;0.006788;18163;345;113;195008;1612.787033
system{name="bevy_pbr::prepass::check_prepass_views_need_specialization"};C:\Users\Antoi\.cargo\registry\src\index.crates.io-1949cf8c6b5b557f\bevy_ecs-0.18.1\src\system\function_system.rs;52;18814219;0.020335;18162;1035;420;103927;876.255013
system{name="bevy_asset::assets::Assets<bevy_asset::folder::LoadedFolder>::track_assets"};C:\Users\Antoi\.cargo\registry\src\index.crates.io-1949cf8c6b5b557f\bevy_ecs-0.18.1\src\system\function_system.rs;52;25506028;0.027568;18163;1404;102;266706;9383.866367
node{name="bevy_pbr::render::light::LateShadowPassNode"};C:\Users\Antoi\.cargo\registry\src\index.crates.io-1949cf8c6b5b557f\bevy_render-0.18.1\src\renderer\graph_runner.rs;240;11041963;0.011935;36324;303;77;65471;405.079756
system{name="bevy_core_pipeline::experimental::mip_generation::prepare_view_depth_pyramids"};C:\Users\Antoi\.cargo\registry\src\index.crates.io-1949cf8c6b5b557f\bevy_ecs-0.18.1\src\system\function_system.rs;52;9268513;0.010018;18162;510;188;29743;323.868133
plugin finish{plugin="bevy_render::diagnostic::RenderDiagnosticsPlugin"};C:\Users\Antoi\.cargo\registry\src\index.crates.io-1949cf8c6b5b557f\bevy_app-0.18.1\src\app.rs;272;1349459;0.001459;1;1349459;1349459;1349459;0.000000
asset loading{loader="bevy_shader::shader::ShaderLoader" asset="embedded://bevy_render\\bindless.wgsl"};C:\Users\Antoi\.cargo\registry\src\index.crates.io-1949cf8c6b5b557f\bevy_asset-0.18.1\src\server\loaders.rs;332;99279;0.000107;2;49639;144;99135;69997.207380
plugin cleanup{plugin="bevy_render::sync_component::SyncComponentPlugin<bevy_render::view::Hdr>"};C:\Users\Antoi\.cargo\registry\src\index.crates.io-1949cf8c6b5b557f\bevy_app-0.18.1\src\app.rs;292;61;0.000000;1;61;61;61;0.000000
plugin build{plugin="forgia_ui_lib::hud::barks::WeaponBarksPlugin"};C:\Users\Antoi\.cargo\registry\src\index.crates.io-1949cf8c6b5b557f\bevy_app-0.18.1\src\app.rs;529;71649;0.000077;1;71649;71649;71649;0.000000
system{name="bevy_picking::hover::update_is_directly_hovered"};C:\Users\Antoi\.cargo\registry\src\index.crates.io-1949cf8c6b5b557f\bevy_ecs-0.18.1\src\system\function_system.rs;52;4920593;0.005318;18163;270;78;20187;247.749262
system{name="bevy_winit::cursor::update_cursors"};C:\Users\Antoi\.cargo\registry\src\index.crates.io-1949cf8c6b5b557f\bevy_ecs-0.18.1\src\system\function_system.rs;52;10783402;0.011655;18163;593;186;6478;169.560290
system{name="bevy_sprite_render::render::prepare_sprite_image_bind_groups"};C:\Users\Antoi\.cargo\registry\src\index.crates.io-1949cf8c6b5b557f\bevy_ecs-0.18.1\src\system\function_system.rs;52;22278738;0.024080;18162;1226;298;146619;2318.234729
system_commands{name="bevy_ui::accessibility::label_changed"};C:\Users\Antoi\.cargo\registry\src\index.crates.io-1949cf8c6b5b557f\bevy_ecs-0.18.1\src\system\function_system.rs;54;1560517;0.001687;18163;85;50;105363;785.140859
system_commands{name="forgia_mode_roguelite::status_vfx::sys_detach_poison_vfx"};C:\Users\Antoi\.cargo\registry\src\index.crates.io-1949cf8c6b5b557f\bevy_ecs-0.18.1\src\system\function_system.rs;54;1984152;0.002145;17308;114;51;83631;1053.858388
system{name="forgia_juice_screen_flash::tick_flash_layers"};C:\Users\Antoi\.cargo\registry\src\index.crates.io-1949cf8c6b5b557f\bevy_ecs-0.18.1\src\system\function_system.rs;52;3234640;0.003496;18163;178;70;9533;149.398292
system{name="bevy_winit::system::despawn_windows"};C:\Users\Antoi\.cargo\registry\src\index.crates.io-1949cf8c6b5b557f\bevy_ecs-0.18.1\src\system\function_system.rs;52;9158039;0.009899;18163;504;188;81879;947.040499
system_commands{name="forgia_streaming::load_streaming_genome"};C:\Users\Antoi\.cargo\registry\src\index.crates.io-1949cf8c6b5b557f\bevy_ecs-0.18.1\src\system\function_system.rs;54;2214;0.000002;1;2214;2214;2214;0.000000
plugin cleanup{plugin="forgia_ui_lib::inventory_panel::ForgiaUiInventoryPlugin"};C:\Users\Antoi\.cargo\registry\src\index.crates.io-1949cf8c6b5b557f\bevy_app-0.18.1\src\app.rs;292;54;0.000000;1;54;54;54;0.000000
plugin cleanup{plugin="bevy_ui_render::gradient::GradientPlugin"};C:\Users\Antoi\.cargo\registry\src\index.crates.io-1949cf8c6b5b557f\bevy_app-0.18.1\src\app.rs;292;55;0.000000;1;55;55;55;0.000000
system{name="bevy_core_pipeline::core_3d::prepare_prepass_textures"};C:\Users\Antoi\.cargo\registry\src\index.crates.io-1949cf8c6b5b557f\bevy_ecs-0.18.1\src\system\function_system.rs;52;22212628;0.024009;18162;1223;474;67606;925.694092
system_commands{name="forgia_worldgen::sys_load_registry"};C:\Users\Antoi\.cargo\registry\src\index.crates.io-1949cf8c6b5b557f\bevy_ecs-0.18.1\src\system\function_system.rs;54;3374;0.000004;1;3374;3374;3374;0.000000
system{name="bevy_input::mouse::accumulate_mouse_scroll_system"};C:\Users\Antoi\.cargo\registry\src\index.crates.io-1949cf8c6b5b557f\bevy_ecs-0.18.1\src\system\function_system.rs;52;4086480;0.004417;18163;224;71;11347;119.835329
plugin cleanup{plugin="forgia_observability::ForgiaObservabilityPlugin"};C:\Users\Antoi\.cargo\registry\src\index.crates.io-1949cf8c6b5b557f\bevy_app-0.18.1\src\app.rs;292;54;0.000000;1;54;54;54;0.000000
system{name="bevy_asset::assets::Assets<bevy_gltf::assets::GltfSkin>::track_assets"};C:\Users\Antoi\.cargo\registry\src\index.crates.io-1949cf8c6b5b557f\bevy_ecs-0.18.1\src\system\function_system.rs;52;19707590;0.021301;18163;1085;141;312308;7529.607087
plugin cleanup{plugin="forgia_auto_rig::ForgiaAutoRigPlugin"};C:\Users\Antoi\.cargo\registry\src\index.crates.io-1949cf8c6b5b557f\bevy_app-0.18.1\src\app.rs;292;53;0.000000;1;53;53;53;0.000000
asset loading{loader="bevy_image::image_loader::ImageLoader" asset="ui/menu_video/frame_0074.webp"};C:\Users\Antoi\.cargo\registry\src\index.crates.io-1949cf8c6b5b557f\bevy_asset-0.18.1\src\server\loaders.rs;332;13827270;0.014945;8;1728408;212;13790880;4873976.207820
plugin build{plugin="forgia_viewmodel::ForgiaViewmodelPlugin"};C:\Users\Antoi\.cargo\registry\src\index.crates.io-1949cf8c6b5b557f\bevy_app-0.18.1\src\app.rs;529;176863;0.000191;1;176863;176863;176863;0.000000
system{name="bevy_asset::assets::Assets<bevy_hanabi::asset::EffectAsset>::asset_events"};C:\Users\Antoi\.cargo\registry\src\index.crates.io-1949cf8c6b5b557f\bevy_ecs-0.18.1\src\system\function_system.rs;52;2438;0.000003;1;2438;2438;2438;0.000000
system{name="forgia_mode_roguelite::audio::sys_init_audio_genome"};C:\Users\Antoi\.cargo\registry\src\index.crates.io-1949cf8c6b5b557f\bevy_ecs-0.18.1\src\system\function_system.rs;52;483254;0.000522;1;483254;483254;483254;0.000000
plugin build{plugin="bevy_render::erased_render_asset::ErasedRenderAssetPlugin<bevy_pbr::mesh_material::MeshMaterial3d<bevy_pbr::extended_material::ExtendedMaterial<bevy_pbr::pbr_material::StandardMaterial, bevy_pbr::decal::forward::ForwardDecalMaterialExt>>>"};C:\Users\Antoi\.cargo\registry\src\index.crates.io-1949cf8c6b5b557f\bevy_app-0.18.1\src\app.rs;529;8078;0.000009;1;8078;8078;8078;0.000000
system{name="bevy_water::water::setup_water"};C:\Users\Antoi\.cargo\registry\src\index.crates.io-1949cf8c6b5b557f\bevy_ecs-0.18.1\src\system\function_system.rs;52;83075;0.000090;1;83075;83075;83075;0.000000
node{name="bevy_render::render_graph::node::ViewNodeRunner<bevy_anti_alias::taa::TemporalAntiAliasNode>"};C:\Users\Antoi\.cargo\registry\src\index.crates.io-1949cf8c6b5b557f\bevy_render-0.18.1\src\renderer\graph_runner.rs;240;7078394;0.007651;36324;194;61;16229;157.369357
system{name="bevy_audio::audio_output::update_listener_positions"};C:\Users\Antoi\.cargo\registry\src\index.crates.io-1949cf8c6b5b557f\bevy_ecs-0.18.1\src\system\function_system.rs;52;11189638;0.012094;18163;616;201;82287;670.446656
system{name="bevy_asset::assets::Assets<forgia_genome_core::Genome<forgia_player::PlayerMovementTuning>>::asset_events"};C:\Users\Antoi\.cargo\registry\src\index.crates.io-1949cf8c6b5b557f\bevy_ecs-0.18.1\src\system\function_system.rs;52;739;0.000001;1;739;739;739;0.000000
system{name="bevy_egui::input::write_mouse_wheel_messages_system"};C:\Users\Antoi\.cargo\registry\src\index.crates.io-1949cf8c6b5b557f\bevy_ecs-0.18.1\src\system\function_system.rs;52;5175219;0.005594;18163;284;126;7938;108.326022
system{name="bevy_pbr::material::write_material_bind_group_buffers"};C:\Users\Antoi\.cargo\registry\src\index.crates.io-1949cf8c6b5b557f\bevy_ecs-0.18.1\src\system\function_system.rs;52;146298460;0.158127;18162;8055;189;493472;6906.568386
plugin finish{plugin="bevy_post_process::msaa_writeback::MsaaWritebackPlugin"};C:\Users\Antoi\.cargo\registry\src\index.crates.io-1949cf8c6b5b557f\bevy_app-0.18.1\src\app.rs;272;134;0.000000;1;134;134;134;0.000000
system{name="forgia_mode_roguelite::boons_apply::sys_sync_player_health_guard"};C:\Users\Antoi\.cargo\registry\src\index.crates.io-1949cf8c6b5b557f\bevy_ecs-0.18.1\src\system\function_system.rs;52;10590816;0.011447;17308;611;256;29944;323.625676
system{name="forgia_observability::quests_sensor::sys_write_quests_sensor"};C:\Users\Antoi\.cargo\registry\src\index.crates.io-1949cf8c6b5b557f\bevy_ecs-0.18.1\src\system\function_system.rs;52;11376578;0.012296;18163;626;161;100626;825.848674
asset loading{loader="bevy_gltf::loader::GltfLoader" asset="models/kaykit/hexagon/red/building_home_B_red.gltf"};C:\Users\Antoi\.cargo\registry\src\index.crates.io-1949cf8c6b5b557f\bevy_asset-0.18.1\src\server\loaders.rs;332;281447;0.000304;7;40206;80;204947;75192.102805
plugin finish{plugin="bevy_diagnostic::entity_count_diagnostics_plugin::EntityCountDiagnosticsPlugin"};C:\Users\Antoi\.cargo\registry\src\index.crates.io-1949cf8c6b5b557f\bevy_app-0.18.1\src\app.rs;272;59;0.000000;1;59;59;59;0.000000
plugin cleanup{plugin="forgia_ui::ForgiaUiPlugin"};C:\Users\Antoi\.cargo\registry\src\index.crates.io-1949cf8c6b5b557f\bevy_app-0.18.1\src\app.rs;292;53;0.000000;1;53;53;53;0.000000
plugin build{plugin="bevy_render::extract_component::ExtractComponentPlugin<bevy_post_process::effect_stack::ChromaticAberration>"};C:\Users\Antoi\.cargo\registry\src\index.crates.io-1949cf8c6b5b557f\bevy_app-0.18.1\src\app.rs;529;11487;0.000012;1;11487;11487;11487;0.000000
system_commands{name="bevy_sprite_render::mesh2d::material::init_material_2d_pipeline<bevy_sprite_render::tilemap_chunk::tilemap_chunk_material::TilemapChunkMaterial>"};C:\Users\Antoi\.cargo\registry\src\index.crates.io-1949cf8c6b5b557f\bevy_ecs-0.18.1\src\system\function_system.rs;54;2511;0.000003;1;2511;2511;2511;0.000000
system{name="bevy_pbr::deferred::init_deferred_lighting_layout"};C:\Users\Antoi\.cargo\registry\src\index.crates.io-1949cf8c6b5b557f\bevy_ecs-0.18.1\src\system\function_system.rs;52;16423;0.000018;1;16423;16423;16423;0.000000
plugin cleanup{plugin="bevy_render::extract_component::ExtractComponentPlugin<bevy_post_process::motion_blur::MotionBlur>"};C:\Users\Antoi\.cargo\registry\src\index.crates.io-1949cf8c6b5b557f\bevy_app-0.18.1\src\app.rs;292;63;0.000000;1;63;63;63;0.000000
system{name="bevy_render::globals::extract_frame_count"};C:\Users\Antoi\.cargo\registry\src\index.crates.io-1949cf8c6b5b557f\bevy_ecs-0.18.1\src\system\function_system.rs;52;3574853;0.003864;18163;196;69;34889;353.996351
plugin finish{plugin="bevy_render::sync_component::SyncComponentPlugin<bevy_core_pipeline::tonemapping::Tonemapping>"};C:\Users\Antoi\.cargo\registry\src\index.crates.io-1949cf8c6b5b557f\bevy_app-0.18.1\src\app.rs;272;70;0.000000;1;70;70;70;0.000000
plugin cleanup{plugin="bevy_gizmos::aabb::AabbGizmoPlugin"};C:\Users\Antoi\.cargo\registry\src\index.crates.io-1949cf8c6b5b557f\bevy_app-0.18.1\src\app.rs;292;56;0.000000;1;56;56;56;0.000000
system{name="bevy_hanabi::render::report_ready_state"};C:\Users\Antoi\.cargo\registry\src\index.crates.io-1949cf8c6b5b557f\bevy_ecs-0.18.1\src\system\function_system.rs;52;192777778;0.208365;18163;10613;5354;1555966;12301.941597
plugin cleanup{plugin="bevy_sprite::picking_backend::SpritePickingPlugin"};C:\Users\Antoi\.cargo\registry\src\index.crates.io-1949cf8c6b5b557f\bevy_app-0.18.1\src\app.rs;292;489;0.000001;1;489;489;489;0.000000
system{name="bevy_render::batching::sort_binned_render_phase<bevy_core_pipeline::prepass::AlphaMask3dPrepass>"};C:\Users\Antoi\.cargo\registry\src\index.crates.io-1949cf8c6b5b557f\bevy_ecs-0.18.1\src\system\function_system.rs;52;2894579;0.003129;18162;159;63;2107;76.519269
plugin finish{plugin="bevy_egui::EguiPlugin"};C:\Users\Antoi\.cargo\registry\src\index.crates.io-1949cf8c6b5b557f\bevy_app-0.18.1\src\app.rs;272;131056;0.000142;1;131056;131056;131056;0.000000
plugin finish{plugin="forgia_worldgen::ForgiaWorldgenPlugin"};C:\Users\Antoi\.cargo\registry\src\index.crates.io-1949cf8c6b5b557f\bevy_app-0.18.1\src\app.rs;272;52;0.000000;1;52;52;52;0.000000
plugin cleanup{plugin="bevy_pbr::material::MaterialPlugin<bevy_pbr::extended_material::ExtendedMaterial<bevy_pbr::pbr_material::StandardMaterial, bevy_water::water::material::WaterMaterial>>"};C:\Users\Antoi\.cargo\registry\src\index.crates.io-1949cf8c6b5b557f\bevy_app-0.18.1\src\app.rs;292;100;0.000000;1;100;100;100;0.000000
system{name="leafwing_input_manager::user_input::updating::input_is_enabled<bevy_input::keyboard::KeyCode>"};C:\Users\Antoi\.cargo\registry\src\index.crates.io-1949cf8c6b5b557f\bevy_ecs-0.18.1\src\system\function_system.rs;52;1466821;0.001585;18163;80;53;5153;41.675207
system{name="forgia_ai_arena_bot::tactical::bot_los_check"};C:\Users\Antoi\.cargo\registry\src\index.crates.io-1949cf8c6b5b557f\bevy_ecs-0.18.1\src\system\function_system.rs;52;36976254;0.039966;18163;2035;346;452746;4044.346146
plugin build{plugin="forgia_viewmodel::arms::ForgiaViewmodelArmsPlugin"};C:\Users\Antoi\.cargo\registry\src\index.crates.io-1949cf8c6b5b557f\bevy_app-0.18.1\src\app.rs;529;17328;0.000019;1;17328;17328;17328;0.000000
system{name="bevy_asset::assets::Assets<forgia_genome_core::Genome<forgia_stage::authored::ArenaLayoutsGenome>>::track_assets"};C:\Users\Antoi\.cargo\registry\src\index.crates.io-1949cf8c6b5b557f\bevy_ecs-0.18.1\src\system\function_system.rs;52;19823121;0.021426;18163;1091;102;229002;6588.882381
plugin cleanup{plugin="bevy_gizmos_render::pipeline_2d::LineGizmo2dPlugin"};C:\Users\Antoi\.cargo\registry\src\index.crates.io-1949cf8c6b5b557f\bevy_app-0.18.1\src\app.rs;292;53;0.000000;1;53;53;53;0.000000
plugin cleanup;C:\Users\Antoi\.cargo\registry\src\index.crates.io-1949cf8c6b5b557f\bevy_app-0.18.1\src\app.rs;284;426878;0.000461;1;426878;426878;426878;0.000000
plugin build{plugin="forgia_ui_lib::hud::ForgiaUiHudPlugin"};C:\Users\Antoi\.cargo\registry\src\index.crates.io-1949cf8c6b5b557f\bevy_app-0.18.1\src\app.rs;529;256687;0.000277;1;256687;256687;256687;0.000000
plugin finish{plugin="forgia_combat::ForgiaCombatPlugin"};C:\Users\Antoi\.cargo\registry\src\index.crates.io-1949cf8c6b5b557f\bevy_app-0.18.1\src\app.rs;272;55;0.000000;1;55;55;55;0.000000
system{name="forgia_mode_roguelite::hub::draw_hub_chrome"};C:\Users\Antoi\.cargo\registry\src\index.crates.io-1949cf8c6b5b557f\bevy_ecs-0.18.1\src\system\function_system.rs;52;5581806;0.006033;91;61338;33055;1347331;136763.963980
asset loading{loader="bevy_image::image_loader::ImageLoader" asset="textures/vfx/kenney/smoke_08.png"};C:\Users\Antoi\.cargo\registry\src\index.crates.io-1949cf8c6b5b557f\bevy_asset-0.18.1\src\server\loaders.rs;332;1072776;0.001160;4;268194;188;1045787;518531.227113
system{name="forgia_mode_roguelite::render_quality::sys_apply_bloom"};C:\Users\Antoi\.cargo\registry\src\index.crates.io-1949cf8c6b5b557f\bevy_ecs-0.18.1\src\system\function_system.rs;52;6106258;0.006600;17308;352;121;22459;293.169879
system{name="bevy_sprite_render::tilemap_chunk::update_tilemap_chunk_indices"};C:\Users\Antoi\.cargo\registry\src\index.crates.io-1949cf8c6b5b557f\bevy_ecs-0.18.1\src\system\function_system.rs;52;8426958;0.009108;18163;463;132;37356;377.415639
compute_intersections;C:\Users\Antoi\.cargo\registry\src\index.crates.io-1949cf8c6b5b557f\rapier3d-0.31.0\src\geometry\narrow_phase.rs;706;5188080;0.005608;5734;904;47;79799;1109.304664
system{name="forgia_mode_roguelite::hub::on_forge_tab"};C:\Users\Antoi\.cargo\registry\src\index.crates.io-1949cf8c6b5b557f\bevy_ecs-0.18.1\src\system\function_system.rs;52;1707780;0.001846;18163;94;53;1368;32.054291
system_commands{name="bevy_pbr::render::light::extract_shadow_filtering_method"};C:\Users\Antoi\.cargo\registry\src\index.crates.io-1949cf8c6b5b557f\bevy_ecs-0.18.1\src\system\function_system.rs;54;13926096;0.015052;18162;766;218;2929451;21754.486702
plugin finish{plugin="forgia_terrain::ForgiaTerrainPlugin"};C:\Users\Antoi\.cargo\registry\src\index.crates.io-1949cf8c6b5b557f\bevy_app-0.18.1\src\app.rs;272;58;0.000000;1;58;58;58;0.000000
system{name="forgia_observability::entities_sensor::sys_write_entities_sensor"};C:\Users\Antoi\.cargo\registry\src\index.crates.io-1949cf8c6b5b557f\bevy_ecs-0.18.1\src\system\function_system.rs;52;9068240;0.009801;18163;499;136;135048;1421.169902
plugin cleanup{plugin="bevy_sprite_render::mesh2d::material::Material2dPlugin<bevy_sprite_render::tilemap_chunk::tilemap_chunk_material::TilemapChunkMaterial>"};C:\Users\Antoi\.cargo\registry\src\index.crates.io-1949cf8c6b5b557f\bevy_app-0.18.1\src\app.rs;292;57;0.000000;1;57;57;57;0.000000
plugin cleanup{plugin="bevy_ui::UiPlugin"};C:\Users\Antoi\.cargo\registry\src\index.crates.io-1949cf8c6b5b557f\bevy_app-0.18.1\src\app.rs;292;57;0.000000;1;57;57;57;0.000000
system{name="bevy_app::task_pool_plugin::tick_global_task_pools"};C:\Users\Antoi\.cargo\registry\src\index.crates.io-1949cf8c6b5b557f\bevy_ecs-0.18.1\src\system\function_system.rs;52;44991604;0.048629;18163;2477;2005;92235;2141.793602
plugin cleanup{plugin="forgia_viewmodel::pose::ForgiaViewmodelPosePlugin"};C:\Users\Antoi\.cargo\registry\src\index.crates.io-1949cf8c6b5b557f\bevy_app-0.18.1\src\app.rs;292;52;0.000000;1;52;52;52;0.000000
system_commands{name="bevy_pbr::cluster::extract_clusters"};C:\Users\Antoi\.cargo\registry\src\index.crates.io-1949cf8c6b5b557f\bevy_ecs-0.18.1\src\system\function_system.rs;54;69419589;0.075032;18162;3822;1541;87092;1806.328882
non_indexed_data;C:\Users\Antoi\.cargo\registry\src\index.crates.io-1949cf8c6b5b557f\bevy_render-0.18.1\src\batching\gpu_preprocessing.rs;2116;18910830;0.020440;163458;115;47;74522;296.459652
system{name="bevy_asset::assets::Assets<bevy_scene::scene::Scene>::asset_events"};C:\Users\Antoi\.cargo\registry\src\index.crates.io-1949cf8c6b5b557f\bevy_ecs-0.18.1\src\system\function_system.rs;52;16083;0.000017;15;1072;445;3531;975.686096
system{name="bevy_ui::layout::ui_layout_system"};C:\Users\Antoi\.cargo\registry\src\index.crates.io-1949cf8c6b5b557f\bevy_ecs-0.18.1\src\system\function_system.rs;52;20799990;0.022482;18163;1145;352;156463;1277.915034
system{name="bevy_state::state::transitions::run_transition<forgia_mode_roguelite::run::RunState>"};C:\Users\Antoi\.cargo\registry\src\index.crates.io-1949cf8c6b5b557f\bevy_ecs-0.18.1\src\system\function_system.rs;52;1338413;0.001447;18164;73;54;9178;69.954036
system_commands{name="bevy_render::extract_component::extract_components<bevy_pbr::fog::DistanceFog>"};C:\Users\Antoi\.cargo\registry\src\index.crates.io-1949cf8c6b5b557f\bevy_ecs-0.18.1\src\system\function_system.rs;54;20869364;0.022557;18162;1149;202;9470;307.963858
function_scope{egui::context::ContextImpl::update_fonts_mut};C:\Users\Antoi\.cargo\registry\src\index.crates.io-1949cf8c6b5b557f\egui-0.33.3\src\context.rs;535;72885579;0.078779;18163;4012;891;1031647;9182.481825
plugin build{plugin="bevy_gilrs::GilrsPlugin"};C:\Users\Antoi\.cargo\registry\src\index.crates.io-1949cf8c6b5b557f\bevy_app-0.18.1\src\app.rs;529;3996819;0.004320;1;3996819;3996819;3996819;0.000000
plugins{tag="add"};C:\Users\Antoi\.cargo\registry\src\index.crates.io-1949cf8c6b5b557f\egui-0.33.3\src\plugin.rs;197;4885;0.000005;4;1221;296;3480;1516.499808
plugin finish{plugin="bevy_pbr::material::MaterialPlugin<bevy_pbr::extended_material::ExtendedMaterial<bevy_pbr::pbr_material::StandardMaterial, bevy_pbr::decal::forward::ForwardDecalMaterialExt>>"};C:\Users\Antoi\.cargo\registry\src\index.crates.io-1949cf8c6b5b557f\bevy_app-0.18.1\src\app.rs;272;126;0.000000;1;126;126;126;0.000000
system_commands{name="bevy_rapier3d::plugin::systems::multiple_rapier_contexts::on_change_context"};C:\Users\Antoi\.cargo\registry\src\index.crates.io-1949cf8c6b5b557f\bevy_ecs-0.18.1\src\system\function_system.rs;54;783126;0.000846;5734;136;58;1288;77.890523
plugin cleanup{plugin="forgia_effects::hitmarker::ForgiaHitmarkerPlugin"};C:\Users\Antoi\.cargo\registry\src\index.crates.io-1949cf8c6b5b557f\bevy_app-0.18.1\src\app.rs;292;54;0.000000;1;54;54;54;0.000000
system{name="forgia_juice_screen_flash::load_screen_flash_tuning"};C:\Users\Antoi\.cargo\registry\src\index.crates.io-1949cf8c6b5b557f\bevy_ecs-0.18.1\src\system\function_system.rs;52;21422;0.000023;1;21422;21422;21422;0.000000
system{name="bevy_hanabi::render::batch_effects"};C:\Users\Antoi\.cargo\registry\src\index.crates.io-1949cf8c6b5b557f\bevy_ecs-0.18.1\src\system\function_system.rs;52;404894942;0.437632;18162;22293;512;293169;8427.013168
system{name="forgia_mode_roguelite::intro_dialogue::sys_write_intro_sensor"};C:\Users\Antoi\.cargo\registry\src\index.crates.io-1949cf8c6b5b557f\bevy_ecs-0.18.1\src\system\function_system.rs;52;4559145;0.004928;17308;263;74;28069;381.251536
system{name="bevy_egui::render::systems::prepare_egui_render_target_data_system"};C:\Users\Antoi\.cargo\registry\src\index.crates.io-1949cf8c6b5b557f\bevy_ecs-0.18.1\src\system\function_system.rs;52;1284412866;1.388263;18162;70719;2416;626188;32108.794208
plugin build{plugin="bevy_gizmos_render::GizmoRenderPlugin"};C:\Users\Antoi\.cargo\registry\src\index.crates.io-1949cf8c6b5b557f\bevy_app-0.18.1\src\app.rs;529;247786;0.000268;1;247786;247786;247786;0.000000
system{name="forgia_mode_roguelite::parcours_obstacles::sys_write_obstacles_sensor"};C:\Users\Antoi\.cargo\registry\src\index.crates.io-1949cf8c6b5b557f\bevy_ecs-0.18.1\src\system\function_system.rs;52;4505530;0.004870;17308;260;91;7751;252.281490
system{name="bevy_state::state::transitions::last_transition<forgia_core::states::GameMode>"};C:\Users\Antoi\.cargo\registry\src\index.crates.io-1949cf8c6b5b557f\bevy_ecs-0.18.1\src\system\function_system.rs;52;4084806;0.004415;54492;74;53;98847;448.679439
system{name="forgia_viewmodel::arms::apply_arms_motion"};C:\Users\Antoi\.cargo\registry\src\index.crates.io-1949cf8c6b5b557f\bevy_ecs-0.18.1\src\system\function_system.rs;52;5940189;0.006420;17308;343;127;18916;203.996705
system_commands{name="bevy_ui_render::extract_uinode_images"};C:\Users\Antoi\.cargo\registry\src\index.crates.io-1949cf8c6b5b557f\bevy_ecs-0.18.1\src\system\function_system.rs;54;1924373;0.002080;18162;105;52;1737;30.036911
system{name="forgia_debug::handle_bindings_system"};C:\Users\Antoi\.cargo\registry\src\index.crates.io-1949cf8c6b5b557f\bevy_ecs-0.18.1\src\system\function_system.rs;52;5443888;0.005884;18163;299;89;133054;996.001659
plugin cleanup{plugin="forgia_mode_roguelite::hub::HubPlugin"};C:\Users\Antoi\.cargo\registry\src\index.crates.io-1949cf8c6b5b557f\bevy_app-0.18.1\src\app.rs;292;57;0.000000;1;57;57;57;0.000000
system_commands{name="bevy_anti_alias::smaa::prepare_smaa_textures"};C:\Users\Antoi\.cargo\registry\src\index.crates.io-1949cf8c6b5b557f\bevy_ecs-0.18.1\src\system\function_system.rs;54;1474715;0.001594;18162;81;50;7463;61.266854
system{name="bevy_gizmos_render::pipeline_2d::init_line_gizmo_pipelines"};C:\Users\Antoi\.cargo\registry\src\index.crates.io-1949cf8c6b5b557f\bevy_ecs-0.18.1\src\system\function_system.rs;52;30690;0.000033;1;30690;30690;30690;0.000000
plugin cleanup{plugin="bevy_rapier3d::render::RapierDebugRenderPlugin"};C:\Users\Antoi\.cargo\registry\src\index.crates.io-1949cf8c6b5b557f\bevy_app-0.18.1\src\app.rs;292;56;0.000000;1;56;56;56;0.000000
system{name="bevy_render::erased_render_asset::extract_erased_render_asset<bevy_pbr::mesh_material::MeshMaterial3d<bevy_pbr::pbr_material::StandardMaterial>>"};C:\Users\Antoi\.cargo\registry\src\index.crates.io-1949cf8c6b5b557f\bevy_ecs-0.18.1\src\system\function_system.rs;52;180939571;0.195569;18163;9961;479;1092943;10261.853677
plugin build{plugin="bevy_sprite_render::tilemap_chunk::tilemap_chunk_material::TilemapChunkMaterialPlugin"};C:\Users\Antoi\.cargo\registry\src\index.crates.io-1949cf8c6b5b557f\bevy_app-0.18.1\src\app.rs;529;110709;0.000120;1;110709;110709;110709;0.000000
system_commands{name="forgia_mode_roguelite::waves::sys_boss_enrage"};C:\Users\Antoi\.cargo\registry\src\index.crates.io-1949cf8c6b5b557f\bevy_ecs-0.18.1\src\system\function_system.rs;54;1599740;0.001729;17308;92;50;84853;705.337842
system_commands{name="bevy_render::extract_component::extract_components<bevy_pbr::atmosphere::environment::AtmosphereEnvironmentMap>"};C:\Users\Antoi\.cargo\registry\src\index.crates.io-1949cf8c6b5b557f\bevy_ecs-0.18.1\src\system\function_system.rs;54;12619444;0.013640;18162;694;230;28388;317.526191
plugin cleanup{plugin="bevy_core_pipeline::blit::BlitPlugin"};C:\Users\Antoi\.cargo\registry\src\index.crates.io-1949cf8c6b5b557f\bevy_app-0.18.1\src\app.rs;292;54;0.000000;1;54;54;54;0.000000
asset loading{loader="bevy_shader::shader::ShaderLoader" asset="embedded://bevy_sprite_render\\tilemap_chunk\\tilemap_chunk_material.wgsl"};C:\Users\Antoi\.cargo\registry\src\index.crates.io-1949cf8c6b5b557f\bevy_asset-0.18.1\src\server\loaders.rs;332;74985;0.000081;2;37492;58;74927;52940.377605
system{name="forgia_mode_roguelite::decor::sys_reconcile_decor"};C:\Users\Antoi\.cargo\registry\src\index.crates.io-1949cf8c6b5b557f\bevy_ecs-0.18.1\src\system\function_system.rs;52;16340009;0.017661;17308;944;392;189200;2239.047075
asset loading{loader="bevy_image::image_loader::ImageLoader" asset="ui/menu_video/frame_0075.webp"};C:\Users\Antoi\.cargo\registry\src\index.crates.io-1949cf8c6b5b557f\bevy_asset-0.18.1\src\server\loaders.rs;332;13868161;0.014989;6;2311360;192;13833222;5644539.009962
system{name="bevy_pbr::decal::clustered::upload_decals"};C:\Users\Antoi\.cargo\registry\src\index.crates.io-1949cf8c6b5b557f\bevy_ecs-0.18.1\src\system\function_system.rs;52;228346520;0.246809;18162;12572;1449;5452320;43070.260197
plugin cleanup{plugin="bevy_render::sync_component::SyncComponentPlugin<bevy_render::gpu_readback::Readback>"};C:\Users\Antoi\.cargo\registry\src\index.crates.io-1949cf8c6b5b557f\bevy_app-0.18.1\src\app.rs;292;59;0.000000;1;59;59;59;0.000000
asset loading{loader="bevy_shader::shader::ShaderLoader" asset="embedded://bevy_render\\view\\window\\screenshot.wgsl"};C:\Users\Antoi\.cargo\registry\src\index.crates.io-1949cf8c6b5b557f\bevy_asset-0.18.1\src\server\loaders.rs;332;26052;0.000028;2;13026;57;25995;18340.935690
system{name="forgia_mode_roguelite::audio::sys_music_update"};C:\Users\Antoi\.cargo\registry\src\index.crates.io-1949cf8c6b5b557f\bevy_ecs-0.18.1\src\system\function_system.rs;52;5851506;0.006325;17308;338;112;6654;152.087711
plugin finish{plugin="forgia_asset_registry::ForgiaAssetRegistryPlugin"};C:\Users\Antoi\.cargo\registry\src\index.crates.io-1949cf8c6b5b557f\bevy_app-0.18.1\src\app.rs;272;56;0.000000;1;56;56;56;0.000000
system{name="forgia_worldgen::sys_load_registry"};C:\Users\Antoi\.cargo\registry\src\index.crates.io-1949cf8c6b5b557f\bevy_ecs-0.18.1\src\system\function_system.rs;52;2108727;0.002279;1;2108727;2108727;2108727;0.000000
asset loading{loader="forgia_genome_core::GenomeLoader<forgia_stage::RogueliteStagesGenome>" asset="genomes/roguelite_stages.toml"};C:\Users\Antoi\.cargo\registry\src\index.crates.io-1949cf8c6b5b557f\bevy_asset-0.18.1\src\server\loaders.rs;332;175405;0.000190;4;43851;149;89336;50278.668137
system{name="bevy_pbr::material::early_sweep_material_instances<bevy_pbr::extended_material::ExtendedMaterial<bevy_pbr::pbr_material::StandardMaterial, bevy_pbr::decal::forward::ForwardDecalMaterialExt>>"};C:\Users\Antoi\.cargo\registry\src\index.crates.io-1949cf8c6b5b557f\bevy_ecs-0.18.1\src\system\function_system.rs;52;3600046;0.003891;18163;198;62;39688;370.559592
system_commands{name="bevy_gizmos_render::pipeline_2d::init_line_gizmo_pipelines"};C:\Users\Antoi\.cargo\registry\src\index.crates.io-1949cf8c6b5b557f\bevy_ecs-0.18.1\src\system\function_system.rs;54;1609;0.000002;1;1609;1609;1609;0.000000
system{name="bevy_asset::assets::Assets<forgia_genome_core::Genome<forgia_stage::authored::ArenaLayoutsGenome>>::asset_events_condition"};C:\Users\Antoi\.cargo\registry\src\index.crates.io-1949cf8c6b5b557f\bevy_ecs-0.18.1\src\system\function_system.rs;52;2066422;0.002234;18163;113;53;5266;67.693352
system_commands{name="bevy_anti_alias::fxaa::prepare_fxaa_pipelines"};C:\Users\Antoi\.cargo\registry\src\index.crates.io-1949cf8c6b5b557f\bevy_ecs-0.18.1\src\system\function_system.rs;54;1576292;0.001704;18162;86;52;3528;41.464653
system{name="bevy_asset::assets::Assets<forgia_genome_core::Genome<forgia_player::skybox_genome::SkyPaletteGenome>>::asset_events"};C:\Users\Antoi\.cargo\registry\src\index.crates.io-1949cf8c6b5b557f\bevy_ecs-0.18.1\src\system\function_system.rs;52;1963;0.000002;1;1963;1963;1963;0.000000
system{name="bevy_pbr::atmosphere::environment::prepare_probe_textures"};C:\Users\Antoi\.cargo\registry\src\index.crates.io-1949cf8c6b5b557f\bevy_ecs-0.18.1\src\system\function_system.rs;52;8317754;0.008990;18162;457;178;31810;342.775857
system{name="forgia_juice_screen_flash::write_screen_flash_sensor"};C:\Users\Antoi\.cargo\registry\src\index.crates.io-1949cf8c6b5b557f\bevy_ecs-0.18.1\src\system\function_system.rs;52;4072797;0.004402;18163;224;74;139859;1062.702483
plugin build{plugin="bevy_render::extract_component::ExtractComponentPlugin<bevy_camera::components::Camera2d>"};C:\Users\Antoi\.cargo\registry\src\index.crates.io-1949cf8c6b5b557f\bevy_app-0.18.1\src\app.rs;529;33053;0.000036;1;33053;33053;33053;0.000000
plugin cleanup{plugin="bevy_pbr::prepass::PrepassPipelinePlugin"};C:\Users\Antoi\.cargo\registry\src\index.crates.io-1949cf8c6b5b557f\bevy_app-0.18.1\src\app.rs;292;53;0.000000;1;53;53;53;0.000000
node{name="bevy_render::render_graph::node::ViewNodeRunner<bevy_core_pipeline::tonemapping::node::TonemappingNode>"};C:\Users\Antoi\.cargo\registry\src\index.crates.io-1949cf8c6b5b557f\bevy_render-0.18.1\src\renderer\graph_runner.rs;240;26804501;0.028972;54486;491;91;75950;455.281102
plugin finish{plugin="bevy_camera::visibility::range::VisibilityRangePlugin"};C:\Users\Antoi\.cargo\registry\src\index.crates.io-1949cf8c6b5b557f\bevy_app-0.18.1\src\app.rs;272;56;0.000000;1;56;56;56;0.000000
system{name="forgia_auto_rig::skinning::inject_skinning_for_rigged_meshes"};C:\Users\Antoi\.cargo\registry\src\index.crates.io-1949cf8c6b5b557f\bevy_ecs-0.18.1\src\system\function_system.rs;52;12548050;0.013563;18163;690;234;108373;936.054510
plugin cleanup{plugin="bevy_render::view::visibility::range::RenderVisibilityRangePlugin"};C:\Users\Antoi\.cargo\registry\src\index.crates.io-1949cf8c6b5b557f\bevy_app-0.18.1\src\app.rs;292;55;0.000000;1;55;55;55;0.000000
plugin cleanup{plugin="bevy_render::sync_component::SyncComponentPlugin<bevy_anti_alias::smaa::Smaa>"};C:\Users\Antoi\.cargo\registry\src\index.crates.io-1949cf8c6b5b557f\bevy_app-0.18.1\src\app.rs;292;53;0.000000;1;53;53;53;0.000000
asset loading{loader="bevy_image::image_loader::ImageLoader" asset="ui/menu_video/frame_0031.webp"};C:\Users\Antoi\.cargo\registry\src\index.crates.io-1949cf8c6b5b557f\bevy_asset-0.18.1\src\server\loaders.rs;332;15188935;0.016417;7;2169847;103;15156214;5726451.030319
system{name="bevy_pbr::material::sweep_entities_needing_specialization<bevy_pbr::pbr_material::StandardMaterial>"};C:\Users\Antoi\.cargo\registry\src\index.crates.io-1949cf8c6b5b557f\bevy_ecs-0.18.1\src\system\function_system.rs;52;5408860;0.005846;18163;297;71;15368;323.863602
system{name="bevy_kira_audio::audio_output::update_instance_states<forgia_audio::SfxChannel>"};C:\Users\Antoi\.cargo\registry\src\index.crates.io-1949cf8c6b5b557f\bevy_ecs-0.18.1\src\system\function_system.rs;52;4464966;0.004826;18163;245;67;87069;848.179586
asset loading{loader="bevy_gltf::loader::GltfLoader" asset="models/environment/inferno/Box_001.glb"};C:\Users\Antoi\.cargo\registry\src\index.crates.io-1949cf8c6b5b557f\bevy_asset-0.18.1\src\server\loaders.rs;332;478051195;0.516704;5;95610239;70;478023980;213775780.205699
plugin build{plugin="bevy_render::mesh::MeshRenderAssetPlugin"};C:\Users\Antoi\.cargo\registry\src\index.crates.io-1949cf8c6b5b557f\bevy_app-0.18.1\src\app.rs;529;35244;0.000038;1;35244;35244;35244;0.000000
plugin finish{plugin="bevy_app::propagate::HierarchyPropagatePlugin<bevy_ui::ui_node::ComputedUiTargetCamera>"};C:\Users\Antoi\.cargo\registry\src\index.crates.io-1949cf8c6b5b557f\bevy_app-0.18.1\src\app.rs;272;119;0.000000;1;119;119;119;0.000000
plugin finish{plugin="forgia_mode_roguelite::boss_portal::BossPortalPlugin"};C:\Users\Antoi\.cargo\registry\src\index.crates.io-1949cf8c6b5b557f\bevy_app-0.18.1\src\app.rs;272;53;0.000000;1;53;53;53;0.000000
asset loading{loader="bevy_image::image_loader::ImageLoader" asset="ui/menu_video/frame_0041.webp"};C:\Users\Antoi\.cargo\registry\src\index.crates.io-1949cf8c6b5b557f\bevy_asset-0.18.1\src\server\loaders.rs;332;16849981;0.018212;6;2808330;124;16802812;6855872.367638
plugin finish{plugin="bevy_render::sync_component::SyncComponentPlugin<bevy_post_process::dof::DepthOfField>"};C:\Users\Antoi\.cargo\registry\src\index.crates.io-1949cf8c6b5b557f\bevy_app-0.18.1\src\app.rs;272;58;0.000000;1;58;58;58;0.000000
system{name="forgia_ui_lib::pause_menu::write_pause_menu_sensor"};C:\Users\Antoi\.cargo\registry\src\index.crates.io-1949cf8c6b5b557f\bevy_ecs-0.18.1\src\system\function_system.rs;52;10165250;0.010987;18163;559;149;30790;497.849190
solve;C:\Users\Antoi\.cargo\registry\src\index.crates.io-1949cf8c6b5b557f\rapier3d-0.31.0\src\dynamics\solver\joint_constraint\joint_constraints_set.rs;297;1280351;0.001384;22936;55;46;3455;26.795526
system{name="forgia_effects::mesh_fader::mesh_fader_debug_sensor"};C:\Users\Antoi\.cargo\registry\src\index.crates.io-1949cf8c6b5b557f\bevy_ecs-0.18.1\src\system\function_system.rs;52;8932504;0.009655;18163;491;208;91135;838.031162
system_commands{name="bevy_pbr::render::light::extract_ambient_light_resource"};C:\Users\Antoi\.cargo\registry\src\index.crates.io-1949cf8c6b5b557f\bevy_ecs-0.18.1\src\system\function_system.rs;54;1536967;0.001661;18162;84;52;1312;20.704551
plugin build{plugin="bevy_render::sync_world::SyncWorldPlugin"};C:\Users\Antoi\.cargo\registry\src\index.crates.io-1949cf8c6b5b557f\bevy_app-0.18.1\src\app.rs;529;26147;0.000028;1;26147;26147;26147;0.000000
plugin finish{plugin="bevy_render::render_phase::BinnedRenderPhasePlugin<bevy_core_pipeline::deferred::AlphaMask3dDeferred, bevy_pbr::render::mesh::MeshPipeline>"};C:\Users\Antoi\.cargo\registry\src\index.crates.io-1949cf8c6b5b557f\bevy_app-0.18.1\src\app.rs;272;101;0.000000;1;101;101;101;0.000000
asset loading{loader="bevy_gltf::loader::GltfLoader" asset="models/kaykit/hexagon/neutral/building_scaffolding.gltf"};C:\Users\Antoi\.cargo\registry\src\index.crates.io-1949cf8c6b5b557f\bevy_asset-0.18.1\src\server\loaders.rs;332;507944;0.000549;8;63493;85;404278;138956.955883
plugin cleanup{plugin="forgia_qa_replay::plugin::ForgiaQaReplayPlugin"};C:\Users\Antoi\.cargo\registry\src\index.crates.io-1949cf8c6b5b557f\bevy_app-0.18.1\src\app.rs;292;1177;0.000001;1;1177;1177;1177;0.000000
plugin finish{plugin="forgia_game::cyber_city::CyberCityDemoPlugin"};C:\Users\Antoi\.cargo\registry\src\index.crates.io-1949cf8c6b5b557f\bevy_app-0.18.1\src\app.rs;272;54;0.000000;1;54;54;54;0.000000
plugin finish{plugin="bevy_render::extract_component::ExtractComponentPlugin<bevy_post_process::effect_stack::ChromaticAberration>"};C:\Users\Antoi\.cargo\registry\src\index.crates.io-1949cf8c6b5b557f\bevy_app-0.18.1\src\app.rs;272;72;0.000000;1;72;72;72;0.000000
plugin build{plugin="bevy_pbr::lightmap::LightmapPlugin"};C:\Users\Antoi\.cargo\registry\src\index.crates.io-1949cf8c6b5b557f\bevy_app-0.18.1\src\app.rs;529;14336;0.000015;1;14336;14336;14336;0.000000
system{name="bevy_egui::begin_pass_system"};C:\Users\Antoi\.cargo\registry\src\index.crates.io-1949cf8c6b5b557f\bevy_ecs-0.18.1\src\system\function_system.rs;52;6485538;0.007010;18163;357;141;4148;104.726093
system{name="bevy_asset::assets::Assets<bevy_hanabi::asset::EffectAsset>::track_assets"};C:\Users\Antoi\.cargo\registry\src\index.crates.io-1949cf8c6b5b557f\bevy_ecs-0.18.1\src\system\function_system.rs;52;20683198;0.022356;18163;1138;185;474546;7643.641760
system{name="forgia_mode_roguelite::render_quality::sys_init_render_genome"};C:\Users\Antoi\.cargo\registry\src\index.crates.io-1949cf8c6b5b557f\bevy_ecs-0.18.1\src\system\function_system.rs;52;1555389;0.001681;1;1555389;1555389;1555389;0.000000
plugin finish{plugin="bevy_render::extract_component::UniformComponentPlugin<bevy_pbr::deferred::PbrDeferredLightingDepthId>"};C:\Users\Antoi\.cargo\registry\src\index.crates.io-1949cf8c6b5b557f\bevy_app-0.18.1\src\app.rs;272;53;0.000000;1;53;53;53;0.000000
system{name="bevy_render::batching::no_gpu_preprocessing::batch_and_prepare_binned_render_phase<bevy_core_pipeline::core_2d::Opaque2d, bevy_sprite_render::mesh2d::mesh::Mesh2dPipeline>"};C:\Users\Antoi\.cargo\registry\src\index.crates.io-1949cf8c6b5b557f\bevy_ecs-0.18.1\src\system\function_system.rs;52;5384746;0.005820;18162;296;98;25720;363.294792
plugin build{plugin="bevy_render::mesh::MorphPlugin"};C:\Users\Antoi\.cargo\registry\src\index.crates.io-1949cf8c6b5b557f\bevy_app-0.18.1\src\app.rs;529;10544;0.000011;1;10544;10544;10544;0.000000
system{name="bevy_asset::assets::Assets<bevy_gltf::assets::Gltf>::asset_events"};C:\Users\Antoi\.cargo\registry\src\index.crates.io-1949cf8c6b5b557f\bevy_ecs-0.18.1\src\system\function_system.rs;52;12087;0.000013;13;929;432;3166;770.463389
system{name="bevy_pbr::material::extract_mesh_materials<bevy_pbr::pbr_material::StandardMaterial>"};C:\Users\Antoi\.cargo\registry\src\index.crates.io-1949cf8c6b5b557f\bevy_ecs-0.18.1\src\system\function_system.rs;52;59506941;0.064318;18163;3276;366;85173;1775.048055
system{name="bevy_pbr::render::light::extract_ambient_light_resource"};C:\Users\Antoi\.cargo\registry\src\index.crates.io-1949cf8c6b5b557f\bevy_ecs-0.18.1\src\system\function_system.rs;52;5288337;0.005716;18163;291;74;19484;485.446379
system{name="forgia_mode_roguelite::hud::sys_break_look_override"};C:\Users\Antoi\.cargo\registry\src\index.crates.io-1949cf8c6b5b557f\bevy_ecs-0.18.1\src\system\function_system.rs;52;5746967;0.006212;17308;332;69;56864;544.734033
plugin build{plugin="bevy_render::sync_component::SyncComponentPlugin<bevy_pbr::atmosphere::Atmosphere>"};C:\Users\Antoi\.cargo\registry\src\index.crates.io-1949cf8c6b5b557f\bevy_app-0.18.1\src\app.rs;529;3971;0.000004;1;3971;3971;3971;0.000000
plugin cleanup{plugin="forgia_ui_lib::hud::barks::WeaponBarksPlugin"};C:\Users\Antoi\.cargo\registry\src\index.crates.io-1949cf8c6b5b557f\bevy_app-0.18.1\src\app.rs;292;54;0.000000;1;54;54;54;0.000000
system_commands{name="bevy_rapier3d::plugin::plugin::insert_default_context"};C:\Users\Antoi\.cargo\registry\src\index.crates.io-1949cf8c6b5b557f\bevy_ecs-0.18.1\src\system\function_system.rs;54;31234;0.000034;1;31234;31234;31234;0.000000
system{name="forgia_mode_roguelite::boucherie_rocket::sys_write_boucherie_sensor"};C:\Users\Antoi\.cargo\registry\src\index.crates.io-1949cf8c6b5b557f\bevy_ecs-0.18.1\src\system\function_system.rs;52;4909436;0.005306;18163;270;84;6742;162.393864
plugin build{plugin="bevy_render::extract_component::UniformComponentPlugin<bevy_post_process::dof::DepthOfFieldUniform>"};C:\Users\Antoi\.cargo\registry\src\index.crates.io-1949cf8c6b5b557f\bevy_app-0.18.1\src\app.rs;529;3726;0.000004;1;3726;3726;3726;0.000000
node{name="bevy_render::render_graph::node::ViewNodeRunner<bevy_pbr::deferred::DeferredOpaquePass3dPbrLightingNode>"};C:\Users\Antoi\.cargo\registry\src\index.crates.io-1949cf8c6b5b557f\bevy_render-0.18.1\src\renderer\graph_runner.rs;240;11676456;0.012621;36324;321;65;10519;148.058552
plugin cleanup{plugin="bevy_render::extract_component::UniformComponentPlugin<bevy_pbr::atmosphere::GpuAtmosphereSettings>"};C:\Users\Antoi\.cargo\registry\src\index.crates.io-1949cf8c6b5b557f\bevy_app-0.18.1\src\app.rs;292;1060;0.000001;1;1060;1060;1060;0.000000
system{name="bevy_render::render_phase::sort_phase_system<bevy_core_pipeline::core_3d::Transparent3d>"};C:\Users\Antoi\.cargo\registry\src\index.crates.io-1949cf8c6b5b557f\bevy_ecs-0.18.1\src\system\function_system.rs;52;38562909;0.041681;18162;2123;98;699826;5353.733755
system{name="forgia_mode_roguelite::meta_shop::sys_sync_unlocked_boon_tiers"};C:\Users\Antoi\.cargo\registry\src\index.crates.io-1949cf8c6b5b557f\bevy_ecs-0.18.1\src\system\function_system.rs;52;5983965;0.006468;17308;345;116;82868;900.564533
plugin cleanup{plugin="bevy_post_process::bloom::BloomPlugin"};C:\Users\Antoi\.cargo\registry\src\index.crates.io-1949cf8c6b5b557f\bevy_app-0.18.1\src\app.rs;292;54;0.000000;1;54;54;54;0.000000
plugin finish{plugin="bevy_ui::accessibility::AccessibilityPlugin"};C:\Users\Antoi\.cargo\registry\src\index.crates.io-1949cf8c6b5b557f\bevy_app-0.18.1\src\app.rs;272;53;0.000000;1;53;53;53;0.000000
asset loading{loader="bevy_kira_audio::source::ogg_loader::OggLoader" asset="audio/roguelite/sfx/ding_gold.ogg"};C:\Users\Antoi\.cargo\registry\src\index.crates.io-1949cf8c6b5b557f\bevy_asset-0.18.1\src\server\loaders.rs;332;1433612;0.001550;4;358403;165;1420519;708089.408854
asset loading{loader="bevy_image::image_loader::ImageLoader" asset="ui/menu_video/frame_0047.webp"};C:\Users\Antoi\.cargo\registry\src\index.crates.io-1949cf8c6b5b557f\bevy_asset-0.18.1\src\server\loaders.rs;332;15013753;0.016228;7;2144821;209;14976942;5658435.976767
system{name="bevy_rapier3d::plugin::systems::joint::apply_joint_user_changes"};C:\Users\Antoi\.cargo\registry\src\index.crates.io-1949cf8c6b5b557f\bevy_ecs-0.18.1\src\system\function_system.rs;52;2702414;0.002921;5734;471;75;4352;141.730755
system_commands{name="forgia_mode_roguelite::poi::sys_loot_vault_walkover"};C:\Users\Antoi\.cargo\registry\src\index.crates.io-1949cf8c6b5b557f\bevy_ecs-0.18.1\src\system\function_system.rs;54;2125475;0.002297;17308;122;51;166288;1436.646870
system{name="forgia_foliage::init_proc_meshes"};C:\Users\Antoi\.cargo\registry\src\index.crates.io-1949cf8c6b5b557f\bevy_ecs-0.18.1\src\system\function_system.rs;52;129531;0.000140;1;129531;129531;129531;0.000000
system{name="bevy_pbr::light_probe::generate::extract_generated_environment_map_entities"};C:\Users\Antoi\.cargo\registry\src\index.crates.io-1949cf8c6b5b557f\bevy_ecs-0.18.1\src\system\function_system.rs;52;8022080;0.008671;18163;441;132;12221;212.794914
plugin cleanup{plugin="bevy_render::render_phase::BinnedRenderPhasePlugin<bevy_pbr::render::light::Shadow, bevy_pbr::render::mesh::MeshPipeline>"};C:\Users\Antoi\.cargo\registry\src\index.crates.io-1949cf8c6b5b557f\bevy_app-0.18.1\src\app.rs;292;53;0.000000;1;53;53;53;0.000000
system{name="bevy_asset::assets::Assets<forgia_genome_core::Genome<forgia_skeleton_template::SkeletonTemplate>>::track_assets"};C:\Users\Antoi\.cargo\registry\src\index.crates.io-1949cf8c6b5b557f\bevy_ecs-0.18.1\src\system\function_system.rs;52;23982331;0.025921;18163;1320;232;461951;7354.597351
plugin finish{plugin="forgia_mode_roguelite::audio::RogueliteAudioPlugin"};C:\Users\Antoi\.cargo\registry\src\index.crates.io-1949cf8c6b5b557f\bevy_app-0.18.1\src\app.rs;272;60;0.000000;1;60;60;60;0.000000
system_commands{name="bevy_core_pipeline::experimental::mip_generation::create_downsample_depth_pipelines"};C:\Users\Antoi\.cargo\registry\src\index.crates.io-1949cf8c6b5b557f\bevy_ecs-0.18.1\src\system\function_system.rs;54;1608090;0.001738;18162;88;50;99946;744.469326
system{name="forgia_mode_roguelite::enemy_scaling::sys_init_enemy_scaling"};C:\Users\Antoi\.cargo\registry\src\index.crates.io-1949cf8c6b5b557f\bevy_ecs-0.18.1\src\system\function_system.rs;52;410299;0.000443;1;410299;410299;410299;0.000000
asset loading{loader="bevy_gltf::loader::GltfLoader" asset="models/kaykit/hexagon/red/building_tower_A_red.gltf"};C:\Users\Antoi\.cargo\registry\src\index.crates.io-1949cf8c6b5b557f\bevy_asset-0.18.1\src\server\loaders.rs;332;513087;0.000555;7;73298;162;407853;150116.696954
system{name="forgia_observability::forgia2_aggregator::sys_write_forgia2_aggregates"};C:\Users\Antoi\.cargo\registry\src\index.crates.io-1949cf8c6b5b557f\bevy_ecs-0.18.1\src\system\function_system.rs;52;49186072;0.053163;17308;2841;67;942415;37510.817494
system{name="forgia_rpg_data::xp_curves::apply_xp_gain"};C:\Users\Antoi\.cargo\registry\src\index.crates.io-1949cf8c6b5b557f\bevy_ecs-0.18.1\src\system\function_system.rs;52;5515555;0.005962;18163;303;89;16741;168.762835
asset loading{loader="bevy_image::image_loader::ImageLoader" asset="ui/menu_video/frame_0051.webp"};C:\Users\Antoi\.cargo\registry\src\index.crates.io-1949cf8c6b5b557f\bevy_asset-0.18.1\src\server\loaders.rs;332;14734445;0.015926;7;2104920;169;14699774;5553809.405425
system{name="bevy_pbr::render::fog::prepare_fog"};C:\Users\Antoi\.cargo\registry\src\index.crates.io-1949cf8c6b5b557f\bevy_ecs-0.18.1\src\system\function_system.rs;52;240954689;0.260437;18162;13266;2055;581832;13946.888499
system_commands{name="bevy_render::extract_component::extract_components<bevy_camera::components::Camera2d>"};C:\Users\Antoi\.cargo\registry\src\index.crates.io-1949cf8c6b5b557f\bevy_ecs-0.18.1\src\system\function_system.rs;54;12921515;0.013966;18162;711;301;85779;674.523671
system{name="bevy_pbr::deferred::insert_deferred_lighting_pass_id_component"};C:\Users\Antoi\.cargo\registry\src\index.crates.io-1949cf8c6b5b557f\bevy_ecs-0.18.1\src\system\function_system.rs;52;5641409;0.006098;18163;310;93;77074;698.963639
asset loading{loader="bevy_gltf::loader::GltfLoader" asset="models/kaykit/hexagon/red/building_blacksmith_red.gltf"};C:\Users\Antoi\.cargo\registry\src\index.crates.io-1949cf8c6b5b557f\bevy_asset-0.18.1\src\server\loaders.rs;332;839680;0.000908;7;119954;175;695661;254842.968934
asset loading{loader="bevy_gltf::loader::GltfLoader" asset="models/environment/inferno/ColumnBigBroken_001.glb"};C:\Users\Antoi\.cargo\registry\src\index.crates.io-1949cf8c6b5b557f\bevy_asset-0.18.1\src\server\loaders.rs;332;7058063;0.007629;4;1764515;98;6989985;3483760.964301
system_commands{name="forgia_mode_roguelite::defense::sys_attach_player_defense"};C:\Users\Antoi\.cargo\registry\src\index.crates.io-1949cf8c6b5b557f\bevy_ecs-0.18.1\src\system\function_system.rs;54;1659598;0.001794;17308;95;50;165487;1475.046713
check_conditions{name="bevy_app::main_schedule::FixedMain::run_fixed_main"};C:\Users\Antoi\.cargo\registry\src\index.crates.io-1949cf8c6b5b557f\bevy_ecs-0.18.1\src\schedule\executor\single_threaded.rs;83;1347449;0.001456;5734;234;65;4371;165.924366
plugin finish{plugin="forgia_auto_rig::ForgiaAutoRigPlugin"};C:\Users\Antoi\.cargo\registry\src\index.crates.io-1949cf8c6b5b557f\bevy_app-0.18.1\src\app.rs;272;56;0.000000;1;56;56;56;0.000000
system_commands{name="bevy_ui_render::extract_text_sections"};C:\Users\Antoi\.cargo\registry\src\index.crates.io-1949cf8c6b5b557f\bevy_ecs-0.18.1\src\system\function_system.rs;54;2317418;0.002505;18162;127;54;16380;173.518163
system_commands{name="bevy_ui_render::extract_uinode_borders"};C:\Users\Antoi\.cargo\registry\src\index.crates.io-1949cf8c6b5b557f\bevy_ecs-0.18.1\src\system\function_system.rs;54;2009860;0.002172;18162;110;51;6295;60.659532
system_commands{name="bevy_render::extract_component::extract_components<bevy_pbr::ssr::ScreenSpaceReflections>"};C:\Users\Antoi\.cargo\registry\src\index.crates.io-1949cf8c6b5b557f\bevy_ecs-0.18.1\src\system\function_system.rs;54;11117851;0.012017;18162;612;207;108140;839.876576
system{name="bevy_app::terminal_ctrl_c_handler::TerminalCtrlCHandlerPlugin::exit_on_flag"};C:\Users\Antoi\.cargo\registry\src\index.crates.io-1949cf8c6b5b557f\bevy_ecs-0.18.1\src\system\function_system.rs;52;3595914;0.003887;18163;197;61;5481;96.226088
system_commands{name="bevy_pbr::light_probe::gather_light_probes<bevy_light::probe::EnvironmentMapLight>"};C:\Users\Antoi\.cargo\registry\src\index.crates.io-1949cf8c6b5b557f\bevy_ecs-0.18.1\src\system\function_system.rs;54;7725761;0.008350;18162;425;162;37306;319.779179
plugin build{plugin="bevy_picking::input::PointerInputPlugin"};C:\Users\Antoi\.cargo\registry\src\index.crates.io-1949cf8c6b5b557f\bevy_app-0.18.1\src\app.rs;529;51484;0.000056;1;51484;51484;51484;0.000000
asset loading{loader="bevy_kira_audio::source::ogg_loader::OggLoader" asset="audio/roguelite/weapons/boucherie.ogg"};C:\Users\Antoi\.cargo\registry\src\index.crates.io-1949cf8c6b5b557f\bevy_asset-0.18.1\src\server\loaders.rs;332;641168;0.000693;5;128233;127;628701;279789.021697
plugin build{plugin="bevy_render::extract_resource::ExtractResourcePlugin<bevy_camera::clear_color::ClearColor>"};C:\Users\Antoi\.cargo\registry\src\index.crates.io-1949cf8c6b5b557f\bevy_app-0.18.1\src\app.rs;529;7605;0.000008;1;7605;7605;7605;0.000000
system{name="bevy_render::render_asset::prepare_assets<bevy_pbr::medium::GpuScatteringMedium>"};C:\Users\Antoi\.cargo\registry\src\index.crates.io-1949cf8c6b5b557f\bevy_ecs-0.18.1\src\system\function_system.rs;52;14048754;0.015185;18162;773;269;5245;202.152766
system{name="bevy_pbr::render::morph::no_automatic_morph_batching"};C:\Users\Antoi\.cargo\registry\src\index.crates.io-1949cf8c6b5b557f\bevy_ecs-0.18.1\src\system\function_system.rs;52;4818449;0.005208;18163;265;88;20337;212.058657
system{name="bevy_gizmos::clear_gizmo_context<bevy_gizmos::config::DefaultGizmoConfigGroup, bevy_time::fixed::Fixed>"};C:\Users\Antoi\.cargo\registry\src\index.crates.io-1949cf8c6b5b557f\bevy_ecs-0.18.1\src\system\function_system.rs;52;929999;0.001005;5734;162;74;906;53.090829
system{name="bevy_light::directional_light::validate_shadow_map_size"};C:\Users\Antoi\.cargo\registry\src\index.crates.io-1949cf8c6b5b557f\bevy_ecs-0.18.1\src\system\function_system.rs;52;4435290;0.004794;18163;244;85;62521;508.137017
system{name="forgia_mode_roguelite::loot_room::sys_zone_reward_pick"};C:\Users\Antoi\.cargo\registry\src\index.crates.io-1949cf8c6b5b557f\bevy_ecs-0.18.1\src\system\function_system.rs;52;6897007;0.007455;17308;398;133;9733;205.149037
system{name="bevy_asset::assets::Assets<bevy_kira_audio::source::AudioSource>::asset_events_condition"};C:\Users\Antoi\.cargo\registry\src\index.crates.io-1949cf8c6b5b557f\bevy_ecs-0.18.1\src\system\function_system.rs;52;1515605;0.001638;18163;83;55;4494;54.846988
asset loading{loader="bevy_image::image_loader::ImageLoader" asset="ui/menu_video/frame_0058.webp"};C:\Users\Antoi\.cargo\registry\src\index.crates.io-1949cf8c6b5b557f\bevy_asset-0.18.1\src\server\loaders.rs;332;28381679;0.030676;5;5676335;71;28358865;12679920.286762
system_commands{name="forgia_rpg_data::shop::close_shop_sessions"};C:\Users\Antoi\.cargo\registry\src\index.crates.io-1949cf8c6b5b557f\bevy_ecs-0.18.1\src\system\function_system.rs;54;1438525;0.001555;18163;79;51;10889;82.819989
plugin finish{plugin="bevy_core_pipeline::CorePipelinePlugin"};C:\Users\Antoi\.cargo\registry\src\index.crates.io-1949cf8c6b5b557f\bevy_app-0.18.1\src\app.rs;272;54;0.000000;1;54;54;54;0.000000
indexed_data;C:\Users\Antoi\.cargo\registry\src\index.crates.io-1949cf8c6b5b557f\bevy_render-0.18.1\src\batching\gpu_preprocessing.rs;2109;21654476;0.023405;163458;132;47;62479;371.598123
system{name="bevy_pbr::atmosphere::environment::init_atmosphere_probe_pipeline"};C:\Users\Antoi\.cargo\registry\src\index.crates.io-1949cf8c6b5b557f\bevy_ecs-0.18.1\src\system\function_system.rs;52;14143;0.000015;1;14143;14143;14143;0.000000
plugin finish{plugin="bevy_winit::WinitPlugin"};C:\Users\Antoi\.cargo\registry\src\index.crates.io-1949cf8c6b5b557f\bevy_app-0.18.1\src\app.rs;272;55;0.000000;1;55;55;55;0.000000
system{name="bevy_state::state::transitions::run_enter<forgia_mode_roguelite::run::RunState>"};C:\Users\Antoi\.cargo\registry\src\index.crates.io-1949cf8c6b5b557f\bevy_ecs-0.18.1\src\system\function_system.rs;52;2086966;0.002256;18164;114;61;720539;5358.228236
system{name="bevy_render::render_asset::reset_render_asset_bytes_per_frame"};C:\Users\Antoi\.cargo\registry\src\index.crates.io-1949cf8c6b5b557f\bevy_ecs-0.18.1\src\system\function_system.rs;52;3265228;0.003529;18162;179;72;15609;233.009520
plugin cleanup{plugin="forgia_mode_roguelite::mushrooms::ForgiaRogueliteMushroomsPlugin"};C:\Users\Antoi\.cargo\registry\src\index.crates.io-1949cf8c6b5b557f\bevy_app-0.18.1\src\app.rs;292;59;0.000000;1;59;59;59;0.000000
system_commands{name="forgia_combat::combat_juice::sys_apply_hit_knockback"};C:\Users\Antoi\.cargo\registry\src\index.crates.io-1949cf8c6b5b557f\bevy_ecs-0.18.1\src\system\function_system.rs;54;1629207;0.001761;18163;89;51;138693;1029.618198
function_scope{egui::hit_test::hit_test};C:\Users\Antoi\.cargo\registry\src\index.crates.io-1949cf8c6b5b557f\egui-0.33.3\src\hit_test.rs;49;41426323;0.044776;18162;2280;827;128406;2731.565541
system_commands{name="bevy_post_process::dof::init_dof_global_bind_group_layout"};C:\Users\Antoi\.cargo\registry\src\index.crates.io-1949cf8c6b5b557f\bevy_ecs-0.18.1\src\system\function_system.rs;54;15550;0.000017;1;15550;15550;15550;0.000000
plugin build{plugin="bevy_render::extract_component::UniformComponentPlugin<bevy_post_process::bloom::downsampling_pipeline::BloomUniforms>"};C:\Users\Antoi\.cargo\registry\src\index.crates.io-1949cf8c6b5b557f\bevy_app-0.18.1\src\app.rs;529;7708;0.000008;1;7708;7708;7708;0.000000
system_commands{name="bevy_pbr::atmosphere::environment::init_atmosphere_probe_pipeline"};C:\Users\Antoi\.cargo\registry\src\index.crates.io-1949cf8c6b5b557f\bevy_ecs-0.18.1\src\system\function_system.rs;54;603;0.000001;1;603;603;603;0.000000
system{name="forgia_mode_roguelite::identity::sys_init_identity"};C:\Users\Antoi\.cargo\registry\src\index.crates.io-1949cf8c6b5b557f\bevy_ecs-0.18.1\src\system\function_system.rs;52;3995;0.000004;1;3995;3995;3995;0.000000
plugin finish{plugin="bevy_camera::visibility::VisibilityPlugin"};C:\Users\Antoi\.cargo\registry\src\index.crates.io-1949cf8c6b5b557f\bevy_app-0.18.1\src\app.rs;272;73;0.000000;1;73;73;73;0.000000
plugin finish{plugin="bevy_render::pipelined_rendering::PipelinedRenderingPlugin"};C:\Users\Antoi\.cargo\registry\src\index.crates.io-1949cf8c6b5b557f\bevy_app-0.18.1\src\app.rs;272;135;0.000000;1;135;135;135;0.000000
system{name="bevy_egui::input::write_ime_messages_system"};C:\Users\Antoi\.cargo\registry\src\index.crates.io-1949cf8c6b5b557f\bevy_ecs-0.18.1\src\system\function_system.rs;52;7681671;0.008303;18163;422;137;9138;169.058292
plugin cleanup{plugin="forgia_viewmodel::fade::ForgiaViewmodelFadePlugin"};C:\Users\Antoi\.cargo\registry\src\index.crates.io-1949cf8c6b5b557f\bevy_app-0.18.1\src\app.rs;292;57;0.000000;1;57;57;57;0.000000
system_commands{name="forgia_effects::weapon_vfx::tracer::setup_tracer_resources"};C:\Users\Antoi\.cargo\registry\src\index.crates.io-1949cf8c6b5b557f\bevy_ecs-0.18.1\src\system\function_system.rs;54;2309;0.000002;1;2309;2309;2309;0.000000
system{name="bevy_animation::trigger_untargeted_animation_events"};C:\Users\Antoi\.cargo\registry\src\index.crates.io-1949cf8c6b5b557f\bevy_ecs-0.18.1\src\system\function_system.rs;52;7015866;0.007583;18163;386;117;29365;337.303885
system{name="forgia_mode_roguelite::meta_shop::sys_lobby_cleanup"};C:\Users\Antoi\.cargo\registry\src\index.crates.io-1949cf8c6b5b557f\bevy_ecs-0.18.1\src\system\function_system.rs;52;167332;0.000181;1;167332;167332;167332;0.000000
system{name="forgia_game::color_grading::sys_hot_reload"};C:\Users\Antoi\.cargo\registry\src\index.crates.io-1949cf8c6b5b557f\bevy_ecs-0.18.1\src\system\function_system.rs;52;7946922;0.008589;18163;437;64;119315;3874.361367
plugin build{plugin="forgia_ui::weapon_preview::WeaponPreviewPlugin"};C:\Users\Antoi\.cargo\registry\src\index.crates.io-1949cf8c6b5b557f\bevy_app-0.18.1\src\app.rs;529;76490;0.000083;1;76490;76490;76490;0.000000
plugin finish{plugin="bevy_render::extract_component::ExtractComponentPlugin<bevy_pbr::atmosphere::environment::AtmosphereEnvironmentMap>"};C:\Users\Antoi\.cargo\registry\src\index.crates.io-1949cf8c6b5b557f\bevy_app-0.18.1\src\app.rs;272;55;0.000000;1;55;55;55;0.000000
system_commands{name="bevy_pbr::atmosphere::environment::prepare_atmosphere_probe_components"};C:\Users\Antoi\.cargo\registry\src\index.crates.io-1949cf8c6b5b557f\bevy_ecs-0.18.1\src\system\function_system.rs;54;1475013;0.001594;18163;81;51;40310;316.702560
plugin cleanup{plugin="forgia_juice_lib::camera_shake::ForgiaJuiceCameraShakePlugin"};C:\Users\Antoi\.cargo\registry\src\index.crates.io-1949cf8c6b5b557f\bevy_app-0.18.1\src\app.rs;292;57;0.000000;1;57;57;57;0.000000
asset loading{loader="bevy_shader::shader::ShaderLoader" asset="embedded://bevy_pbr\\render/utils.wgsl"};C:\Users\Antoi\.cargo\registry\src\index.crates.io-1949cf8c6b5b557f\bevy_asset-0.18.1\src\server\loaders.rs;332;373414;0.000404;2;186707;110;373304;263888.008098
system{name="forgia_mode_roguelite::hud::draw_bark_bubble"};C:\Users\Antoi\.cargo\registry\src\index.crates.io-1949cf8c6b5b557f\bevy_ecs-0.18.1\src\system\function_system.rs;52;1995261;0.002157;18163;109;57;2926;79.481975
system{name="bevy_ui::widget::viewport::update_viewport_render_target_size"};C:\Users\Antoi\.cargo\registry\src\index.crates.io-1949cf8c6b5b557f\bevy_ecs-0.18.1\src\system\function_system.rs;52;8932491;0.009655;18163;491;180;5287;167.253463
system{name="bevy_asset::assets::Assets<forgia_genome_core::Genome<forgia_killfeed::tuning::KillfeedTuning>>::asset_events_condition"};C:\Users\Antoi\.cargo\registry\src\index.crates.io-1949cf8c6b5b557f\bevy_ecs-0.18.1\src\system\function_system.rs;52;1761064;0.001903;18163;96;53;1093;50.061704
plugin finish{plugin="bevy_pbr::ssr::ScreenSpaceReflectionsPlugin"};C:\Users\Antoi\.cargo\registry\src\index.crates.io-1949cf8c6b5b557f\bevy_app-0.18.1\src\app.rs;272;55;0.000000;1;55;55;55;0.000000
system_commands{name="forgia_damage::load_hit_feedback"};C:\Users\Antoi\.cargo\registry\src\index.crates.io-1949cf8c6b5b557f\bevy_ecs-0.18.1\src\system\function_system.rs;54;1984;0.000002;1;1984;1984;1984;0.000000
system_commands{name="bevy_ui::update::update_clipping_system"};C:\Users\Antoi\.cargo\registry\src\index.crates.io-1949cf8c6b5b557f\bevy_ecs-0.18.1\src\system\function_system.rs;54;3386563;0.003660;18163;186;59;75322;573.741298
plugin finish{plugin="forgia_mode_roguelite::parcours_obstacles::ParcoursObstaclesPlugin"};C:\Users\Antoi\.cargo\registry\src\index.crates.io-1949cf8c6b5b557f\bevy_app-0.18.1\src\app.rs;272;53;0.000000;1;53;53;53;0.000000
plugin cleanup{plugin="bevy_render::pipelined_rendering::PipelinedRenderingPlugin"};C:\Users\Antoi\.cargo\registry\src\index.crates.io-1949cf8c6b5b557f\bevy_app-0.18.1\src\app.rs;292;37254;0.000040;1;37254;37254;37254;0.000000
system{name="forgia_mode_roguelite::pipeline_warmup::sys_clear_warmup"};C:\Users\Antoi\.cargo\registry\src\index.crates.io-1949cf8c6b5b557f\bevy_ecs-0.18.1\src\system\function_system.rs;52;1231;0.000001;1;1231;1231;1231;0.000000
system{name="forgia_observability::player_state_sensor::sys_write_player_state_sensor"};C:\Users\Antoi\.cargo\registry\src\index.crates.io-1949cf8c6b5b557f\bevy_ecs-0.18.1\src\system\function_system.rs;52;4437984;0.004797;18163;244;70;14335;235.111482
plugin cleanup{plugin="bevy_gizmos::light::LightGizmoPlugin"};C:\Users\Antoi\.cargo\registry\src\index.crates.io-1949cf8c6b5b557f\bevy_app-0.18.1\src\app.rs;292;55;0.000000;1;55;55;55;0.000000
system{name="bevy_ecs::schedule::condition::common_conditions::resource_exists<forgia_mode_roguelite::enemies::EnemyStatsConfig>"};C:\Users\Antoi\.cargo\registry\src\index.crates.io-1949cf8c6b5b557f\bevy_ecs-0.18.1\src\system\function_system.rs;52;1951001;0.002109;18163;107;55;52539;433.180425
plugin cleanup{plugin="bevy_render::render_phase::BinnedRenderPhasePlugin<bevy_core_pipeline::prepass::AlphaMask3dPrepass, bevy_pbr::render::mesh::MeshPipeline>"};C:\Users\Antoi\.cargo\registry\src\index.crates.io-1949cf8c6b5b557f\bevy_app-0.18.1\src\app.rs;292;58;0.000000;1;58;58;58;0.000000
handle_user_changes;C:\Users\Antoi\.cargo\registry\src\index.crates.io-1949cf8c6b5b557f\rapier3d-0.31.0\src\geometry\narrow_phase.rs;282;9178683;0.009921;5734;1600;787;13464;468.028130
plugin build{plugin="bevy_render::sync_component::SyncComponentPlugin<bevy_light::volumetric::FogVolume>"};C:\Users\Antoi\.cargo\registry\src\index.crates.io-1949cf8c6b5b557f\bevy_app-0.18.1\src\app.rs;529;8701;0.000009;1;8701;8701;8701;0.000000
plugin cleanup{plugin="forgia_ai_arena_bot::ForgiaAiArenaBotPlugin"};C:\Users\Antoi\.cargo\registry\src\index.crates.io-1949cf8c6b5b557f\bevy_app-0.18.1\src\app.rs;292;77;0.000000;1;77;77;77;0.000000
asset loading{loader="bevy_image::image_loader::ImageLoader" asset="ui/menu_video/frame_0109.webp"};C:\Users\Antoi\.cargo\registry\src\index.crates.io-1949cf8c6b5b557f\bevy_asset-0.18.1\src\server\loaders.rs;332;13878513;0.015001;7;1982644;125;13835435;5226593.089731
plugin cleanup{plugin="bevy_render::extract_component::ExtractComponentPlugin<bevy_render::experimental::occlusion_culling::OcclusionCulling>"};C:\Users\Antoi\.cargo\registry\src\index.crates.io-1949cf8c6b5b557f\bevy_app-0.18.1\src\app.rs;292;55;0.000000;1;55;55;55;0.000000
plugin finish{plugin="forgia_viewmodel::calibration_sensor::ForgiaViewmodelCalibrationPlugin"};C:\Users\Antoi\.cargo\registry\src\index.crates.io-1949cf8c6b5b557f\bevy_app-0.18.1\src\app.rs;272;54;0.000000;1;54;54;54;0.000000
system{name="forgia_mode_roguelite::weapon_select::sys_show_crosshair_off_lobby"};C:\Users\Antoi\.cargo\registry\src\index.crates.io-1949cf8c6b5b557f\bevy_ecs-0.18.1\src\system\function_system.rs;52;305;0.000000;1;305;305;305;0.000000
plugin cleanup{plugin="bevy_render::batching::gpu_preprocessing::BatchingPlugin"};C:\Users\Antoi\.cargo\registry\src\index.crates.io-1949cf8c6b5b557f\bevy_app-0.18.1\src\app.rs;292;58;0.000000;1;58;58;58;0.000000
system_commands{name="forgia_auto_rig::pinocchio_pipeline::auto_rig_pinocchio_v1"};C:\Users\Antoi\.cargo\registry\src\index.crates.io-1949cf8c6b5b557f\bevy_ecs-0.18.1\src\system\function_system.rs;54;1924225;0.002080;18163;105;51;86140;640.859243
system{name="bevy_render::extract_component::extract_components<bevy_camera::components::Camera2d>"};C:\Users\Antoi\.cargo\registry\src\index.crates.io-1949cf8c6b5b557f\bevy_ecs-0.18.1\src\system\function_system.rs;52;10357646;0.011195;18163;570;225;16440;365.158496
plugin finish{plugin="forgia_fps::pepin::ForgiaPepinPlugin"};C:\Users\Antoi\.cargo\registry\src\index.crates.io-1949cf8c6b5b557f\bevy_app-0.18.1\src\app.rs;272;57;0.000000;1;57;57;57;0.000000
plugin build{plugin="bevy_internal::default_plugins::IgnoreAmbiguitiesPlugin"};C:\Users\Antoi\.cargo\registry\src\index.crates.io-1949cf8c6b5b557f\bevy_app-0.18.1\src\app.rs;529;6990;0.000008;1;6990;6990;6990;0.000000
system{name="bevy_post_process::effect_stack::init_post_processing_pipeline"};C:\Users\Antoi\.cargo\registry\src\index.crates.io-1949cf8c6b5b557f\bevy_ecs-0.18.1\src\system\function_system.rs;52;24933;0.000027;1;24933;24933;24933;0.000000
plugin finish{plugin="bevy_sprite_render::mesh2d::mesh::Mesh2dRenderPlugin"};C:\Users\Antoi\.cargo\registry\src\index.crates.io-1949cf8c6b5b557f\bevy_app-0.18.1\src\app.rs;272;55;0.000000;1;55;55;55;0.000000
plugin finish{plugin="bevy_core_pipeline::deferred::copy_lighting_id::CopyDeferredLightingIdPlugin"};C:\Users\Antoi\.cargo\registry\src\index.crates.io-1949cf8c6b5b557f\bevy_app-0.18.1\src\app.rs;272;72;0.000000;1;72;72;72;0.000000
system{name="bevy_render::extract_component::extract_components<bevy_camera::camera::CameraMainTextureUsages>"};C:\Users\Antoi\.cargo\registry\src\index.crates.io-1949cf8c6b5b557f\bevy_ecs-0.18.1\src\system\function_system.rs;52;13918135;0.015043;18163;766;261;47134;580.641281
asset loading{loader="bevy_shader::shader::ShaderLoader" asset="embedded://bevy_pbr\\lightmap\\lightmap.wgsl"};C:\Users\Antoi\.cargo\registry\src\index.crates.io-1949cf8c6b5b557f\bevy_asset-0.18.1\src\server\loaders.rs;332;147357;0.000159;2;73678;60;147297;104112.281144
asset loading{loader="bevy_image::image_loader::ImageLoader" asset="ui/menu_video/frame_0055.webp"};C:\Users\Antoi\.cargo\registry\src\index.crates.io-1949cf8c6b5b557f\bevy_asset-0.18.1\src\server\loaders.rs;332;14937836;0.016146;7;2133976;90;14907293;5632504.154160
plugin cleanup{plugin="forgia_mode_roguelite::pipeline_warmup::PipelineWarmupPlugin"};C:\Users\Antoi\.cargo\registry\src\index.crates.io-1949cf8c6b5b557f\bevy_app-0.18.1\src\app.rs;292;70;0.000000;1;70;70;70;0.000000
plugin build{plugin="bevy_core_pipeline::oit::resolve::OitResolvePlugin"};C:\Users\Antoi\.cargo\registry\src\index.crates.io-1949cf8c6b5b557f\bevy_app-0.18.1\src\app.rs;529;8627;0.000009;1;8627;8627;8627;0.000000
plugin cleanup{plugin="bevy_transform::plugins::TransformPlugin"};C:\Users\Antoi\.cargo\registry\src\index.crates.io-1949cf8c6b5b557f\bevy_app-0.18.1\src\app.rs;292;114;0.000000;1;114;114;114;0.000000
system{name="bevy_render::gpu_readback::prepare_buffers"};C:\Users\Antoi\.cargo\registry\src\index.crates.io-1949cf8c6b5b557f\bevy_ecs-0.18.1\src\system\function_system.rs;52;8827618;0.009541;18162;486;168;69011;641.702751
plugin cleanup{plugin="forgia_mode_roguelite::render_quality::ForgiaRogueliteRenderPlugin"};C:\Users\Antoi\.cargo\registry\src\index.crates.io-1949cf8c6b5b557f\bevy_app-0.18.1\src\app.rs;292;125;0.000000;1;125;125;125;0.000000
system_commands{name="bevy_core_pipeline::core_2d::prepare_core_2d_depth_textures"};C:\Users\Antoi\.cargo\registry\src\index.crates.io-1949cf8c6b5b557f\bevy_ecs-0.18.1\src\system\function_system.rs;54;37618972;0.040661;18162;2071;946;77567;991.190475
system{name="forgia_mode_roguelite::run::sys_magnetize_pickups_on_break"};C:\Users\Antoi\.cargo\registry\src\index.crates.io-1949cf8c6b5b557f\bevy_ecs-0.18.1\src\system\function_system.rs;52;7152235;0.007731;17308;413;151;62572;510.596678
plugin cleanup{plugin="bevy_render::extract_component::UniformComponentPlugin<bevy_pbr::deferred::PbrDeferredLightingDepthId>"};C:\Users\Antoi\.cargo\registry\src\index.crates.io-1949cf8c6b5b557f\bevy_app-0.18.1\src\app.rs;292;55;0.000000;1;55;55;55;0.000000
plugin build{plugin="bevy_render::render_asset::RenderAssetPlugin<bevy_render::mesh::RenderMesh, bevy_render::texture::gpu_image::GpuImage>"};C:\Users\Antoi\.cargo\registry\src\index.crates.io-1949cf8c6b5b557f\bevy_app-0.18.1\src\app.rs;529;22369;0.000024;1;22369;22369;22369;0.000000
system{name="bevy_render::render_asset::prepare_assets<bevy_sprite_render::mesh2d::material::PreparedMaterial2d<bevy_sprite_render::mesh2d::color_material::ColorMaterial>>"};C:\Users\Antoi\.cargo\registry\src\index.crates.io-1949cf8c6b5b557f\bevy_ecs-0.18.1\src\system\function_system.rs;52;13820345;0.014938;18162;760;237;279168;2129.715134
system{name="bevy_asset::assets::Assets<forgia_genome_core::Genome<forgia_ui_lib::damage_direction::tuning::DamageDirTuning>>::track_assets"};C:\Users\Antoi\.cargo\registry\src\index.crates.io-1949cf8c6b5b557f\bevy_ecs-0.18.1\src\system\function_system.rs;52;23510952;0.025412;18163;1294;128;603650;9744.728883
system{name="bevy_egui::input::write_non_window_touch_messages_system"};C:\Users\Antoi\.cargo\registry\src\index.crates.io-1949cf8c6b5b557f\bevy_ecs-0.18.1\src\system\function_system.rs;52;7109723;0.007685;18163;391;115;6942;116.851651
plugin finish{plugin="bevy_render::extract_component::UniformComponentPlugin<bevy_pbr::atmosphere::GpuAtmosphereSettings>"};C:\Users\Antoi\.cargo\registry\src\index.crates.io-1949cf8c6b5b557f\bevy_app-0.18.1\src\app.rs;272;55;0.000000;1;55;55;55;0.000000
system{name="leafwing_input_manager::user_input::updating::input_is_enabled<bevy_input::gamepad::GamepadButton>"};C:\Users\Antoi\.cargo\registry\src\index.crates.io-1949cf8c6b5b557f\bevy_ecs-0.18.1\src\system\function_system.rs;52;2167210;0.002342;18163;119;53;384104;2852.304421
solve_single_character_collision_impulse;C:\Users\Antoi\.cargo\registry\src\index.crates.io-1949cf8c6b5b557f\rapier3d-0.31.0\src\control\character_controller.rs;847;557507;0.000603;531;1049;555;2115;264.714749
system{name="bevy_asset::assets::Assets<bevy_scene::scene::Scene>::asset_events_condition"};C:\Users\Antoi\.cargo\registry\src\index.crates.io-1949cf8c6b5b557f\bevy_ecs-0.18.1\src\system\function_system.rs;52;1965491;0.002124;18163;108;55;157045;1167.529383
asset loading{loader="bevy_image::image_loader::ImageLoader" asset="ui/menu_video/frame_0115.webp"};C:\Users\Antoi\.cargo\registry\src\index.crates.io-1949cf8c6b5b557f\bevy_asset-0.18.1\src\server\loaders.rs;332;14062026;0.015199;8;1757753;141;14025603;4956962.262347
system{name="forgia_mode_roguelite::loot_room::sys_collect_level_items"};C:\Users\Antoi\.cargo\registry\src\index.crates.io-1949cf8c6b5b557f\bevy_ecs-0.18.1\src\system\function_system.rs;52;8097022;0.008752;17308;467;132;8142;226.552302
system_commands{name="bevy_ui_render::extract_viewport_nodes"};C:\Users\Antoi\.cargo\registry\src\index.crates.io-1949cf8c6b5b557f\bevy_ecs-0.18.1\src\system\function_system.rs;54;2629600;0.002842;18162;144;59;9230;95.561193
system{name="forgia_player::skybox_genome::regen_skybox_image"};C:\Users\Antoi\.cargo\registry\src\index.crates.io-1949cf8c6b5b557f\bevy_ecs-0.18.1\src\system\function_system.rs;52;14832464;0.016032;18163;816;94;3439341;37690.422629
plugin finish{plugin="bevy_core_pipeline::upscaling::UpscalingPlugin"};C:\Users\Antoi\.cargo\registry\src\index.crates.io-1949cf8c6b5b557f\bevy_app-0.18.1\src\app.rs;272;55;0.000000;1;55;55;55;0.000000
system{name="bevy_pbr::material::check_entities_needing_specialization<bevy_pbr::pbr_material::StandardMaterial>"};C:\Users\Antoi\.cargo\registry\src\index.crates.io-1949cf8c6b5b557f\bevy_ecs-0.18.1\src\system\function_system.rs;52;1615408088;1.746021;18163;88939;5678;48364341;689749.850931
plugin build{plugin="bevy_render::erased_render_asset::ErasedRenderAssetPlugin<bevy_pbr::mesh_material::MeshMaterial3d<bevy_pbr::pbr_material::StandardMaterial>>"};C:\Users\Antoi\.cargo\registry\src\index.crates.io-1949cf8c6b5b557f\bevy_app-0.18.1\src\app.rs;529;9832;0.000011;1;9832;9832;9832;0.000000
system{name="bevy_asset::assets::Assets<bevy_gltf::assets::GltfPrimitive>::track_assets"};C:\Users\Antoi\.cargo\registry\src\index.crates.io-1949cf8c6b5b557f\bevy_ecs-0.18.1\src\system\function_system.rs;52;18656740;0.020165;18163;1027;95;467568;8350.188810
plugin finish{plugin="forgia_player::ForgiaPlayerPlugin"};C:\Users\Antoi\.cargo\registry\src\index.crates.io-1949cf8c6b5b557f\bevy_app-0.18.1\src\app.rs;272;52;0.000000;1;52;52;52;0.000000
system_commands{name="bevy_render::view::window::screenshot::trigger_screenshots"};C:\Users\Antoi\.cargo\registry\src\index.crates.io-1949cf8c6b5b557f\bevy_ecs-0.18.1\src\system\function_system.rs;54;1361927;0.001472;18163;74;51;25461;205.984663
plugin build{plugin="bevy_input::InputPlugin"};C:\Users\Antoi\.cargo\registry\src\index.crates.io-1949cf8c6b5b557f\bevy_app-0.18.1\src\app.rs;529;79146;0.000086;1;79146;79146;79146;0.000000
asset loading{loader="bevy_image::image_loader::ImageLoader" asset="ui/menu_video/frame_0079.webp"};C:\Users\Antoi\.cargo\registry\src\index.crates.io-1949cf8c6b5b557f\bevy_asset-0.18.1\src\server\loaders.rs;332;13934011;0.015061;6;2322335;140;13899531;5671646.586005
system{name="bevy_asset::assets::Assets<forgia_genome_core::Genome<forgia_player::PlayerMovementTuning>>::asset_events_condition"};C:\Users\Antoi\.cargo\registry\src\index.crates.io-1949cf8c6b5b557f\bevy_ecs-0.18.1\src\system\function_system.rs;52;1475361;0.001595;18163;81;54;1045;35.219348
plugin finish{plugin="bevy_render::sync_component::SyncComponentPlugin<bevy_light::volumetric::FogVolume>"};C:\Users\Antoi\.cargo\registry\src\index.crates.io-1949cf8c6b5b557f\bevy_app-0.18.1\src\app.rs;272;53;0.000000;1;53;53;53;0.000000
system{name="bevy_core_pipeline::core_3d::prepare_core_3d_transmission_textures"};C:\Users\Antoi\.cargo\registry\src\index.crates.io-1949cf8c6b5b557f\bevy_ecs-0.18.1\src\system\function_system.rs;52;20913668;0.022605;18162;1151;406;80808;1011.169747
system{name="bevy_render::render_asset::extract_render_asset<bevy_render::texture::gpu_image::GpuImage>"};C:\Users\Antoi\.cargo\registry\src\index.crates.io-1949cf8c6b5b557f\bevy_ecs-0.18.1\src\system\function_system.rs;52;4417130186;4.774274;18162;243207;288;31259406;700415.356082
system{name="bevy_asset::assets::Assets<forgia_genome_core::Genome<forgia_juice_screen_flash::ScreenFlashTuning>>::track_assets"};C:\Users\Antoi\.cargo\registry\src\index.crates.io-1949cf8c6b5b557f\bevy_ecs-0.18.1\src\system\function_system.rs;52;17714971;0.019147;18163;975;175;221290;5171.541751
system_commands{name="bevy_pbr::atmosphere::resources::prepare_atmosphere_textures"};C:\Users\Antoi\.cargo\registry\src\index.crates.io-1949cf8c6b5b557f\bevy_ecs-0.18.1\src\system\function_system.rs;54;1649273;0.001783;18162;90;50;2068;37.924070
plugin cleanup{plugin="bevy_pbr::PbrPlugin"};C:\Users\Antoi\.cargo\registry\src\index.crates.io-1949cf8c6b5b557f\bevy_app-0.18.1\src\app.rs;292;59;0.000000;1;59;59;59;0.000000
system_commands{name="bevy_pbr::volumetric_fog::render::prepare_volumetric_fog_uniforms"};C:\Users\Antoi\.cargo\registry\src\index.crates.io-1949cf8c6b5b557f\bevy_ecs-0.18.1\src\system\function_system.rs;54;1785066;0.001929;18162;98;51;75614;560.916730
system_commands{name="bevy_ui_render::ui_texture_slice_pipeline::init_ui_texture_slice_pipeline"};C:\Users\Antoi\.cargo\registry\src\index.crates.io-1949cf8c6b5b557f\bevy_ecs-0.18.1\src\system\function_system.rs;54;6247;0.000007;1;6247;6247;6247;0.000000
plugin finish{plugin="bevy_ui_render::ui_texture_slice_pipeline::UiTextureSlicerPlugin"};C:\Users\Antoi\.cargo\registry\src\index.crates.io-1949cf8c6b5b557f\bevy_app-0.18.1\src\app.rs;272;103;0.000000;1;103;103;103;0.000000
plugin build{plugin="bevy_render::extract_component::ExtractComponentPlugin<bevy_core_pipeline::tonemapping::Tonemapping>"};C:\Users\Antoi\.cargo\registry\src\index.crates.io-1949cf8c6b5b557f\bevy_app-0.18.1\src\app.rs;529;16804;0.000018;1;16804;16804;16804;0.000000
plugin finish{plugin="bevy_render::extract_component::ExtractComponentPlugin<bevy_render::view::Hdr>"};C:\Users\Antoi\.cargo\registry\src\index.crates.io-1949cf8c6b5b557f\bevy_app-0.18.1\src\app.rs;272;54;0.000000;1;54;54;54;0.000000
system_commands{name="forgia_effects::lifetime_tick"};C:\Users\Antoi\.cargo\registry\src\index.crates.io-1949cf8c6b5b557f\bevy_ecs-0.18.1\src\system\function_system.rs;54;1470606;0.001590;18163;80;50;74849;571.520298
system{name="forgia_mode_roguelite::decor::sys_drain_decor_queue"};C:\Users\Antoi\.cargo\registry\src\index.crates.io-1949cf8c6b5b557f\bevy_ecs-0.18.1\src\system\function_system.rs;52;5218489;0.005640;17308;301;98;9200;177.818006
system_commands{name="bevy_pbr::atmosphere::environment::prepare_probe_textures"};C:\Users\Antoi\.cargo\registry\src\index.crates.io-1949cf8c6b5b557f\bevy_ecs-0.18.1\src\system\function_system.rs;54;2138901;0.002312;18162;117;50;988;37.988056
asset loading{loader="bevy_image::image_loader::ImageLoader" asset="embedded://bevy_anti_alias\\smaa\\SMAAAreaLUT.ktx2"};C:\Users\Antoi\.cargo\registry\src\index.crates.io-1949cf8c6b5b557f\bevy_asset-0.18.1\src\server\loaders.rs;332;417500;0.000451;2;208750;226;417274;294897.468880
node{name="bevy_render::render_graph::node::ViewNodeRunner<bevy_core_pipeline::oit::resolve::node::OitResolveNode>"};C:\Users\Antoi\.cargo\registry\src\index.crates.io-1949cf8c6b5b557f\bevy_render-0.18.1\src\renderer\graph_runner.rs;240;4048768;0.004376;36324;111;59;6722;61.822071
system{name="bevy_asset::assets::Assets<forgia_genome_core::Genome<forgia_skeleton_template::SkeletonTemplate>>::asset_events_condition"};C:\Users\Antoi\.cargo\registry\src\index.crates.io-1949cf8c6b5b557f\bevy_ecs-0.18.1\src\system\function_system.rs;52;1557634;0.001684;18163;85;53;5403;56.842118
plugin finish{plugin="bevy_render::extract_component::ExtractComponentPlugin<bevy_render::experimental::occlusion_culling::OcclusionCulling>"};C:\Users\Antoi\.cargo\registry\src\index.crates.io-1949cf8c6b5b557f\bevy_app-0.18.1\src\app.rs;272;53;0.000000;1;53;53;53;0.000000
asset loading{loader="bevy_image::image_loader::ImageLoader" asset="ui/menu_video/frame_0077.webp"};C:\Users\Antoi\.cargo\registry\src\index.crates.io-1949cf8c6b5b557f\bevy_asset-0.18.1\src\server\loaders.rs;332;15017750;0.016232;8;1877218;164;14953803;5283742.785780
plugin cleanup{plugin="forgia_prefab::ForgiaPrefabPlugin"};C:\Users\Antoi\.cargo\registry\src\index.crates.io-1949cf8c6b5b557f\bevy_app-0.18.1\src\app.rs;292;55;0.000000;1;55;55;55;0.000000
plugin cleanup{plugin="forgia_game::color_grading::ColorGradingPlugin"};C:\Users\Antoi\.cargo\registry\src\index.crates.io-1949cf8c6b5b557f\bevy_app-0.18.1\src\app.rs;292;57;0.000000;1;57;57;57;0.000000
remove_pair;C:\Users\Antoi\.cargo\registry\src\index.crates.io-1949cf8c6b5b557f\rapier3d-0.31.0\src\geometry\narrow_phase.rs;536;54387;0.000059;84;647;125;1122;205.951655
plugin finish{plugin="bevy_render::sync_component::SyncComponentPlugin<bevy_light::point_light::PointLight>"};C:\Users\Antoi\.cargo\registry\src\index.crates.io-1949cf8c6b5b557f\bevy_app-0.18.1\src\app.rs;272;55;0.000000;1;55;55;55;0.000000
plugin cleanup{plugin="forgia_ui_lib::hud::ForgiaUiHudPlugin"};C:\Users\Antoi\.cargo\registry\src\index.crates.io-1949cf8c6b5b557f\bevy_app-0.18.1\src\app.rs;292;56;0.000000;1;56;56;56;0.000000
plugin build{plugin="bevy_render::erased_render_asset::ErasedRenderAssetPlugin<bevy_pbr::mesh_material::MeshMaterial3d<bevy_pbr::extended_material::ExtendedMaterial<bevy_pbr::pbr_material::StandardMaterial, bevy_water::water::material::WaterMaterial>>>"};C:\Users\Antoi\.cargo\registry\src\index.crates.io-1949cf8c6b5b557f\bevy_app-0.18.1\src\app.rs;529;7755;0.000008;1;7755;7755;7755;0.000000
asset loading{loader="bevy_image::image_loader::ImageLoader" asset="ui/menu_video/frame_0086.webp"};C:\Users\Antoi\.cargo\registry\src\index.crates.io-1949cf8c6b5b557f\bevy_asset-0.18.1\src\server\loaders.rs;332;14411484;0.015577;8;1801435;90;14360737;5074726.333224
asset loading{loader="bevy_image::image_loader::ImageLoader" asset="ui/menu_video/frame_0129.webp"};C:\Users\Antoi\.cargo\registry\src\index.crates.io-1949cf8c6b5b557f\bevy_asset-0.18.1\src\server\loaders.rs;332;14527146;0.015702;7;2075306;127;14491920;5475214.872307
system{name="bevy_render::extract_component::extract_components<bevy_render::view::Msaa>"};C:\Users\Antoi\.cargo\registry\src\index.crates.io-1949cf8c6b5b557f\bevy_ecs-0.18.1\src\system\function_system.rs;52;12759113;0.013791;18163;702;235;55645;544.832150
plugin cleanup{plugin="leafwing_input_manager::plugin::CentralInputStorePlugin"};C:\Users\Antoi\.cargo\registry\src\index.crates.io-1949cf8c6b5b557f\bevy_app-0.18.1\src\app.rs;292;60;0.000000;1;60;60;60;0.000000
plugin finish{plugin="forgia_viewmodel::fade::ForgiaViewmodelFadePlugin"};C:\Users\Antoi\.cargo\registry\src\index.crates.io-1949cf8c6b5b557f\bevy_app-0.18.1\src\app.rs;272;59;0.000000;1;59;59;59;0.000000
plugin finish{plugin="forgia_juice_lib::knockback::ForgiaJuiceKnockbackPlugin"};C:\Users\Antoi\.cargo\registry\src\index.crates.io-1949cf8c6b5b557f\bevy_app-0.18.1\src\app.rs;272;56;0.000000;1;56;56;56;0.000000
system{name="bevy_render::globals::prepare_globals_buffer"};C:\Users\Antoi\.cargo\registry\src\index.crates.io-1949cf8c6b5b557f\bevy_ecs-0.18.1\src\system\function_system.rs;52;194466955;0.210190;18162;10707;1155;270845;14125.541878
asset loading{loader="bevy_image::image_loader::ImageLoader" asset="ui/menu_video/frame_0019.webp"};C:\Users\Antoi\.cargo\registry\src\index.crates.io-1949cf8c6b5b557f\bevy_asset-0.18.1\src\server\loaders.rs;332;13864864;0.014986;7;1980694;129;13833885;5226767.673109
node{name="bevy_render::render_graph::node::ViewNodeRunner<bevy_post_process::motion_blur::node::MotionBlurNode>"};C:\Users\Antoi\.cargo\registry\src\index.crates.io-1949cf8c6b5b557f\bevy_render-0.18.1\src\renderer\graph_runner.rs;240;6134836;0.006631;36324;168;61;3333;85.910790
submit_graph_commands;C:\Users\Antoi\.cargo\registry\src\index.crates.io-1949cf8c6b5b557f\bevy_render-0.18.1\src\renderer\graph_runner.rs;86;6546782915;7.076118;18162;360465;126284;4071091;78384.612403
plugin cleanup{plugin="bevy_render::extract_resource::ExtractResourcePlugin<bevy_core_pipeline::tonemapping::TonemappingLuts>"};C:\Users\Antoi\.cargo\registry\src\index.crates.io-1949cf8c6b5b557f\bevy_app-0.18.1\src\app.rs;292;136;0.000000;1;136;136;136;0.000000
system{name="bevy_pbr::material::specialize_material_meshes"};C:\Users\Antoi\.cargo\registry\src\index.crates.io-1949cf8c6b5b557f\bevy_ecs-0.18.1\src\system\function_system.rs;52;345560879;0.373501;18162;19026;1442;142834;13526.743792
asset loading{loader="bevy_shader::shader::ShaderLoader" asset="embedded://bevy_pbr\\render/pbr_prepass.wgsl"};C:\Users\Antoi\.cargo\registry\src\index.crates.io-1949cf8c6b5b557f\bevy_asset-0.18.1\src\server\loaders.rs;332;333123;0.000360;2;166561;190;332933;235284.831693
system_commands{name="bevy_state::state_scoped::despawn_entities_on_exit_state<forgia_core::states::GameMode>"};C:\Users\Antoi\.cargo\registry\src\index.crates.io-1949cf8c6b5b557f\bevy_ecs-0.18.1\src\system\function_system.rs;54;1325383;0.001433;18164;72;50;41498;396.512026
system{name="forgia_mode_roguelite::elements::sys_apply_elements_on_hit"};C:\Users\Antoi\.cargo\registry\src\index.crates.io-1949cf8c6b5b557f\bevy_ecs-0.18.1\src\system\function_system.rs;52;12959257;0.014007;17308;748;267;77924;782.364671
system{name="forgia_effects::mesh_fader::clone_material_on_fader_add"};C:\Users\Antoi\.cargo\registry\src\index.crates.io-1949cf8c6b5b557f\bevy_ecs-0.18.1\src\system\function_system.rs;52;10881234;0.011761;18163;599;147;50939;492.762716
asset loading{loader="bevy_gltf::loader::GltfLoader" asset="models/kaykit/hexagon/neutral/building_destroyed.gltf"};C:\Users\Antoi\.cargo\registry\src\index.crates.io-1949cf8c6b5b557f\bevy_asset-0.18.1\src\server\loaders.rs;332;384874;0.000416;8;48109;155;235762;81559.861408
system{name="forgia_mode_roguelite::hud::draw_boss_enrage_banner"};C:\Users\Antoi\.cargo\registry\src\index.crates.io-1949cf8c6b5b557f\bevy_ecs-0.18.1\src\system\function_system.rs;52;6817229;0.007368;18163;375;70;123959;926.465452
system{name="bevy_input::keyboard::keyboard_input_system"};C:\Users\Antoi\.cargo\registry\src\index.crates.io-1949cf8c6b5b557f\bevy_ecs-0.18.1\src\system\function_system.rs;52;10438775;0.011283;18163;574;183;328300;2751.576570
asset loading{loader="bevy_image::image_loader::ImageLoader" asset="ui/menu_video/frame_0013.webp"};C:\Users\Antoi\.cargo\registry\src\index.crates.io-1949cf8c6b5b557f\bevy_asset-0.18.1\src\server\loaders.rs;332;14991019;0.016203;6;2498503;89;14960656;6105184.358497
plugin cleanup{plugin="forgia_worldgen::ForgiaWorldgenPlugin"};C:\Users\Antoi\.cargo\registry\src\index.crates.io-1949cf8c6b5b557f\bevy_app-0.18.1\src\app.rs;292;60;0.000000;1;60;60;60;0.000000
plugin build{plugin="forgia_mode_roguelite::audio::RogueliteAudioPlugin"};C:\Users\Antoi\.cargo\registry\src\index.crates.io-1949cf8c6b5b557f\bevy_app-0.18.1\src\app.rs;529;9934636;0.010738;1;9934636;9934636;9934636;0.000000
system_commands{name="bevy_input::gamepad::gamepad_connection_system"};C:\Users\Antoi\.cargo\registry\src\index.crates.io-1949cf8c6b5b557f\bevy_ecs-0.18.1\src\system\function_system.rs;54;2119814;0.002291;18163;116;52;29399;229.632249
plugin build{plugin="bevy_pbr::prepass::PrepassPlugin"};C:\Users\Antoi\.cargo\registry\src\index.crates.io-1949cf8c6b5b557f\bevy_app-0.18.1\src\app.rs;529;186099;0.000201;1;186099;186099;186099;0.000000
system{name="forgia_ui_lib::theme::sys_apply_forge_theme"};C:\Users\Antoi\.cargo\registry\src\index.crates.io-1949cf8c6b5b557f\bevy_ecs-0.18.1\src\system\function_system.rs;52;6254138;0.006760;18163;344;84;426448;3209.112982
system_commands{name="forgia_mode_roguelite::status_vfx::sys_attach_poison_vfx"};C:\Users\Antoi\.cargo\registry\src\index.crates.io-1949cf8c6b5b557f\bevy_ecs-0.18.1\src\system\function_system.rs;54;2244118;0.002426;17308;129;51;78524;619.033813
system{name="bevy_core_pipeline::skybox::init_skybox_pipeline"};C:\Users\Antoi\.cargo\registry\src\index.crates.io-1949cf8c6b5b557f\bevy_ecs-0.18.1\src\system\function_system.rs;52;40638;0.000044;1;40638;40638;40638;0.000000
system_commands{name="bevy_rapier3d::plugin::systems::rigid_body::init_rigid_bodies"};C:\Users\Antoi\.cargo\registry\src\index.crates.io-1949cf8c6b5b557f\bevy_ecs-0.18.1\src\system\function_system.rs;54;1728163;0.001868;5734;301;61;792210;10629.294667
asset loading{loader="bevy_shader::shader::ShaderLoader" asset="embedded://bevy_core_pipeline\\experimental\\mip_generation\\downsample_depth.wgsl"};C:\Users\Antoi\.cargo\registry\src\index.crates.io-1949cf8c6b5b557f\bevy_asset-0.18.1\src\server\loaders.rs;332;505328;0.000546;2;252664;62;505266;357233.174283
plugin cleanup{plugin="bevy_scene::ScenePlugin"};C:\Users\Antoi\.cargo\registry\src\index.crates.io-1949cf8c6b5b557f\bevy_app-0.18.1\src\app.rs;292;75;0.000000;1;75;75;75;0.000000
plugin cleanup{plugin="bevy_render::render_phase::BinnedRenderPhasePlugin<bevy_core_pipeline::prepass::Opaque3dPrepass, bevy_pbr::render::mesh::MeshPipeline>"};C:\Users\Antoi\.cargo\registry\src\index.crates.io-1949cf8c6b5b557f\bevy_app-0.18.1\src\app.rs;292;153;0.000000;1;153;153;153;0.000000
plugin finish{plugin="forgia_mode_roguelite::enemy_anim::ForgiaRogueliteEnemyAnimPlugin"};C:\Users\Antoi\.cargo\registry\src\index.crates.io-1949cf8c6b5b557f\bevy_app-0.18.1\src\app.rs;272;57;0.000000;1;57;57;57;0.000000
system{name="bevy_render::extract_component::extract_components<bevy_pbr::atmosphere::Atmosphere>"};C:\Users\Antoi\.cargo\registry\src\index.crates.io-1949cf8c6b5b557f\bevy_ecs-0.18.1\src\system\function_system.rs;52;4835081;0.005226;18163;266;97;22709;301.795114
system_commands{name="bevy_sprite_render::mesh2d::mesh::init_mesh_2d_pipeline"};C:\Users\Antoi\.cargo\registry\src\index.crates.io-1949cf8c6b5b557f\bevy_ecs-0.18.1\src\system\function_system.rs;54;1673;0.000002;1;1673;1673;1673;0.000000
plugin cleanup{plugin="forgia_fps::lenoir::ForgiaLenoirPlugin"};C:\Users\Antoi\.cargo\registry\src\index.crates.io-1949cf8c6b5b557f\bevy_app-0.18.1\src\app.rs;292;57;0.000000;1;57;57;57;0.000000
system{name="bevy_gizmos::collect_requested_gizmos<bevy_gizmos::aabb::AabbGizmoConfigGroup, bevy_time::fixed::Fixed>"};C:\Users\Antoi\.cargo\registry\src\index.crates.io-1949cf8c6b5b557f\bevy_ecs-0.18.1\src\system\function_system.rs;52;1740457;0.001881;5734;303;85;2136;118.307266
system{name="bevy_pbr::render::skin::extract_skins"};C:\Users\Antoi\.cargo\registry\src\index.crates.io-1949cf8c6b5b557f\bevy_ecs-0.18.1\src\system\function_system.rs;52;74854816;0.080907;18163;4121;2331;56161;1591.670333
system{name="bevy_asset::assets::Assets<forgia_genome_core::Genome<forgia_fps::pepin::PepinTuning>>::track_assets"};C:\Users\Antoi\.cargo\registry\src\index.crates.io-1949cf8c6b5b557f\bevy_ecs-0.18.1\src\system\function_system.rs;52;21636054;0.023385;18163;1191;127;966508;9571.440594
system{name="bevy_pbr::volumetric_fog::render::prepare_view_depth_textures_for_volumetric_fog"};C:\Users\Antoi\.cargo\registry\src\index.crates.io-1949cf8c6b5b557f\bevy_ecs-0.18.1\src\system\function_system.rs;52;4648044;0.005024;18162;255;95;113495;1066.897612
plugin build{plugin="forgia_mode_roguelite::hub::HubPlugin"};C:\Users\Antoi\.cargo\registry\src\index.crates.io-1949cf8c6b5b557f\bevy_app-0.18.1\src\app.rs;529;19147;0.000021;1;19147;19147;19147;0.000000
system{name="bevy_pbr::material::init_material_pipeline"};C:\Users\Antoi\.cargo\registry\src\index.crates.io-1949cf8c6b5b557f\bevy_ecs-0.18.1\src\system\function_system.rs;52;10203;0.000011;1;10203;10203;10203;0.000000
system_commands{name="bevy_render::extract_component::extract_components<bevy_render::experimental::occlusion_culling::OcclusionCulling>"};C:\Users\Antoi\.cargo\registry\src\index.crates.io-1949cf8c6b5b557f\bevy_ecs-0.18.1\src\system\function_system.rs;54;9167885;0.009909;18162;504;214;84358;666.826442
asset loading{loader="bevy_image::image_loader::ImageLoader" asset="ui/menu_video/frame_0095.webp"};C:\Users\Antoi\.cargo\registry\src\index.crates.io-1949cf8c6b5b557f\bevy_asset-0.18.1\src\server\loaders.rs;332;14342013;0.015502;7;2048859;304;14295389;5400216.050380
plugin build{plugin="bevy_render::sync_component::SyncComponentPlugin<bevy_post_process::bloom::settings::Bloom>"};C:\Users\Antoi\.cargo\registry\src\index.crates.io-1949cf8c6b5b557f\bevy_app-0.18.1\src\app.rs;529;10771;0.000012;1;10771;10771;10771;0.000000
system{name="bevy_app::propagate::update_source<bevy_ui::ui_node::ComputedUiRenderTargetInfo, (), bevy_ecs::hierarchy::ChildOf>"};C:\Users\Antoi\.cargo\registry\src\index.crates.io-1949cf8c6b5b557f\bevy_ecs-0.18.1\src\system\function_system.rs;52;12833987;0.013872;18163;706;144;117157;946.916888
plugin cleanup{plugin="bevy_camera::projection::CameraProjectionPlugin"};C:\Users\Antoi\.cargo\registry\src\index.crates.io-1949cf8c6b5b557f\bevy_app-0.18.1\src\app.rs;292;56;0.000000;1;56;56;56;0.000000
plugin cleanup{plugin="forgia_crosshair::ForgiaCrosshairPlugin"};C:\Users\Antoi\.cargo\registry\src\index.crates.io-1949cf8c6b5b557f\bevy_app-0.18.1\src\app.rs;292;55;0.000000;1;55;55;55;0.000000
asset loading{loader="bevy_shader::shader::ShaderLoader" asset="embedded://bevy_sprite_render\\mesh2d\\mesh2d_types.wgsl"};C:\Users\Antoi\.cargo\registry\src\index.crates.io-1949cf8c6b5b557f\bevy_asset-0.18.1\src\server\loaders.rs;332;36109;0.000039;2;18054;172;35937;25289.674039
cast_shape;C:\Users\Antoi\.cargo\registry\src\index.crates.io-1949cf8c6b5b557f\rapier3d-0.31.0\src\pipeline\query_pipeline.rs;481;45114763;0.048762;6124;7366;355;222374;17500.311457
system{name="bevy_asset::assets::Assets<forgia_genome_core::Genome<forgia_fps::FpsTuning>>::asset_events"};C:\Users\Antoi\.cargo\registry\src\index.crates.io-1949cf8c6b5b557f\bevy_ecs-0.18.1\src\system\function_system.rs;52;818;0.000001;1;818;818;818;0.000000
system{name="forgia_mode_roguelite::identity::sys_write_identity_sensor"};C:\Users\Antoi\.cargo\registry\src\index.crates.io-1949cf8c6b5b557f\bevy_ecs-0.18.1\src\system\function_system.rs;52;5536341;0.005984;18163;304;86;56083;500.291990
plugin build{plugin="bevy_post_process::bloom::BloomPlugin"};C:\Users\Antoi\.cargo\registry\src\index.crates.io-1949cf8c6b5b557f\bevy_app-0.18.1\src\app.rs;529;92568;0.000100;1;92568;92568;92568;0.000000
plugin cleanup{plugin="bevy_ui_render::color_space::ColorSpacePlugin"};C:\Users\Antoi\.cargo\registry\src\index.crates.io-1949cf8c6b5b557f\bevy_app-0.18.1\src\app.rs;292;57;0.000000;1;57;57;57;0.000000
system{name="forgia_mode_roguelite::decor::sys_calibrate_decor"};C:\Users\Antoi\.cargo\registry\src\index.crates.io-1949cf8c6b5b557f\bevy_ecs-0.18.1\src\system\function_system.rs;52;5203989;0.005625;17308;300;109;78876;627.592097
system{name="bevy_render::batching::gpu_preprocessing::clear_indirect_parameters_buffers"};C:\Users\Antoi\.cargo\registry\src\index.crates.io-1949cf8c6b5b557f\bevy_ecs-0.18.1\src\system\function_system.rs;52;10166355;0.010988;18162;559;192;59217;600.464031
system{name="bevy_render::view::window::need_surface_configuration"};C:\Users\Antoi\.cargo\registry\src\index.crates.io-1949cf8c6b5b557f\bevy_ecs-0.18.1\src\system\function_system.rs;52;7729183;0.008354;18162;425;157;86775;736.886926
plugin cleanup{plugin="bevy_render::render_asset::RenderAssetPlugin<bevy_render::texture::gpu_image::GpuImage>"};C:\Users\Antoi\.cargo\registry\src\index.crates.io-1949cf8c6b5b557f\bevy_app-0.18.1\src\app.rs;292;102;0.000000;1;102;102;102;0.000000
asset loading{loader="bevy_shader::shader::ShaderLoader" asset="embedded://bevy_pbr\\atmosphere\\transmittance_lut.wgsl"};C:\Users\Antoi\.cargo\registry\src\index.crates.io-1949cf8c6b5b557f\bevy_asset-0.18.1\src\server\loaders.rs;332;101483;0.000110;2;50741;58;101425;71677.293092
plugin build{plugin="bevy_render::sync_component::SyncComponentPlugin<bevy_pbr::fog::DistanceFog>"};C:\Users\Antoi\.cargo\registry\src\index.crates.io-1949cf8c6b5b557f\bevy_app-0.18.1\src\app.rs;529;4996;0.000005;1;4996;4996;4996;0.000000
system_commands{name="bevy_anti_alias::taa::extract_taa_settings"};C:\Users\Antoi\.cargo\registry\src\index.crates.io-1949cf8c6b5b557f\bevy_ecs-0.18.1\src\system\function_system.rs;54;15983631;0.017276;18162;880;314;84072;677.371983
plugin build{plugin="bevy_app::propagate::HierarchyPropagatePlugin<bevy_ui::ui_node::ComputedUiTargetCamera>"};C:\Users\Antoi\.cargo\registry\src\index.crates.io-1949cf8c6b5b557f\bevy_app-0.18.1\src\app.rs;529;74100;0.000080;1;74100;74100;74100;0.000000
plugin finish{plugin="bevy_render::extract_instances::ExtractInstancesPlugin<bevy_pbr::light_probe::environment_map::EnvironmentMapIds>"};C:\Users\Antoi\.cargo\registry\src\index.crates.io-1949cf8c6b5b557f\bevy_app-0.18.1\src\app.rs;272;55;0.000000;1;55;55;55;0.000000
asset loading{loader="bevy_image::image_loader::ImageLoader" asset="ui/menu_video/frame_0071.webp"};C:\Users\Antoi\.cargo\registry\src\index.crates.io-1949cf8c6b5b557f\bevy_asset-0.18.1\src\server\loaders.rs;332;14012577;0.015146;7;2001796;171;13978337;5281160.489060
system_commands{name="forgia_mode_roguelite::render_quality::sys_force_apply_ssao"};C:\Users\Antoi\.cargo\registry\src\index.crates.io-1949cf8c6b5b557f\bevy_ecs-0.18.1\src\system\function_system.rs;54;335;0.000000;1;335;335;335;0.000000
plugin finish{plugin="bevy_render::sync_component::SyncComponentPlugin<bevy_camera::components::Camera2d>"};C:\Users\Antoi\.cargo\registry\src\index.crates.io-1949cf8c6b5b557f\bevy_app-0.18.1\src\app.rs;272;61;0.000000;1;61;61;61;0.000000
plugin build{plugin="forgia_rpg_data::shop::ForgiaShopPlugin"};C:\Users\Antoi\.cargo\registry\src\index.crates.io-1949cf8c6b5b557f\bevy_app-0.18.1\src\app.rs;529;18990;0.000021;1;18990;18990;18990;0.000000
plugin build{plugin="forgia_rpg_data::dialogue::ForgiaDialoguePlugin"};C:\Users\Antoi\.cargo\registry\src\index.crates.io-1949cf8c6b5b557f\bevy_app-0.18.1\src\app.rs;529;20335;0.000022;1;20335;20335;20335;0.000000
system_commands{name="forgia_effects::weapon_vfx::setup_weapon_vfx"};C:\Users\Antoi\.cargo\registry\src\index.crates.io-1949cf8c6b5b557f\bevy_ecs-0.18.1\src\system\function_system.rs;54;133742;0.000145;1;133742;133742;133742;0.000000
plugin build{plugin="forgia_viewmodel::pose::ForgiaViewmodelPosePlugin"};C:\Users\Antoi\.cargo\registry\src\index.crates.io-1949cf8c6b5b557f\bevy_app-0.18.1\src\app.rs;529;22758;0.000025;1;22758;22758;22758;0.000000
asset loading{loader="bevy_shader::shader::ShaderLoader" asset="embedded://bevy_pbr\\render/shadows.wgsl"};C:\Users\Antoi\.cargo\registry\src\index.crates.io-1949cf8c6b5b557f\bevy_asset-0.18.1\src\server\loaders.rs;332;751717;0.000812;2;375858;124;751593;531368.825752
system{name="bevy_gizmos::propagate_gizmos<bevy_gizmos::aabb::AabbGizmoConfigGroup, bevy_time::fixed::Fixed>"};C:\Users\Antoi\.cargo\registry\src\index.crates.io-1949cf8c6b5b557f\bevy_ecs-0.18.1\src\system\function_system.rs;52;7246569;0.007832;18163;398;94;588941;4389.474567
system{name="bevy_render::extract_component::extract_components<bevy_render::view::Hdr>"};C:\Users\Antoi\.cargo\registry\src\index.crates.io-1949cf8c6b5b557f\bevy_ecs-0.18.1\src\system\function_system.rs;52;4356890;0.004709;18163;239;89;10441;203.330129
asset loading{loader="bevy_image::image_loader::ImageLoader" asset="models\\kaykit\\hexagon\\neutral\\hexagons_medieval.png"};C:\Users\Antoi\.cargo\registry\src\index.crates.io-1949cf8c6b5b557f\bevy_asset-0.18.1\src\server\loaders.rs;332;4081251;0.004411;4;1020312;364;4071130;2033879.523803
plugin cleanup{plugin="forgia_ui_lib::hud::coffre_forgeron::CoffreForgeronPlugin"};C:\Users\Antoi\.cargo\registry\src\index.crates.io-1949cf8c6b5b557f\bevy_app-0.18.1\src\app.rs;292;58;0.000000;1;58;58;58;0.000000
node{name="bevy_pbr::render::gpu_preprocess::LateGpuPreprocessNode"};C:\Users\Antoi\.cargo\registry\src\index.crates.io-1949cf8c6b5b557f\bevy_render-0.18.1\src\renderer\graph_runner.rs;240;50334875;0.054405;36324;1385;242;39406;970.187343
plugin build{plugin="forgia_mode_roguelite::enemy_scaling::RogueliteEnemyScalingPlugin"};C:\Users\Antoi\.cargo\registry\src\index.crates.io-1949cf8c6b5b557f\bevy_app-0.18.1\src\app.rs;529;21217;0.000023;1;21217;21217;21217;0.000000
system{name="bevy_render::batching::gpu_preprocessing::collect_buffers_for_phase<bevy_core_pipeline::prepass::Opaque3dPrepass, bevy_pbr::render::mesh::MeshPipeline>"};C:\Users\Antoi\.cargo\registry\src\index.crates.io-1949cf8c6b5b557f\bevy_ecs-0.18.1\src\system\function_system.rs;52;12662178;0.013686;18162;697;320;17692;397.757299
system_commands{name="forgia_viewmodel::genome::load_viewmodel_genome"};C:\Users\Antoi\.cargo\registry\src\index.crates.io-1949cf8c6b5b557f\bevy_ecs-0.18.1\src\system\function_system.rs;54;2400;0.000003;1;2400;2400;2400;0.000000
asset loading{loader="bevy_shader::shader::ShaderLoader" asset="embedded://bevy_pbr\\render/pbr_lighting.wgsl"};C:\Users\Antoi\.cargo\registry\src\index.crates.io-1949cf8c6b5b557f\bevy_asset-0.18.1\src\server\loaders.rs;332;2951260;0.003190;2;1475630;207;2951053;2086563.216837
system_commands{name="bevy_core_pipeline::oit::resolve::prepare_oit_resolve_bind_group"};C:\Users\Antoi\.cargo\registry\src\index.crates.io-1949cf8c6b5b557f\bevy_ecs-0.18.1\src\system\function_system.rs;54;41745972;0.045121;18162;2298;948;86308;968.084655
plugin cleanup{plugin="bevy_render::extract_resource::ExtractResourcePlugin<bevy_camera::clear_color::ClearColor>"};C:\Users\Antoi\.cargo\registry\src\index.crates.io-1949cf8c6b5b557f\bevy_app-0.18.1\src\app.rs;292;110;0.000000;1;110;110;110;0.000000
asset loading{loader="forgia_genome_core::GenomeLoader<forgia_enemy_nameplate::tuning::EnemyNameplateTuning>" asset="genomes/ui/enemy_nameplate.toml"};C:\Users\Antoi\.cargo\registry\src\index.crates.io-1949cf8c6b5b557f\bevy_asset-0.18.1\src\server\loaders.rs;332;104476;0.000113;4;26119;110;98139;48056.646249
plugin finish{plugin="forgia_observability::ForgiaObservabilityPlugin"};C:\Users\Antoi\.cargo\registry\src\index.crates.io-1949cf8c6b5b557f\bevy_app-0.18.1\src\app.rs;272;54;0.000000;1;54;54;54;0.000000
system{name="forgia_player::sync_player_movement_tuning"};C:\Users\Antoi\.cargo\registry\src\index.crates.io-1949cf8c6b5b557f\bevy_ecs-0.18.1\src\system\function_system.rs;52;8237667;0.008904;16894;487;147;31839;306.777660
system{name="bevy_state::state::transitions::run_enter<forgia_core::states::WorldMode>"};C:\Users\Antoi\.cargo\registry\src\index.crates.io-1949cf8c6b5b557f\bevy_ecs-0.18.1\src\system\function_system.rs;52;1454578;0.001572;18164;80;59;6037;74.391868
plugin cleanup{plugin="bevy_render::render_phase::BinnedRenderPhasePlugin<bevy_core_pipeline::deferred::AlphaMask3dDeferred, bevy_pbr::render::mesh::MeshPipeline>"};C:\Users\Antoi\.cargo\registry\src\index.crates.io-1949cf8c6b5b557f\bevy_app-0.18.1\src\app.rs;292;56;0.000000;1;56;56;56;0.000000
system{name="bevy_window::system::close_when_requested"};C:\Users\Antoi\.cargo\registry\src\index.crates.io-1949cf8c6b5b557f\bevy_ecs-0.18.1\src\system\function_system.rs;52;9551769;0.010324;18163;525;166;34734;357.754844
node{name="bevy_ui_render::render_pass::UiPassNode"};C:\Users\Antoi\.cargo\registry\src\index.crates.io-1949cf8c6b5b557f\bevy_render-0.18.1\src\renderer\graph_runner.rs;240;24772534;0.026775;54486;454;95;21726;251.938688
plugin build{plugin="forgia_fps::lenoir::ForgiaLenoirPlugin"};C:\Users\Antoi\.cargo\registry\src\index.crates.io-1949cf8c6b5b557f\bevy_app-0.18.1\src\app.rs;529;5572;0.000006;1;5572;5572;5572;0.000000
plugin cleanup{plugin="bevy_render::extract_component::ExtractComponentPlugin<bevy_camera::components::Camera3d>"};C:\Users\Antoi\.cargo\registry\src\index.crates.io-1949cf8c6b5b557f\bevy_app-0.18.1\src\app.rs;292;58;0.000000;1;58;58;58;0.000000
system{name="forgia_mode_roguelite::reset_wave_resource"};C:\Users\Antoi\.cargo\registry\src\index.crates.io-1949cf8c6b5b557f\bevy_ecs-0.18.1\src\system\function_system.rs;52;528;0.000001;1;528;528;528;0.000000
system{name="bevy_asset::assets::Assets<bevy_kira_audio::source::AudioSource>::asset_events"};C:\Users\Antoi\.cargo\registry\src\index.crates.io-1949cf8c6b5b557f\bevy_ecs-0.18.1\src\system\function_system.rs;52;10207;0.000011;3;3402;602;8289;4247.008653
system_commands{name="bevy_render::view::prepare_view_uniforms"};C:\Users\Antoi\.cargo\registry\src\index.crates.io-1949cf8c6b5b557f\bevy_ecs-0.18.1\src\system\function_system.rs;54;50691541;0.054790;18162;2791;1367;128182;1535.915206
plugin build{plugin="bevy_gizmos::GizmoPlugin"};C:\Users\Antoi\.cargo\registry\src\index.crates.io-1949cf8c6b5b557f\bevy_app-0.18.1\src\app.rs;529;211676;0.000229;1;211676;211676;211676;0.000000
function_scope{epaint::text::fonts::GalleyCache::layout_each_paragraph_individually};C:\Users\Antoi\.cargo\registry\src\index.crates.io-1949cf8c6b5b557f\epaint-0.33.3\src\text\fonts.rs;963;176504;0.000191;12;14708;4927;46632;11625.317255
plugin finish{plugin="bevy_render::sync_component::SyncComponentPlugin<bevy_pbr::fog::DistanceFog>"};C:\Users\Antoi\.cargo\registry\src\index.crates.io-1949cf8c6b5b557f\bevy_app-0.18.1\src\app.rs;272;59;0.000000;1;59;59;59;0.000000
system{name="forgia_player::load_skybox"};C:\Users\Antoi\.cargo\registry\src\index.crates.io-1949cf8c6b5b557f\bevy_ecs-0.18.1\src\system\function_system.rs;52;1424854;0.001540;1;1424854;1424854;1424854;0.000000
system{name="forgia_viewmodel::arms::position_hands"};C:\Users\Antoi\.cargo\registry\src\index.crates.io-1949cf8c6b5b557f\bevy_ecs-0.18.1\src\system\function_system.rs;52;20836236;0.022521;17308;1203;565;90271;1055.653114
system{name="bevy_ecs::schedule::condition::common_conditions::resource_exists<bevy_render::batching::no_gpu_preprocessing::BatchedInstanceBuffer<bevy_pbr::render::mesh::MeshUniform>>"};C:\Users\Antoi\.cargo\registry\src\index.crates.io-1949cf8c6b5b557f\bevy_ecs-0.18.1\src\system\function_system.rs;52;16258348;0.017573;163458;99;52;56466;167.314218
system{name="forgia_mode_roguelite::merchant::sys_calibrate_merchant"};C:\Users\Antoi\.cargo\registry\src\index.crates.io-1949cf8c6b5b557f\bevy_ecs-0.18.1\src\system\function_system.rs;52;7831460;0.008465;17308;452;145;241324;1868.160082
system_commands{name="bevy_anti_alias::contrast_adaptive_sharpening::prepare_cas_pipelines"};C:\Users\Antoi\.cargo\registry\src\index.crates.io-1949cf8c6b5b557f\bevy_ecs-0.18.1\src\system\function_system.rs;54;1730222;0.001870;18162;95;51;13242;104.499748
asset loading{loader="bevy_gltf::loader::GltfLoader" asset="models/environment/inferno/RockBig_003.glb"};C:\Users\Antoi\.cargo\registry\src\index.crates.io-1949cf8c6b5b557f\bevy_asset-0.18.1\src\server\loaders.rs;332;6325317;0.006837;6;1054219;183;6270585;2555529.743980
system_commands{name="bevy_render::extract_component::extract_components<bevy_core_pipeline::skybox::Skybox>"};C:\Users\Antoi\.cargo\registry\src\index.crates.io-1949cf8c6b5b557f\bevy_ecs-0.18.1\src\system\function_system.rs;54;28920127;0.031258;18162;1592;849;101951;901.921832
system_commands{name="(bevy_ecs::system::commands::Commands<'_, '_>, bevy_ecs::system::query::Query<'_, '_, (bevy_ecs::entity::Entity, &mut bevy_window::window::Window, &bevy_window::window::CursorOptions, core::option::Option<&bevy_window::raw_handle::RawHandleWrapperHolder>), bevy_ecs::query::filter::Added<bevy_window::window::Window>>, bevy_ecs::message::message_writer::MessageWriter<'_, bevy_window::event::WindowCreated>, bevy_ecs::change_detection::params::ResMut<'_, bevy_winit::accessibility::WinitActionRequestHandlers>, bevy_ecs::change_detection::params::Res<'_, bevy_a11y::AccessibilityRequested>, bevy_ecs::change_detection::params::Res<'_, bevy_winit::winit_monitors::WinitMonitors>)"};C:\Users\Antoi\.cargo\registry\src\index.crates.io-1949cf8c6b5b557f\bevy_ecs-0.18.1\src\system\function_system.rs;54;45744;0.000049;1;45744;45744;45744;0.000000
system{name="bevy_sprite_render::render::queue_sprites"};C:\Users\Antoi\.cargo\registry\src\index.crates.io-1949cf8c6b5b557f\bevy_ecs-0.18.1\src\system\function_system.rs;52;32362857;0.034980;18162;1781;814;84504;1252.149420
asset loading{loader="bevy_image::image_loader::ImageLoader" asset="ui/menu_video/frame_0110.webp"};C:\Users\Antoi\.cargo\registry\src\index.crates.io-1949cf8c6b5b557f\bevy_asset-0.18.1\src\server\loaders.rs;332;13997368;0.015129;7;1999624;121;13960538;5274270.276512
plugin cleanup{plugin="forgia_rpg_data::boons::ForgiaBoonsPlugin"};C:\Users\Antoi\.cargo\registry\src\index.crates.io-1949cf8c6b5b557f\bevy_app-0.18.1\src\app.rs;292;55;0.000000;1;55;55;55;0.000000
plugin finish{plugin="forgia_ui_lib::damage_direction::ForgiaUiDamageDirectionPlugin"};C:\Users\Antoi\.cargo\registry\src\index.crates.io-1949cf8c6b5b557f\bevy_app-0.18.1\src\app.rs;272;56;0.000000;1;56;56;56;0.000000
plugin finish{plugin="forgia_ui_lib::hud::coffre_forgeron::CoffreForgeronPlugin"};C:\Users\Antoi\.cargo\registry\src\index.crates.io-1949cf8c6b5b557f\bevy_app-0.18.1\src\app.rs;272;57;0.000000;1;57;57;57;0.000000
system{name="bevy_render::extract_component::prepare_uniform_components<bevy_core_pipeline::skybox::SkyboxUniforms>"};C:\Users\Antoi\.cargo\registry\src\index.crates.io-1949cf8c6b5b557f\bevy_ecs-0.18.1\src\system\function_system.rs;52;158865527;0.171710;18162;8747;3128;170455;4700.042490
plugin cleanup{plugin="bevy_render::extract_component::ExtractComponentPlugin<bevy_render::gpu_readback::Readback>"};C:\Users\Antoi\.cargo\registry\src\index.crates.io-1949cf8c6b5b557f\bevy_app-0.18.1\src\app.rs;292;99;0.000000;1;99;99;99;0.000000
plugin finish{plugin="forgia_ui_lib::hud_ammo::ForgiaUiHudAmmoPlugin"};C:\Users\Antoi\.cargo\registry\src\index.crates.io-1949cf8c6b5b557f\bevy_app-0.18.1\src\app.rs;272;54;0.000000;1;54;54;54;0.000000
system_commands{name="bevy_anti_alias::smaa::init_smaa_pipelines"};C:\Users\Antoi\.cargo\registry\src\index.crates.io-1949cf8c6b5b557f\bevy_ecs-0.18.1\src\system\function_system.rs;54;1682;0.000002;1;1682;1682;1682;0.000000
plugin cleanup{plugin="forgia_ui_lib::pause_menu::ForgiaUiPauseMenuPlugin"};C:\Users\Antoi\.cargo\registry\src\index.crates.io-1949cf8c6b5b557f\bevy_app-0.18.1\src\app.rs;292;56;0.000000;1;56;56;56;0.000000
asset loading{loader="bevy_image::image_loader::ImageLoader" asset="ui/menu_video/frame_0078.webp"};C:\Users\Antoi\.cargo\registry\src\index.crates.io-1949cf8c6b5b557f\bevy_asset-0.18.1\src\server\loaders.rs;332;14286153;0.015441;7;2040879;178;14252751;5384930.876457
system{name="bevy_asset::assets::Assets<forgia_genome_core::Genome<forgia_damage::HitFeedbackTuning>>::track_assets"};C:\Users\Antoi\.cargo\registry\src\index.crates.io-1949cf8c6b5b557f\bevy_ecs-0.18.1\src\system\function_system.rs;52;20758323;0.022437;18163;1142;178;240118;6030.435228
plugin finish{plugin="bevy_ui_render::color_space::ColorSpacePlugin"};C:\Users\Antoi\.cargo\registry\src\index.crates.io-1949cf8c6b5b557f\bevy_app-0.18.1\src\app.rs;272;60;0.000000;1;60;60;60;0.000000
plugin cleanup{plugin="bevy_audio::AudioPlugin"};C:\Users\Antoi\.cargo\registry\src\index.crates.io-1949cf8c6b5b557f\bevy_app-0.18.1\src\app.rs;292;54;0.000000;1;54;54;54;0.000000
system{name="forgia_juice_lib::camera_shake::apply_shake"};C:\Users\Antoi\.cargo\registry\src\index.crates.io-1949cf8c6b5b557f\bevy_ecs-0.18.1\src\system\function_system.rs;52;9964877;0.010771;18163;548;150;30005;332.161160
plugin finish{plugin="bevy_gizmos::aabb::AabbGizmoPlugin"};C:\Users\Antoi\.cargo\registry\src\index.crates.io-1949cf8c6b5b557f\bevy_app-0.18.1\src\app.rs;272;60;0.000000;1;60;60;60;0.000000
system{name="forgia_enemy_nameplate::promote_anchored_to_permanent"};C:\Users\Antoi\.cargo\registry\src\index.crates.io-1949cf8c6b5b557f\bevy_ecs-0.18.1\src\system\function_system.rs;52;8788117;0.009499;18163;483;123;47030;403.392159
system{name="forgia_mode_roguelite::boucherie_rocket::sys_fly_rockets"};C:\Users\Antoi\.cargo\registry\src\index.crates.io-1949cf8c6b5b557f\bevy_ecs-0.18.1\src\system\function_system.rs;52;7987730;0.008634;17308;461;154;12243;248.091236
asset loading{loader="bevy_image::image_loader::ImageLoader" asset="textures/vfx/kenney/spark_04.png"};C:\Users\Antoi\.cargo\registry\src\index.crates.io-1949cf8c6b5b557f\bevy_asset-0.18.1\src\server\loaders.rs;332;898804;0.000971;4;224701;162;854886;420496.851750
system{name="bevy_core_pipeline::deferred::copy_lighting_id::init_copy_deferred_lighting_id_pipeline"};C:\Users\Antoi\.cargo\registry\src\index.crates.io-1949cf8c6b5b557f\bevy_ecs-0.18.1\src\system\function_system.rs;52;17205;0.000019;1;17205;17205;17205;0.000000
system{name="bevy_ui::update::update_clipping_system"};C:\Users\Antoi\.cargo\registry\src\index.crates.io-1949cf8c6b5b557f\bevy_ecs-0.18.1\src\system\function_system.rs;52;8939242;0.009662;18163;492;143;28573;348.630512
system_commands{name="bevy_pbr::ssr::prepare_ssr_pipelines"};C:\Users\Antoi\.cargo\registry\src\index.crates.io-1949cf8c6b5b557f\bevy_ecs-0.18.1\src\system\function_system.rs;54;1552207;0.001678;18162;85;51;655;26.725230
system_commands{name="bevy_egui::setup_primary_egui_context_system"};C:\Users\Antoi\.cargo\registry\src\index.crates.io-1949cf8c6b5b557f\bevy_ecs-0.18.1\src\system\function_system.rs;54;1782638;0.001927;18164;98;52;77008;575.467866
plugin finish{plugin="forgia_rpg::ForgiaRpgPlugin"};C:\Users\Antoi\.cargo\registry\src\index.crates.io-1949cf8c6b5b557f\bevy_app-0.18.1\src\app.rs;272;54;0.000000;1;54;54;54;0.000000
asset loading{loader="bevy_image::image_loader::ImageLoader" asset="ui/menu_video/frame_0111.webp"};C:\Users\Antoi\.cargo\registry\src\index.crates.io-1949cf8c6b5b557f\bevy_asset-0.18.1\src\server\loaders.rs;332;13886633;0.015009;7;1983804;168;13845866;5230680.928296
system_commands{name="forgia_viewmodel::vm_camera::propagate_viewmodel_layer"};C:\Users\Antoi\.cargo\registry\src\index.crates.io-1949cf8c6b5b557f\bevy_ecs-0.18.1\src\system\function_system.rs;54;1908707;0.002063;17308;110;50;86777;664.151704
system{name="bevy_render::batching::gpu_preprocessing::delete_old_work_item_buffers<bevy_pbr::render::mesh::MeshPipeline>"};C:\Users\Antoi\.cargo\registry\src\index.crates.io-1949cf8c6b5b557f\bevy_ecs-0.18.1\src\system\function_system.rs;52;44355491;0.047942;18162;2442;1012;61696;1385.877831
system{name="forgia_mode_roguelite::waves::sys_boss_enrage"};C:\Users\Antoi\.cargo\registry\src\index.crates.io-1949cf8c6b5b557f\bevy_ecs-0.18.1\src\system\function_system.rs;52;12226961;0.013216;17308;706;181;133878;1196.688609
system{name="forgia_mode_roguelite::run::sys_end_run"};C:\Users\Antoi\.cargo\registry\src\index.crates.io-1949cf8c6b5b557f\bevy_ecs-0.18.1\src\system\function_system.rs;52;5931047;0.006411;17308;342;124;82889;919.973044
system{name="forgia_mode_roguelite::loot_room::sys_player_shrink"};C:\Users\Antoi\.cargo\registry\src\index.crates.io-1949cf8c6b5b557f\bevy_ecs-0.18.1\src\system\function_system.rs;52;11908896;0.012872;17308;688;289;38068;377.073583
asset loading{loader="bevy_gltf::loader::GltfLoader" asset="models/environment/inferno/RockBig_004.glb"};C:\Users\Antoi\.cargo\registry\src\index.crates.io-1949cf8c6b5b557f\bevy_asset-0.18.1\src\server\loaders.rs;332;7537387;0.008147;4;1884346;240;7529168;3763215.762793
system{name="bevy_asset::assets::Assets<forgia_genome_core::Genome<forgia_viewmodel::genome::ViewmodelGenome>>::asset_events_condition"};C:\Users\Antoi\.cargo\registry\src\index.crates.io-1949cf8c6b5b557f\bevy_ecs-0.18.1\src\system\function_system.rs;52;1328950;0.001436;18163;73;52;15981;122.678904
system{name="forgia_stage::authored::sys_collide_authored_pieces"};C:\Users\Antoi\.cargo\registry\src\index.crates.io-1949cf8c6b5b557f\bevy_ecs-0.18.1\src\system\function_system.rs;52;15613216;0.016876;18163;859;206;5203139;38630.546762
system{name="forgia_fps::lenoir::sys_reset_stats"};C:\Users\Antoi\.cargo\registry\src\index.crates.io-1949cf8c6b5b557f\bevy_ecs-0.18.1\src\system\function_system.rs;52;162;0.000000;1;162;162;162;0.000000
plugin cleanup{plugin="forgia_rpg_data::ForgiaRpgDataPlugin"};C:\Users\Antoi\.cargo\registry\src\index.crates.io-1949cf8c6b5b557f\bevy_app-0.18.1\src\app.rs;292;55;0.000000;1;55;55;55;0.000000
function_scope{egui::context::Context::set_fonts};C:\Users\Antoi\.cargo\registry\src\index.crates.io-1949cf8c6b5b557f\egui-0.33.3\src\context.rs;1961;191;0.000000;1;191;191;191;0.000000
plugin cleanup{plugin="bevy_render::extract_component::ExtractComponentPlugin<bevy_anti_alias::smaa::Smaa>"};C:\Users\Antoi\.cargo\registry\src\index.crates.io-1949cf8c6b5b557f\bevy_app-0.18.1\src\app.rs;292;55;0.000000;1;55;55;55;0.000000
system_commands{name="bevy_light::cluster::add_clusters"};C:\Users\Antoi\.cargo\registry\src\index.crates.io-1949cf8c6b5b557f\bevy_ecs-0.18.1\src\system\function_system.rs;54;1718474;0.001857;18163;94;50;70810;830.762562
system{name="bevy_pbr::render::light::remove_light_view_entities"};C:\Users\Antoi\.cargo\registry\src\index.crates.io-1949cf8c6b5b557f\bevy_ecs-0.18.1\src\system\function_system.rs;52;1970;0.000002;2;985;75;1895;1286.934342
system{name="forgia_mode_fps_arena::sync_tactical_tuning_from_genome"};C:\Users\Antoi\.cargo\registry\src\index.crates.io-1949cf8c6b5b557f\bevy_ecs-0.18.1\src\system\function_system.rs;52;6957505;0.007520;18163;383;123;248838;2374.988463
system_commands{name="forgia_enemy_nameplate::cleanup_registry_on_target_removed"};C:\Users\Antoi\.cargo\registry\src\index.crates.io-1949cf8c6b5b557f\bevy_ecs-0.18.1\src\system\function_system.rs;54;1966207;0.002125;18163;108;54;30450;252.017784
asset loading{loader="bevy_shader::shader::ShaderLoader" asset="embedded://bevy_pbr\\render/pbr_bindings.wgsl"};C:\Users\Antoi\.cargo\registry\src\index.crates.io-1949cf8c6b5b557f\bevy_asset-0.18.1\src\server\loaders.rs;332;377048;0.000408;2;188524;109;376939;266459.048355
system{name="forgia_rpg_data::boons::sys_handle_open_coffre"};C:\Users\Antoi\.cargo\registry\src\index.crates.io-1949cf8c6b5b557f\bevy_ecs-0.18.1\src\system\function_system.rs;52;7930897;0.008572;18163;436;127;112255;857.605954
plugin cleanup{plugin="forgia_mode_roguelite::audio::RogueliteAudioPlugin"};C:\Users\Antoi\.cargo\registry\src\index.crates.io-1949cf8c6b5b557f\bevy_app-0.18.1\src\app.rs;292;53;0.000000;1;53;53;53;0.000000
plugin build{plugin="forgia_ui_lib::inventory_panel::ForgiaUiInventoryPlugin"};C:\Users\Antoi\.cargo\registry\src\index.crates.io-1949cf8c6b5b557f\bevy_app-0.18.1\src\app.rs;529;4829;0.000005;1;4829;4829;4829;0.000000
system{name="forgia_enemy_nameplate::tuning::sync_tuning"};C:\Users\Antoi\.cargo\registry\src\index.crates.io-1949cf8c6b5b557f\bevy_ecs-0.18.1\src\system\function_system.rs;52;7339428;0.007933;18163;404;123;34024;400.512979
plugin build{plugin="bevy_time::TimePlugin"};C:\Users\Antoi\.cargo\registry\src\index.crates.io-1949cf8c6b5b557f\bevy_app-0.18.1\src\app.rs;529;56450;0.000061;1;56450;56450;56450;0.000000
system{name="forgia_fps::fire_allowed"};C:\Users\Antoi\.cargo\registry\src\index.crates.io-1949cf8c6b5b557f\bevy_ecs-0.18.1\src\system\function_system.rs;52;478567;0.000517;5734;83;53;454;28.609788
system{name="bevy_state::state::transitions::run_exit<forgia_mode_roguelite::run::RunState>"};C:\Users\Antoi\.cargo\registry\src\index.crates.io-1949cf8c6b5b557f\bevy_ecs-0.18.1\src\system\function_system.rs;52;1800079;0.001946;18164;99;57;331162;2458.453935
asset loading{loader="bevy_gltf::loader::GltfLoader" asset="models/environment/inferno/StatueKnight_002.glb"};C:\Users\Antoi\.cargo\registry\src\index.crates.io-1949cf8c6b5b557f\bevy_asset-0.18.1\src\server\loaders.rs;332;6110577;0.006605;4;1527644;89;6093034;3043603.851865
system{name="bevy_render::extract_component::prepare_uniform_components<bevy_post_process::motion_blur::MotionBlurUniform>"};C:\Users\Antoi\.cargo\registry\src\index.crates.io-1949cf8c6b5b557f\bevy_ecs-0.18.1\src\system\function_system.rs;52;8147369;0.008806;18162;448;123;85176;991.537306
system{name="bevy_camera::visibility::mark_newly_hidden_entities_invisible"};C:\Users\Antoi\.cargo\registry\src\index.crates.io-1949cf8c6b5b557f\bevy_ecs-0.18.1\src\system\function_system.rs;52;1130063479;1.221434;18163;62217;36533;2340595;34223.181907
system{name="forgia_ui_lib::hud::barks::sys_trigger_combat_barks"};C:\Users\Antoi\.cargo\registry\src\index.crates.io-1949cf8c6b5b557f\bevy_ecs-0.18.1\src\system\function_system.rs;52;7578487;0.008191;18163;417;141;528455;4258.582426
system{name="bevy_pbr::material::mark_meshes_as_changed_if_their_materials_changed<bevy_pbr::extended_material::ExtendedMaterial<bevy_pbr::pbr_material::StandardMaterial, bevy_water::water::material::WaterMaterial>>"};C:\Users\Antoi\.cargo\registry\src\index.crates.io-1949cf8c6b5b557f\bevy_ecs-0.18.1\src\system\function_system.rs;52;28981417;0.031325;18163;1595;616;96920;977.443725
asset loading{loader="bevy_image::image_loader::ImageLoader" asset="ui/menu_video/frame_0096.webp"};C:\Users\Antoi\.cargo\registry\src\index.crates.io-1949cf8c6b5b557f\bevy_asset-0.18.1\src\server\loaders.rs;332;17782701;0.019221;6;2963783;103;17749194;7243343.681675
system{name="forgia_rpg_data::loot_tables::sys_tick_pickup_lifetime"};C:\Users\Antoi\.cargo\registry\src\index.crates.io-1949cf8c6b5b557f\bevy_ecs-0.18.1\src\system\function_system.rs;52;16380800;0.017705;18163;901;198;93143;893.339630
system{name="forgia_mode_roguelite::intro_dialogue::sys_start_intro"};C:\Users\Antoi\.cargo\registry\src\index.crates.io-1949cf8c6b5b557f\bevy_ecs-0.18.1\src\system\function_system.rs;52;243;0.000000;1;243;243;243;0.000000
system{name="forgia_ui::spawn_menu_camera_permanent"};C:\Users\Antoi\.cargo\registry\src\index.crates.io-1949cf8c6b5b557f\bevy_ecs-0.18.1\src\system\function_system.rs;52;804297;0.000869;1;804297;804297;804297;0.000000
plugin build{plugin="bevy_water::water::material::WaterMaterialPlugin"};C:\Users\Antoi\.cargo\registry\src\index.crates.io-1949cf8c6b5b557f\bevy_app-0.18.1\src\app.rs;529;783987;0.000847;1;783987;783987;783987;0.000000
system{name="bevy_kira_audio::audio_output::cleanup_stopped_instances"};C:\Users\Antoi\.cargo\registry\src\index.crates.io-1949cf8c6b5b557f\bevy_ecs-0.18.1\src\system\function_system.rs;52;19305801;0.020867;18163;1062;134;251565;2079.962490
plugin build{plugin="bevy_render::sync_component::SyncComponentPlugin<bevy_pbr::atmosphere::environment::AtmosphereEnvironmentMap>"};C:\Users\Antoi\.cargo\registry\src\index.crates.io-1949cf8c6b5b557f\bevy_app-0.18.1\src\app.rs;529;1837;0.000002;1;1837;1837;1837;0.000000
asset loading{loader="bevy_shader::shader::ShaderLoader" asset="embedded://bevy_pbr\\render/pbr_functions.wgsl"};C:\Users\Antoi\.cargo\registry\src\index.crates.io-1949cf8c6b5b557f\bevy_asset-0.18.1\src\server\loaders.rs;332;1846561;0.001996;2;923280;319;1846242;1305264.670848
system{name="bevy_rapier3d::plugin::systems::rigid_body::apply_rigid_body_user_changes"};C:\Users\Antoi\.cargo\registry\src\index.crates.io-1949cf8c6b5b557f\bevy_ecs-0.18.1\src\system\function_system.rs;52;36646705;0.039610;5734;6391;227;97977;2339.433676
plugin build{plugin="forgia_viewmodel::attach::ForgiaViewmodelAttachPlugin"};C:\Users\Antoi\.cargo\registry\src\index.crates.io-1949cf8c6b5b557f\bevy_app-0.18.1\src\app.rs;529;26275;0.000028;1;26275;26275;26275;0.000000
plugin build{plugin="bevy_render::diagnostic::RenderDiagnosticsPlugin"};C:\Users\Antoi\.cargo\registry\src\index.crates.io-1949cf8c6b5b557f\bevy_app-0.18.1\src\app.rs;529;6353;0.000007;1;6353;6353;6353;0.000000
plugin build{plugin="bevy_gltf::GltfPlugin"};C:\Users\Antoi\.cargo\registry\src\index.crates.io-1949cf8c6b5b557f\bevy_app-0.18.1\src\app.rs;529;125221;0.000135;1;125221;125221;125221;0.000000
system_commands{name="bevy_pbr::render::light::prepare_lights"};C:\Users\Antoi\.cargo\registry\src\index.crates.io-1949cf8c6b5b557f\bevy_ecs-0.18.1\src\system\function_system.rs;54;116443317;0.125858;18162;6411;1977;373401;3672.024037
asset loading{loader="bevy_gltf::loader::GltfLoader" asset="models/environment/inferno/Crag_001.glb"};C:\Users\Antoi\.cargo\registry\src\index.crates.io-1949cf8c6b5b557f\bevy_asset-0.18.1\src\server\loaders.rs;332;6548309;0.007078;6;1091384;153;6398110;2600292.840657
system{name="bevy_pbr::render::light::init_shadow_samplers"};C:\Users\Antoi\.cargo\registry\src\index.crates.io-1949cf8c6b5b557f\bevy_ecs-0.18.1\src\system\function_system.rs;52;116854;0.000126;1;116854;116854;116854;0.000000
system{name="forgia_observability::memory_sensor::sys_write_memory_sensor"};C:\Users\Antoi\.cargo\registry\src\index.crates.io-1949cf8c6b5b557f\bevy_ecs-0.18.1\src\system\function_system.rs;52;4947641;0.005348;18163;272;75;58455;485.532434
plugin finish{plugin="bevy_render::extract_component::ExtractComponentPlugin<bevy_pbr::deferred::PbrDeferredLightingDepthId>"};C:\Users\Antoi\.cargo\registry\src\index.crates.io-1949cf8c6b5b557f\bevy_app-0.18.1\src\app.rs;272;155;0.000000;1;155;155;155;0.000000
system{name="bevy_hanabi::render::prepare_init_update_pipelines"};C:\Users\Antoi\.cargo\registry\src\index.crates.io-1949cf8c6b5b557f\bevy_ecs-0.18.1\src\system\function_system.rs;52;166845301;0.180335;18162;9186;5595;232722;3408.868551
system{name="forgia_water::sync_sea_level_resource"};C:\Users\Antoi\.cargo\registry\src\index.crates.io-1949cf8c6b5b557f\bevy_ecs-0.18.1\src\system\function_system.rs;52;2894768;0.003129;18163;159;77;3742;86.819622
plugin finish{plugin="bevy_render::view::window::WindowRenderPlugin"};C:\Users\Antoi\.cargo\registry\src\index.crates.io-1949cf8c6b5b557f\bevy_app-0.18.1\src\app.rs;272;110;0.000000;1;110;110;110;0.000000
system_commands{name="forgia_mode_roguelite::run::sys_tag_player_as_collector"};C:\Users\Antoi\.cargo\registry\src\index.crates.io-1949cf8c6b5b557f\bevy_ecs-0.18.1\src\system\function_system.rs;54;1507063;0.001629;17308;87;51;413210;3146.630656
function_scope{egui::memory::Memory::begin_pass};C:\Users\Antoi\.cargo\registry\src\index.crates.io-1949cf8c6b5b557f\egui-0.33.3\src\memory\mod.rs;747;42525440;0.045964;18163;2341;264;140431;2871.912097
plugin build{plugin="bevy_render::view::window::WindowRenderPlugin"};C:\Users\Antoi\.cargo\registry\src\index.crates.io-1949cf8c6b5b557f\bevy_app-0.18.1\src\app.rs;529;75796;0.000082;1;75796;75796;75796;0.000000
plugin finish{plugin="forgia_fps::bourrasque::ForgiaBourrasquePlugin"};C:\Users\Antoi\.cargo\registry\src\index.crates.io-1949cf8c6b5b557f\bevy_app-0.18.1\src\app.rs;272;56;0.000000;1;56;56;56;0.000000
node{name="bevy_pbr::render::gpu_preprocess::ClearIndirectParametersMetadataNode"};C:\Users\Antoi\.cargo\registry\src\index.crates.io-1949cf8c6b5b557f\bevy_render-0.18.1\src\renderer\graph_runner.rs;240;44370675;0.047958;36324;1221;248;84114;984.841166
plugin finish{plugin="bevy_render::sync_component::SyncComponentPlugin<bevy_anti_alias::fxaa::Fxaa>"};C:\Users\Antoi\.cargo\registry\src\index.crates.io-1949cf8c6b5b557f\bevy_app-0.18.1\src\app.rs;272;54;0.000000;1;54;54;54;0.000000
system{name="bevy_egui::render::systems::queue_pipelines_system"};C:\Users\Antoi\.cargo\registry\src\index.crates.io-1949cf8c6b5b557f\bevy_ecs-0.18.1\src\system\function_system.rs;52;31146908;0.033665;18162;1714;764;87035;1211.696359
system{name="bevy_scene::scene_spawner::scene_spawner"};C:\Users\Antoi\.cargo\registry\src\index.crates.io-1949cf8c6b5b557f\bevy_ecs-0.18.1\src\system\function_system.rs;52;38739433;0.041872;18163;2132;349;84261;1425.574609
system{name="bevy_state::state_scoped::despawn_entities_on_exit_state<forgia_core::states::AppMode>"};C:\Users\Antoi\.cargo\registry\src\index.crates.io-1949cf8c6b5b557f\bevy_ecs-0.18.1\src\system\function_system.rs;52;7781614;0.008411;18164;428;89;82652;628.569636
plugin build{plugin="forgia_ai_arena_bot::ForgiaAiArenaBotPlugin"};C:\Users\Antoi\.cargo\registry\src\index.crates.io-1949cf8c6b5b557f\bevy_app-0.18.1\src\app.rs;529;85603;0.000093;1;85603;85603;85603;0.000000
system{name="bevy_transform::systems::parallel::propagate_parent_transforms"};C:\Users\Antoi\.cargo\registry\src\index.crates.io-1949cf8c6b5b557f\bevy_ecs-0.18.1\src\system\function_system.rs;52;3402779841;3.677909;23898;142387;3570;63303698;1123152.903196
plugin finish{plugin="forgia_anim_debug::bone_trace::BoneTracePlugin"};C:\Users\Antoi\.cargo\registry\src\index.crates.io-1949cf8c6b5b557f\bevy_app-0.18.1\src\app.rs;272;55;0.000000;1;55;55;55;0.000000
system_commands{name="forgia_mode_roguelite::boss_portal::sys_ground_portal"};C:\Users\Antoi\.cargo\registry\src\index.crates.io-1949cf8c6b5b557f\bevy_ecs-0.18.1\src\system\function_system.rs;54;1640101;0.001773;17308;94;51;56140;433.076553
asset loading{loader="forgia_genome_core::GenomeLoader<forgia_player::skybox_genome::SkyPaletteGenome>" asset="genomes/biome_sky.toml"};C:\Users\Antoi\.cargo\registry\src\index.crates.io-1949cf8c6b5b557f\bevy_asset-0.18.1\src\server\loaders.rs;332;220824;0.000239;5;44164;3010;180335;76737.358024
system{name="bevy_render::batching::gpu_preprocessing::batch_and_prepare_sorted_render_phase<bevy_core_pipeline::core_3d::Transmissive3d, bevy_pbr::render::mesh::MeshPipeline>"};C:\Users\Antoi\.cargo\registry\src\index.crates.io-1949cf8c6b5b557f\bevy_ecs-0.18.1\src\system\function_system.rs;52;24372816;0.026343;18162;1341;519;78173;841.072852
system{name="forgia_enemy_nameplate::sensor_write"};C:\Users\Antoi\.cargo\registry\src\index.crates.io-1949cf8c6b5b557f\bevy_ecs-0.18.1\src\system\function_system.rs;52;5837779;0.006310;18163;321;82;18342;530.959223
plugin finish{plugin="bevy_render::sync_component::SyncComponentPlugin<bevy_light::ambient_light::AmbientLight>"};C:\Users\Antoi\.cargo\registry\src\index.crates.io-1949cf8c6b5b557f\bevy_app-0.18.1\src\app.rs;272;56;0.000000;1;56;56;56;0.000000
system_commands{name="forgia_effects::mesh_fader::clone_material_on_fader_add"};C:\Users\Antoi\.cargo\registry\src\index.crates.io-1949cf8c6b5b557f\bevy_ecs-0.18.1\src\system\function_system.rs;54;1195167;0.001292;18163;65;50;55640;420.005891
system{name="bevy_water::water::update_wave_direction"};C:\Users\Antoi\.cargo\registry\src\index.crates.io-1949cf8c6b5b557f\bevy_ecs-0.18.1\src\system\function_system.rs;52;14667377;0.015853;18163;807;311;37576;398.206697
plugin build{plugin="forgia_mode_roguelite::enemy_anim::ForgiaRogueliteEnemyAnimPlugin"};C:\Users\Antoi\.cargo\registry\src\index.crates.io-1949cf8c6b5b557f\bevy_app-0.18.1\src\app.rs;529;44611;0.000048;1;44611;44611;44611;0.000000
asset loading{loader="bevy_image::image_loader::ImageLoader" asset="textures/vfx/kenney/light_01.png"};C:\Users\Antoi\.cargo\registry\src\index.crates.io-1949cf8c6b5b557f\bevy_asset-0.18.1\src\server\loaders.rs;332;651501;0.000704;6;108583;77;630247;255615.364273
system{name="forgia_mode_roguelite::run::obs_roguelite_enemy_death"};C:\Users\Antoi\.cargo\registry\src\index.crates.io-1949cf8c6b5b557f\bevy_ecs-0.18.1\src\system\function_system.rs;52;108878;0.000118;8;13609;7685;36016;9513.343081
system_commands{name="bevy_render::extract_component::prepare_uniform_components<bevy_pbr::deferred::PbrDeferredLightingDepthId>"};C:\Users\Antoi\.cargo\registry\src\index.crates.io-1949cf8c6b5b557f\bevy_ecs-0.18.1\src\system\function_system.rs;54;1590034;0.001719;18162;87;50;29372;222.924528
asset loading{loader="bevy_gltf::loader::GltfLoader" asset="models/kaykit/skeletons/Skeleton_Minion.glb"};C:\Users\Antoi\.cargo\registry\src\index.crates.io-1949cf8c6b5b557f\bevy_asset-0.18.1\src\server\loaders.rs;332;51581456;0.055752;17;3034203;165;25639675;7842863.778977
system{name="bevy_picking::input::spawn_mouse_pointer"};C:\Users\Antoi\.cargo\registry\src\index.crates.io-1949cf8c6b5b557f\bevy_ecs-0.18.1\src\system\function_system.rs;52;1295;0.000001;1;1295;1295;1295;0.000000
system{name="forgia_mode_roguelite::status_vfx::sys_detach_poison_vfx"};C:\Users\Antoi\.cargo\registry\src\index.crates.io-1949cf8c6b5b557f\bevy_ecs-0.18.1\src\system\function_system.rs;52;6808134;0.007359;17308;393;150;75460;671.596070
asset loading{loader="bevy_gltf::loader::GltfLoader" asset="models/environment/inferno/Gear_002.glb"};C:\Users\Antoi\.cargo\registry\src\index.crates.io-1949cf8c6b5b557f\bevy_asset-0.18.1\src\server\loaders.rs;332;6665848;0.007205;5;1333169;83;6554845;2919094.696543
main_transparent_pass_3d;C:\Users\Antoi\.cargo\registry\src\index.crates.io-1949cf8c6b5b557f\bevy_core_pipeline-0.18.1\src\core_3d\main_transparent_pass_3d_node.rs;53;612190781;0.661689;17307;35372;8135;620559;13031.819034
system{name="bevy_pbr::prepass::specialize_prepass_material_meshes"};C:\Users\Antoi\.cargo\registry\src\index.crates.io-1949cf8c6b5b557f\bevy_ecs-0.18.1\src\system\function_system.rs;52;17061513;0.018441;18162;939;397;11970;352.368253
system{name="bevy_core_pipeline::oit::resolve::prepare_oit_resolve_bind_group"};C:\Users\Antoi\.cargo\registry\src\index.crates.io-1949cf8c6b5b557f\bevy_ecs-0.18.1\src\system\function_system.rs;52;234719402;0.253697;18162;12923;3449;572686;12708.987698
system{name="leafwing_input_manager::user_input::updating::input_is_enabled<bevy_input::mouse::MouseButton>"};C:\Users\Antoi\.cargo\registry\src\index.crates.io-1949cf8c6b5b557f\bevy_ecs-0.18.1\src\system\function_system.rs;52;1791177;0.001936;18163;98;54;8085;71.903868
plugin cleanup{plugin="bevy_image::texture_atlas::TextureAtlasPlugin"};C:\Users\Antoi\.cargo\registry\src\index.crates.io-1949cf8c6b5b557f\bevy_app-0.18.1\src\app.rs;292;66;0.000000;1;66;66;66;0.000000
plugin cleanup{plugin="forgia_juice_lib::knockback::ForgiaJuiceKnockbackPlugin"};C:\Users\Antoi\.cargo\registry\src\index.crates.io-1949cf8c6b5b557f\bevy_app-0.18.1\src\app.rs;292;57;0.000000;1;57;57;57;0.000000
system_commands{name="forgia_terrain::terrain_material::init_terrain_material"};C:\Users\Antoi\.cargo\registry\src\index.crates.io-1949cf8c6b5b557f\bevy_ecs-0.18.1\src\system\function_system.rs;54;3789;0.000004;1;3789;3789;3789;0.000000
node{name="bevy_pbr::render::gpu_preprocess::LatePrepassBuildIndirectParametersNode"};C:\Users\Antoi\.cargo\registry\src\index.crates.io-1949cf8c6b5b557f\bevy_render-0.18.1\src\renderer\graph_runner.rs;240;6483639;0.007008;36324;178;69;20692;149.538962
plugin finish{plugin="bevy_log::LogPlugin"};C:\Users\Antoi\.cargo\registry\src\index.crates.io-1949cf8c6b5b557f\bevy_app-0.18.1\src\app.rs;272;66;0.000000;1;66;66;66;0.000000
system_commands{name="bevy_hanabi::render::property::allocate_properties"};C:\Users\Antoi\.cargo\registry\src\index.crates.io-1949cf8c6b5b557f\bevy_ecs-0.18.1\src\system\function_system.rs;54;1720153;0.001859;18162;94;51;1072;34.372584
system{name="forgia_player::attach_skybox_to_camera"};C:\Users\Antoi\.cargo\registry\src\index.crates.io-1949cf8c6b5b557f\bevy_ecs-0.18.1\src\system\function_system.rs;52;10119960;0.010938;18163;557;172;414602;3165.162290
command_buffer_generation_tasks;C:\Users\Antoi\.cargo\registry\src\index.crates.io-1949cf8c6b5b557f\bevy_render-0.18.1\src\renderer\mod.rs;610;3117879080;3.369973;18162;171670;67710;45083384;638473.594132
solve_constraints;C:\Users\Antoi\.cargo\registry\src\index.crates.io-1949cf8c6b5b557f\rapier3d-0.31.0\src\dynamics\solver\velocity_solver.rs;149;79635842;0.086075;5734;13888;11225;98310;2748.630782
system{name="forgia_mode_roguelite::merchant::sys_ground_merchant"};C:\Users\Antoi\.cargo\registry\src\index.crates.io-1949cf8c6b5b557f\bevy_ecs-0.18.1\src\system\function_system.rs;52;7148210;0.007726;17308;413;137;128211;1013.065198
system{name="bevy_render::extract_component::prepare_uniform_components<bevy_pbr::atmosphere::resources::GpuAtmosphere>"};C:\Users\Antoi\.cargo\registry\src\index.crates.io-1949cf8c6b5b557f\bevy_ecs-0.18.1\src\system\function_system.rs;52;8094950;0.008749;18162;445;134;83384;725.110978
write_current_input_buffers;C:\Users\Antoi\.cargo\registry\src\index.crates.io-1949cf8c6b5b557f\bevy_render-0.18.1\src\batching\gpu_preprocessing.rs;2026;221901752;0.239843;18162;12217;459;1405720;15608.433014
plugin build{plugin="bevy_mesh::MeshPlugin"};C:\Users\Antoi\.cargo\registry\src\index.crates.io-1949cf8c6b5b557f\bevy_app-0.18.1\src\app.rs;529;66458;0.000072;1;66458;66458;66458;0.000000
system_commands{name="bevy_core_pipeline::skybox::prepare_skybox_bind_groups"};C:\Users\Antoi\.cargo\registry\src\index.crates.io-1949cf8c6b5b557f\bevy_ecs-0.18.1\src\system\function_system.rs;54;41406472;0.044754;18162;2279;1068;89398;1280.775964
asset loading{loader="bevy_gltf::loader::GltfLoader" asset="models/kaykit/hexagon/red/building_castle_red.gltf"};C:\Users\Antoi\.cargo\registry\src\index.crates.io-1949cf8c6b5b557f\bevy_asset-0.18.1\src\server\loaders.rs;332;710817;0.000768;7;101545;164;543805;198365.461853
system{name="forgia_mode_roguelite::parcours_obstacles::sys_rotate_obstacles"};C:\Users\Antoi\.cargo\registry\src\index.crates.io-1949cf8c6b5b557f\bevy_ecs-0.18.1\src\system\function_system.rs;52;5631880;0.006087;17308;325;142;28794;274.160347
plugin finish{plugin="bevy_render::extract_component::ExtractComponentPlugin<bevy_camera::components::Camera3d>"};C:\Users\Antoi\.cargo\registry\src\index.crates.io-1949cf8c6b5b557f\bevy_app-0.18.1\src\app.rs;272;54;0.000000;1;54;54;54;0.000000
system{name="forgia_mode_roguelite::shockwave::sys_animate_shockwave_vfx"};C:\Users\Antoi\.cargo\registry\src\index.crates.io-1949cf8c6b5b557f\bevy_ecs-0.18.1\src\system\function_system.rs;52;4588855;0.004960;17308;265;81;8999;169.656912
system{name="bevy_render::render_phase::sweep_old_entities<bevy_core_pipeline::prepass::AlphaMask3dPrepass>"};C:\Users\Antoi\.cargo\registry\src\index.crates.io-1949cf8c6b5b557f\bevy_ecs-0.18.1\src\system\function_system.rs;52;2882397;0.003115;18162;158;58;82551;831.603690
plugin build{plugin="forgia_skeleton_template::SkeletonTemplatePlugin"};C:\Users\Antoi\.cargo\registry\src\index.crates.io-1949cf8c6b5b557f\bevy_app-0.18.1\src\app.rs;529;67062;0.000072;1;67062;67062;67062;0.000000
plugin cleanup{plugin="forgia_secondary_motion::ForgiaSecondaryMotionPlugin"};C:\Users\Antoi\.cargo\registry\src\index.crates.io-1949cf8c6b5b557f\bevy_app-0.18.1\src\app.rs;292;55;0.000000;1;55;55;55;0.000000
system_commands{name="bevy_render::erased_render_asset::extract_erased_render_asset<bevy_pbr::mesh_material::MeshMaterial3d<bevy_pbr::pbr_material::StandardMaterial>>"};C:\Users\Antoi\.cargo\registry\src\index.crates.io-1949cf8c6b5b557f\bevy_ecs-0.18.1\src\system\function_system.rs;54;26418051;0.028554;18162;1454;361;1053313;7888.983664
asset loading{loader="bevy_image::image_loader::ImageLoader" asset="ui/menu_video/frame_0108.webp"};C:\Users\Antoi\.cargo\registry\src\index.crates.io-1949cf8c6b5b557f\bevy_asset-0.18.1\src\server\loaders.rs;332;14637797;0.015821;8;1829724;131;14601915;5160746.858656
system{name="forgia_mode_roguelite::poi::sys_clear_poi_on_run_start"};C:\Users\Antoi\.cargo\registry\src\index.crates.io-1949cf8c6b5b557f\bevy_ecs-0.18.1\src\system\function_system.rs;52;9682421;0.010465;17308;559;183;84821;1221.723699
system{name="bevy_asset::assets::Assets<bevy_sprite_render::mesh2d::color_material::ColorMaterial>::asset_events"};C:\Users\Antoi\.cargo\registry\src\index.crates.io-1949cf8c6b5b557f\bevy_ecs-0.18.1\src\system\function_system.rs;52;1338;0.000001;1;1338;1338;1338;0.000000
system{name="forgia_mode_roguelite::merchant::sys_merchant_keyboard"};C:\Users\Antoi\.cargo\registry\src\index.crates.io-1949cf8c6b5b557f\bevy_ecs-0.18.1\src\system\function_system.rs;52;4239974;0.004583;17308;244;74;36697;388.165878
system{name="bevy_egui::input::write_window_pointer_moved_messages_system"};C:\Users\Antoi\.cargo\registry\src\index.crates.io-1949cf8c6b5b557f\bevy_ecs-0.18.1\src\system\function_system.rs;52;7587594;0.008201;18163;417;152;11966;195.852113
plugin finish{plugin="bevy_pbr::prepass::PrepassPlugin"};C:\Users\Antoi\.cargo\registry\src\index.crates.io-1949cf8c6b5b557f\bevy_app-0.18.1\src\app.rs;272;86;0.000000;1;86;86;86;0.000000
system{name="bevy_asset::assets::Assets<bevy_text::font::Font>::track_assets"};C:\Users\Antoi\.cargo\registry\src\index.crates.io-1949cf8c6b5b557f\bevy_ecs-0.18.1\src\system\function_system.rs;52;17726398;0.019160;18163;975;161;241014;6315.098079
plugin build{plugin="bevy_render::sync_component::SyncComponentPlugin<bevy_core_pipeline::oit::OrderIndependentTransparencySettings>"};C:\Users\Antoi\.cargo\registry\src\index.crates.io-1949cf8c6b5b557f\bevy_app-0.18.1\src\app.rs;529;3213;0.000003;1;3213;3213;3213;0.000000
system{name="forgia_mode_roguelite::audio::sys_hot_reload_audio_genome"};C:\Users\Antoi\.cargo\registry\src\index.crates.io-1949cf8c6b5b557f\bevy_ecs-0.18.1\src\system\function_system.rs;52;7565875;0.008178;17308;437;82;66722;2475.799377
system{name="forgia_viewmodel::attach::auto_scale_viewmodel"};C:\Users\Antoi\.cargo\registry\src\index.crates.io-1949cf8c6b5b557f\bevy_ecs-0.18.1\src\system\function_system.rs;52;11163718;0.012066;17308;645;204;169537;2539.772465
system{name="bevy_picking::PickingSettings::window_picking_should_run"};C:\Users\Antoi\.cargo\registry\src\index.crates.io-1949cf8c6b5b557f\bevy_ecs-0.18.1\src\system\function_system.rs;52;1714522;0.001853;18163;94;55;13188;105.551797
system{name="forgia_rpg_data::items::load_items_registry"};C:\Users\Antoi\.cargo\registry\src\index.crates.io-1949cf8c6b5b557f\bevy_ecs-0.18.1\src\system\function_system.rs;52;2041881;0.002207;1;2041881;2041881;2041881;0.000000
system_commands{name="bevy_rapier3d::plugin::systems::character_controller::update_character_controls"};C:\Users\Antoi\.cargo\registry\src\index.crates.io-1949cf8c6b5b557f\bevy_ecs-0.18.1\src\system\function_system.rs;54;1230316;0.001330;5734;214;71;258865;3417.311298
system{name="bevy_pbr::material::sweep_entities_needing_specialization<bevy_pbr::extended_material::ExtendedMaterial<bevy_pbr::pbr_material::StandardMaterial, bevy_water::water::material::WaterMaterial>>"};C:\Users\Antoi\.cargo\registry\src\index.crates.io-1949cf8c6b5b557f\bevy_ecs-0.18.1\src\system\function_system.rs;52;7742141;0.008368;18163;426;134;11151;300.015141
system{name="leafwing_input_manager::systems::filter_captured_input"};C:\Users\Antoi\.cargo\registry\src\index.crates.io-1949cf8c6b5b557f\bevy_ecs-0.18.1\src\system\function_system.rs;52;5063070;0.005472;18163;278;98;21085;179.527693
system{name="forgia_combat::sensor::sys_write_combat_sensor"};C:\Users\Antoi\.cargo\registry\src\index.crates.io-1949cf8c6b5b557f\bevy_ecs-0.18.1\src\system\function_system.rs;52;10858344;0.011736;18163;597;192;147918;1163.778654
plugin build{plugin="forgia_viewmodel::calibration_sensor::ForgiaViewmodelCalibrationPlugin"};C:\Users\Antoi\.cargo\registry\src\index.crates.io-1949cf8c6b5b557f\bevy_app-0.18.1\src\app.rs;529;6196;0.000007;1;6196;6196;6196;0.000000
system{name="forgia_viewmodel::pose::track_right_mouse_state"};C:\Users\Antoi\.cargo\registry\src\index.crates.io-1949cf8c6b5b557f\bevy_ecs-0.18.1\src\system\function_system.rs;52;2954818;0.003194;17308;170;79;5320;83.269255
system{name="bevy_camera::visibility::calculate_bounds"};C:\Users\Antoi\.cargo\registry\src\index.crates.io-1949cf8c6b5b557f\bevy_ecs-0.18.1\src\system\function_system.rs;52;3280962591;3.546242;18163;180639;60630;6117864;73657.323491
system_commands{name="forgia_mode_roguelite::enemy_scaling::sys_init_enemy_scaling"};C:\Users\Antoi\.cargo\registry\src\index.crates.io-1949cf8c6b5b557f\bevy_ecs-0.18.1\src\system\function_system.rs;54;7899;0.000009;1;7899;7899;7899;0.000000
system_commands{name="bevy_sprite_render::mesh2d::material::init_material_2d_pipeline<bevy_sprite_render::mesh2d::color_material::ColorMaterial>"};C:\Users\Antoi\.cargo\registry\src\index.crates.io-1949cf8c6b5b557f\bevy_ecs-0.18.1\src\system\function_system.rs;54;911;0.000001;1;911;911;911;0.000000
plugin finish{plugin="bevy_render::sync_component::SyncComponentPlugin<bevy_camera::camera::CameraMainTextureUsages>"};C:\Users\Antoi\.cargo\registry\src\index.crates.io-1949cf8c6b5b557f\bevy_app-0.18.1\src\app.rs;272;55;0.000000;1;55;55;55;0.000000
system{name="forgia_rpg_data::dialogue::end_sessions"};C:\Users\Antoi\.cargo\registry\src\index.crates.io-1949cf8c6b5b557f\bevy_ecs-0.18.1\src\system\function_system.rs;52;4559334;0.004928;18163;251;77;10826;140.913566
system{name="forgia_mode_roguelite::forge_shop::draw_forge_shop_window"};C:\Users\Antoi\.cargo\registry\src\index.crates.io-1949cf8c6b5b557f\bevy_ecs-0.18.1\src\system\function_system.rs;52;6213259;0.006716;17308;358;110;30775;333.666514
asset loading{loader="forgia_genome_core::GenomeLoader<forgia_juice_screen_flash::ScreenFlashTuning>" asset="genomes/screen_flash_tuning.toml"};C:\Users\Antoi\.cargo\registry\src\index.crates.io-1949cf8c6b5b557f\bevy_asset-0.18.1\src\server\loaders.rs;332;139400;0.000151;4;34850;74;93497;40930.070388
system{name="forgia_fps::ammo_systems::sync_ammo_slots_from_genome"};C:\Users\Antoi\.cargo\registry\src\index.crates.io-1949cf8c6b5b557f\bevy_ecs-0.18.1\src\system\function_system.rs;52;7924159;0.008565;18163;436;113;887327;8322.678717
asset loading{loader="bevy_image::image_loader::ImageLoader" asset="textures-v1/terrain/grass/normal.jpg"};C:\Users\Antoi\.cargo\registry\src\index.crates.io-1949cf8c6b5b557f\bevy_asset-0.18.1\src\server\loaders.rs;332;19091416;0.020635;4;4772854;207;19052121;9519516.299304
system_commands{name="forgia_mode_roguelite::boss_portal::sys_calibrate_portal"};C:\Users\Antoi\.cargo\registry\src\index.crates.io-1949cf8c6b5b557f\bevy_ecs-0.18.1\src\system\function_system.rs;54;1847329;0.001997;17308;106;50;164681;1483.347056
plugin cleanup{plugin="bevy_render::sync_component::SyncComponentPlugin<bevy_light::probe::GeneratedEnvironmentMapLight>"};C:\Users\Antoi\.cargo\registry\src\index.crates.io-1949cf8c6b5b557f\bevy_app-0.18.1\src\app.rs;292;131;0.000000;1;131;131;131;0.000000
system{name="bevy_audio::audio_output::cleanup_finished_audio<bevy_audio::pitch::Pitch>"};C:\Users\Antoi\.cargo\registry\src\index.crates.io-1949cf8c6b5b557f\bevy_ecs-0.18.1\src\system\function_system.rs;52;12256091;0.013247;18163;674;218;18045;305.809893
plugin finish{plugin="forgia_mode_roguelite::loot_room::RogueliteLootRoomPlugin"};C:\Users\Antoi\.cargo\registry\src\index.crates.io-1949cf8c6b5b557f\bevy_app-0.18.1\src\app.rs;272;54;0.000000;1;54;54;54;0.000000
system_commands{name="bevy_state::state_scoped::despawn_entities_on_exit_state<forgia_mode_roguelite::run::RunState>"};C:\Users\Antoi\.cargo\registry\src\index.crates.io-1949cf8c6b5b557f\bevy_ecs-0.18.1\src\system\function_system.rs;54;1174947;0.001270;18164;64;50;23611;175.174166
system{name="forgia_mode_roguelite::hud::draw_victory_overlay"};C:\Users\Antoi\.cargo\registry\src\index.crates.io-1949cf8c6b5b557f\bevy_ecs-0.18.1\src\system\function_system.rs;52;7323142;0.007915;18163;403;107;86633;755.311997
system{name="bevy_picking::pointer::PointerInput::receive"};C:\Users\Antoi\.cargo\registry\src\index.crates.io-1949cf8c6b5b557f\bevy_ecs-0.18.1\src\system\function_system.rs;52;10939229;0.011824;18163;602;175;59575;503.588340
plugin build{plugin="forgia_qa_replay::plugin::ForgiaQaReplayPlugin"};C:\Users\Antoi\.cargo\registry\src\index.crates.io-1949cf8c6b5b557f\bevy_app-0.18.1\src\app.rs;529;33732;0.000036;1;33732;33732;33732;0.000000
system_commands{name="forgia_enemy_nameplate::tuning::load_tuning"};C:\Users\Antoi\.cargo\registry\src\index.crates.io-1949cf8c6b5b557f\bevy_ecs-0.18.1\src\system\function_system.rs;54;4457;0.000005;1;4457;4457;4457;0.000000
system_commands{name="forgia_mode_roguelite::parcours_obstacles::sys_init_obstacle_genome"};C:\Users\Antoi\.cargo\registry\src\index.crates.io-1949cf8c6b5b557f\bevy_ecs-0.18.1\src\system\function_system.rs;54;3824;0.000004;1;3824;3824;3824;0.000000
system{name="forgia_qa_core::plugin::drain_metric_messages_to_bus"};C:\Users\Antoi\.cargo\registry\src\index.crates.io-1949cf8c6b5b557f\bevy_ecs-0.18.1\src\system\function_system.rs;52;3766005;0.004071;18163;207;70;51588;431.855538
plugin finish{plugin="forgia_game::color_grading::ColorGradingPlugin"};C:\Users\Antoi\.cargo\registry\src\index.crates.io-1949cf8c6b5b557f\bevy_app-0.18.1\src\app.rs;272;55;0.000000;1;55;55;55;0.000000
plugin finish{plugin="bevy_pbr::material::MaterialsPlugin"};C:\Users\Antoi\.cargo\registry\src\index.crates.io-1949cf8c6b5b557f\bevy_app-0.18.1\src\app.rs;272;76;0.000000;1;76;76;76;0.000000
system{name="forgia_viewmodel::arms::on_arm_scene_ready"};C:\Users\Antoi\.cargo\registry\src\index.crates.io-1949cf8c6b5b557f\bevy_ecs-0.18.1\src\system\function_system.rs;52;15787;0.000017;2;7893;7300;8487;839.336047
system_commands{name="bevy_ui_render::ui_texture_slice_pipeline::prepare_ui_slices"};C:\Users\Antoi\.cargo\registry\src\index.crates.io-1949cf8c6b5b557f\bevy_ecs-0.18.1\src\system\function_system.rs;54;9350054;0.010106;18162;514;227;86463;697.426580
system_commands{name="bevy_render::extract_component::prepare_uniform_components<bevy_gizmos_render::LineGizmoUniform>"};C:\Users\Antoi\.cargo\registry\src\index.crates.io-1949cf8c6b5b557f\bevy_ecs-0.18.1\src\system\function_system.rs;54;1538436;0.001663;18162;84;50;22242;166.039076
system{name="bevy_render::view::prepare_view_uniforms"};C:\Users\Antoi\.cargo\registry\src\index.crates.io-1949cf8c6b5b557f\bevy_ecs-0.18.1\src\system\function_system.rs;52;261188486;0.282307;18162;14381;2941;295289;14326.246554
write_phase_instance_buffers;C:\Users\Antoi\.cargo\registry\src\index.crates.io-1949cf8c6b5b557f\bevy_render-0.18.1\src\batching\gpu_preprocessing.rs;2047;25981510;0.028082;163458;158;48;155144;581.922195
system_commands{name="bevy_ui_render::box_shadow::init_box_shadow_pipeline"};C:\Users\Antoi\.cargo\registry\src\index.crates.io-1949cf8c6b5b557f\bevy_ecs-0.18.1\src\system\function_system.rs;54;1587;0.000002;1;1587;1587;1587;0.000000
asset loading{loader="bevy_shader::shader::ShaderLoader" asset="embedded://bevy_pbr\\atmosphere\\bindings.wgsl"};C:\Users\Antoi\.cargo\registry\src\index.crates.io-1949cf8c6b5b557f\bevy_asset-0.18.1\src\server\loaders.rs;332;52627;0.000057;2;26313;57;52570;37132.298407
system{name="bevy_picking::input::PointerInputSettings::is_mouse_enabled"};C:\Users\Antoi\.cargo\registry\src\index.crates.io-1949cf8c6b5b557f\bevy_ecs-0.18.1\src\system\function_system.rs;52;2233925;0.002415;18163;122;59;111649;855.177741
asset loading{loader="bevy_shader::shader::ShaderLoader" asset="embedded://bevy_pbr\\render/pbr_transmission.wgsl"};C:\Users\Antoi\.cargo\registry\src\index.crates.io-1949cf8c6b5b557f\bevy_asset-0.18.1\src\server\loaders.rs;332;603145;0.000652;2;301572;125;603020;426311.142844
plugin cleanup{plugin="bevy_state::app::StatesPlugin"};C:\Users\Antoi\.cargo\registry\src\index.crates.io-1949cf8c6b5b557f\bevy_app-0.18.1\src\app.rs;292;54;0.000000;1;54;54;54;0.000000
system{name="bevy_state::state_scoped::despawn_entities_on_exit_state<forgia_core::states::WorldMode>"};C:\Users\Antoi\.cargo\registry\src\index.crates.io-1949cf8c6b5b557f\bevy_ecs-0.18.1\src\system\function_system.rs;52;4932155;0.005331;18164;271;87;34113;289.624511
plugin finish{plugin="bevy_render::sync_component::SyncComponentPlugin<bevy_anti_alias::contrast_adaptive_sharpening::ContrastAdaptiveSharpening>"};C:\Users\Antoi\.cargo\registry\src\index.crates.io-1949cf8c6b5b557f\bevy_app-0.18.1\src\app.rs;272;60;0.000000;1;60;60;60;0.000000
plugin build{plugin="bevy_render::camera::CameraPlugin"};C:\Users\Antoi\.cargo\registry\src\index.crates.io-1949cf8c6b5b557f\bevy_app-0.18.1\src\app.rs;529;114275;0.000124;1;114275;114275;114275;0.000000
plugin finish{plugin="bevy_render::extract_component::ExtractComponentPlugin<bevy_anti_alias::contrast_adaptive_sharpening::ContrastAdaptiveSharpening>"};C:\Users\Antoi\.cargo\registry\src\index.crates.io-1949cf8c6b5b557f\bevy_app-0.18.1\src\app.rs;272;117;0.000000;1;117;117;117;0.000000
plugin build{plugin="bevy_pbr::ssao::ScreenSpaceAmbientOcclusionPlugin"};C:\Users\Antoi\.cargo\registry\src\index.crates.io-1949cf8c6b5b557f\bevy_app-0.18.1\src\app.rs;529;39100;0.000042;1;39100;39100;39100;0.000000
indexed_gpu_metadata;C:\Users\Antoi\.cargo\registry\src\index.crates.io-1949cf8c6b5b557f\bevy_render-0.18.1\src\batching\gpu_preprocessing.rs;2146;19090083;0.020634;163458;116;47;87022;340.289252
plugin build{plugin="forgia_ui_lib::theme::ForgeThemePlugin"};C:\Users\Antoi\.cargo\registry\src\index.crates.io-1949cf8c6b5b557f\bevy_app-0.18.1\src\app.rs;529;19400;0.000021;1;19400;19400;19400;0.000000
system{name="bevy_mesh::components::mark_3d_meshes_as_changed_if_their_assets_changed"};C:\Users\Antoi\.cargo\registry\src\index.crates.io-1949cf8c6b5b557f\bevy_ecs-0.18.1\src\system\function_system.rs;52;12744091;0.013775;18163;701;228;25201;335.830733
asset loading{loader="bevy_image::image_loader::ImageLoader" asset="ui/menu_video/frame_0005.webp"};C:\Users\Antoi\.cargo\registry\src\index.crates.io-1949cf8c6b5b557f\bevy_asset-0.18.1\src\server\loaders.rs;332;32948871;0.035613;11;2995351;180;17858962;6682637.464730
plugin finish{plugin="bevy_image::image::ImagePlugin"};C:\Users\Antoi\.cargo\registry\src\index.crates.io-1949cf8c6b5b557f\bevy_app-0.18.1\src\app.rs;272;130;0.000000;1;130;130;130;0.000000
system{name="forgia_mode_roguelite::coffre_sensor::sys_write_coffre_sensor"};C:\Users\Antoi\.cargo\registry\src\index.crates.io-1949cf8c6b5b557f\bevy_ecs-0.18.1\src\system\function_system.rs;52;5741953;0.006206;18163;316;97;36763;347.454416
system{name="forgia_observability::migration_baseline::sys_load_previous_baseline"};C:\Users\Antoi\.cargo\registry\src\index.crates.io-1949cf8c6b5b557f\bevy_ecs-0.18.1\src\system\function_system.rs;52;2268164;0.002452;1;2268164;2268164;2268164;0.000000
system_commands{name="bevy_pbr::light_probe::generate::prepare_generated_environment_map_bind_groups"};C:\Users\Antoi\.cargo\registry\src\index.crates.io-1949cf8c6b5b557f\bevy_ecs-0.18.1\src\system\function_system.rs;54;1602160;0.001732;18162;88;50;599;29.803772
plugin finish{plugin="bevy_render::extract_component::UniformComponentPlugin<bevy_core_pipeline::skybox::SkyboxUniforms>"};C:\Users\Antoi\.cargo\registry\src\index.crates.io-1949cf8c6b5b557f\bevy_app-0.18.1\src\app.rs;272;64;0.000000;1;64;64;64;0.000000
system_commands{name="bevy_ui_render::box_shadow::prepare_shadows"};C:\Users\Antoi\.cargo\registry\src\index.crates.io-1949cf8c6b5b557f\bevy_ecs-0.18.1\src\system\function_system.rs;54;10769612;0.011640;18162;592;245;30529;302.926079
plugin build{plugin="bevy_render::sync_component::SyncComponentPlugin<bevy_render::view::Hdr>"};C:\Users\Antoi\.cargo\registry\src\index.crates.io-1949cf8c6b5b557f\bevy_app-0.18.1\src\app.rs;529;2269;0.000002;1;2269;2269;2269;0.000000
system{name="forgia_ui_lib::hud_ammo::tuning::load_ammo_hud_tuning"};C:\Users\Antoi\.cargo\registry\src\index.crates.io-1949cf8c6b5b557f\bevy_ecs-0.18.1\src\system\function_system.rs;52;3227;0.000003;1;3227;3227;3227;0.000000
system{name="bevy_sprite_render::mesh2d::material::check_entities_needing_specialization<bevy_sprite_render::tilemap_chunk::tilemap_chunk_material::TilemapChunkMaterial>"};C:\Users\Antoi\.cargo\registry\src\index.crates.io-1949cf8c6b5b557f\bevy_ecs-0.18.1\src\system\function_system.rs;52;33753231;0.036482;18163;1858;356;91248;1327.139309
system_commands{name="forgia_mode_roguelite::run::sys_collect_soul_wisps"};C:\Users\Antoi\.cargo\registry\src\index.crates.io-1949cf8c6b5b557f\bevy_ecs-0.18.1\src\system\function_system.rs;54;1409977;0.001524;17308;81;50;10462;84.227953
asset loading{loader="bevy_image::image_loader::ImageLoader" asset="ui/menu_video/frame_0090.webp"};C:\Users\Antoi\.cargo\registry\src\index.crates.io-1949cf8c6b5b557f\bevy_asset-0.18.1\src\server\loaders.rs;332;14580164;0.015759;7;2082880;77;14544588;5495098.613760
plugin finish{plugin="forgia_viewmodel::arms::ForgiaViewmodelArmsPlugin"};C:\Users\Antoi\.cargo\registry\src\index.crates.io-1949cf8c6b5b557f\bevy_app-0.18.1\src\app.rs;272;59;0.000000;1;59;59;59;0.000000
node{name="bevy_render::render_graph::node::ViewNodeRunner<bevy_anti_alias::fxaa::node::FxaaNode>"};C:\Users\Antoi\.cargo\registry\src\index.crates.io-1949cf8c6b5b557f\bevy_render-0.18.1\src\renderer\graph_runner.rs;240;8539012;0.009229;54486;156;54;23939;132.291899
plugin cleanup{plugin="bevy_render::sync_component::SyncComponentPlugin<bevy_camera::components::Camera3d>"};C:\Users\Antoi\.cargo\registry\src\index.crates.io-1949cf8c6b5b557f\bevy_app-0.18.1\src\app.rs;292;62;0.000000;1;62;62;62;0.000000
system{name="forgia_mode_roguelite::hud::draw_portal_overlay"};C:\Users\Antoi\.cargo\registry\src\index.crates.io-1949cf8c6b5b557f\bevy_ecs-0.18.1\src\system\function_system.rs;52;6149092;0.006646;18163;338;128;11760;189.801968
system{name="forgia_mode_roguelite::trempe::sys_apply_temper"};C:\Users\Antoi\.cargo\registry\src\index.crates.io-1949cf8c6b5b557f\bevy_ecs-0.18.1\src\system\function_system.rs;52;4813518;0.005203;17308;278;86;71620;789.695457
system{name="forgia_observability::lag_events_sensor::sys_track_lag_events"};C:\Users\Antoi\.cargo\registry\src\index.crates.io-1949cf8c6b5b557f\bevy_ecs-0.18.1\src\system\function_system.rs;52;5390913;0.005827;18163;296;75;7651;181.790491
system{name="bevy_asset::assets::Assets<bevy_pbr::extended_material::ExtendedMaterial<bevy_pbr::pbr_material::StandardMaterial, bevy_pbr::decal::forward::ForwardDecalMaterialExt>>::track_assets"};C:\Users\Antoi\.cargo\registry\src\index.crates.io-1949cf8c6b5b557f\bevy_ecs-0.18.1\src\system\function_system.rs;52;14825241;0.016024;18163;816;100;235609;6458.066140
plugin cleanup{plugin="bevy_sprite_render::SpriteRenderPlugin"};C:\Users\Antoi\.cargo\registry\src\index.crates.io-1949cf8c6b5b557f\bevy_app-0.18.1\src\app.rs;292;56;0.000000;1;56;56;56;0.000000
system{name="bevy_sprite::calculate_bounds_2d"};C:\Users\Antoi\.cargo\registry\src\index.crates.io-1949cf8c6b5b557f\bevy_ecs-0.18.1\src\system\function_system.rs;52;56009231;0.060538;18163;3083;1257;154634;1566.834219
system{name="forgia_player::spawn_player"};C:\Users\Antoi\.cargo\registry\src\index.crates.io-1949cf8c6b5b557f\bevy_ecs-0.18.1\src\system\function_system.rs;52;821323;0.000888;2;410661;9648;811675;567118.730395
plugin build{plugin="bevy_render::extract_component::UniformComponentPlugin<bevy_pbr::atmosphere::GpuAtmosphereSettings>"};C:\Users\Antoi\.cargo\registry\src\index.crates.io-1949cf8c6b5b557f\bevy_app-0.18.1\src\app.rs;529;3765;0.000004;1;3765;3765;3765;0.000000
system_commands{name="bevy_pbr::prepass::prepare_previous_view_uniforms"};C:\Users\Antoi\.cargo\registry\src\index.crates.io-1949cf8c6b5b557f\bevy_ecs-0.18.1\src\system\function_system.rs;54;25182930;0.027219;18162;1386;496;87427;1027.746277
plugin finish{plugin="bevy_sprite::picking_backend::SpritePickingPlugin"};C:\Users\Antoi\.cargo\registry\src\index.crates.io-1949cf8c6b5b557f\bevy_app-0.18.1\src\app.rs;272;55;0.000000;1;55;55;55;0.000000
system{name="forgia_ui_lib::pause_menu::apply_window_settings"};C:\Users\Antoi\.cargo\registry\src\index.crates.io-1949cf8c6b5b557f\bevy_ecs-0.18.1\src\system\function_system.rs;52;11980938;0.012950;18163;659;192;22180;302.878461
system{name="forgia_mode_roguelite::poi::sys_loot_vault_walkover"};C:\Users\Antoi\.cargo\registry\src\index.crates.io-1949cf8c6b5b557f\bevy_ecs-0.18.1\src\system\function_system.rs;52;13912256;0.015037;17308;803;349;122547;1308.864509
system{name="bevy_gizmos::clear_gizmo_context<bevy_gizmos::light::LightGizmoConfigGroup, bevy_time::fixed::Fixed>"};C:\Users\Antoi\.cargo\registry\src\index.crates.io-1949cf8c6b5b557f\bevy_ecs-0.18.1\src\system\function_system.rs;52;663489;0.000717;5734;115;60;9989;159.878311
system{name="bevy_gizmos::update_gizmo_meshes<bevy_gizmos::aabb::AabbGizmoConfigGroup>"};C:\Users\Antoi\.cargo\registry\src\index.crates.io-1949cf8c6b5b557f\bevy_ecs-0.18.1\src\system\function_system.rs;52;7065773;0.007637;18163;389;86;37110;303.828404
asset loading{loader="bevy_image::image_loader::ImageLoader" asset="ui/menu_video/frame_0004.webp"};C:\Users\Antoi\.cargo\registry\src\index.crates.io-1949cf8c6b5b557f\bevy_asset-0.18.1\src\server\loaders.rs;332;15323193;0.016562;9;1702577;259;15097093;5023286.233135
system{name="bevy_render::view::window::screenshot::clear_screenshots"};C:\Users\Antoi\.cargo\registry\src\index.crates.io-1949cf8c6b5b557f\bevy_ecs-0.18.1\src\system\function_system.rs;52;6988753;0.007554;18163;384;98;339439;2552.159797
system{name="forgia_ui::sys_lobby_loading_overlay"};C:\Users\Antoi\.cargo\registry\src\index.crates.io-1949cf8c6b5b557f\bevy_ecs-0.18.1\src\system\function_system.rs;52;357505;0.000386;91;3928;1545;72010;8823.337296
system{name="forgia_stage::floor_merge::sys_drain_merge_spawn_queue"};C:\Users\Antoi\.cargo\registry\src\index.crates.io-1949cf8c6b5b557f\bevy_ecs-0.18.1\src\system\function_system.rs;52;8319547;0.008992;18163;458;102;122377;1103.855480
plugin finish{plugin="bevy_post_process::effect_stack::EffectStackPlugin"};C:\Users\Antoi\.cargo\registry\src\index.crates.io-1949cf8c6b5b557f\bevy_app-0.18.1\src\app.rs;272;53;0.000000;1;53;53;53;0.000000
system{name="forgia_mode_roguelite::parcours_obstacles::sys_slide_obstacles"};C:\Users\Antoi\.cargo\registry\src\index.crates.io-1949cf8c6b5b557f\bevy_ecs-0.18.1\src\system\function_system.rs;52;5304832;0.005734;17308;306;91;204015;1611.031907
plugin cleanup{plugin="bevy_render::extract_resource::ExtractResourcePlugin<bevy_render::texture::manual_texture_view::ManualTextureViews>"};C:\Users\Antoi\.cargo\registry\src\index.crates.io-1949cf8c6b5b557f\bevy_app-0.18.1\src\app.rs;292;60;0.000000;1;60;60;60;0.000000
plugin build{plugin="bevy_render::extract_resource::ExtractResourcePlugin<bevy_egui::EguiUserTextures>"};C:\Users\Antoi\.cargo\registry\src\index.crates.io-1949cf8c6b5b557f\bevy_app-0.18.1\src\app.rs;529;17772;0.000019;1;17772;17772;17772;0.000000
system{name="bevy_kira_audio::audio_output::update_instance_states<forgia_audio::biome::BiomeAmbientChannel>"};C:\Users\Antoi\.cargo\registry\src\index.crates.io-1949cf8c6b5b557f\bevy_ecs-0.18.1\src\system\function_system.rs;52;13215643;0.014284;18163;727;174;95774;1667.822497
system{name="bevy_render::view::window::prepare_windows"};C:\Users\Antoi\.cargo\registry\src\index.crates.io-1949cf8c6b5b557f\bevy_ecs-0.18.1\src\system\function_system.rs;52;3279593469;3.544763;18162;180574;636;7434622;400965.288014
system{name="bevy_ecs::schedule::condition::common_conditions::resource_exists<forgia_combat::melee::MeleeCooldown>"};C:\Users\Antoi\.cargo\registry\src\index.crates.io-1949cf8c6b5b557f\bevy_ecs-0.18.1\src\system\function_system.rs;52;608300;0.000657;5734;106;55;635;62.301073
system{name="bevy_sprite_render::mesh2d::material::extract_mesh_materials_2d<bevy_sprite_render::mesh2d::color_material::ColorMaterial>"};C:\Users\Antoi\.cargo\registry\src\index.crates.io-1949cf8c6b5b557f\bevy_ecs-0.18.1\src\system\function_system.rs;52;6994027;0.007560;18163;385;108;128208;1056.746095
system{name="forgia_ui_lib::hud::barks::sys_draw_bark"};C:\Users\Antoi\.cargo\registry\src\index.crates.io-1949cf8c6b5b557f\bevy_ecs-0.18.1\src\system\function_system.rs;52;37479621;0.040510;18163;2063;95;416840;7111.023742
system_commands{name="forgia_mode_roguelite::loot_room::sys_spawn_demo_level_after_boss"};C:\Users\Antoi\.cargo\registry\src\index.crates.io-1949cf8c6b5b557f\bevy_ecs-0.18.1\src\system\function_system.rs;54;1026127;0.001109;17308;59;50;23344;179.845883
schedule{name=FixedPostUpdate};C:\Users\Antoi\.cargo\registry\src\index.crates.io-1949cf8c6b5b557f\bevy_ecs-0.18.1\src\schedule\schedule.rs;532;71439813;0.077216;5734;12458;4700;1615472;24629.396276
system{name="bevy_pbr::atmosphere::resources::prepare_atmosphere_transforms"};C:\Users\Antoi\.cargo\registry\src\index.crates.io-1949cf8c6b5b557f\bevy_ecs-0.18.1\src\system\function_system.rs;52;11525884;0.012458;18162;634;193;60445;840.149812
system{name="forgia_ui_lib::damage_direction::tuning::load_damage_dir_tuning"};C:\Users\Antoi\.cargo\registry\src\index.crates.io-1949cf8c6b5b557f\bevy_ecs-0.18.1\src\system\function_system.rs;52;8902;0.000010;1;8902;8902;8902;0.000000
system{name="bevy_asset::assets::Assets<bevy_gltf::assets::GltfNode>::asset_events_condition"};C:\Users\Antoi\.cargo\registry\src\index.crates.io-1949cf8c6b5b557f\bevy_ecs-0.18.1\src\system\function_system.rs;52;2025950;0.002190;18163;111;54;29004;235.477593
system{name="bevy_text::text::detect_text_needs_rerender<bevy_ui::widget::text::Text>"};C:\Users\Antoi\.cargo\registry\src\index.crates.io-1949cf8c6b5b557f\bevy_ecs-0.18.1\src\system\function_system.rs;52;14680775;0.015868;18163;808;269;294242;2208.274882
plugin cleanup{plugin="bevy_a11y::AccessibilityPlugin"};C:\Users\Antoi\.cargo\registry\src\index.crates.io-1949cf8c6b5b557f\bevy_app-0.18.1\src\app.rs;292;56;0.000000;1;56;56;56;0.000000
plugin cleanup{plugin="bevy_winit::accessibility::AccessKitPlugin"};C:\Users\Antoi\.cargo\registry\src\index.crates.io-1949cf8c6b5b557f\bevy_app-0.18.1\src\app.rs;292;65;0.000000;1;65;65;65;0.000000
plugin build{plugin="bevy_render::view::visibility::range::RenderVisibilityRangePlugin"};C:\Users\Antoi\.cargo\registry\src\index.crates.io-1949cf8c6b5b557f\bevy_app-0.18.1\src\app.rs;529;8218;0.000009;1;8218;8218;8218;0.000000
system{name="forgia_ui::menu_video::menu_video_sensor"};C:\Users\Antoi\.cargo\registry\src\index.crates.io-1949cf8c6b5b557f\bevy_ecs-0.18.1\src\system\function_system.rs;52;8616690;0.009313;18163;474;105;535047;6595.309786
system{name="forgia_mode_roguelite::elements::sys_sync_weapon_affinities"};C:\Users\Antoi\.cargo\registry\src\index.crates.io-1949cf8c6b5b557f\bevy_ecs-0.18.1\src\system\function_system.rs;52;5338937;0.005771;17308;308;93;315048;2397.319968
system{name="forgia_mode_roguelite::waves::sys_wave_orchestrator"};C:\Users\Antoi\.cargo\registry\src\index.crates.io-1949cf8c6b5b557f\bevy_ecs-0.18.1\src\system\function_system.rs;52;9355940;0.010112;17308;540;251;159919;1660.880380
system{name="bevy_post_process::bloom::downsampling_pipeline::prepare_downsampling_pipeline"};C:\Users\Antoi\.cargo\registry\src\index.crates.io-1949cf8c6b5b557f\bevy_ecs-0.18.1\src\system\function_system.rs;52;8085204;0.008739;18162;445;128;80471;896.083867
system_commands{name="forgia_ai_arena_bot::bot_tracer_lifetime"};C:\Users\Antoi\.cargo\registry\src\index.crates.io-1949cf8c6b5b557f\bevy_ecs-0.18.1\src\system\function_system.rs;54;1544190;0.001669;18163;85;51;38756;305.943540
plugin build{plugin="bevy_render::extract_component::ExtractComponentPlugin<bevy_anti_alias::smaa::Smaa>"};C:\Users\Antoi\.cargo\registry\src\index.crates.io-1949cf8c6b5b557f\bevy_app-0.18.1\src\app.rs;529;10993;0.000012;1;10993;10993;10993;0.000000
system{name="forgia_mode_roguelite::run::obs_roguelite_player_death"};C:\Users\Antoi\.cargo\registry\src\index.crates.io-1949cf8c6b5b557f\bevy_ecs-0.18.1\src\system\function_system.rs;52;12971;0.000014;8;1621;319;9881;3340.891776
plugin build{plugin="bevy_pbr::light_probe::generate::EnvironmentMapGenerationPlugin"};C:\Users\Antoi\.cargo\registry\src\index.crates.io-1949cf8c6b5b557f\bevy_app-0.18.1\src\app.rs;529;460;0.000000;1;460;460;460;0.000000
asset loading{loader="bevy_image::image_loader::ImageLoader" asset="ui/menu_video/frame_0099.webp"};C:\Users\Antoi\.cargo\registry\src\index.crates.io-1949cf8c6b5b557f\bevy_asset-0.18.1\src\server\loaders.rs;332;14671013;0.015857;8;1833876;167;14633626;5171883.109701
plugin build{plugin="bevy_render::sync_component::SyncComponentPlugin<bevy_light::probe::GeneratedEnvironmentMapLight>"};C:\Users\Antoi\.cargo\registry\src\index.crates.io-1949cf8c6b5b557f\bevy_app-0.18.1\src\app.rs;529;8104;0.000009;1;8104;8104;8104;0.000000
plugin build{plugin="bevy_render::sync_component::SyncComponentPlugin<bevy_core_pipeline::skybox::Skybox>"};C:\Users\Antoi\.cargo\registry\src\index.crates.io-1949cf8c6b5b557f\bevy_app-0.18.1\src\app.rs;529;1236;0.000001;1;1236;1236;1236;0.000000
system{name="forgia_enemy_nameplate::cleanup_registry_on_target_removed"};C:\Users\Antoi\.cargo\registry\src\index.crates.io-1949cf8c6b5b557f\bevy_ecs-0.18.1\src\system\function_system.rs;52;8366020;0.009042;18163;460;105;29526;316.193266
node{name="bevy_render::render_graph::node::ViewNodeRunner<bevy_post_process::dof::DepthOfFieldNode>"};C:\Users\Antoi\.cargo\registry\src\index.crates.io-1949cf8c6b5b557f\bevy_render-0.18.1\src\renderer\graph_runner.rs;240;5125677;0.005540;36324;141;59;10864;93.769999
system{name="bevy_gizmos::update_gizmo_meshes<bevy_gizmos::light::LightGizmoConfigGroup>"};C:\Users\Antoi\.cargo\registry\src\index.crates.io-1949cf8c6b5b557f\bevy_ecs-0.18.1\src\system\function_system.rs;52;4157330;0.004493;18163;228;81;82155;624.084593
asset loading{loader="bevy_shader::shader::ShaderLoader" asset="embedded://bevy_core_pipeline\\blit\\blit.wgsl"};C:\Users\Antoi\.cargo\registry\src\index.crates.io-1949cf8c6b5b557f\bevy_asset-0.18.1\src\server\loaders.rs;332;17153;0.000019;2;8576;56;17097;12049.806679
system{name="forgia_ui_lib::pause_menu::apply_fov_to_camera"};C:\Users\Antoi\.cargo\registry\src\index.crates.io-1949cf8c6b5b557f\bevy_ecs-0.18.1\src\system\function_system.rs;52;3433674;0.003711;18163;189;63;60377;458.865855
system{name="bevy_pbr::medium::init_scattering_medium_sampler"};C:\Users\Antoi\.cargo\registry\src\index.crates.io-1949cf8c6b5b557f\bevy_ecs-0.18.1\src\system\function_system.rs;52;49775;0.000054;1;49775;49775;49775;0.000000
system_commands{name="forgia_mode_roguelite::weapon_select::sys_calibrate_preview"};C:\Users\Antoi\.cargo\registry\src\index.crates.io-1949cf8c6b5b557f\bevy_ecs-0.18.1\src\system\function_system.rs;54;52979;0.000057;91;582;52;44784;4685.122763
plugin build{plugin="bevy_render::sync_component::SyncComponentPlugin<bevy_core_pipeline::tonemapping::DebandDither>"};C:\Users\Antoi\.cargo\registry\src\index.crates.io-1949cf8c6b5b557f\bevy_app-0.18.1\src\app.rs;529;2219;0.000002;1;2219;2219;2219;0.000000
asset loading{loader="bevy_gltf::loader::GltfLoader" asset="models/environment/inferno/PedestalBig_001.glb"};C:\Users\Antoi\.cargo\registry\src\index.crates.io-1949cf8c6b5b557f\bevy_asset-0.18.1\src\server\loaders.rs;332;6757464;0.007304;8;844683;170;6682479;2358870.420454
system{name="bevy_render::extract_component::extract_components<bevy_anti_alias::fxaa::Fxaa>"};C:\Users\Antoi\.cargo\registry\src\index.crates.io-1949cf8c6b5b557f\bevy_ecs-0.18.1\src\system\function_system.rs;52;8671911;0.009373;18163;477;142;16200;242.149231
system{name="forgia_mode_roguelite::weapon_select::sys_apply_weapon_choice"};C:\Users\Antoi\.cargo\registry\src\index.crates.io-1949cf8c6b5b557f\bevy_ecs-0.18.1\src\system\function_system.rs;52;92029;0.000099;1;92029;92029;92029;0.000000
plugin build{plugin="bevy_render::sync_component::SyncComponentPlugin<bevy_anti_alias::smaa::Smaa>"};C:\Users\Antoi\.cargo\registry\src\index.crates.io-1949cf8c6b5b557f\bevy_app-0.18.1\src\app.rs;529;2175;0.000002;1;2175;2175;2175;0.000000
system{name="forgia_juice_lib::fov_punch::tick_fov_state"};C:\Users\Antoi\.cargo\registry\src\index.crates.io-1949cf8c6b5b557f\bevy_ecs-0.18.1\src\system\function_system.rs;52;3516091;0.003800;18163;193;72;45791;347.492574
plugin build{plugin="bevy_ui_render::ui_texture_slice_pipeline::UiTextureSlicerPlugin"};C:\Users\Antoi\.cargo\registry\src\index.crates.io-1949cf8c6b5b557f\bevy_app-0.18.1\src\app.rs;529;32066;0.000035;1;32066;32066;32066;0.000000
plugin build{plugin="bevy_render::render_phase::BinnedRenderPhasePlugin<bevy_core_pipeline::prepass::Opaque3dPrepass, bevy_pbr::render::mesh::MeshPipeline>"};C:\Users\Antoi\.cargo\registry\src\index.crates.io-1949cf8c6b5b557f\bevy_app-0.18.1\src\app.rs;529;24260;0.000026;1;24260;24260;24260;0.000000
plugin build{plugin="bevy_render::pipelined_rendering::PipelinedRenderingPlugin"};C:\Users\Antoi\.cargo\registry\src\index.crates.io-1949cf8c6b5b557f\bevy_app-0.18.1\src\app.rs;529;8086;0.000009;1;8086;8086;8086;0.000000
plugin finish{plugin="forgia_fps::lenoir::ForgiaLenoirPlugin"};C:\Users\Antoi\.cargo\registry\src\index.crates.io-1949cf8c6b5b557f\bevy_app-0.18.1\src\app.rs;272;55;0.000000;1;55;55;55;0.000000
system{name="forgia_mode_roguelite::transform_hierarchy_sensor::sys_write_transform_hierarchy_sensor"};C:\Users\Antoi\.cargo\registry\src\index.crates.io-1949cf8c6b5b557f\bevy_ecs-0.18.1\src\system\function_system.rs;52;16615380;0.017959;17308;959;148;222517;8151.044016
plugin cleanup{plugin="bevy_render::sync_component::SyncComponentPlugin<bevy_render::experimental::occlusion_culling::OcclusionCulling>"};C:\Users\Antoi\.cargo\registry\src\index.crates.io-1949cf8c6b5b557f\bevy_app-0.18.1\src\app.rs;292;61;0.000000;1;61;61;61;0.000000
system{name="forgia_viewmodel::attach::update_viewmodel_on_switch"};C:\Users\Antoi\.cargo\registry\src\index.crates.io-1949cf8c6b5b557f\bevy_ecs-0.18.1\src\system\function_system.rs;52;9827904;0.010623;17308;567;118;78009;772.284068
plugin finish{plugin="bevy_a11y::AccessibilityPlugin"};C:\Users\Antoi\.cargo\registry\src\index.crates.io-1949cf8c6b5b557f\bevy_app-0.18.1\src\app.rs;272;54;0.000000;1;54;54;54;0.000000
system{name="bevy_pbr::atmosphere::resources::prepare_atmosphere_bind_groups"};C:\Users\Antoi\.cargo\registry\src\index.crates.io-1949cf8c6b5b557f\bevy_ecs-0.18.1\src\system\function_system.rs;52;10974986;0.011862;18162;604;138;84486;1016.279645
system_commands{name="bevy_core_pipeline::oit::resolve::queue_oit_resolve_pipeline"};C:\Users\Antoi\.cargo\registry\src\index.crates.io-1949cf8c6b5b557f\bevy_ecs-0.18.1\src\system\function_system.rs;54;4446850;0.004806;18162;244;57;12519;223.519078
plugin build{plugin="forgia_fps::pepin::ForgiaPepinPlugin"};C:\Users\Antoi\.cargo\registry\src\index.crates.io-1949cf8c6b5b557f\bevy_app-0.18.1\src\app.rs;529;89287;0.000097;1;89287;89287;89287;0.000000
schedule{name=OnEnter(Menu)};C:\Users\Antoi\.cargo\registry\src\index.crates.io-1949cf8c6b5b557f\bevy_ecs-0.18.1\src\schedule\schedule.rs;532;1677754;0.001813;1;1677754;1677754;1677754;0.000000
plugin cleanup{plugin="bevy_render::extract_component::ExtractComponentPlugin<bevy_pbr::ssr::ScreenSpaceReflections>"};C:\Users\Antoi\.cargo\registry\src\index.crates.io-1949cf8c6b5b557f\bevy_app-0.18.1\src\app.rs;292;124;0.000000;1;124;124;124;0.000000
asset loading{loader="bevy_shader::shader::ShaderLoader" asset="embedded://bevy_sprite_render\\render/sprite_view_bindings.wgsl"};C:\Users\Antoi\.cargo\registry\src\index.crates.io-1949cf8c6b5b557f\bevy_asset-0.18.1\src\server\loaders.rs;332;25953;0.000028;2;12976;132;25821;18164.866116
plugin cleanup{plugin="bevy_app::terminal_ctrl_c_handler::TerminalCtrlCHandlerPlugin"};C:\Users\Antoi\.cargo\registry\src\index.crates.io-1949cf8c6b5b557f\bevy_app-0.18.1\src\app.rs;292;59;0.000000;1;59;59;59;0.000000
system{name="forgia_player::dash::dash_recharge_system"};C:\Users\Antoi\.cargo\registry\src\index.crates.io-1949cf8c6b5b557f\bevy_ecs-0.18.1\src\system\function_system.rs;52;2480515;0.002681;5360;462;117;10380;234.602569
asset loading{loader="bevy_shader::shader::ShaderLoader" asset="embedded://bevy_core_pipeline\\deferred\\copy_deferred_lighting_id.wgsl"};C:\Users\Antoi\.cargo\registry\src\index.crates.io-1949cf8c6b5b557f\bevy_asset-0.18.1\src\server\loaders.rs;332;22745;0.000025;2;11372;55;22690;16005.362008
asset loading{loader="bevy_gltf::loader::GltfLoader" asset="models/environment/inferno/Brazier_004.glb"};C:\Users\Antoi\.cargo\registry\src\index.crates.io-1949cf8c6b5b557f\bevy_asset-0.18.1\src\server\loaders.rs;332;396920442;0.429013;4;99230110;162;396914099;198455992.348746
plugin build{plugin="bevy_gizmos_render::pipeline_3d::LineGizmo3dPlugin"};C:\Users\Antoi\.cargo\registry\src\index.crates.io-1949cf8c6b5b557f\bevy_app-0.18.1\src\app.rs;529;49536;0.000054;1;49536;49536;49536;0.000000
schedule{name=OnExit(Paused)};C:\Users\Antoi\.cargo\registry\src\index.crates.io-1949cf8c6b5b557f\bevy_ecs-0.18.1\src\schedule\schedule.rs;532;133179;0.000144;1;133179;133179;133179;0.000000
system{name="forgia_player::mouse_look"};C:\Users\Antoi\.cargo\registry\src\index.crates.io-1949cf8c6b5b557f\bevy_ecs-0.18.1\src\system\function_system.rs;52;19397488;0.020966;16894;1148;265;93787;1046.900164
system{name="bevy_asset::assets::Assets<bevy_mesh::skinning::SkinnedMeshInverseBindposes>::track_assets"};C:\Users\Antoi\.cargo\registry\src\index.crates.io-1949cf8c6b5b557f\bevy_ecs-0.18.1\src\system\function_system.rs;52;15640421;0.016905;18163;861;76;253161;7646.304990
system_commands{name="forgia_mode_roguelite::decor::sys_init_decor_genome"};C:\Users\Antoi\.cargo\registry\src\index.crates.io-1949cf8c6b5b557f\bevy_ecs-0.18.1\src\system\function_system.rs;54;5270;0.000006;1;5270;5270;5270;0.000000
system{name="bevy_gizmos::collect_requested_gizmos<bevy_gizmos::light::LightGizmoConfigGroup, bevy_time::fixed::Fixed>"};C:\Users\Antoi\.cargo\registry\src\index.crates.io-1949cf8c6b5b557f\bevy_ecs-0.18.1\src\system\function_system.rs;52;1284130;0.001388;5734;223;81;9073;151.585000
system_commands{name="bevy_light::check_dir_light_mesh_visibility"};C:\Users\Antoi\.cargo\registry\src\index.crates.io-1949cf8c6b5b557f\bevy_ecs-0.18.1\src\system\function_system.rs;54;771088041;0.833434;18163;42453;6962;2112495;23370.677691
plugin finish{plugin="bevy_render::RenderPlugin"};C:\Users\Antoi\.cargo\registry\src\index.crates.io-1949cf8c6b5b557f\bevy_app-0.18.1\src\app.rs;272;7555528;0.008166;1;7555528;7555528;7555528;0.000000
system{name="forgia_mode_roguelite::hud::draw_player_identity_badge"};C:\Users\Antoi\.cargo\registry\src\index.crates.io-1949cf8c6b5b557f\bevy_ecs-0.18.1\src\system\function_system.rs;52;88446998;0.095598;17217;5137;111;316888;3692.461585
system{name="bevy_asset::assets::Assets<bevy_mesh::skinning::SkinnedMeshInverseBindposes>::asset_events_condition"};C:\Users\Antoi\.cargo\registry\src\index.crates.io-1949cf8c6b5b557f\bevy_ecs-0.18.1\src\system\function_system.rs;52;1915187;0.002070;18163;105;53;70442;603.736573
asset loading{loader="bevy_gltf::loader::GltfLoader" asset="models/kaykit/hexagon/red/building_tower_catapult_red.gltf"};C:\Users\Antoi\.cargo\registry\src\index.crates.io-1949cf8c6b5b557f\bevy_asset-0.18.1\src\server\loaders.rs;332;336088;0.000363;8;42011;70;222144;78218.517630
system{name="forgia_mode_roguelite::toon_config::sys_hot_reload_toon_genome"};C:\Users\Antoi\.cargo\registry\src\index.crates.io-1949cf8c6b5b557f\bevy_ecs-0.18.1\src\system\function_system.rs;52;6951531;0.007514;17308;401;81;74997;2409.847017
system_commands{name="bevy_ui::widget::viewport::viewport_picking"};C:\Users\Antoi\.cargo\registry\src\index.crates.io-1949cf8c6b5b557f\bevy_ecs-0.18.1\src\system\function_system.rs;54;2042679;0.002208;18163;112;53;14268;137.353795
system_commands{name="forgia_player::load_skybox"};C:\Users\Antoi\.cargo\registry\src\index.crates.io-1949cf8c6b5b557f\bevy_ecs-0.18.1\src\system\function_system.rs;54;535;0.000001;1;535;535;535;0.000000
system{name="forgia_ui::reset_menu_page"};C:\Users\Antoi\.cargo\registry\src\index.crates.io-1949cf8c6b5b557f\bevy_ecs-0.18.1\src\system\function_system.rs;52;733;0.000001;1;733;733;733;0.000000
system{name="bevy_asset::assets::Assets<forgia_genome_core::Genome<forgia_stage::RogueliteStagesGenome>>::asset_events"};C:\Users\Antoi\.cargo\registry\src\index.crates.io-1949cf8c6b5b557f\bevy_ecs-0.18.1\src\system\function_system.rs;52;356;0.000000;1;356;356;356;0.000000
system{name="forgia_effects::hitmarker::draw_cartoon_stars"};C:\Users\Antoi\.cargo\registry\src\index.crates.io-1949cf8c6b5b557f\bevy_ecs-0.18.1\src\system\function_system.rs;52;4617972;0.004991;18163;254;67;16409;265.455212
system_commands{name="forgia_rpg_data::loot_tables::sys_collect_pickups"};C:\Users\Antoi\.cargo\registry\src\index.crates.io-1949cf8c6b5b557f\bevy_ecs-0.18.1\src\system\function_system.rs;54;1619266;0.001750;18163;89;50;74731;617.105340
system{name="bevy_asset::assets::Assets<forgia_genome_core::Genome<forgia_level_presets::LevelModulesGenome>>::asset_events"};C:\Users\Antoi\.cargo\registry\src\index.crates.io-1949cf8c6b5b557f\bevy_ecs-0.18.1\src\system\function_system.rs;52;298;0.000000;1;298;298;298;0.000000
plugin build{plugin="bevy_pbr::ssr::ScreenSpaceReflectionsPlugin"};C:\Users\Antoi\.cargo\registry\src\index.crates.io-1949cf8c6b5b557f\bevy_app-0.18.1\src\app.rs;529;54924;0.000059;1;54924;54924;54924;0.000000
asset loading{loader="bevy_image::image_loader::ImageLoader" asset="ui/menu_video/frame_0006.webp"};C:\Users\Antoi\.cargo\registry\src\index.crates.io-1949cf8c6b5b557f\bevy_asset-0.18.1\src\server\loaders.rs;332;15274921;0.016510;10;1527492;281;15199936;4804017.407374
plugin finish{plugin="bevy_render::gpu_readback::GpuReadbackPlugin"};C:\Users\Antoi\.cargo\registry\src\index.crates.io-1949cf8c6b5b557f\bevy_app-0.18.1\src\app.rs;272;56;0.000000;1;56;56;56;0.000000
system_commands{name="forgia_mode_roguelite::element_vfx::sys_spawn_element_impact"};C:\Users\Antoi\.cargo\registry\src\index.crates.io-1949cf8c6b5b557f\bevy_ecs-0.18.1\src\system\function_system.rs;54;1848475;0.001998;17308;106;50;75703;737.862188
plugin build{plugin="bevy_render::sync_component::SyncComponentPlugin<bevy_light::directional_light::DirectionalLight>"};C:\Users\Antoi\.cargo\registry\src\index.crates.io-1949cf8c6b5b557f\bevy_app-0.18.1\src\app.rs;529;9798;0.000011;1;9798;9798;9798;0.000000
system{name="bevy_core_pipeline::tonemapping::init_tonemapping_pipeline"};C:\Users\Antoi\.cargo\registry\src\index.crates.io-1949cf8c6b5b557f\bevy_ecs-0.18.1\src\system\function_system.rs;52;58308;0.000063;1;58308;58308;58308;0.000000
system_commands{name="bevy_ui_render::gradient::prepare_gradient"};C:\Users\Antoi\.cargo\registry\src\index.crates.io-1949cf8c6b5b557f\bevy_ecs-0.18.1\src\system\function_system.rs;54;8294943;0.008966;18162;456;154;7790;136.886627
system{name="bevy_hanabi::render::extract_sim_params"};C:\Users\Antoi\.cargo\registry\src\index.crates.io-1949cf8c6b5b557f\bevy_ecs-0.18.1\src\system\function_system.rs;52;9263563;0.010013;18163;510;211;16658;369.836261
plugin finish{plugin="bevy_post_process::bloom::BloomPlugin"};C:\Users\Antoi\.cargo\registry\src\index.crates.io-1949cf8c6b5b557f\bevy_app-0.18.1\src\app.rs;272;915;0.000001;1;915;915;915;0.000000
node{name="bevy_pbr::render::light::EarlyShadowPassNode"};C:\Users\Antoi\.cargo\registry\src\index.crates.io-1949cf8c6b5b557f\bevy_render-0.18.1\src\renderer\graph_runner.rs;240;3994408224;4.317373;36324;109966;82;5810854;131542.451372
plugin build{plugin="bevy_diagnostic::entity_count_diagnostics_plugin::EntityCountDiagnosticsPlugin"};C:\Users\Antoi\.cargo\registry\src\index.crates.io-1949cf8c6b5b557f\bevy_app-0.18.1\src\app.rs;529;2238;0.000002;1;2238;2238;2238;0.000000
system{name="forgia_viewmodel::arms::update_arms_visibility"};C:\Users\Antoi\.cargo\registry\src\index.crates.io-1949cf8c6b5b557f\bevy_ecs-0.18.1\src\system\function_system.rs;52;12830341;0.013868;17308;741;245;76011;905.878488
system{name="forgia_mode_roguelite::weapon_select::sys_lobby_weapon_preview"};C:\Users\Antoi\.cargo\registry\src\index.crates.io-1949cf8c6b5b557f\bevy_ecs-0.18.1\src\system\function_system.rs;52;175122;0.000189;91;1924;123;126227;13440.740257
asset loading{loader="forgia_genome_core::GenomeLoader<forgia_fps::pepin::PepinTuning>" asset="genomes/roguelite/pepin_confidence.toml"};C:\Users\Antoi\.cargo\registry\src\index.crates.io-1949cf8c6b5b557f\bevy_asset-0.18.1\src\server\loaders.rs;332;88521;0.000096;4;22130;65;48005;21070.835255
system{name="forgia_fps::ammo_systems::reload_key_input"};C:\Users\Antoi\.cargo\registry\src\index.crates.io-1949cf8c6b5b557f\bevy_ecs-0.18.1\src\system\function_system.rs;52;3283650;0.003549;17308;189;61;48257;461.972847
system{name="forgia_ui_lib::hud::barks::sync_bark_library"};C:\Users\Antoi\.cargo\registry\src\index.crates.io-1949cf8c6b5b557f\bevy_ecs-0.18.1\src\system\function_system.rs;52;6367641;0.006882;18163;350;118;195634;1464.399720
system{name="bevy_pbr::render::gpu_preprocess::prepare_preprocess_pipelines"};C:\Users\Antoi\.cargo\registry\src\index.crates.io-1949cf8c6b5b557f\bevy_ecs-0.18.1\src\system\function_system.rs;52;15343515;0.016584;18162;844;210;81205;1020.708902
asset loading{loader="bevy_image::image_loader::ImageLoader" asset="ui/menu_video/frame_0027.webp"};C:\Users\Antoi\.cargo\registry\src\index.crates.io-1949cf8c6b5b557f\bevy_asset-0.18.1\src\server\loaders.rs;332;14513553;0.015687;7;2073364;181;14478701;5470240.954610
plugin finish{plugin="bevy_render::sync_component::SyncComponentPlugin<bevy_render::view::Hdr>"};C:\Users\Antoi\.cargo\registry\src\index.crates.io-1949cf8c6b5b557f\bevy_app-0.18.1\src\app.rs;272;53;0.000000;1;53;53;53;0.000000
function_scope{epaint::tessellator::Tessellator::tessellate_shapes};C:\Users\Antoi\.cargo\registry\src\index.crates.io-1949cf8c6b5b557f\epaint-0.33.3\src\tessellator.rs;2211;2337687631;2.526700;18163;128706;5186;491486;38402.698611
system{name="forgia_mode_roguelite::poi::sys_hot_reload_poi_genome"};C:\Users\Antoi\.cargo\registry\src\index.crates.io-1949cf8c6b5b557f\bevy_ecs-0.18.1\src\system\function_system.rs;52;7402646;0.008001;17308;427;79;95725;3408.876837
system{name="bevy_input::gamepad::gamepad_connection_system"};C:\Users\Antoi\.cargo\registry\src\index.crates.io-1949cf8c6b5b557f\bevy_ecs-0.18.1\src\system\function_system.rs;52;6914817;0.007474;18163;380;114;24399;262.851196
system{name="bevy_anti_alias::smaa::prepare_smaa_pipelines"};C:\Users\Antoi\.cargo\registry\src\index.crates.io-1949cf8c6b5b557f\bevy_ecs-0.18.1\src\system\function_system.rs;52;6579684;0.007112;18162;362;84;92389;1034.109553
system{name="forgia_mode_roguelite::weapon_select::sys_spin_lobby_preview"};C:\Users\Antoi\.cargo\registry\src\index.crates.io-1949cf8c6b5b557f\bevy_ecs-0.18.1\src\system\function_system.rs;52;48437;0.000052;91;532;201;1630;244.930761
system{name="forgia_viewmodel::attach::load_weapon_models"};C:\Users\Antoi\.cargo\registry\src\index.crates.io-1949cf8c6b5b557f\bevy_ecs-0.18.1\src\system\function_system.rs;52;50760;0.000055;1;50760;50760;50760;0.000000
plugin build{plugin="bevy_render::render_phase::BinnedRenderPhasePlugin<bevy_core_pipeline::prepass::AlphaMask3dPrepass, bevy_pbr::render::mesh::MeshPipeline>"};C:\Users\Antoi\.cargo\registry\src\index.crates.io-1949cf8c6b5b557f\bevy_app-0.18.1\src\app.rs;529;31935;0.000035;1;31935;31935;31935;0.000000
system_commands{name="bevy_pbr::atmosphere::resources::init_atmosphere_buffer"};C:\Users\Antoi\.cargo\registry\src\index.crates.io-1949cf8c6b5b557f\bevy_ecs-0.18.1\src\system\function_system.rs;54;940;0.000001;1;940;940;940;0.000000
system{name="bevy_hanabi::render::event::allocate_events"};C:\Users\Antoi\.cargo\registry\src\index.crates.io-1949cf8c6b5b557f\bevy_ecs-0.18.1\src\system\function_system.rs;52;15231522;0.016463;18162;838;269;59241;584.781964
plugin cleanup{plugin="bevy_core_pipeline::fullscreen_material::FullscreenMaterialPlugin<forgia_postprocess::toon::ToonSettings>"};C:\Users\Antoi\.cargo\registry\src\index.crates.io-1949cf8c6b5b557f\bevy_app-0.18.1\src\app.rs;292;108;0.000000;1;108;108;108;0.000000
asset loading{loader="bevy_image::image_loader::ImageLoader" asset="textures/pbr/jolcham_oak_bark_01/jolcham_oak_bark_01_diff_2k.ktx2"};C:\Users\Antoi\.cargo\registry\src\index.crates.io-1949cf8c6b5b557f\bevy_asset-0.18.1\src\server\loaders.rs;332;96501550;0.104304;19;5079028;265;90506401;20695637.704109
system{name="forgia_mode_roguelite::elements::sys_init_element_genome"};C:\Users\Antoi\.cargo\registry\src\index.crates.io-1949cf8c6b5b557f\bevy_ecs-0.18.1\src\system\function_system.rs;52;2637269;0.002851;1;2637269;2637269;2637269;0.000000
system_commands{name="bevy_state::state_scoped::despawn_entities_on_enter_state<forgia_mode_roguelite::run::RunState>"};C:\Users\Antoi\.cargo\registry\src\index.crates.io-1949cf8c6b5b557f\bevy_ecs-0.18.1\src\system\function_system.rs;54;1109939;0.001200;18164;61;50;83235;617.347386
asset loading{loader="bevy_shader::shader::ShaderLoader" asset="embedded://bevy_pbr\\light_probe\\environment_filter.wgsl"};C:\Users\Antoi\.cargo\registry\src\index.crates.io-1949cf8c6b5b557f\bevy_asset-0.18.1\src\server\loaders.rs;332;253171;0.000274;2;126585;60;253111;178934.078087
system_commands{name="bevy_hanabi::render::prepare_batch_inputs"};C:\Users\Antoi\.cargo\registry\src\index.crates.io-1949cf8c6b5b557f\bevy_ecs-0.18.1\src\system\function_system.rs;54;149096287;0.161151;18162;8209;62;176733;5312.043872
plugin cleanup{plugin="forgia_player::ForgiaPlayerPlugin"};C:\Users\Antoi\.cargo\registry\src\index.crates.io-1949cf8c6b5b557f\bevy_app-0.18.1\src\app.rs;292;108;0.000000;1;108;108;108;0.000000
system{name="bevy_state::state::transitions::last_transition<forgia_core::states::WorldMode>"};C:\Users\Antoi\.cargo\registry\src\index.crates.io-1949cf8c6b5b557f\bevy_ecs-0.18.1\src\system\function_system.rs;52;3907043;0.004223;54492;71;53;11057;72.800270
system{name="bevy_state::state::transitions::run_enter<forgia_core::states::AppMode>"};C:\Users\Antoi\.cargo\registry\src\index.crates.io-1949cf8c6b5b557f\bevy_ecs-0.18.1\src\system\function_system.rs;52;7902290;0.008541;18164;435;53;2543375;26344.785425
system{name="bevy_core_pipeline::tonemapping::prepare_view_tonemapping_pipelines"};C:\Users\Antoi\.cargo\registry\src\index.crates.io-1949cf8c6b5b557f\bevy_ecs-0.18.1\src\system\function_system.rs;52;19518173;0.021096;18162;1074;356;152852;1481.040151
sub app{name=RenderExtractApp};C:\Users\Antoi\.cargo\registry\src\index.crates.io-1949cf8c6b5b557f\bevy_app-0.18.1\src\sub_app.rs;521;28319692161;30.609461;18162;1559282;213461;257474195;2181990.611078
asset loading{loader="bevy_image::image_loader::ImageLoader" asset="ui/menu_video/frame_0130.webp"};C:\Users\Antoi\.cargo\registry\src\index.crates.io-1949cf8c6b5b557f\bevy_asset-0.18.1\src\server\loaders.rs;332;14567779;0.015746;6;2427963;79;14507048;5917529.729746
system_commands{name="forgia_mode_roguelite::status_vfx::sys_attach_burn_vfx"};C:\Users\Antoi\.cargo\registry\src\index.crates.io-1949cf8c6b5b557f\bevy_ecs-0.18.1\src\system\function_system.rs;54;2176468;0.002352;17308;125;51;45611;378.318227
plugin cleanup{plugin="forgia_mode_roguelite::loot_room::RogueliteLootRoomPlugin"};C:\Users\Antoi\.cargo\registry\src\index.crates.io-1949cf8c6b5b557f\bevy_app-0.18.1\src\app.rs;292;56;0.000000;1;56;56;56;0.000000
plugin finish{plugin="bevy_render::sync_world::SyncWorldPlugin"};C:\Users\Antoi\.cargo\registry\src\index.crates.io-1949cf8c6b5b557f\bevy_app-0.18.1\src\app.rs;272;92;0.000000;1;92;92;92;0.000000
plugin build{plugin="forgia_ui_lib::hud_ammo::ForgiaUiHudAmmoPlugin"};C:\Users\Antoi\.cargo\registry\src\index.crates.io-1949cf8c6b5b557f\bevy_app-0.18.1\src\app.rs;529;57869;0.000063;1;57869;57869;57869;0.000000
asset loading{loader="bevy_gltf::loader::GltfLoader" asset="models/environment/inferno/RockMid_002.glb"};C:\Users\Antoi\.cargo\registry\src\index.crates.io-1949cf8c6b5b557f\bevy_asset-0.18.1\src\server\loaders.rs;332;6568491;0.007100;5;1313698;112;6559456;2932468.350947
plugin build{plugin="bevy_render::extract_resource::ExtractResourcePlugin<bevy_egui::render::systems::ExtractedEguiManagedTextures>"};C:\Users\Antoi\.cargo\registry\src\index.crates.io-1949cf8c6b5b557f\bevy_app-0.18.1\src\app.rs;529;3942;0.000004;1;3942;3942;3942;0.000000
plugin finish{plugin="bevy_pbr::volumetric_fog::VolumetricFogPlugin"};C:\Users\Antoi\.cargo\registry\src\index.crates.io-1949cf8c6b5b557f\bevy_app-0.18.1\src\app.rs;272;62;0.000000;1;62;62;62;0.000000
system{name="forgia_mode_roguelite::elements::sys_reset_element_stats"};C:\Users\Antoi\.cargo\registry\src\index.crates.io-1949cf8c6b5b557f\bevy_ecs-0.18.1\src\system\function_system.rs;52;212;0.000000;1;212;212;212;0.000000
system{name="bevy_post_process::bloom::upsampling_pipeline::init_bloom_upscaling_pipeline"};C:\Users\Antoi\.cargo\registry\src\index.crates.io-1949cf8c6b5b557f\bevy_ecs-0.18.1\src\system\function_system.rs;52;8642;0.000009;1;8642;8642;8642;0.000000
system{name="bevy_render::batching::sort_binned_render_phase<bevy_core_pipeline::deferred::AlphaMask3dDeferred>"};C:\Users\Antoi\.cargo\registry\src\index.crates.io-1949cf8c6b5b557f\bevy_ecs-0.18.1\src\system\function_system.rs;52;2658811;0.002874;18162;146;60;2193;67.808675
write_previous_input_buffers;C:\Users\Antoi\.cargo\registry\src\index.crates.io-1949cf8c6b5b557f\bevy_render-0.18.1\src\batching\gpu_preprocessing.rs;2032;160979011;0.173995;18162;8863;1074;498751;13445.325099
system{name="bevy_picking::backend::ray::RayMap::repopulate"};C:\Users\Antoi\.cargo\registry\src\index.crates.io-1949cf8c6b5b557f\bevy_ecs-0.18.1\src\system\function_system.rs;52;34219823;0.036987;18163;1884;970;36134;588.024173
asset loading{loader="bevy_gltf::loader::GltfLoader" asset="models/kaykit/hexagon/red/building_tavern_red.gltf"};C:\Users\Antoi\.cargo\registry\src\index.crates.io-1949cf8c6b5b557f\bevy_asset-0.18.1\src\server\loaders.rs;332;395911;0.000428;7;56558;1068;307292;112784.910688
asset loading{loader="bevy_gltf::loader::GltfLoader" asset="models/kaykit/dungeon/wall.glb"};C:\Users\Antoi\.cargo\registry\src\index.crates.io-1949cf8c6b5b557f\bevy_asset-0.18.1\src\server\loaders.rs;332;4019529;0.004345;4;1004882;90;4008267;2002262.131064
system{name="bevy_asset::assets::Assets<bevy_mesh::mesh::Mesh>::asset_events"};C:\Users\Antoi\.cargo\registry\src\index.crates.io-1949cf8c6b5b557f\bevy_ecs-0.18.1\src\system\function_system.rs;52;50707;0.000055;27;1878;532;7869;2145.248408
system{name="leafwing_input_manager::systems::clear_central_input_store"};C:\Users\Antoi\.cargo\registry\src\index.crates.io-1949cf8c6b5b557f\bevy_ecs-0.18.1\src\system\function_system.rs;52;41664099;0.045033;18163;2293;910;176061;1436.401570
system{name="bevy_asset::assets::Assets<bevy_asset::assets::LoadedUntypedAsset>::asset_events_condition"};C:\Users\Antoi\.cargo\registry\src\index.crates.io-1949cf8c6b5b557f\bevy_ecs-0.18.1\src\system\function_system.rs;52;2743078;0.002965;18163;151;56;12459;158.403867
system_commands{name="bevy_pbr::volumetric_fog::render::prepare_volumetric_fog_pipelines"};C:\Users\Antoi\.cargo\registry\src\index.crates.io-1949cf8c6b5b557f\bevy_ecs-0.18.1\src\system\function_system.rs;54;1688786;0.001825;18162;92;51;23587;193.564193
plugin build{plugin="bevy_animation::AnimationPlugin"};C:\Users\Antoi\.cargo\registry\src\index.crates.io-1949cf8c6b5b557f\bevy_app-0.18.1\src\app.rs;529;122858;0.000133;1;122858;122858;122858;0.000000
asset loading{loader="bevy_image::image_loader::ImageLoader" asset="ui/menu_video/frame_0049.webp"};C:\Users\Antoi\.cargo\registry\src\index.crates.io-1949cf8c6b5b557f\bevy_asset-0.18.1\src\server\loaders.rs;332;15421581;0.016668;7;2203083;163;15381955;5811338.573797
system{name="leafwing_input_manager::systems::swap_to_fixed_update<forgia_input::PlayerAction>"};C:\Users\Antoi\.cargo\registry\src\index.crates.io-1949cf8c6b5b557f\bevy_ecs-0.18.1\src\system\function_system.rs;52;11381701;0.012302;18163;626;90;92537;1356.736368
plugin finish{plugin="forgia_rpg_data::boons::ForgiaBoonsPlugin"};C:\Users\Antoi\.cargo\registry\src\index.crates.io-1949cf8c6b5b557f\bevy_app-0.18.1\src\app.rs;272;55;0.000000;1;55;55;55;0.000000
plugin finish{plugin="forgia_debug::ForgiaDebugPlugin"};C:\Users\Antoi\.cargo\registry\src\index.crates.io-1949cf8c6b5b557f\bevy_app-0.18.1\src\app.rs;272;55;0.000000;1;55;55;55;0.000000
system{name="bevy_post_process::motion_blur::pipeline::init_motion_blur_pipeline"};C:\Users\Antoi\.cargo\registry\src\index.crates.io-1949cf8c6b5b557f\bevy_ecs-0.18.1\src\system\function_system.rs;52;48666;0.000053;1;48666;48666;48666;0.000000
system{name="bevy_pbr::light_probe::gather_light_probes<bevy_light::probe::EnvironmentMapLight>"};C:\Users\Antoi\.cargo\registry\src\index.crates.io-1949cf8c6b5b557f\bevy_ecs-0.18.1\src\system\function_system.rs;52;28545072;0.030853;18163;1571;448;159897;1592.808173
system{name="bevy_light::directional_light::update_directional_light_frusta"};C:\Users\Antoi\.cargo\registry\src\index.crates.io-1949cf8c6b5b557f\bevy_ecs-0.18.1\src\system\function_system.rs;52;51468938;0.055630;18163;2833;224;77187;1323.737360
plugin build{plugin="bevy_core_pipeline::skybox::SkyboxPlugin"};C:\Users\Antoi\.cargo\registry\src\index.crates.io-1949cf8c6b5b557f\bevy_app-0.18.1\src\app.rs;529;60184;0.000065;1;60184;60184;60184;0.000000
system_commands{name="bevy_pbr::light_probe::generate::generate_environment_map_light"};C:\Users\Antoi\.cargo\registry\src\index.crates.io-1949cf8c6b5b557f\bevy_ecs-0.18.1\src\system\function_system.rs;54;1405676;0.001519;18163;77;50;67287;504.892857
system{name="bevy_egui::input::write_egui_wants_input_system"};C:\Users\Antoi\.cargo\registry\src\index.crates.io-1949cf8c6b5b557f\bevy_ecs-0.18.1\src\system\function_system.rs;52;33072170;0.035746;18163;1820;869;91974;1244.144326
non_indexed_batch_sets;C:\Users\Antoi\.cargo\registry\src\index.crates.io-1949cf8c6b5b557f\bevy_render-0.18.1\src\batching\gpu_preprocessing.rs;2161;19561443;0.021143;163458;119;47;75551;312.598809
plugin finish{plugin="bevy_render::render_asset::RenderAssetPlugin<bevy_gizmos_render::GpuLineGizmo>"};C:\Users\Antoi\.cargo\registry\src\index.crates.io-1949cf8c6b5b557f\bevy_app-0.18.1\src\app.rs;272;54;0.000000;1;54;54;54;0.000000
system{name="bevy_asset::assets::Assets<bevy_render::storage::ShaderStorageBuffer>::track_assets"};C:\Users\Antoi\.cargo\registry\src\index.crates.io-1949cf8c6b5b557f\bevy_ecs-0.18.1\src\system\function_system.rs;52;9174124;0.009916;18163;505;98;162942;3588.376840
system_commands{name="bevy_render::extract_component::extract_components<bevy_anti_alias::fxaa::Fxaa>"};C:\Users\Antoi\.cargo\registry\src\index.crates.io-1949cf8c6b5b557f\bevy_ecs-0.18.1\src\system\function_system.rs;54;9872790;0.010671;18162;543;265;75482;572.765821
plugin build{plugin="bevy_render::extract_component::UniformComponentPlugin<forgia_postprocess::toon::ToonSettings>"};C:\Users\Antoi\.cargo\registry\src\index.crates.io-1949cf8c6b5b557f\bevy_app-0.18.1\src\app.rs;529;8227;0.000009;1;8227;8227;8227;0.000000
asset loading{loader="bevy_image::image_loader::ImageLoader" asset="ui/menu_video/frame_0123.webp"};C:\Users\Antoi\.cargo\registry\src\index.crates.io-1949cf8c6b5b557f\bevy_asset-0.18.1\src\server\loaders.rs;332;14638464;0.015822;8;1829808;162;14599293;5159653.760905
plugin cleanup{plugin="bevy_input::InputPlugin"};C:\Users\Antoi\.cargo\registry\src\index.crates.io-1949cf8c6b5b557f\bevy_app-0.18.1\src\app.rs;292;58;0.000000;1;58;58;58;0.000000
asset loading{loader="bevy_image::image_loader::ImageLoader" asset="ui/menu_video/frame_0094.webp"};C:\Users\Antoi\.cargo\registry\src\index.crates.io-1949cf8c6b5b557f\bevy_asset-0.18.1\src\server\loaders.rs;332;14622508;0.015805;5;2924501;99;14592285;6522493.933547
system{name="bevy_pbr::atmosphere::resources::write_atmosphere_buffer"};C:\Users\Antoi\.cargo\registry\src\index.crates.io-1949cf8c6b5b557f\bevy_ecs-0.18.1\src\system\function_system.rs;52;6274561;0.006782;18162;345;95;36110;470.070649
plugin cleanup{plugin="bevy_render::render_phase::BinnedRenderPhasePlugin<bevy_core_pipeline::core_3d::Opaque3d, bevy_pbr::render::mesh::MeshPipeline>"};C:\Users\Antoi\.cargo\registry\src\index.crates.io-1949cf8c6b5b557f\bevy_app-0.18.1\src\app.rs;292;56;0.000000;1;56;56;56;0.000000
system{name="forgia_water::hide_water_on_spawn"};C:\Users\Antoi\.cargo\registry\src\index.crates.io-1949cf8c6b5b557f\bevy_ecs-0.18.1\src\system\function_system.rs;52;11617206;0.012557;18163;639;260;88301;701.632754
system_commands{name="bevy_pbr::material_bind_groups::init_fallback_bindless_resources"};C:\Users\Antoi\.cargo\registry\src\index.crates.io-1949cf8c6b5b557f\bevy_ecs-0.18.1\src\system\function_system.rs;54;2408;0.000003;1;2408;2408;2408;0.000000
plugin finish{plugin="bevy_ui_render::box_shadow::BoxShadowPlugin"};C:\Users\Antoi\.cargo\registry\src\index.crates.io-1949cf8c6b5b557f\bevy_app-0.18.1\src\app.rs;272;53;0.000000;1;53;53;53;0.000000
plugin cleanup{plugin="bevy_post_process::motion_blur::MotionBlurPlugin"};C:\Users\Antoi\.cargo\registry\src\index.crates.io-1949cf8c6b5b557f\bevy_app-0.18.1\src\app.rs;292;58;0.000000;1;58;58;58;0.000000
system{name="bevy_audio::audio_output::audio_output_available"};C:\Users\Antoi\.cargo\registry\src\index.crates.io-1949cf8c6b5b557f\bevy_ecs-0.18.1\src\system\function_system.rs;52;3866091;0.004179;18163;212;60;5420;96.764916
system{name="bevy_audio::audio_output::play_queued_audio_system<bevy_audio::audio_source::AudioSource>"};C:\Users\Antoi\.cargo\registry\src\index.crates.io-1949cf8c6b5b557f\bevy_ecs-0.18.1\src\system\function_system.rs;52;12421820;0.013426;18163;683;178;21536;366.051290
system{name="forgia_mode_roguelite::progress::sys_load_progress"};C:\Users\Antoi\.cargo\registry\src\index.crates.io-1949cf8c6b5b557f\bevy_ecs-0.18.1\src\system\function_system.rs;52;2544076;0.002750;1;2544076;2544076;2544076;0.000000
system{name="bevy_core_pipeline::skybox::prepass::init_skybox_prepass_pipeline"};C:\Users\Antoi\.cargo\registry\src\index.crates.io-1949cf8c6b5b557f\bevy_ecs-0.18.1\src\system\function_system.rs;52;7256;0.000008;1;7256;7256;7256;0.000000
system{name="forgia_mode_roguelite::loot_room::combat_running"};C:\Users\Antoi\.cargo\registry\src\index.crates.io-1949cf8c6b5b557f\bevy_ecs-0.18.1\src\system\function_system.rs;52;2887296;0.003121;18163;158;60;37467;286.861159
plugin cleanup{plugin="bevy_render::sync_world::SyncWorldPlugin"};C:\Users\Antoi\.cargo\registry\src\index.crates.io-1949cf8c6b5b557f\bevy_app-0.18.1\src\app.rs;292;53;0.000000;1;53;53;53;0.000000
system{name="bevy_state::state_scoped::despawn_entities_on_exit_state<forgia_mode_roguelite::run::RunState>"};C:\Users\Antoi\.cargo\registry\src\index.crates.io-1949cf8c6b5b557f\bevy_ecs-0.18.1\src\system\function_system.rs;52;5884285;0.006360;18164;323;101;17282;179.098040
system{name="forgia_killfeed::draw_killfeed"};C:\Users\Antoi\.cargo\registry\src\index.crates.io-1949cf8c6b5b557f\bevy_ecs-0.18.1\src\system\function_system.rs;52;102389096;0.110668;18163;5637;123;169576;13003.474603
system{name="bevy_rapier3d::plugin::systems::collider::init_async_scene_colliders"};C:\Users\Antoi\.cargo\registry\src\index.crates.io-1949cf8c6b5b557f\bevy_ecs-0.18.1\src\system\function_system.rs;52;2924083;0.003161;5734;509;120;8894;237.633258
asset loading{loader="bevy_image::image_loader::ImageLoader" asset="ui/menu_video/frame_0116.webp"};C:\Users\Antoi\.cargo\registry\src\index.crates.io-1949cf8c6b5b557f\bevy_asset-0.18.1\src\server\loaders.rs;332;14245988;0.015398;7;2035141;158;14207425;5367476.377240
plugin cleanup{plugin="bevy_app::task_pool_plugin::TaskPoolPlugin"};C:\Users\Antoi\.cargo\registry\src\index.crates.io-1949cf8c6b5b557f\bevy_app-0.18.1\src\app.rs;292;55;0.000000;1;55;55;55;0.000000
system{name="bevy_hanabi::render::prepare_effect_metadata"};C:\Users\Antoi\.cargo\registry\src\index.crates.io-1949cf8c6b5b557f\bevy_ecs-0.18.1\src\system\function_system.rs;52;45060712;0.048704;18162;2481;1144;181025;2441.414926
plugin cleanup{plugin="bevy_gizmos_render::GizmoRenderPlugin"};C:\Users\Antoi\.cargo\registry\src\index.crates.io-1949cf8c6b5b557f\bevy_app-0.18.1\src\app.rs;292;54;0.000000;1;54;54;54;0.000000
asset loading{loader="bevy_image::image_loader::ImageLoader" asset="ui/menu_video/frame_0018.webp"};C:\Users\Antoi\.cargo\registry\src\index.crates.io-1949cf8c6b5b557f\bevy_asset-0.18.1\src\server\loaders.rs;332;14568369;0.015746;7;2081195;157;14534598;5491436.311794
system{name="forgia_mode_roguelite::toon_config::sys_apply_toon_settings"};C:\Users\Antoi\.cargo\registry\src\index.crates.io-1949cf8c6b5b557f\bevy_ecs-0.18.1\src\system\function_system.rs;52;10572968;0.011428;17308;610;235;152179;1362.849005
plugin build{plugin="bevy_render::render_asset::RenderAssetPlugin<bevy_gizmos_render::GpuLineGizmo>"};C:\Users\Antoi\.cargo\registry\src\index.crates.io-1949cf8c6b5b557f\bevy_app-0.18.1\src\app.rs;529;28075;0.000030;1;28075;28075;28075;0.000000
system{name="bevy_anti_alias::smaa::init_smaa_pipelines"};C:\Users\Antoi\.cargo\registry\src\index.crates.io-1949cf8c6b5b557f\bevy_ecs-0.18.1\src\system\function_system.rs;52;26913;0.000029;1;26913;26913;26913;0.000000
plugin build{plugin="forgia_stage::ForgiaStageArenaPlugin"};C:\Users\Antoi\.cargo\registry\src\index.crates.io-1949cf8c6b5b557f\bevy_app-0.18.1\src\app.rs;529;407571;0.000441;1;407571;407571;407571;0.000000
system{name="bevy_water::water::apply_wave_direction"};C:\Users\Antoi\.cargo\registry\src\index.crates.io-1949cf8c6b5b557f\bevy_ecs-0.18.1\src\system\function_system.rs;52;25824396;0.027912;18163;1421;481;105670;1190.535828
system{name="bevy_text::pipeline::trim_cosmic_cache"};C:\Users\Antoi\.cargo\registry\src\index.crates.io-1949cf8c6b5b557f\bevy_ecs-0.18.1\src\system\function_system.rs;52;6074661;0.006566;18163;334;130;20175;214.970476
plugin finish{plugin="forgia_anchor::ForgiaAnchorPlugin"};C:\Users\Antoi\.cargo\registry\src\index.crates.io-1949cf8c6b5b557f\bevy_app-0.18.1\src\app.rs;272;56;0.000000;1;56;56;56;0.000000
plugin cleanup{plugin="bevy_render::sync_component::SyncComponentPlugin<bevy_render::view::Msaa>"};C:\Users\Antoi\.cargo\registry\src\index.crates.io-1949cf8c6b5b557f\bevy_app-0.18.1\src\app.rs;292;55;0.000000;1;55;55;55;0.000000
system{name="bevy_render::extract_component::extract_components<bevy_anti_alias::smaa::Smaa>"};C:\Users\Antoi\.cargo\registry\src\index.crates.io-1949cf8c6b5b557f\bevy_ecs-0.18.1\src\system\function_system.rs;52;8833475;0.009548;18163;486;163;78594;767.605037
system_commands{name="bevy_app::propagate::propagate_inherited<bevy_ui::ui_node::ComputedUiRenderTargetInfo, (), bevy_ecs::hierarchy::ChildOf>"};C:\Users\Antoi\.cargo\registry\src\index.crates.io-1949cf8c6b5b557f\bevy_ecs-0.18.1\src\system\function_system.rs;54;6002562;0.006488;18163;330;56;25498;261.293927
plugin build{plugin="bevy_ui_render::gradient::GradientPlugin"};C:\Users\Antoi\.cargo\registry\src\index.crates.io-1949cf8c6b5b557f\bevy_app-0.18.1\src\app.rs;529;22719;0.000025;1;22719;22719;22719;0.000000
solve_wo_bias;C:\Users\Antoi\.cargo\registry\src\index.crates.io-1949cf8c6b5b557f\rapier3d-0.31.0\src\dynamics\solver\contact_constraint\contact_constraints_set.rs;549;1298804;0.001404;22936;56;46;1343;20.969684
system_commands{name="forgia_fps::despawn_dead_cubes"};C:\Users\Antoi\.cargo\registry\src\index.crates.io-1949cf8c6b5b557f\bevy_ecs-0.18.1\src\system\function_system.rs;54;4232398;0.004575;17308;244;78;376809;3203.381020
plugin finish{plugin="bevy_core_pipeline::core_2d::Core2dPlugin"};C:\Users\Antoi\.cargo\registry\src\index.crates.io-1949cf8c6b5b557f\bevy_app-0.18.1\src\app.rs;272;63;0.000000;1;63;63;63;0.000000
system{name="bevy_gizmos_render::pipeline_3d::queue_line_gizmos_3d"};C:\Users\Antoi\.cargo\registry\src\index.crates.io-1949cf8c6b5b557f\bevy_ecs-0.18.1\src\system\function_system.rs;52;25588426;0.027657;18162;1408;594;77988;1320.803613
system{name="bevy_pbr::render::light::extract_ambient_light"};C:\Users\Antoi\.cargo\registry\src\index.crates.io-1949cf8c6b5b557f\bevy_ecs-0.18.1\src\system\function_system.rs;52;14072900;0.015211;18163;774;196;40078;440.886565
system_commands{name="bevy_sprite_render::mesh2d::mesh::init_batched_instance_buffer"};C:\Users\Antoi\.cargo\registry\src\index.crates.io-1949cf8c6b5b557f\bevy_ecs-0.18.1\src\system\function_system.rs;54;2378;0.000003;1;2378;2378;2378;0.000000
plugin build{plugin="bevy_camera::CameraPlugin"};C:\Users\Antoi\.cargo\registry\src\index.crates.io-1949cf8c6b5b557f\bevy_app-0.18.1\src\app.rs;529;90148;0.000097;1;90148;90148;90148;0.000000
system{name="bevy_render::extract_component::extract_components<bevy_post_process::motion_blur::MotionBlur>"};C:\Users\Antoi\.cargo\registry\src\index.crates.io-1949cf8c6b5b557f\bevy_ecs-0.18.1\src\system\function_system.rs;52;4839053;0.005230;18163;266;101;280056;2088.855045
asset loading{loader="bevy_gltf::loader::GltfLoader" asset="models/kaykit/dungeon/floor_dirt.glb"};C:\Users\Antoi\.cargo\registry\src\index.crates.io-1949cf8c6b5b557f\bevy_asset-0.18.1\src\server\loaders.rs;332;4663242;0.005040;6;777207;246;4649355;1896959.401641
system_commands{name="forgia_worldgen::sys_worldgen_input"};C:\Users\Antoi\.cargo\registry\src\index.crates.io-1949cf8c6b5b557f\bevy_ecs-0.18.1\src\system\function_system.rs;54;1633288;0.001765;17308;94;51;1133;23.576886
plugin cleanup{plugin="forgia_juice_screen_flash::ForgiaJuiceScreenFlashPlugin"};C:\Users\Antoi\.cargo\registry\src\index.crates.io-1949cf8c6b5b557f\bevy_app-0.18.1\src\app.rs;292;58;0.000000;1;58;58;58;0.000000
system{name="bevy_asset::assets::Assets<forgia_genome_core::Genome<forgia_rpg_data::boons::BoonsCatalogue>>::asset_events_condition"};C:\Users\Antoi\.cargo\registry\src\index.crates.io-1949cf8c6b5b557f\bevy_ecs-0.18.1\src\system\function_system.rs;52;2218969;0.002398;18163;122;56;55738;421.841862
system{name="forgia_observability::input_sensor::sys_track_input_accum"};C:\Users\Antoi\.cargo\registry\src\index.crates.io-1949cf8c6b5b557f\bevy_ecs-0.18.1\src\system\function_system.rs;52;14937119;0.016145;18163;822;135;51665;631.524598
system{name="forgia_ui::menu_video::setup_menu_video"};C:\Users\Antoi\.cargo\registry\src\index.crates.io-1949cf8c6b5b557f\bevy_ecs-0.18.1\src\system\function_system.rs;52;1176292;0.001271;1;1176292;1176292;1176292;0.000000
asset loading{loader="bevy_gltf::loader::GltfLoader" asset="models/environment/platformer/one_file_assets.glb"};C:\Users\Antoi\.cargo\registry\src\index.crates.io-1949cf8c6b5b557f\bevy_asset-0.18.1\src\server\loaders.rs;332;250131056;0.270355;5;50026211;155;247186809;110223316.553729
system{name="forgia_mode_roguelite::shockwave::sys_apply_knockback"};C:\Users\Antoi\.cargo\registry\src\index.crates.io-1949cf8c6b5b557f\bevy_ecs-0.18.1\src\system\function_system.rs;52;5302792;0.005732;17308;306;99;115932;1029.791896
node{name="bevy_pbr::atmosphere::environment::EnvironmentNode"};C:\Users\Antoi\.cargo\registry\src\index.crates.io-1949cf8c6b5b557f\bevy_render-0.18.1\src\renderer\graph_runner.rs;240;16232698;0.017545;36324;446;95;129345;711.949158
system{name="forgia_fps::pepin::sync_pepin_tuning"};C:\Users\Antoi\.cargo\registry\src\index.crates.io-1949cf8c6b5b557f\bevy_ecs-0.18.1\src\system\function_system.rs;52;7133425;0.007710;18163;392;131;28891;256.284382
system{name="bevy_camera::visibility::range::check_visibility_ranges"};C:\Users\Antoi\.cargo\registry\src\index.crates.io-1949cf8c6b5b557f\bevy_ecs-0.18.1\src\system\function_system.rs;52;12090242;0.013068;18163;665;210;28866;339.023002
plugin finish{plugin="bevy_core_pipeline::tonemapping::TonemappingPlugin"};C:\Users\Antoi\.cargo\registry\src\index.crates.io-1949cf8c6b5b557f\bevy_app-0.18.1\src\app.rs;272;69;0.000000;1;69;69;69;0.000000
system{name="bevy_render::apply_extract_commands"};C:\Users\Antoi\.cargo\registry\src\index.crates.io-1949cf8c6b5b557f\bevy_ecs-0.18.1\src\system\function_system.rs;52;2004258257;2.166311;18162;110354;56099;3300867;34600.412680
plugin finish{plugin="bevy_render::sync_component::SyncComponentPlugin<bevy_core_pipeline::oit::OrderIndependentTransparencySettings>"};C:\Users\Antoi\.cargo\registry\src\index.crates.io-1949cf8c6b5b557f\bevy_app-0.18.1\src\app.rs;272;70;0.000000;1;70;70;70;0.000000
system{name="forgia_mode_roguelite::poi::sys_init_poi_genome"};C:\Users\Antoi\.cargo\registry\src\index.crates.io-1949cf8c6b5b557f\bevy_ecs-0.18.1\src\system\function_system.rs;52;1326286;0.001434;1;1326286;1326286;1326286;0.000000
system{name="bevy_render::extract_resource::extract_resource<bevy_core_pipeline::tonemapping::TonemappingLuts>"};C:\Users\Antoi\.cargo\registry\src\index.crates.io-1949cf8c6b5b557f\bevy_ecs-0.18.1\src\system\function_system.rs;52;3815095;0.004124;18163;210;76;8369;113.203628
system{name="forgia_mode_fps_arena::load_arena_bots_genome"};C:\Users\Antoi\.cargo\registry\src\index.crates.io-1949cf8c6b5b557f\bevy_ecs-0.18.1\src\system\function_system.rs;52;612219;0.000662;1;612219;612219;612219;0.000000
