name;src_file;src_line;total_ns;total_perc;counts;mean_ns;min_ns;max_ns;std_ns
system{name="forgia_mode_roguelite::weapon_select::sys_lobby_weapon_preview"};C:\Users\Antoi\.cargo\registry\src\index.crates.io-1949cf8c6b5b557f\bevy_ecs-0.18.1\src\system\function_system.rs;52;230559;0.000127;91;2533;117;206037;21571.457278
system_commands{name="bevy_sprite_render::mesh2d::mesh::prepare_mesh2d_bind_group"};C:\Users\Antoi\.cargo\registry\src\index.crates.io-1949cf8c6b5b557f\bevy_ecs-0.18.1\src\system\function_system.rs;54;3468424;0.001906;37525;92;50;89266;462.144483
plugin build{plugin="bevy_gizmos_render::pipeline_2d::LineGizmo2dPlugin"};C:\Users\Antoi\.cargo\registry\src\index.crates.io-1949cf8c6b5b557f\bevy_app-0.18.1\src\app.rs;529;516519;0.000284;1;516519;516519;516519;0.000000
system{name="bevy_input::mouse::mouse_button_input_system"};C:\Users\Antoi\.cargo\registry\src\index.crates.io-1949cf8c6b5b557f\bevy_ecs-0.18.1\src\system\function_system.rs;52;14374054;0.007900;37525;383;117;98939;541.148031
entity_sync;C:\Users\Antoi\.cargo\registry\src\index.crates.io-1949cf8c6b5b557f\bevy_render-0.18.1\src\lib.rs;517;24583288;0.013511;37525;655;236;348306;2596.311366
system{name="forgia_observability::input_sensor::sys_track_input_accum"};C:\Users\Antoi\.cargo\registry\src\index.crates.io-1949cf8c6b5b557f\bevy_ecs-0.18.1\src\system\function_system.rs;52;28514653;0.015672;37525;759;140;124164;854.450335
system{name="forgia_ui::weapon_preview::sys_spawn_weapon_preview"};C:\Users\Antoi\.cargo\registry\src\index.crates.io-1949cf8c6b5b557f\bevy_ecs-0.18.1\src\system\function_system.rs;52;320666;0.000176;1;320666;320666;320666;0.000000
system{name="bevy_asset::assets::Assets<bevy_pbr::medium::ScatteringMedium>::asset_events_condition"};C:\Users\Antoi\.cargo\registry\src\index.crates.io-1949cf8c6b5b557f\bevy_ecs-0.18.1\src\system\function_system.rs;52;3206035;0.001762;37525;85;52;15317;96.385372
system_commands{name="forgia_mode_roguelite::parcours_obstacles::sys_init_obstacle_genome"};C:\Users\Antoi\.cargo\registry\src\index.crates.io-1949cf8c6b5b557f\bevy_ecs-0.18.1\src\system\function_system.rs;54;4010;0.000002;1;4010;4010;4010;0.000000
system_commands{name="forgia_player::spawn_player"};C:\Users\Antoi\.cargo\registry\src\index.crates.io-1949cf8c6b5b557f\bevy_ecs-0.18.1\src\system\function_system.rs;54;59908;0.000033;1;59908;59908;59908;0.000000
system{name="bevy_render::extract_component::prepare_uniform_components<forgia_postprocess::toon::ToonSettings>"};C:\Users\Antoi\.cargo\registry\src\index.crates.io-1949cf8c6b5b557f\bevy_ecs-0.18.1\src\system\function_system.rs;52;558865902;0.307155;37525;14893;222;19389669;101796.192711
asset loading{loader="bevy_image::image_loader::ImageLoader" asset="ui/menu_video/frame_0306.webp"};C:\Users\Antoi\.cargo\registry\src\index.crates.io-1949cf8c6b5b557f\bevy_asset-0.18.1\src\server\loaders.rs;332;16433816;0.009032;6;2738969;131;16394375;6689758.332827
system{name="bevy_asset::assets::Assets<bevy_render::storage::ShaderStorageBuffer>::track_assets"};C:\Users\Antoi\.cargo\registry\src\index.crates.io-1949cf8c6b5b557f\bevy_ecs-0.18.1\src\system\function_system.rs;52;22088563;0.012140;37525;588;111;412097;6004.729463
system{name="bevy_pbr::material::check_entities_needing_specialization<bevy_pbr::pbr_material::StandardMaterial>"};C:\Users\Antoi\.cargo\registry\src\index.crates.io-1949cf8c6b5b557f\bevy_ecs-0.18.1\src\system\function_system.rs;52;3637596058;1.999236;37525;96937;4818;62865890;873165.525178
plugin cleanup{plugin="bevy_post_process::dof::DepthOfFieldPlugin"};C:\Users\Antoi\.cargo\registry\src\index.crates.io-1949cf8c6b5b557f\bevy_app-0.18.1\src\app.rs;292;55;0.000000;1;55;55;55;0.000000
system{name="bevy_pbr::material::add_material_bind_group_allocator<bevy_pbr::extended_material::ExtendedMaterial<bevy_pbr::pbr_material::StandardMaterial, bevy_pbr::decal::forward::ForwardDecalMaterialExt>>"};C:\Users\Antoi\.cargo\registry\src\index.crates.io-1949cf8c6b5b557f\bevy_ecs-0.18.1\src\system\function_system.rs;52;164484;0.000090;1;164484;164484;164484;0.000000
plugin finish{plugin="bevy_render::extract_component::ExtractComponentPlugin<bevy_render::gpu_readback::Readback>"};C:\Users\Antoi\.cargo\registry\src\index.crates.io-1949cf8c6b5b557f\bevy_app-0.18.1\src\app.rs;272;102;0.000000;1;102;102;102;0.000000
system_commands{name="bevy_egui::render::systems::queue_bind_groups_system"};C:\Users\Antoi\.cargo\registry\src\index.crates.io-1949cf8c6b5b557f\bevy_ecs-0.18.1\src\system\function_system.rs;54;81983281;0.045058;37525;2184;853;149594;1453.745583
asset loading{loader="bevy_image::image_loader::ImageLoader" asset="ui/menu_video/frame_0319.webp"};C:\Users\Antoi\.cargo\registry\src\index.crates.io-1949cf8c6b5b557f\bevy_asset-0.18.1\src\server\loaders.rs;332;15220924;0.008365;6;2536820;172;15182202;6194948.635644
system_commands{name="forgia_stage::floor_merge::sys_build_merged_static"};C:\Users\Antoi\.cargo\registry\src\index.crates.io-1949cf8c6b5b557f\bevy_ecs-0.18.1\src\system\function_system.rs;54;4691258;0.002578;37525;125;52;93286;599.665169
system{name="bevy_render::extract_resource::extract_resource<bevy_render::texture::manual_texture_view::ManualTextureViews>"};C:\Users\Antoi\.cargo\registry\src\index.crates.io-1949cf8c6b5b557f\bevy_ecs-0.18.1\src\system\function_system.rs;52;7686543;0.004225;37525;204;78;23767;201.457404
asset loading{loader="bevy_shader::shader::ShaderLoader" asset="embedded://bevy_pbr\\lightmap\\lightmap.wgsl"};C:\Users\Antoi\.cargo\registry\src\index.crates.io-1949cf8c6b5b557f\bevy_asset-0.18.1\src\server\loaders.rs;332;457123;0.000251;2;228561;55;457068;323156.991391
asset loading{loader="bevy_shader::shader::ShaderLoader" asset="embedded://bevy_pbr\\atmosphere\\environment.wgsl"};C:\Users\Antoi\.cargo\registry\src\index.crates.io-1949cf8c6b5b557f\bevy_asset-0.18.1\src\server\loaders.rs;332;54297;0.000030;2;27148;53;54244;38318.823586
system{name="forgia_ui_lib::damage_direction::write_damage_dir_sensor"};C:\Users\Antoi\.cargo\registry\src\index.crates.io-1949cf8c6b5b557f\bevy_ecs-0.18.1\src\system\function_system.rs;52;13531071;0.007437;37525;360;112;59928;401.300393
plugin build{plugin="forgia_juice_lib::camera_shake::ForgiaJuiceCameraShakePlugin"};C:\Users\Antoi\.cargo\registry\src\index.crates.io-1949cf8c6b5b557f\bevy_app-0.18.1\src\app.rs;529;361504;0.000199;1;361504;361504;361504;0.000000
asset loading{loader="bevy_shader::shader::ShaderLoader" asset="embedded://bevy_pbr\\render\\mesh_functions.wgsl"};C:\Users\Antoi\.cargo\registry\src\index.crates.io-1949cf8c6b5b557f\bevy_asset-0.18.1\src\server\loaders.rs;332;247908;0.000136;2;123954;76;247832;175189.947680
plugin finish{plugin="forgia_mode_roguelite::loot_room::RogueliteLootRoomPlugin"};C:\Users\Antoi\.cargo\registry\src\index.crates.io-1949cf8c6b5b557f\bevy_app-0.18.1\src\app.rs;272;56;0.000000;1;56;56;56;0.000000
system_commands{name="bevy_post_process::dof::extract_depth_of_field_settings"};C:\Users\Antoi\.cargo\registry\src\index.crates.io-1949cf8c6b5b557f\bevy_ecs-0.18.1\src\system\function_system.rs;54;2737078;0.001504;37525;72;51;9268;62.245276
plugin build{plugin="bevy_render::view::visibility::range::RenderVisibilityRangePlugin"};C:\Users\Antoi\.cargo\registry\src\index.crates.io-1949cf8c6b5b557f\bevy_app-0.18.1\src\app.rs;529;9540;0.000005;1;9540;9540;9540;0.000000
plugin finish{plugin="forgia_streaming::ForgiaStreamingPlugin"};C:\Users\Antoi\.cargo\registry\src\index.crates.io-1949cf8c6b5b557f\bevy_app-0.18.1\src\app.rs;272;54;0.000000;1;54;54;54;0.000000
plugin finish{plugin="bevy_window::WindowPlugin"};C:\Users\Antoi\.cargo\registry\src\index.crates.io-1949cf8c6b5b557f\bevy_app-0.18.1\src\app.rs;272;53;0.000000;1;53;53;53;0.000000
plugin finish{plugin="bevy_sprite_render::SpriteRenderPlugin"};C:\Users\Antoi\.cargo\registry\src\index.crates.io-1949cf8c6b5b557f\bevy_app-0.18.1\src\app.rs;272;55;0.000000;1;55;55;55;0.000000
plugin cleanup{plugin="bevy_render::extract_component::UniformComponentPlugin<bevy_post_process::motion_blur::MotionBlurUniform>"};C:\Users\Antoi\.cargo\registry\src\index.crates.io-1949cf8c6b5b557f\bevy_app-0.18.1\src\app.rs;292;59;0.000000;1;59;59;59;0.000000
plugin cleanup{plugin="bevy_render::extract_component::ExtractComponentPlugin<bevy_core_pipeline::tonemapping::DebandDither>"};C:\Users\Antoi\.cargo\registry\src\index.crates.io-1949cf8c6b5b557f\bevy_app-0.18.1\src\app.rs;292;55;0.000000;1;55;55;55;0.000000
plugin build{plugin="forgia_mode_roguelite::audio::RogueliteAudioPlugin"};C:\Users\Antoi\.cargo\registry\src\index.crates.io-1949cf8c6b5b557f\bevy_app-0.18.1\src\app.rs;529;14367747;0.007897;1;14367747;14367747;14367747;0.000000
system{name="bevy_asset::assets::Assets<bevy_asset::assets::LoadedUntypedAsset>::asset_events_condition"};C:\Users\Antoi\.cargo\registry\src\index.crates.io-1949cf8c6b5b557f\bevy_ecs-0.18.1\src\system\function_system.rs;52;4824272;0.002651;37525;128;52;15262;116.786863
system_commands{name="bevy_render::extract_component::extract_components<bevy_camera::components::Camera2d>"};C:\Users\Antoi\.cargo\registry\src\index.crates.io-1949cf8c6b5b557f\bevy_ecs-0.18.1\src\system\function_system.rs;54;25210150;0.013856;37525;671;288;78030;507.512381
plugin cleanup{plugin="bevy_image::texture_atlas::TextureAtlasPlugin"};C:\Users\Antoi\.cargo\registry\src\index.crates.io-1949cf8c6b5b557f\bevy_app-0.18.1\src\app.rs;292;59;0.000000;1;59;59;59;0.000000
system{name="forgia_viewmodel::vm_camera::propagate_viewmodel_layer"};C:\Users\Antoi\.cargo\registry\src\index.crates.io-1949cf8c6b5b557f\bevy_ecs-0.18.1\src\system\function_system.rs;52;139713309;0.076787;33826;4130;2136;280986;2634.881003
asset loading{loader="bevy_image::image_loader::ImageLoader" asset="ui/menu_video/frame_0163.webp"};C:\Users\Antoi\.cargo\registry\src\index.crates.io-1949cf8c6b5b557f\bevy_asset-0.18.1\src\server\loaders.rs;332;15320658;0.008420;7;2188665;158;15277664;5771708.927035
plugin cleanup{plugin="forgia_effects::arena_feedback::ArenaFeedbackPlugin"};C:\Users\Antoi\.cargo\registry\src\index.crates.io-1949cf8c6b5b557f\bevy_app-0.18.1\src\app.rs;292;56;0.000000;1;56;56;56;0.000000
system{name="forgia_stage::write_stage_sensor"};C:\Users\Antoi\.cargo\registry\src\index.crates.io-1949cf8c6b5b557f\bevy_ecs-0.18.1\src\system\function_system.rs;52;20416159;0.011221;37525;544;151;141363;1232.873243
asset loading{loader="bevy_image::image_loader::ImageLoader" asset="ui/menu_video/frame_0047.webp"};C:\Users\Antoi\.cargo\registry\src\index.crates.io-1949cf8c6b5b557f\bevy_asset-0.18.1\src\server\loaders.rs;332;16222074;0.008916;6;2703679;201;16180674;6602355.407644
plugin cleanup{plugin="bevy_render::texture::TexturePlugin"};C:\Users\Antoi\.cargo\registry\src\index.crates.io-1949cf8c6b5b557f\bevy_app-0.18.1\src\app.rs;292;58;0.000000;1;58;58;58;0.000000
plugin finish{plugin="forgia_killfeed::ForgiaKillfeedPlugin"};C:\Users\Antoi\.cargo\registry\src\index.crates.io-1949cf8c6b5b557f\bevy_app-0.18.1\src\app.rs;272;54;0.000000;1;54;54;54;0.000000
system{name="forgia_worldgen::debug_viz::sys_toggle_viz"};C:\Users\Antoi\.cargo\registry\src\index.crates.io-1949cf8c6b5b557f\bevy_ecs-0.18.1\src\system\function_system.rs;52;8907788;0.004896;33826;263;76;103395;810.222272
system{name="forgia_player::dash::dash_recharge_system"};C:\Users\Antoi\.cargo\registry\src\index.crates.io-1949cf8c6b5b557f\bevy_ecs-0.18.1\src\system\function_system.rs;52;4952103;0.002722;10455;473;101;93769;1083.022950
system{name="bevy_asset::assets::Assets<forgia_genome_core::Genome<forgia_killfeed::tuning::KillfeedTuning>>::asset_events_condition"};C:\Users\Antoi\.cargo\registry\src\index.crates.io-1949cf8c6b5b557f\bevy_ecs-0.18.1\src\system\function_system.rs;52;3550127;0.001951;37525;94;53;4422;56.933366
plugin build{plugin="forgia_viewmodel::ForgiaViewmodelPlugin"};C:\Users\Antoi\.cargo\registry\src\index.crates.io-1949cf8c6b5b557f\bevy_app-0.18.1\src\app.rs;529;789678;0.000434;1;789678;789678;789678;0.000000
system_commands{name="bevy_sprite_render::text2d::extract_text2d_sprite"};C:\Users\Antoi\.cargo\registry\src\index.crates.io-1949cf8c6b5b557f\bevy_ecs-0.18.1\src\system\function_system.rs;54;14422806;0.007927;37525;384;51;70806;643.373674
system_commands{name="bevy_render::extract_component::extract_components<bevy_anti_alias::contrast_adaptive_sharpening::ContrastAdaptiveSharpening>"};C:\Users\Antoi\.cargo\registry\src\index.crates.io-1949cf8c6b5b557f\bevy_ecs-0.18.1\src\system\function_system.rs;54;23161143;0.012729;37525;617;238;201613;1054.853297
system{name="bevy_pbr::ssao::prepare_ssao_pipelines"};C:\Users\Antoi\.cargo\registry\src\index.crates.io-1949cf8c6b5b557f\bevy_ecs-0.18.1\src\system\function_system.rs;52;11011597;0.006052;37525;293;90;52417;391.086497
plugin cleanup{plugin="bevy_pbr::render::mesh::MeshRenderPlugin"};C:\Users\Antoi\.cargo\registry\src\index.crates.io-1949cf8c6b5b557f\bevy_app-0.18.1\src\app.rs;292;56;0.000000;1;56;56;56;0.000000
plugin finish{plugin="bevy_gilrs::GilrsPlugin"};C:\Users\Antoi\.cargo\registry\src\index.crates.io-1949cf8c6b5b557f\bevy_app-0.18.1\src\app.rs;272;146;0.000000;1;146;146;146;0.000000
system{name="leafwing_input_manager::user_input::updating::input_is_enabled<bevy_input::gamepad::GamepadButton>"};C:\Users\Antoi\.cargo\registry\src\index.crates.io-1949cf8c6b5b557f\bevy_ecs-0.18.1\src\system\function_system.rs;52;4649852;0.002556;37525;123;55;7910;71.359914
asset loading{loader="bevy_image::image_loader::ImageLoader" asset="ui/menu_video/frame_0166.webp"};C:\Users\Antoi\.cargo\registry\src\index.crates.io-1949cf8c6b5b557f\bevy_asset-0.18.1\src\server\loaders.rs;332;15666747;0.008610;7;2238106;129;15626754;5903840.557675
system{name="bevy_pbr::material::late_sweep_material_instances"};C:\Users\Antoi\.cargo\registry\src\index.crates.io-1949cf8c6b5b557f\bevy_ecs-0.18.1\src\system\function_system.rs;52;13483220;0.007410;37525;359;122;122458;658.788115
plugin build{plugin="forgia_mode_roguelite::ftue::FtuePlugin"};C:\Users\Antoi\.cargo\registry\src\index.crates.io-1949cf8c6b5b557f\bevy_app-0.18.1\src\app.rs;529;492430;0.000271;1;492430;492430;492430;0.000000
system{name="forgia_mode_roguelite::run::sys_spawn_roguelite_scene"};C:\Users\Antoi\.cargo\registry\src\index.crates.io-1949cf8c6b5b557f\bevy_ecs-0.18.1\src\system\function_system.rs;52;773685;0.000425;1;773685;773685;773685;0.000000
plugin cleanup{plugin="forgia_rpg::ForgiaRpgPlugin"};C:\Users\Antoi\.cargo\registry\src\index.crates.io-1949cf8c6b5b557f\bevy_app-0.18.1\src\app.rs;292;55;0.000000;1;55;55;55;0.000000
plugin finish{plugin="forgia_mode_roguelite::forge_shop::RogueliteForgeShopPlugin"};C:\Users\Antoi\.cargo\registry\src\index.crates.io-1949cf8c6b5b557f\bevy_app-0.18.1\src\app.rs;272;55;0.000000;1;55;55;55;0.000000
system_commands{name="forgia_mode_roguelite::merchant::sys_spawn_merchant"};C:\Users\Antoi\.cargo\registry\src\index.crates.io-1949cf8c6b5b557f\bevy_ecs-0.18.1\src\system\function_system.rs;54;45792;0.000025;1;45792;45792;45792;0.000000
node{name="bevy_hanabi::render::VfxSimulateNode"};C:\Users\Antoi\.cargo\registry\src\index.crates.io-1949cf8c6b5b557f\bevy_render-0.18.1\src\renderer\graph_runner.rs;240;627614965;0.344939;37525;16725;938;368219;7297.154264
plugin build{plugin="bevy_render::extract_component::UniformComponentPlugin<bevy_post_process::bloom::downsampling_pipeline::BloomUniforms>"};C:\Users\Antoi\.cargo\registry\src\index.crates.io-1949cf8c6b5b557f\bevy_app-0.18.1\src\app.rs;529;245011;0.000135;1;245011;245011;245011;0.000000
system{name="bevy_gizmos::collect_requested_gizmos<bevy_gizmos::light::LightGizmoConfigGroup, bevy_time::fixed::Fixed>"};C:\Users\Antoi\.cargo\registry\src\index.crates.io-1949cf8c6b5b557f\bevy_ecs-0.18.1\src\system\function_system.rs;52;2324777;0.001278;11501;202;78;9410;135.864099
system_commands{name="bevy_render::extract_resource::extract_resource<bevy_pbr::material::DefaultOpaqueRendererMethod>"};C:\Users\Antoi\.cargo\registry\src\index.crates.io-1949cf8c6b5b557f\bevy_ecs-0.18.1\src\system\function_system.rs;54;3008279;0.001653;37525;80;51;15182;100.994319
{shadow_directional_light_1_cascade_0};C:\Users\Antoi\.cargo\registry\src\index.crates.io-1949cf8c6b5b557f\bevy_pbr-0.18.1\src\render\light.rs;2326;2577448305;1.416575;33824;76201;30819;533074;20758.691094
write_phase_instance_buffers;C:\Users\Antoi\.cargo\registry\src\index.crates.io-1949cf8c6b5b557f\bevy_render-0.18.1\src\batching\gpu_preprocessing.rs;2047;55044473;0.030253;337725;162;48;137425;492.368936
plugin cleanup{plugin="bevy_winit::WinitPlugin"};C:\Users\Antoi\.cargo\registry\src\index.crates.io-1949cf8c6b5b557f\bevy_app-0.18.1\src\app.rs;292;78;0.000000;1;78;78;78;0.000000
check_conditions{name="forgia_fps::track_left_mouse_state"};C:\Users\Antoi\.cargo\registry\src\index.crates.io-1949cf8c6b5b557f\bevy_ecs-0.18.1\src\schedule\executor\single_threaded.rs;83;61134725;0.033600;37525;1629;714;102633;1961.244885
system{name="bevy_render::render_asset::extract_render_asset<bevy_sprite_render::mesh2d::material::PreparedMaterial2d<bevy_sprite_render::tilemap_chunk::tilemap_chunk_material::TilemapChunkMaterial>>"};C:\Users\Antoi\.cargo\registry\src\index.crates.io-1949cf8c6b5b557f\bevy_ecs-0.18.1\src\system\function_system.rs;52;36250886;0.019924;37525;966;309;164381;1032.230567
system{name="forgia_ui::release_cursor"};C:\Users\Antoi\.cargo\registry\src\index.crates.io-1949cf8c6b5b557f\bevy_ecs-0.18.1\src\system\function_system.rs;52;155332;0.000085;2;77666;56187;99145;30375.893106
plugin finish{plugin="forgia_rpg_data::quests::ForgiaQuestsPlugin"};C:\Users\Antoi\.cargo\registry\src\index.crates.io-1949cf8c6b5b557f\bevy_app-0.18.1\src\app.rs;272;135;0.000000;1;135;135;135;0.000000
asset loading{loader="bevy_image::image_loader::ImageLoader" asset="ui/menu_video/frame_0354.webp"};C:\Users\Antoi\.cargo\registry\src\index.crates.io-1949cf8c6b5b557f\bevy_asset-0.18.1\src\server\loaders.rs;332;16140042;0.008871;5;3228008;184;16087978;7188950.324227
plugin build{plugin="bevy_post_process::msaa_writeback::MsaaWritebackPlugin"};C:\Users\Antoi\.cargo\registry\src\index.crates.io-1949cf8c6b5b557f\bevy_app-0.18.1\src\app.rs;529;2035773;0.001119;1;2035773;2035773;2035773;0.000000
move_shape;C:\Users\Antoi\.cargo\registry\src\index.crates.io-1949cf8c6b5b557f\rapier3d-0.31.0\src\control\character_controller.rs;267;189267559;0.104022;10454;18104;4733;754142;26522.445316
plugin build{plugin="forgia_ui_lib::hud::energy::EnergyOverlayPlugin"};C:\Users\Antoi\.cargo\registry\src\index.crates.io-1949cf8c6b5b557f\bevy_app-0.18.1\src\app.rs;529;553671;0.000304;1;553671;553671;553671;0.000000
system_commands{name="bevy_hanabi::render::clear_transient_batch_inputs"};C:\Users\Antoi\.cargo\registry\src\index.crates.io-1949cf8c6b5b557f\bevy_ecs-0.18.1\src\system\function_system.rs;54;438029597;0.240743;37525;11673;89;677948;8052.725630
asset loading{loader="bevy_shader::shader::ShaderLoader" asset="embedded://bevy_core_pipeline\\fullscreen_vertex_shader\\fullscreen.wgsl"};C:\Users\Antoi\.cargo\registry\src\index.crates.io-1949cf8c6b5b557f\bevy_asset-0.18.1\src\server\loaders.rs;332;106294;0.000058;2;53147;104;106190;75014.129989
asset loading{loader="bevy_gltf::loader::GltfLoader" asset="models/kaykit/hexagon/red/building_market_red.gltf"};C:\Users\Antoi\.cargo\registry\src\index.crates.io-1949cf8c6b5b557f\bevy_asset-0.18.1\src\server\loaders.rs;332;279898;0.000154;8;34987;70;190505;63944.501879
plugin cleanup{plugin="bevy_app::propagate::HierarchyPropagatePlugin<bevy_ui::ui_node::ComputedUiRenderTargetInfo>"};C:\Users\Antoi\.cargo\registry\src\index.crates.io-1949cf8c6b5b557f\bevy_app-0.18.1\src\app.rs;292;63;0.000000;1;63;63;63;0.000000
plugin build{plugin="forgia_ui_lib::hud::confidence::ConfidenceHudPlugin"};C:\Users\Antoi\.cargo\registry\src\index.crates.io-1949cf8c6b5b557f\bevy_app-0.18.1\src\app.rs;529;48508;0.000027;1;48508;48508;48508;0.000000
plugin cleanup{plugin="bevy_scene::ScenePlugin"};C:\Users\Antoi\.cargo\registry\src\index.crates.io-1949cf8c6b5b557f\bevy_app-0.18.1\src\app.rs;292;55;0.000000;1;55;55;55;0.000000
plugin build{plugin="bevy_render::sync_component::SyncComponentPlugin<bevy_camera::camera::CameraMainTextureUsages>"};C:\Users\Antoi\.cargo\registry\src\index.crates.io-1949cf8c6b5b557f\bevy_app-0.18.1\src\app.rs;529;7753;0.000004;1;7753;7753;7753;0.000000
asset loading{loader="bevy_shader::shader::ShaderLoader" asset="embedded://bevy_render\\experimental\\occlusion_culling\\mesh_preprocess_types.wgsl"};C:\Users\Antoi\.cargo\registry\src\index.crates.io-1949cf8c6b5b557f\bevy_asset-0.18.1\src\server\loaders.rs;332;11274583;0.006197;2;5637291;62;11274521;7972246.413110
plugin finish{plugin="forgia_ui::ForgiaUiPlugin"};C:\Users\Antoi\.cargo\registry\src\index.crates.io-1949cf8c6b5b557f\bevy_app-0.18.1\src\app.rs;272;55;0.000000;1;55;55;55;0.000000
par_for_each{query="(&mut bevy_animation::AnimationPlayer, &bevy_animation::graph::AnimationGraphHandle)" filter="()"};C:\Users\Antoi\.cargo\registry\src\index.crates.io-1949cf8c6b5b557f\bevy_ecs-0.18.1\src\query\state.rs;246;22335264;0.012276;24174;923;67;72301;823.096014
plugin finish{plugin="bevy_core_pipeline::tonemapping::TonemappingPlugin"};C:\Users\Antoi\.cargo\registry\src\index.crates.io-1949cf8c6b5b557f\bevy_app-0.18.1\src\app.rs;272;56;0.000000;1;56;56;56;0.000000
system_commands{name="bevy_egui::input::write_window_touch_messages_system"};C:\Users\Antoi\.cargo\registry\src\index.crates.io-1949cf8c6b5b557f\bevy_ecs-0.18.1\src\system\function_system.rs;54;2785313;0.001531;37525;74;50;6381;40.528511
plugin cleanup{plugin="bevy_render::extract_component::ExtractComponentPlugin<bevy_anti_alias::smaa::Smaa>"};C:\Users\Antoi\.cargo\registry\src\index.crates.io-1949cf8c6b5b557f\bevy_app-0.18.1\src\app.rs;292;55;0.000000;1;55;55;55;0.000000
system{name="bevy_render::batching::gpu_preprocessing::write_batched_instance_buffers<bevy_pbr::render::mesh::MeshPipeline>"};C:\Users\Antoi\.cargo\registry\src\index.crates.io-1949cf8c6b5b557f\bevy_ecs-0.18.1\src\system\function_system.rs;52;3041838033;1.671805;37525;81061;13913;16585388;107083.073158
system{name="forgia_mode_roguelite::element_vfx::sys_init_vfx_assets"};C:\Users\Antoi\.cargo\registry\src\index.crates.io-1949cf8c6b5b557f\bevy_ecs-0.18.1\src\system\function_system.rs;52;42920;0.000024;1;42920;42920;42920;0.000000
asset loading{loader="forgia_genome_core::GenomeLoader<forgia_killfeed::tuning::KillfeedTuning>" asset="genomes/killfeed_tuning.toml"};C:\Users\Antoi\.cargo\registry\src\index.crates.io-1949cf8c6b5b557f\bevy_asset-0.18.1\src\server\loaders.rs;332;111814;0.000061;4;27953;85;85520;40105.300473
asset loading{loader="bevy_image::image_loader::ImageLoader" asset="ui/menu_video/frame_0158.webp"};C:\Users\Antoi\.cargo\registry\src\index.crates.io-1949cf8c6b5b557f\bevy_asset-0.18.1\src\server\loaders.rs;332;15865367;0.008720;6;2644227;281;15823944;6456718.889344
system{name="bevy_render::render_phase::sweep_old_entities<bevy_core_pipeline::core_3d::AlphaMask3d>"};C:\Users\Antoi\.cargo\registry\src\index.crates.io-1949cf8c6b5b557f\bevy_ecs-0.18.1\src\system\function_system.rs;52;11668015;0.006413;37525;310;92;29309;208.093760
system{name="bevy_post_process::dof::init_dof_global_bind_group_layout"};C:\Users\Antoi\.cargo\registry\src\index.crates.io-1949cf8c6b5b557f\bevy_ecs-0.18.1\src\system\function_system.rs;52;4479;0.000002;1;4479;4479;4479;0.000000
system{name="bevy_gizmos::update_gizmo_meshes<bevy_gizmos::aabb::AabbGizmoConfigGroup>"};C:\Users\Antoi\.cargo\registry\src\index.crates.io-1949cf8c6b5b557f\bevy_ecs-0.18.1\src\system\function_system.rs;52;14613035;0.008031;37525;389;94;27401;196.074221
asset loading{loader="bevy_gltf::loader::GltfLoader" asset="models/environment/portal/portal_closed.glb"};C:\Users\Antoi\.cargo\registry\src\index.crates.io-1949cf8c6b5b557f\bevy_asset-0.18.1\src\server\loaders.rs;332;306596300;0.168506;5;61319260;164;306582472;137106303.630921
plugin build{plugin="bevy_render::mesh::MeshRenderAssetPlugin"};C:\Users\Antoi\.cargo\registry\src\index.crates.io-1949cf8c6b5b557f\bevy_app-0.18.1\src\app.rs;529;803370;0.000442;1;803370;803370;803370;0.000000
plugin cleanup{plugin="forgia_effects::pipeline_ready::PipelinesReadyPlugin"};C:\Users\Antoi\.cargo\registry\src\index.crates.io-1949cf8c6b5b557f\bevy_app-0.18.1\src\app.rs;292;55;0.000000;1;55;55;55;0.000000
system{name="bevy_egui::render::systems::queue_bind_groups_system"};C:\Users\Antoi\.cargo\registry\src\index.crates.io-1949cf8c6b5b557f\bevy_ecs-0.18.1\src\system\function_system.rs;52;828460552;0.455325;37525;22077;12845;381342;7103.370462
system{name="bevy_core_pipeline::core_2d::extract_core_2d_camera_phases"};C:\Users\Antoi\.cargo\registry\src\index.crates.io-1949cf8c6b5b557f\bevy_ecs-0.18.1\src\system\function_system.rs;52;48518225;0.026666;37525;1292;553;89505;827.526612
plugin build{plugin="forgia_rpg_data::boons::ForgiaBoonsPlugin"};C:\Users\Antoi\.cargo\registry\src\index.crates.io-1949cf8c6b5b557f\bevy_app-0.18.1\src\app.rs;529;660678;0.000363;1;660678;660678;660678;0.000000
system{name="bevy_gizmos_render::pipeline_3d::queue_line_gizmos_3d"};C:\Users\Antoi\.cargo\registry\src\index.crates.io-1949cf8c6b5b557f\bevy_ecs-0.18.1\src\system\function_system.rs;52;51063547;0.028065;37525;1360;525;132919;1199.924030
system{name="bevy_core_pipeline::tonemapping::prepare_view_tonemapping_pipelines"};C:\Users\Antoi\.cargo\registry\src\index.crates.io-1949cf8c6b5b557f\bevy_ecs-0.18.1\src\system\function_system.rs;52;46590027;0.025606;37525;1241;431;74597;892.846054
plugin build{plugin="bevy_pbr::light_probe::generate::EnvironmentMapGenerationPlugin"};C:\Users\Antoi\.cargo\registry\src\index.crates.io-1949cf8c6b5b557f\bevy_app-0.18.1\src\app.rs;529;1004;0.000001;1;1004;1004;1004;0.000000
system{name="bevy_render::extract_resource::extract_resource<bevy_egui::EguiUserTextures>"};C:\Users\Antoi\.cargo\registry\src\index.crates.io-1949cf8c6b5b557f\bevy_ecs-0.18.1\src\system\function_system.rs;52;10705465;0.005884;37525;285;86;23260;555.006960
write_previous_input_buffers;C:\Users\Antoi\.cargo\registry\src\index.crates.io-1949cf8c6b5b557f\bevy_render-0.18.1\src\batching\gpu_preprocessing.rs;2032;265171072;0.145739;37525;7066;1051;2634701;19567.506245
system{name="bevy_ui_render::extract_text_decorations"};C:\Users\Antoi\.cargo\registry\src\index.crates.io-1949cf8c6b5b557f\bevy_ecs-0.18.1\src\system\function_system.rs;52;24803432;0.013632;37525;660;211;96550;594.650399
asset loading{loader="bevy_image::image_loader::ImageLoader" asset="ui/menu_video/frame_0241.webp"};C:\Users\Antoi\.cargo\registry\src\index.crates.io-1949cf8c6b5b557f\bevy_asset-0.18.1\src\server\loaders.rs;332;16088936;0.008843;7;2298419;150;16024286;6052546.095399
asset loading{loader="bevy_image::image_loader::ImageLoader" asset="ui/menu_video/frame_0127.webp"};C:\Users\Antoi\.cargo\registry\src\index.crates.io-1949cf8c6b5b557f\bevy_asset-0.18.1\src\server\loaders.rs;332;15711056;0.008635;6;2618509;126;15668788;6393308.325336
node{name="bevy_hanabi::render::VfxSimulateDriverNode"};C:\Users\Antoi\.cargo\registry\src\index.crates.io-1949cf8c6b5b557f\bevy_render-0.18.1\src\renderer\graph_runner.rs;240;80208635;0.044083;37525;2137;1019;54650;625.112843
asset loading{loader="bevy_shader::shader::ShaderLoader" asset="embedded://bevy_pbr\\prepass\\prepass_bindings.wgsl"};C:\Users\Antoi\.cargo\registry\src\index.crates.io-1949cf8c6b5b557f\bevy_asset-0.18.1\src\server\loaders.rs;332;33185;0.000018;2;16592;102;33083;23321.088761
system{name="bevy_input::keyboard::keyboard_input_system"};C:\Users\Antoi\.cargo\registry\src\index.crates.io-1949cf8c6b5b557f\bevy_ecs-0.18.1\src\system\function_system.rs;52;20600840;0.011322;37525;548;154;487775;2993.891431
asset loading{loader="bevy_image::image_loader::ImageLoader" asset="ui/menu_video/frame_0027.webp"};C:\Users\Antoi\.cargo\registry\src\index.crates.io-1949cf8c6b5b557f\bevy_asset-0.18.1\src\server\loaders.rs;332;29929224;0.016449;12;2494102;120;15467961;5810695.091788
system{name="forgia_fps::weapon_select_system"};C:\Users\Antoi\.cargo\registry\src\index.crates.io-1949cf8c6b5b557f\bevy_ecs-0.18.1\src\system\function_system.rs;52;15175264;0.008340;33826;448;110;149606;2033.513507
plugin build{plugin="bevy_ui_render::ui_texture_slice_pipeline::UiTextureSlicerPlugin"};C:\Users\Antoi\.cargo\registry\src\index.crates.io-1949cf8c6b5b557f\bevy_app-0.18.1\src\app.rs;529;210258;0.000116;1;210258;210258;210258;0.000000
asset loading{loader="bevy_image::image_loader::ImageLoader" asset="ui/menu_video/frame_0212.webp"};C:\Users\Antoi\.cargo\registry\src\index.crates.io-1949cf8c6b5b557f\bevy_asset-0.18.1\src\server\loaders.rs;332;16505086;0.009071;6;2750847;79;16460956;6716556.968970
system{name="bevy_post_process::bloom::downsampling_pipeline::init_bloom_downsampling_pipeline"};C:\Users\Antoi\.cargo\registry\src\index.crates.io-1949cf8c6b5b557f\bevy_ecs-0.18.1\src\system\function_system.rs;52;31247;0.000017;1;31247;31247;31247;0.000000
system{name="forgia_observability::sensor_health_sensor::sys_write_sensor_health"};C:\Users\Antoi\.cargo\registry\src\index.crates.io-1949cf8c6b5b557f\bevy_ecs-0.18.1\src\system\function_system.rs;52;58158880;0.031964;37525;1549;73;861343;19390.906294
asset loading{loader="bevy_image::image_loader::ImageLoader" asset="ui/menu_video/frame_0181.webp"};C:\Users\Antoi\.cargo\registry\src\index.crates.io-1949cf8c6b5b557f\bevy_asset-0.18.1\src\server\loaders.rs;332;15648529;0.008600;5;3129705;111;15610250;6976840.207339
asset loading{loader="bevy_shader::shader::ShaderLoader" asset="embedded://bevy_ui_render\\ui_texture_slice.wgsl"};C:\Users\Antoi\.cargo\registry\src\index.crates.io-1949cf8c6b5b557f\bevy_asset-0.18.1\src\server\loaders.rs;332;195942;0.000108;2;97971;87;195855;138428.880339
system{name="forgia_effects::mesh_fader::clone_material_on_fader_add"};C:\Users\Antoi\.cargo\registry\src\index.crates.io-1949cf8c6b5b557f\bevy_ecs-0.18.1\src\system\function_system.rs;52;20685937;0.011369;37525;551;141;80770;553.694145
asset loading{loader="bevy_image::image_loader::ImageLoader" asset="ui/menu_video/frame_0199.webp"};C:\Users\Antoi\.cargo\registry\src\index.crates.io-1949cf8c6b5b557f\bevy_asset-0.18.1\src\server\loaders.rs;332;15010358;0.008250;6;2501726;80;14972629;6109472.044823
system{name="forgia_viewmodel::vm_camera::sync_viewmodel_camera_active"};C:\Users\Antoi\.cargo\registry\src\index.crates.io-1949cf8c6b5b557f\bevy_ecs-0.18.1\src\system\function_system.rs;52;16619930;0.009134;33826;491;173;73138;516.255398
plugin finish{plugin="bevy_a11y::AccessibilityPlugin"};C:\Users\Antoi\.cargo\registry\src\index.crates.io-1949cf8c6b5b557f\bevy_app-0.18.1\src\app.rs;272;53;0.000000;1;53;53;53;0.000000
system{name="bevy_hanabi::render::start_stop_gpu_debug_capture"};C:\Users\Antoi\.cargo\registry\src\index.crates.io-1949cf8c6b5b557f\bevy_ecs-0.18.1\src\system\function_system.rs;52;23220686;0.012762;37525;618;200;56257;521.096073
system{name="bevy_pbr::material::extract_entities_needs_specialization<bevy_pbr::extended_material::ExtendedMaterial<bevy_pbr::pbr_material::StandardMaterial, bevy_pbr::decal::forward::ForwardDecalMaterialExt>>"};C:\Users\Antoi\.cargo\registry\src\index.crates.io-1949cf8c6b5b557f\bevy_ecs-0.18.1\src\system\function_system.rs;52;13482007;0.007410;37525;359;95;83747;731.191529
plugin finish{plugin="bevy_app::main_schedule::MainSchedulePlugin"};C:\Users\Antoi\.cargo\registry\src\index.crates.io-1949cf8c6b5b557f\bevy_app-0.18.1\src\app.rs;272;313;0.000000;1;313;313;313;0.000000
asset loading{loader="bevy_image::image_loader::ImageLoader" asset="ui/menu_video/frame_0352.webp"};C:\Users\Antoi\.cargo\registry\src\index.crates.io-1949cf8c6b5b557f\bevy_asset-0.18.1\src\server\loaders.rs;332;20144491;0.011071;6;3357415;154;20090756;8197631.806516
system_commands{name="forgia_mode_roguelite::loot_room::sys_collect_level_items"};C:\Users\Antoi\.cargo\registry\src\index.crates.io-1949cf8c6b5b557f\bevy_ecs-0.18.1\src\system\function_system.rs;54;4021249;0.002210;33826;118;53;83127;658.892003
system{name="bevy_render::batching::no_gpu_preprocessing::clear_batched_cpu_instance_buffers<bevy_pbr::render::mesh::MeshPipeline>"};C:\Users\Antoi\.cargo\registry\src\index.crates.io-1949cf8c6b5b557f\bevy_ecs-0.18.1\src\system\function_system.rs;52;12575159;0.006911;37525;335;66;24583;449.687518
system{name="bevy_anti_alias::taa::extract_taa_settings"};C:\Users\Antoi\.cargo\registry\src\index.crates.io-1949cf8c6b5b557f\bevy_ecs-0.18.1\src\system\function_system.rs;52;316701044;0.174060;37525;8439;3711;453527;3228.867019
plugin finish{plugin="forgia_level_presets::ForgiaLevelPresetsPlugin"};C:\Users\Antoi\.cargo\registry\src\index.crates.io-1949cf8c6b5b557f\bevy_app-0.18.1\src\app.rs;272;54;0.000000;1;54;54;54;0.000000
plugin build{plugin="bevy_water::water::material::WaterMaterialPlugin"};C:\Users\Antoi\.cargo\registry\src\index.crates.io-1949cf8c6b5b557f\bevy_app-0.18.1\src\app.rs;529;1023966;0.000563;1;1023966;1023966;1023966;0.000000
system{name="forgia_effects::tick_pooled_light_fade"};C:\Users\Antoi\.cargo\registry\src\index.crates.io-1949cf8c6b5b557f\bevy_ecs-0.18.1\src\system\function_system.rs;52;23766621;0.013062;37525;633;78;98388;783.878480
system{name="bevy_pbr::ssr::init_screen_space_reflections_pipeline"};C:\Users\Antoi\.cargo\registry\src\index.crates.io-1949cf8c6b5b557f\bevy_ecs-0.18.1\src\system\function_system.rs;52;24990;0.000014;1;24990;24990;24990;0.000000
plugin cleanup{plugin="bevy_render::extract_component::ExtractComponentPlugin<bevy_hanabi::EffectVisibilityClass>"};C:\Users\Antoi\.cargo\registry\src\index.crates.io-1949cf8c6b5b557f\bevy_app-0.18.1\src\app.rs;292;120;0.000000;1;120;120;120;0.000000
system_commands{name="forgia_viewmodel::vm_camera::propagate_viewmodel_layer"};C:\Users\Antoi\.cargo\registry\src\index.crates.io-1949cf8c6b5b557f\bevy_ecs-0.18.1\src\system\function_system.rs;54;3358463;0.001846;33826;99;50;96139;818.560580
plugin cleanup{plugin="bevy_render::erased_render_asset::ErasedRenderAssetPlugin<bevy_pbr::mesh_material::MeshMaterial3d<bevy_pbr::extended_material::ExtendedMaterial<bevy_pbr::pbr_material::StandardMaterial, bevy_water::water::material::WaterMaterial>>>"};C:\Users\Antoi\.cargo\registry\src\index.crates.io-1949cf8c6b5b557f\bevy_app-0.18.1\src\app.rs;292;106;0.000000;1;106;106;106;0.000000
system{name="bevy_sprite_render::render::queue_sprites"};C:\Users\Antoi\.cargo\registry\src\index.crates.io-1949cf8c6b5b557f\bevy_ecs-0.18.1\src\system\function_system.rs;52;70291388;0.038632;37525;1873;819;288780;2066.944030
plugin build{plugin="bevy_core_pipeline::upscaling::UpscalingPlugin"};C:\Users\Antoi\.cargo\registry\src\index.crates.io-1949cf8c6b5b557f\bevy_app-0.18.1\src\app.rs;529;194632;0.000107;1;194632;194632;194632;0.000000
system{name="bevy_egui::begin_pass_system"};C:\Users\Antoi\.cargo\registry\src\index.crates.io-1949cf8c6b5b557f\bevy_ecs-0.18.1\src\system\function_system.rs;52;12627266;0.006940;37525;336;100;17867;176.761747
system_commands{name="bevy_audio::audio_output::play_queued_audio_system<bevy_audio::audio_source::AudioSource>"};C:\Users\Antoi\.cargo\registry\src\index.crates.io-1949cf8c6b5b557f\bevy_ecs-0.18.1\src\system\function_system.rs;54;3821034;0.002100;37525;101;50;58228;350.827547
system{name="bevy_asset::assets::Assets<bevy_gltf::assets::GltfSkin>::asset_events_condition"};C:\Users\Antoi\.cargo\registry\src\index.crates.io-1949cf8c6b5b557f\bevy_ecs-0.18.1\src\system\function_system.rs;52;3327241;0.001829;37525;88;52;4473;57.762481
run_graph{name="Core3d" debug_group="Camera 1 (62v2703)"};C:\Users\Antoi\.cargo\registry\src\index.crates.io-1949cf8c6b5b557f\bevy_render-0.18.1\src\renderer\graph_runner.rs;119;11246145745;6.180922;33826;332470;227318;8877693;103769.695431
asset loading{loader="bevy_image::image_loader::ImageLoader" asset="ui/menu_video/frame_0003.webp"};C:\Users\Antoi\.cargo\registry\src\index.crates.io-1949cf8c6b5b557f\bevy_asset-0.18.1\src\server\loaders.rs;332;35357530;0.019433;10;3535753;82;19775205;7506471.198602
plugin finish{plugin="forgia_mode_roguelite::hud::RogueliteHudPlugin"};C:\Users\Antoi\.cargo\registry\src\index.crates.io-1949cf8c6b5b557f\bevy_app-0.18.1\src\app.rs;272;58;0.000000;1;58;58;58;0.000000
plugin build{plugin="bevy_render::extract_resource::ExtractResourcePlugin<bevy_render::texture::manual_texture_view::ManualTextureViews>"};C:\Users\Antoi\.cargo\registry\src\index.crates.io-1949cf8c6b5b557f\bevy_app-0.18.1\src\app.rs;529;5412;0.000003;1;5412;5412;5412;0.000000
system{name="bevy_gizmos::update_gizmo_meshes<bevy_gizmos::config::DefaultGizmoConfigGroup>"};C:\Users\Antoi\.cargo\registry\src\index.crates.io-1949cf8c6b5b557f\bevy_ecs-0.18.1\src\system\function_system.rs;52;18001001;0.009893;37525;479;174;292546;1567.818259
function_scope{egui::context::Context::end_pass};C:\Users\Antoi\.cargo\registry\src\index.crates.io-1949cf8c6b5b557f\egui-0.33.3\src\context.rs;2301;1507329110;0.828433;37525;40168;18898;3578657;41650.097406
system{name="bevy_pbr::volumetric_fog::render::prepare_volumetric_fog_pipelines"};C:\Users\Antoi\.cargo\registry\src\index.crates.io-1949cf8c6b5b557f\bevy_ecs-0.18.1\src\system\function_system.rs;52;24554907;0.013495;37525;654;211;45937;515.470274
system{name="forgia_fps::pepin::load_pepin_tuning"};C:\Users\Antoi\.cargo\registry\src\index.crates.io-1949cf8c6b5b557f\bevy_ecs-0.18.1\src\system\function_system.rs;52;18078;0.000010;1;18078;18078;18078;0.000000
system_commands{name="bevy_pbr::render::light::extract_lights"};C:\Users\Antoi\.cargo\registry\src\index.crates.io-1949cf8c6b5b557f\bevy_ecs-0.18.1\src\system\function_system.rs;54;417257534;0.229326;37525;11119;1715;224536;4458.826628
asset loading{loader="bevy_gltf::loader::GltfLoader" asset="models/kaykit/dungeon/chest.glb"};C:\Users\Antoi\.cargo\registry\src\index.crates.io-1949cf8c6b5b557f\bevy_asset-0.18.1\src\server\loaders.rs;332;11019478;0.006056;9;1224386;160;6601910;2473413.591971
plugin build{plugin="forgia_mode_roguelite::loot_room::RogueliteLootRoomPlugin"};C:\Users\Antoi\.cargo\registry\src\index.crates.io-1949cf8c6b5b557f\bevy_app-0.18.1\src\app.rs;529;83019;0.000046;1;83019;83019;83019;0.000000
plugin finish{plugin="forgia_stage::graph::ForgiaStageGraphPlugin"};C:\Users\Antoi\.cargo\registry\src\index.crates.io-1949cf8c6b5b557f\bevy_app-0.18.1\src\app.rs;272;56;0.000000;1;56;56;56;0.000000
plugin build{plugin="bevy_render::extract_component::ExtractComponentPlugin<bevy_camera::components::Camera3d>"};C:\Users\Antoi\.cargo\registry\src\index.crates.io-1949cf8c6b5b557f\bevy_app-0.18.1\src\app.rs;529;17516;0.000010;1;17516;17516;17516;0.000000
system_commands{name="bevy_render::extract_component::extract_components<bevy_camera::components::Camera3d>"};C:\Users\Antoi\.cargo\registry\src\index.crates.io-1949cf8c6b5b557f\bevy_ecs-0.18.1\src\system\function_system.rs;54;44408240;0.024407;37525;1183;475;88473;617.488685
plugin cleanup{plugin="bevy_render::extract_component::UniformComponentPlugin<bevy_gizmos_render::LineGizmoUniform>"};C:\Users\Antoi\.cargo\registry\src\index.crates.io-1949cf8c6b5b557f\bevy_app-0.18.1\src\app.rs;292;106;0.000000;1;106;106;106;0.000000
plugin cleanup{plugin="forgia_camera_orbit::ForgiaCameraOrbitPlugin"};C:\Users\Antoi\.cargo\registry\src\index.crates.io-1949cf8c6b5b557f\bevy_app-0.18.1\src\app.rs;292;55;0.000000;1;55;55;55;0.000000
system_commands{name="bevy_post_process::effect_stack::prepare_post_processing_uniforms"};C:\Users\Antoi\.cargo\registry\src\index.crates.io-1949cf8c6b5b557f\bevy_ecs-0.18.1\src\system\function_system.rs;54;3359942;0.001847;37525;89;50;118154;610.039436
system{name="bevy_pbr::material::extract_entities_needs_specialization<bevy_pbr::pbr_material::StandardMaterial>"};C:\Users\Antoi\.cargo\registry\src\index.crates.io-1949cf8c6b5b557f\bevy_ecs-0.18.1\src\system\function_system.rs;52;23766253;0.013062;37525;633;82;142964;940.556835
system{name="bevy_asset::assets::Assets<forgia_genome_core::Genome<forgia_stage::authored::ArenaLayoutsGenome>>::track_assets"};C:\Users\Antoi\.cargo\registry\src\index.crates.io-1949cf8c6b5b557f\bevy_ecs-0.18.1\src\system\function_system.rs;52;50992760;0.028026;37525;1358;92;850764;12970.475633
system{name="bevy_pbr::render::skin::extract_skins"};C:\Users\Antoi\.cargo\registry\src\index.crates.io-1949cf8c6b5b557f\bevy_ecs-0.18.1\src\system\function_system.rs;52;293849733;0.161501;37525;7830;2189;242620;8769.941590
system{name="forgia_mode_roguelite::boons_apply::obs_heal_on_kill"};C:\Users\Antoi\.cargo\registry\src\index.crates.io-1949cf8c6b5b557f\bevy_ecs-0.18.1\src\system\function_system.rs;52;30621;0.000017;40;765;104;4639;810.164133
system{name="forgia_mode_fps_arena::load_arena_bots_genome"};C:\Users\Antoi\.cargo\registry\src\index.crates.io-1949cf8c6b5b557f\bevy_ecs-0.18.1\src\system\function_system.rs;52;878721;0.000483;1;878721;878721;878721;0.000000
plugin cleanup{plugin="bevy_render::sync_component::SyncComponentPlugin<bevy_light::ShadowFilteringMethod>"};C:\Users\Antoi\.cargo\registry\src\index.crates.io-1949cf8c6b5b557f\bevy_app-0.18.1\src\app.rs;292;56;0.000000;1;56;56;56;0.000000
plugin build{plugin="forgia_camera_orbit::ForgiaCameraOrbitPlugin"};C:\Users\Antoi\.cargo\registry\src\index.crates.io-1949cf8c6b5b557f\bevy_app-0.18.1\src\app.rs;529;556592;0.000306;1;556592;556592;556592;0.000000
system_commands{name="bevy_render::view::window::screenshot::trigger_screenshots"};C:\Users\Antoi\.cargo\registry\src\index.crates.io-1949cf8c6b5b557f\bevy_ecs-0.18.1\src\system\function_system.rs;54;3068317;0.001686;37525;81;50;88413;616.123539
function_scope{epaint::tessellator::Tessellator::tessellate_path};C:\Users\Antoi\.cargo\registry\src\index.crates.io-1949cf8c6b5b557f\epaint-0.33.3\src\tessellator.rs;1724;77708534;0.042709;414450;187;97;99046;514.345900
system{name="bevy_ui_render::extract_uinode_background_colors"};C:\Users\Antoi\.cargo\registry\src\index.crates.io-1949cf8c6b5b557f\bevy_ecs-0.18.1\src\system\function_system.rs;52;23290176;0.012800;37525;620;163;26374;353.452801
asset loading{loader="bevy_image::image_loader::ImageLoader" asset="ui/menu_video/frame_0302.webp"};C:\Users\Antoi\.cargo\registry\src\index.crates.io-1949cf8c6b5b557f\bevy_asset-0.18.1\src\server\loaders.rs;332;16003093;0.008795;6;2667182;141;15955302;6509826.422148
system{name="bevy_audio::audio_output::cleanup_finished_audio<bevy_audio::pitch::Pitch>"};C:\Users\Antoi\.cargo\registry\src\index.crates.io-1949cf8c6b5b557f\bevy_ecs-0.18.1\src\system\function_system.rs;52;26039852;0.014312;37525;693;153;88501;554.361479
asset loading{loader="forgia_genome_core::GenomeLoader<forgia_enemy_nameplate::tuning::EnemyNameplateTuning>" asset="genomes/ui/enemy_nameplate.toml"};C:\Users\Antoi\.cargo\registry\src\index.crates.io-1949cf8c6b5b557f\bevy_asset-0.18.1\src\server\loaders.rs;332;92120;0.000051;5;18424;64;80723;34882.202647
system{name="bevy_hanabi::render::batch_effects"};C:\Users\Antoi\.cargo\registry\src\index.crates.io-1949cf8c6b5b557f\bevy_ecs-0.18.1\src\system\function_system.rs;52;844166559;0.463957;37525;22496;522;5615927;30460.164208
system_commands{name="bevy_gizmos_render::init_line_gizmo_uniform_bind_group_layout"};C:\Users\Antoi\.cargo\registry\src\index.crates.io-1949cf8c6b5b557f\bevy_ecs-0.18.1\src\system\function_system.rs;54;2153;0.000001;1;2153;2153;2153;0.000000
system{name="forgia_mode_roguelite::hud::sys_break_look_override"};C:\Users\Antoi\.cargo\registry\src\index.crates.io-1949cf8c6b5b557f\bevy_ecs-0.18.1\src\system\function_system.rs;52;14136251;0.007769;33826;417;123;36839;600.237704
asset loading{loader="bevy_shader::shader::ShaderLoader" asset="embedded://bevy_pbr\\render/pbr_bindings.wgsl"};C:\Users\Antoi\.cargo\registry\src\index.crates.io-1949cf8c6b5b557f\bevy_asset-0.18.1\src\server\loaders.rs;332;215799;0.000119;2;107899;89;215710;152467.071268
system{name="forgia_game::color_grading::sys_apply"};C:\Users\Antoi\.cargo\registry\src\index.crates.io-1949cf8c6b5b557f\bevy_ecs-0.18.1\src\system\function_system.rs;52;29834379;0.016397;37525;795;366;85764;723.013801
plugin cleanup{plugin="bevy_internal::default_plugins::IgnoreAmbiguitiesPlugin"};C:\Users\Antoi\.cargo\registry\src\index.crates.io-1949cf8c6b5b557f\bevy_app-0.18.1\src\app.rs;292;107;0.000000;1;107;107;107;0.000000
asset loading{loader="bevy_kira_audio::source::ogg_loader::OggLoader" asset="audio/roguelite/sfx/ding_souls.ogg"};C:\Users\Antoi\.cargo\registry\src\index.crates.io-1949cf8c6b5b557f\bevy_asset-0.18.1\src\server\loaders.rs;332;2225047;0.001223;4;556261;252;2198975;1095191.450547
plugin cleanup{plugin="forgia_effects::mesh_fader::MeshFaderPlugin"};C:\Users\Antoi\.cargo\registry\src\index.crates.io-1949cf8c6b5b557f\bevy_app-0.18.1\src\app.rs;292;56;0.000000;1;56;56;56;0.000000
system{name="forgia_water::hide_water_on_spawn"};C:\Users\Antoi\.cargo\registry\src\index.crates.io-1949cf8c6b5b557f\bevy_ecs-0.18.1\src\system\function_system.rs;52;22248734;0.012228;37525;592;236;93477;523.340136
system{name="bevy_sprite_render::mesh2d::material::check_entities_needing_specialization<bevy_sprite_render::mesh2d::color_material::ColorMaterial>"};C:\Users\Antoi\.cargo\registry\src\index.crates.io-1949cf8c6b5b557f\bevy_ecs-0.18.1\src\system\function_system.rs;52;52502806;0.028856;37525;1399;351;196486;1350.939549
system{name="bevy_asset::assets::Assets<bevy_asset::assets::LoadedUntypedAsset>::track_assets"};C:\Users\Antoi\.cargo\registry\src\index.crates.io-1949cf8c6b5b557f\bevy_ecs-0.18.1\src\system\function_system.rs;52;61190788;0.033631;37525;1630;96;1179215;15030.804935
system{name="bevy_asset::assets::Assets<bevy_gltf::assets::GltfSkin>::track_assets"};C:\Users\Antoi\.cargo\registry\src\index.crates.io-1949cf8c6b5b557f\bevy_ecs-0.18.1\src\system\function_system.rs;52;56782018;0.031208;37525;1513;124;1064463;15135.801771
system{name="forgia_mode_roguelite::loot_room::sys_reset_parcours_on_run_start"};C:\Users\Antoi\.cargo\registry\src\index.crates.io-1949cf8c6b5b557f\bevy_ecs-0.18.1\src\system\function_system.rs;52;97;0.000000;1;97;97;97;0.000000
system{name="forgia_mode_roguelite::run::sys_magnetize_pickups_on_break"};C:\Users\Antoi\.cargo\registry\src\index.crates.io-1949cf8c6b5b557f\bevy_ecs-0.18.1\src\system\function_system.rs;52;14579920;0.008013;33826;431;144;88451;735.343946
system_commands{name="bevy_render::extract_component::prepare_uniform_components<bevy_post_process::dof::DepthOfFieldUniform>"};C:\Users\Antoi\.cargo\registry\src\index.crates.io-1949cf8c6b5b557f\bevy_ecs-0.18.1\src\system\function_system.rs;54;2975711;0.001635;37525;79;50;19100;108.796639
system{name="forgia_mode_roguelite::defense::sys_init_defense_genome"};C:\Users\Antoi\.cargo\registry\src\index.crates.io-1949cf8c6b5b557f\bevy_ecs-0.18.1\src\system\function_system.rs;52;2011507;0.001106;1;2011507;2011507;2011507;0.000000
plugin finish{plugin="bevy_pbr::light_probe::generate::EnvironmentMapGenerationPlugin"};C:\Users\Antoi\.cargo\registry\src\index.crates.io-1949cf8c6b5b557f\bevy_app-0.18.1\src\app.rs;272;444406;0.000244;1;444406;444406;444406;0.000000
system{name="forgia_observability::quests_sensor::sys_write_quests_sensor"};C:\Users\Antoi\.cargo\registry\src\index.crates.io-1949cf8c6b5b557f\bevy_ecs-0.18.1\src\system\function_system.rs;52;16977406;0.009331;37525;452;126;110182;1038.156627
system_commands{name="bevy_anti_alias::taa::prepare_taa_history_textures"};C:\Users\Antoi\.cargo\registry\src\index.crates.io-1949cf8c6b5b557f\bevy_ecs-0.18.1\src\system\function_system.rs;54;3464668;0.001904;37525;92;51;43715;236.503483
system{name="forgia_mode_roguelite::decor::sys_unstick_bots_from_decor"};C:\Users\Antoi\.cargo\registry\src\index.crates.io-1949cf8c6b5b557f\bevy_ecs-0.18.1\src\system\function_system.rs;52;53114215;0.029192;33826;1570;244;93922;1296.828676
system_commands{name="forgia_fps::fire_weapon_minimal"};C:\Users\Antoi\.cargo\registry\src\index.crates.io-1949cf8c6b5b557f\bevy_ecs-0.18.1\src\system\function_system.rs;54;4163908;0.002288;10080;413;56;257909;3604.822642
asset loading{loader="bevy_image::image_loader::ImageLoader" asset="ui/menu_video/frame_0099.webp"};C:\Users\Antoi\.cargo\registry\src\index.crates.io-1949cf8c6b5b557f\bevy_asset-0.18.1\src\server\loaders.rs;332;14931856;0.008207;6;2488642;87;14875552;6068325.927114
plugin build{plugin="bevy_sprite::SpritePlugin"};C:\Users\Antoi\.cargo\registry\src\index.crates.io-1949cf8c6b5b557f\bevy_app-0.18.1\src\app.rs;529;1411223;0.000776;1;1411223;1411223;1411223;0.000000
system{name="bevy_kira_audio::audio_output::update_instance_states<bevy_kira_audio::MainTrack>"};C:\Users\Antoi\.cargo\registry\src\index.crates.io-1949cf8c6b5b557f\bevy_ecs-0.18.1\src\system\function_system.rs;52;9683064;0.005322;37525;258;89;87688;604.758575
plugin finish{plugin="bevy_sprite_render::mesh2d::material::Material2dPlugin<bevy_sprite_render::mesh2d::color_material::ColorMaterial>"};C:\Users\Antoi\.cargo\registry\src\index.crates.io-1949cf8c6b5b557f\bevy_app-0.18.1\src\app.rs;272;119;0.000000;1;119;119;119;0.000000
system{name="forgia_mode_roguelite::boss_portal::sys_write_boss_gate_sensor"};C:\Users\Antoi\.cargo\registry\src\index.crates.io-1949cf8c6b5b557f\bevy_ecs-0.18.1\src\system\function_system.rs;52;12657495;0.006957;33826;374;83;15325;288.358687
plugin finish{plugin="bevy_render::extract_component::ExtractComponentPlugin<bevy_pbr::ssr::ScreenSpaceReflections>"};C:\Users\Antoi\.cargo\registry\src\index.crates.io-1949cf8c6b5b557f\bevy_app-0.18.1\src\app.rs;272;59;0.000000;1;59;59;59;0.000000
system{name="leafwing_input_manager::systems::clear_central_input_store"};C:\Users\Antoi\.cargo\registry\src\index.crates.io-1949cf8c6b5b557f\bevy_ecs-0.18.1\src\system\function_system.rs;52;78016157;0.042878;37525;2079;711;165408;1933.405356
integrate_positions;C:\Users\Antoi\.cargo\registry\src\index.crates.io-1949cf8c6b5b557f\rapier3d-0.31.0\src\dynamics\solver\velocity_solver.rs;212;4670527;0.002567;46004;101;47;10188;104.330306
plugin build{plugin="bevy_render::extract_component::UniformComponentPlugin<bevy_gizmos_render::LineGizmoUniform>"};C:\Users\Antoi\.cargo\registry\src\index.crates.io-1949cf8c6b5b557f\bevy_app-0.18.1\src\app.rs;529;1007326;0.000554;1;1007326;1007326;1007326;0.000000
plugin cleanup{plugin="forgia_rpg_data::quests::ForgiaQuestsPlugin"};C:\Users\Antoi\.cargo\registry\src\index.crates.io-1949cf8c6b5b557f\bevy_app-0.18.1\src\app.rs;292;55;0.000000;1;55;55;55;0.000000
system{name="forgia_mode_roguelite::hud::draw_active_boons"};C:\Users\Antoi\.cargo\registry\src\index.crates.io-1949cf8c6b5b557f\bevy_ecs-0.18.1\src\system\function_system.rs;52;370382024;0.203563;33735;10979;139;146925;5968.010176
system{name="forgia_mode_roguelite::decor::sys_write_decor_sensor"};C:\Users\Antoi\.cargo\registry\src\index.crates.io-1949cf8c6b5b557f\bevy_ecs-0.18.1\src\system\function_system.rs;52;18884122;0.010379;37525;503;102;97606;2459.051506
asset loading{loader="bevy_gltf::loader::GltfLoader" asset="models/environment/inferno/ColumnBigBroken_001.glb"};C:\Users\Antoi\.cargo\registry\src\index.crates.io-1949cf8c6b5b557f\bevy_asset-0.18.1\src\server\loaders.rs;332;7308295;0.004017;4;1827073;240;7290509;3642293.274734
asset loading{loader="bevy_shader::shader::ShaderLoader" asset="embedded://bevy_pbr\\render\\morph.wgsl"};C:\Users\Antoi\.cargo\registry\src\index.crates.io-1949cf8c6b5b557f\bevy_asset-0.18.1\src\server\loaders.rs;332;89216;0.000049;2;44608;57;89159;63004.628417
plugin cleanup{plugin="bevy_render::sync_component::SyncComponentPlugin<bevy_core_pipeline::tonemapping::Tonemapping>"};C:\Users\Antoi\.cargo\registry\src\index.crates.io-1949cf8c6b5b557f\bevy_app-0.18.1\src\app.rs;292;55;0.000000;1;55;55;55;0.000000
plugin build{plugin="forgia_ui_lib::hud::barks::WeaponBarksPlugin"};C:\Users\Antoi\.cargo\registry\src\index.crates.io-1949cf8c6b5b557f\bevy_app-0.18.1\src\app.rs;529;1525078;0.000838;1;1525078;1525078;1525078;0.000000
system{name="forgia_juice_lib::fov_punch::tick_fov_state"};C:\Users\Antoi\.cargo\registry\src\index.crates.io-1949cf8c6b5b557f\bevy_ecs-0.18.1\src\system\function_system.rs;52;8111387;0.004458;37525;216;77;11772;120.921659
function_scope{<egui::plugin::CallbackPlugin as egui::plugin::Plugin>::on_begin_pass};C:\Users\Antoi\.cargo\registry\src\index.crates.io-1949cf8c6b5b557f\egui-0.33.3\src\plugin.rs;231;14825394;0.008148;37525;395;61;142535;909.288314
asset loading{loader="bevy_image::image_loader::ImageLoader" asset="textures-v1/terrain/grass/roughness.jpg"};C:\Users\Antoi\.cargo\registry\src\index.crates.io-1949cf8c6b5b557f\bevy_asset-0.18.1\src\server\loaders.rs;332;15578254;0.008562;4;3894563;149;15561944;7778255.927284
system{name="bevy_ui_render::gradient::extract_gradients"};C:\Users\Antoi\.cargo\registry\src\index.crates.io-1949cf8c6b5b557f\bevy_ecs-0.18.1\src\system\function_system.rs;52;31484483;0.017304;37525;839;251;92854;765.837620
node{name="bevy_render::render_graph::node::ViewNodeRunner<bevy_post_process::msaa_writeback::MsaaWritebackNode>"};C:\Users\Antoi\.cargo\registry\src\index.crates.io-1949cf8c6b5b557f\bevy_render-0.18.1\src\renderer\graph_runner.rs;240;291198361;0.160044;112575;2586;64;1189026;4298.457417
system_commands{name="bevy_pbr::render::light::extract_ambient_light_resource"};C:\Users\Antoi\.cargo\registry\src\index.crates.io-1949cf8c6b5b557f\bevy_ecs-0.18.1\src\system\function_system.rs;54;3835328;0.002108;37525;102;53;98072;561.021993
plugin finish{plugin="bevy_render::extract_component::UniformComponentPlugin<forgia_postprocess::toon::ToonSettings>"};C:\Users\Antoi\.cargo\registry\src\index.crates.io-1949cf8c6b5b557f\bevy_app-0.18.1\src\app.rs;272;56;0.000000;1;56;56;56;0.000000
plugin build{plugin="bevy_render::sync_component::SyncComponentPlugin<bevy_camera::components::Camera2d>"};C:\Users\Antoi\.cargo\registry\src\index.crates.io-1949cf8c6b5b557f\bevy_app-0.18.1\src\app.rs;529;4992;0.000003;1;4992;4992;4992;0.000000
asset loading{loader="bevy_image::image_loader::ImageLoader" asset="ui/menu_video/frame_0294.webp"};C:\Users\Antoi\.cargo\registry\src\index.crates.io-1949cf8c6b5b557f\bevy_asset-0.18.1\src\server\loaders.rs;332;15788365;0.008677;5;3157673;126;15727736;7026888.368399
system_commands{name="bevy_anti_alias::fxaa::init_fxaa_pipeline"};C:\Users\Antoi\.cargo\registry\src\index.crates.io-1949cf8c6b5b557f\bevy_ecs-0.18.1\src\system\function_system.rs;54;449;0.000000;1;449;449;449;0.000000
plugin build{plugin="forgia_ui_lib::pause_menu::ForgiaUiPauseMenuPlugin"};C:\Users\Antoi\.cargo\registry\src\index.crates.io-1949cf8c6b5b557f\bevy_app-0.18.1\src\app.rs;529;24722;0.000014;1;24722;24722;24722;0.000000
plugin finish{plugin="forgia_crosshair::ForgiaCrosshairPlugin"};C:\Users\Antoi\.cargo\registry\src\index.crates.io-1949cf8c6b5b557f\bevy_app-0.18.1\src\app.rs;272;64;0.000000;1;64;64;64;0.000000
system{name="forgia_stage::layout_sensor::write_layout_sensor"};C:\Users\Antoi\.cargo\registry\src\index.crates.io-1949cf8c6b5b557f\bevy_ecs-0.18.1\src\system\function_system.rs;52;23427146;0.012876;37525;624;151;155765;1669.605144
asset loading{loader="bevy_image::image_loader::ImageLoader" asset="ui/menu_video/frame_0304.webp"};C:\Users\Antoi\.cargo\registry\src\index.crates.io-1949cf8c6b5b557f\bevy_asset-0.18.1\src\server\loaders.rs;332;16479809;0.009057;5;3295961;106;16432227;7343400.505770
asset loading{loader="bevy_gltf::loader::GltfLoader" asset="models-v1/nature/rock_medium_1.gltf"};C:\Users\Antoi\.cargo\registry\src\index.crates.io-1949cf8c6b5b557f\bevy_asset-0.18.1\src\server\loaders.rs;332;327903;0.000180;9;36433;137;223133;71460.743318
system{name="<leafwing_input_manager::user_input::mouse::MouseMove as leafwing_input_manager::user_input::updating::UpdatableInput>::compute"};C:\Users\Antoi\.cargo\registry\src\index.crates.io-1949cf8c6b5b557f\bevy_ecs-0.18.1\src\system\function_system.rs;52;38852928;0.021354;37525;1035;342;345636;1960.592766
asset loading{loader="bevy_image::image_loader::ImageLoader" asset="ui/menu_video/frame_0307.webp"};C:\Users\Antoi\.cargo\registry\src\index.crates.io-1949cf8c6b5b557f\bevy_asset-0.18.1\src\server\loaders.rs;332;15342947;0.008433;6;2557157;205;15299384;6242392.891593
system_commands{name="bevy_anti_alias::contrast_adaptive_sharpening::init_cas_pipeline"};C:\Users\Antoi\.cargo\registry\src\index.crates.io-1949cf8c6b5b557f\bevy_ecs-0.18.1\src\system\function_system.rs;54;1828;0.000001;1;1828;1828;1828;0.000000
system_commands{name="forgia_mode_roguelite::decor::sys_hot_reload_decor_genome"};C:\Users\Antoi\.cargo\registry\src\index.crates.io-1949cf8c6b5b557f\bevy_ecs-0.18.1\src\system\function_system.rs;54;2769338;0.001522;33826;81;50;99473;610.608953
system{name="bevy_state::condition::in_state<forgia_core::states::GameMode>::{{closure}}"};C:\Users\Antoi\.cargo\registry\src\index.crates.io-1949cf8c6b5b557f\bevy_ecs-0.18.1\src\system\function_system.rs;52;454749442;0.249932;4222782;107;52;147030;585.356020
node{name="bevy_pbr::light_probe::generate::FilteringNode"};C:\Users\Antoi\.cargo\registry\src\index.crates.io-1949cf8c6b5b557f\bevy_render-0.18.1\src\renderer\graph_runner.rs;240;20254025;0.011132;75050;269;84;63514;411.399439
system{name="bevy_picking::input::mouse_pick_events"};C:\Users\Antoi\.cargo\registry\src\index.crates.io-1949cf8c6b5b557f\bevy_ecs-0.18.1\src\system\function_system.rs;52;20558094;0.011299;37525;547;177;72690;511.380594
plugin finish{plugin="bevy_scene::ScenePlugin"};C:\Users\Antoi\.cargo\registry\src\index.crates.io-1949cf8c6b5b557f\bevy_app-0.18.1\src\app.rs;272;54;0.000000;1;54;54;54;0.000000
system{name="bevy_water::water::update_materials"};C:\Users\Antoi\.cargo\registry\src\index.crates.io-1949cf8c6b5b557f\bevy_ecs-0.18.1\src\system\function_system.rs;52;7899;0.000004;1;7899;7899;7899;0.000000
asset loading{loader="forgia_genome_core::GenomeLoader<forgia_ui_lib::damage_direction::tuning::DamageDirTuning>" asset="genomes/damage_dir_tuning.toml"};C:\Users\Antoi\.cargo\registry\src\index.crates.io-1949cf8c6b5b557f\bevy_asset-0.18.1\src\server\loaders.rs;332;489332;0.000269;4;122333;126;484083;241172.860818
system{name="bevy_pbr::material::early_sweep_material_instances<bevy_pbr::extended_material::ExtendedMaterial<bevy_pbr::pbr_material::StandardMaterial, bevy_pbr::decal::forward::ForwardDecalMaterialExt>>"};C:\Users\Antoi\.cargo\registry\src\index.crates.io-1949cf8c6b5b557f\bevy_ecs-0.18.1\src\system\function_system.rs;52;7141798;0.003925;37525;190;62;76313;439.757416
system_commands{name="forgia_combat::weapons::weapon_cooldown_tick_system"};C:\Users\Antoi\.cargo\registry\src\index.crates.io-1949cf8c6b5b557f\bevy_ecs-0.18.1\src\system\function_system.rs;54;238542;0.000131;1200;198;69;1434;147.135915
system{name="bevy_asset::assets::Assets<forgia_genome_core::Genome<forgia_level_presets::LevelModulesGenome>>::asset_events_condition"};C:\Users\Antoi\.cargo\registry\src\index.crates.io-1949cf8c6b5b557f\bevy_ecs-0.18.1\src\system\function_system.rs;52;3359589;0.001846;37525;89;54;6403;53.865664
solve_single_character_collision_impulse;C:\Users\Antoi\.cargo\registry\src\index.crates.io-1949cf8c6b5b557f\rapier3d-0.31.0\src\control\character_controller.rs;847;295765;0.000163;282;1048;537;2126;249.947318
plugin cleanup{plugin="bevy_render::sync_component::SyncComponentPlugin<bevy_pbr::atmosphere::GpuAtmosphereSettings>"};C:\Users\Antoi\.cargo\registry\src\index.crates.io-1949cf8c6b5b557f\bevy_app-0.18.1\src\app.rs;292;55;0.000000;1;55;55;55;0.000000
system{name="forgia_mode_roguelite::shockwave::sys_shockwave_input"};C:\Users\Antoi\.cargo\registry\src\index.crates.io-1949cf8c6b5b557f\bevy_ecs-0.18.1\src\system\function_system.rs;52;18353099;0.010087;33826;542;192;39653;367.253079
system{name="bevy_core_pipeline::skybox::prepass::init_skybox_prepass_pipeline"};C:\Users\Antoi\.cargo\registry\src\index.crates.io-1949cf8c6b5b557f\bevy_ecs-0.18.1\src\system\function_system.rs;52;12552;0.000007;1;12552;12552;12552;0.000000
asset loading{loader="bevy_image::image_loader::ImageLoader" asset="ui/menu_video/frame_0081.webp"};C:\Users\Antoi\.cargo\registry\src\index.crates.io-1949cf8c6b5b557f\bevy_asset-0.18.1\src\server\loaders.rs;332;14723186;0.008092;5;2944637;80;14667713;6553412.129459
system{name="bevy_pbr::render::mesh_view_bindings::prepare_mesh_view_bind_groups"};C:\Users\Antoi\.cargo\registry\src\index.crates.io-1949cf8c6b5b557f\bevy_ecs-0.18.1\src\system\function_system.rs;52;2526388124;1.388512;37525;67325;32675;29442481;174927.915899
asset loading{loader="bevy_image::image_loader::ImageLoader" asset="ui/menu_video/frame_0252.webp"};C:\Users\Antoi\.cargo\registry\src\index.crates.io-1949cf8c6b5b557f\bevy_asset-0.18.1\src\server\loaders.rs;332;15302129;0.008410;6;2550354;103;15267195;6229956.134975
system_commands{name="forgia_mode_roguelite::render_quality::sys_force_apply_ssao"};C:\Users\Antoi\.cargo\registry\src\index.crates.io-1949cf8c6b5b557f\bevy_ecs-0.18.1\src\system\function_system.rs;54;280;0.000000;1;280;280;280;0.000000
plugin finish{plugin="forgia_debug::ForgiaDebugPlugin"};C:\Users\Antoi\.cargo\registry\src\index.crates.io-1949cf8c6b5b557f\bevy_app-0.18.1\src\app.rs;272;58;0.000000;1;58;58;58;0.000000
asset loading{loader="bevy_image::image_loader::ImageLoader" asset="ui/menu_video/frame_0318.webp"};C:\Users\Antoi\.cargo\registry\src\index.crates.io-1949cf8c6b5b557f\bevy_asset-0.18.1\src\server\loaders.rs;332;16432913;0.009032;6;2738818;177;16377381;6681509.920544
asset loading{loader="bevy_shader::shader::ShaderLoader" asset="embedded://bevy_pbr\\ssao\\ssao.wgsl"};C:\Users\Antoi\.cargo\registry\src\index.crates.io-1949cf8c6b5b557f\bevy_asset-0.18.1\src\server\loaders.rs;332;421502;0.000232;2;210751;88;421414;297922.471690
system{name="bevy_render::batching::gpu_preprocessing::delete_old_work_item_buffers<bevy_pbr::render::mesh::MeshPipeline>"};C:\Users\Antoi\.cargo\registry\src\index.crates.io-1949cf8c6b5b557f\bevy_ecs-0.18.1\src\system\function_system.rs;52;95293134;0.052373;37525;2539;1019;75410;1304.219373
plugin cleanup{plugin="bevy_time::TimePlugin"};C:\Users\Antoi\.cargo\registry\src\index.crates.io-1949cf8c6b5b557f\bevy_app-0.18.1\src\app.rs;292;55;0.000000;1;55;55;55;0.000000
system{name="forgia_observability::render_sensor::sys_write_render_sensor"};C:\Users\Antoi\.cargo\registry\src\index.crates.io-1949cf8c6b5b557f\bevy_ecs-0.18.1\src\system\function_system.rs;52;21539549;0.011838;37525;574;145;120074;1270.080721
system{name="bevy_render::globals::extract_frame_count"};C:\Users\Antoi\.cargo\registry\src\index.crates.io-1949cf8c6b5b557f\bevy_ecs-0.18.1\src\system\function_system.rs;52;7146565;0.003928;37525;190;59;10155;135.754363
system_commands{name="bevy_pbr::ssao::prepare_ssao_pipelines"};C:\Users\Antoi\.cargo\registry\src\index.crates.io-1949cf8c6b5b557f\bevy_ecs-0.18.1\src\system\function_system.rs;54;3295776;0.001811;37525;87;51;4438;36.897614
asset loading{loader="bevy_shader::shader::ShaderLoader" asset="embedded://bevy_sprite_render\\tilemap_chunk\\tilemap_chunk_material.wgsl"};C:\Users\Antoi\.cargo\registry\src\index.crates.io-1949cf8c6b5b557f\bevy_asset-0.18.1\src\server\loaders.rs;332;78087;0.000043;2;39043;67;78020;55121.094918
system{name="bevy_rapier3d::plugin::systems::joint::init_joints"};C:\Users\Antoi\.cargo\registry\src\index.crates.io-1949cf8c6b5b557f\bevy_ecs-0.18.1\src\system\function_system.rs;52;8496652;0.004670;11501;738;98;17781;342.023992
system{name="bevy_asset::assets::Assets<forgia_genome_core::Genome<forgia_killfeed::tuning::KillfeedTuning>>::track_assets"};C:\Users\Antoi\.cargo\registry\src\index.crates.io-1949cf8c6b5b557f\bevy_ecs-0.18.1\src\system\function_system.rs;52;56592807;0.031104;37525;1508;184;1320704;13662.566719
system_commands{name="bevy_pbr::render::fog::prepare_fog"};C:\Users\Antoi\.cargo\registry\src\index.crates.io-1949cf8c6b5b557f\bevy_ecs-0.18.1\src\system\function_system.rs;54;132357413;0.072744;37525;3527;1568;125795;1678.493500
asset loading{loader="bevy_image::image_loader::ImageLoader" asset="ui/menu_video/frame_0315.webp"};C:\Users\Antoi\.cargo\registry\src\index.crates.io-1949cf8c6b5b557f\bevy_asset-0.18.1\src\server\loaders.rs;332;15181097;0.008344;6;2530182;191;15114874;6165222.592777
plugin cleanup{plugin="bevy_render::sync_component::SyncComponentPlugin<bevy_render::view::Msaa>"};C:\Users\Antoi\.cargo\registry\src\index.crates.io-1949cf8c6b5b557f\bevy_app-0.18.1\src\app.rs;292;58;0.000000;1;58;58;58;0.000000
plugin cleanup{plugin="bevy_rapier3d::render::RapierDebugRenderPlugin"};C:\Users\Antoi\.cargo\registry\src\index.crates.io-1949cf8c6b5b557f\bevy_app-0.18.1\src\app.rs;292;55;0.000000;1;55;55;55;0.000000
plugin build{plugin="bevy_ui_render::gradient::GradientPlugin"};C:\Users\Antoi\.cargo\registry\src\index.crates.io-1949cf8c6b5b557f\bevy_app-0.18.1\src\app.rs;529;24817;0.000014;1;24817;24817;24817;0.000000
asset loading{loader="bevy_gltf::loader::GltfLoader" asset="models/kaykit/medieval_hexagon/buildings/red/building_home_A_red.gltf"};C:\Users\Antoi\.cargo\registry\src\index.crates.io-1949cf8c6b5b557f\bevy_asset-0.18.1\src\server\loaders.rs;332;462647;0.000254;9;51405;158;342659;110890.021884
plugin build{plugin="bevy_app::terminal_ctrl_c_handler::TerminalCtrlCHandlerPlugin"};C:\Users\Antoi\.cargo\registry\src\index.crates.io-1949cf8c6b5b557f\bevy_app-0.18.1\src\app.rs;529;47661;0.000026;1;47661;47661;47661;0.000000
plugin finish{plugin="forgia_ui_lib::hud::energy::EnergyOverlayPlugin"};C:\Users\Antoi\.cargo\registry\src\index.crates.io-1949cf8c6b5b557f\bevy_app-0.18.1\src\app.rs;272;71;0.000000;1;71;71;71;0.000000
system{name="bevy_anti_alias::taa::init_taa_pipeline"};C:\Users\Antoi\.cargo\registry\src\index.crates.io-1949cf8c6b5b557f\bevy_ecs-0.18.1\src\system\function_system.rs;52;30309;0.000017;1;30309;30309;30309;0.000000
system_commands{name="bevy_render::extract_component::prepare_uniform_components<bevy_pbr::atmosphere::GpuAtmosphereSettings>"};C:\Users\Antoi\.cargo\registry\src\index.crates.io-1949cf8c6b5b557f\bevy_ecs-0.18.1\src\system\function_system.rs;54;3217777;0.001769;37525;85;50;30986;161.648673
plugin finish{plugin="forgia_water::ForgiaWaterPlugin"};C:\Users\Antoi\.cargo\registry\src\index.crates.io-1949cf8c6b5b557f\bevy_app-0.18.1\src\app.rs;272;57;0.000000;1;57;57;57;0.000000
plugin cleanup{plugin="forgia_mode_roguelite::progress::PlayerProgressPlugin"};C:\Users\Antoi\.cargo\registry\src\index.crates.io-1949cf8c6b5b557f\bevy_app-0.18.1\src\app.rs;292;56;0.000000;1;56;56;56;0.000000
asset loading{loader="bevy_shader::shader::ShaderLoader" asset="embedded://bevy_pbr\\ssr\\raymarch.wgsl"};C:\Users\Antoi\.cargo\registry\src\index.crates.io-1949cf8c6b5b557f\bevy_asset-0.18.1\src\server\loaders.rs;332;999201;0.000549;2;499600;133;999068;706353.712465
asset loading{loader="bevy_shader::shader::ShaderLoader" asset="embedded://bevy_ui_render\\box_shadow.wgsl"};C:\Users\Antoi\.cargo\registry\src\index.crates.io-1949cf8c6b5b557f\bevy_asset-0.18.1\src\server\loaders.rs;332;196777;0.000108;2;98388;54;196723;139065.983551
system{name="bevy_core_pipeline::upscaling::prepare_view_upscaling_pipelines"};C:\Users\Antoi\.cargo\registry\src\index.crates.io-1949cf8c6b5b557f\bevy_ecs-0.18.1\src\system\function_system.rs;52;196324696;0.107901;37525;5231;664;90105432;487846.161105
plugin finish{plugin="bevy_diagnostic::frame_count_diagnostics_plugin::FrameCountPlugin"};C:\Users\Antoi\.cargo\registry\src\index.crates.io-1949cf8c6b5b557f\bevy_app-0.18.1\src\app.rs;272;60;0.000000;1;60;60;60;0.000000
system{name="bevy_asset::assets::Assets<bevy_image::image::Image>::asset_events_condition"};C:\Users\Antoi\.cargo\registry\src\index.crates.io-1949cf8c6b5b557f\bevy_ecs-0.18.1\src\system\function_system.rs;52;4204217;0.002311;37525;112;53;83841;485.466079
plugin build{plugin="bevy_ui_render::UiRenderPlugin"};C:\Users\Antoi\.cargo\registry\src\index.crates.io-1949cf8c6b5b557f\bevy_app-0.18.1\src\app.rs;529;4005288;0.002201;1;4005288;4005288;4005288;0.000000
system{name="bevy_asset::assets::Assets<()>::asset_events_condition"};C:\Users\Antoi\.cargo\registry\src\index.crates.io-1949cf8c6b5b557f\bevy_ecs-0.18.1\src\system\function_system.rs;52;4917633;0.002703;37525;131;54;82210;484.221654
system_commands{name="forgia_player::load_skybox"};C:\Users\Antoi\.cargo\registry\src\index.crates.io-1949cf8c6b5b557f\bevy_ecs-0.18.1\src\system\function_system.rs;54;2544;0.000001;1;2544;2544;2544;0.000000
plugin cleanup{plugin="bevy_render::sync_component::SyncComponentPlugin<bevy_light::spot_light::SpotLight>"};C:\Users\Antoi\.cargo\registry\src\index.crates.io-1949cf8c6b5b557f\bevy_app-0.18.1\src\app.rs;292;57;0.000000;1;57;57;57;0.000000
plugin cleanup{plugin="bevy_text::TextPlugin"};C:\Users\Antoi\.cargo\registry\src\index.crates.io-1949cf8c6b5b557f\bevy_app-0.18.1\src\app.rs;292;55;0.000000;1;55;55;55;0.000000
system{name="forgia_ui::sys_lobby_loading_overlay"};C:\Users\Antoi\.cargo\registry\src\index.crates.io-1949cf8c6b5b557f\bevy_ecs-0.18.1\src\system\function_system.rs;52;349481;0.000192;91;3840;1465;75528;9148.554368
plugin finish{plugin="bevy_post_process::bloom::BloomPlugin"};C:\Users\Antoi\.cargo\registry\src\index.crates.io-1949cf8c6b5b557f\bevy_app-0.18.1\src\app.rs;272;1184;0.000001;1;1184;1184;1184;0.000000
plugin build{plugin="forgia_asset_registry::ForgiaAssetRegistryPlugin"};C:\Users\Antoi\.cargo\registry\src\index.crates.io-1949cf8c6b5b557f\bevy_app-0.18.1\src\app.rs;529;163146;0.000090;1;163146;163146;163146;0.000000
plugin finish{plugin="bevy_render::render_phase::BinnedRenderPhasePlugin<bevy_core_pipeline::deferred::Opaque3dDeferred, bevy_pbr::render::mesh::MeshPipeline>"};C:\Users\Antoi\.cargo\registry\src\index.crates.io-1949cf8c6b5b557f\bevy_app-0.18.1\src\app.rs;272;75;0.000000;1;75;75;75;0.000000
plugin cleanup{plugin="forgia_juice_screen_flash::ForgiaJuiceScreenFlashPlugin"};C:\Users\Antoi\.cargo\registry\src\index.crates.io-1949cf8c6b5b557f\bevy_app-0.18.1\src\app.rs;292;67;0.000000;1;67;67;67;0.000000
plugin finish{plugin="bevy_sprite_render::tilemap_chunk::TilemapChunkPlugin"};C:\Users\Antoi\.cargo\registry\src\index.crates.io-1949cf8c6b5b557f\bevy_app-0.18.1\src\app.rs;272;77;0.000000;1;77;77;77;0.000000
system{name="forgia_effects::weapon_vfx::setup_weapon_vfx"};C:\Users\Antoi\.cargo\registry\src\index.crates.io-1949cf8c6b5b557f\bevy_ecs-0.18.1\src\system\function_system.rs;52;4093574;0.002250;1;4093574;4093574;4093574;0.000000
system_commands{name="forgia_worldgen::sys_load_kit"};C:\Users\Antoi\.cargo\registry\src\index.crates.io-1949cf8c6b5b557f\bevy_ecs-0.18.1\src\system\function_system.rs;54;1807;0.000001;1;1807;1807;1807;0.000000
asset loading{loader="bevy_image::image_loader::ImageLoader" asset="ui/menu_video/frame_0272.webp"};C:\Users\Antoi\.cargo\registry\src\index.crates.io-1949cf8c6b5b557f\bevy_asset-0.18.1\src\server\loaders.rs;332;16559546;0.009101;7;2365649;216;16496994;6231340.532817
system{name="bevy_core_pipeline::core_3d::prepare_core_3d_depth_textures"};C:\Users\Antoi\.cargo\registry\src\index.crates.io-1949cf8c6b5b557f\bevy_ecs-0.18.1\src\system\function_system.rs;52;191969950;0.105507;37525;5115;2306;2145426;11516.528771
system{name="bevy_asset::assets::Assets<forgia_genome_core::Genome<forgia_player::PlayerMovementTuning>>::asset_events"};C:\Users\Antoi\.cargo\registry\src\index.crates.io-1949cf8c6b5b557f\bevy_ecs-0.18.1\src\system\function_system.rs;52;2510;0.000001;1;2510;2510;2510;0.000000
plugin finish{plugin="bevy_render::RenderPlugin"};C:\Users\Antoi\.cargo\registry\src\index.crates.io-1949cf8c6b5b557f\bevy_app-0.18.1\src\app.rs;272;9098144;0.005000;1;9098144;9098144;9098144;0.000000
system{name="forgia_mode_roguelite::boons_apply::sys_recompute_boon_mods"};C:\Users\Antoi\.cargo\registry\src\index.crates.io-1949cf8c6b5b557f\bevy_ecs-0.18.1\src\system\function_system.rs;52;30807129;0.016932;33826;910;163;140407;1669.732058
asset loading{loader="bevy_image::image_loader::ImageLoader" asset="ui/menu_video/frame_0077.webp"};C:\Users\Antoi\.cargo\registry\src\index.crates.io-1949cf8c6b5b557f\bevy_asset-0.18.1\src\server\loaders.rs;332;14728788;0.008095;6;2454798;109;14691271;5994625.656096
plugin build{plugin="bevy_post_process::effect_stack::EffectStackPlugin"};C:\Users\Antoi\.cargo\registry\src\index.crates.io-1949cf8c6b5b557f\bevy_app-0.18.1\src\app.rs;529;647424;0.000356;1;647424;647424;647424;0.000000
system{name="bevy_sprite::text2d::calculate_bounds_text2d"};C:\Users\Antoi\.cargo\registry\src\index.crates.io-1949cf8c6b5b557f\bevy_ecs-0.18.1\src\system\function_system.rs;52;27322560;0.015017;37525;728;278;38601;448.381580
plugin cleanup{plugin="bevy_pbr::render::gpu_preprocess::GpuMeshPreprocessPlugin"};C:\Users\Antoi\.cargo\registry\src\index.crates.io-1949cf8c6b5b557f\bevy_app-0.18.1\src\app.rs;292;55;0.000000;1;55;55;55;0.000000
plugin build{plugin="forgia_observability::ForgiaObservabilityPlugin"};C:\Users\Antoi\.cargo\registry\src\index.crates.io-1949cf8c6b5b557f\bevy_app-0.18.1\src\app.rs;529;3633409;0.001997;1;3633409;3633409;3633409;0.000000
plugin cleanup{plugin="bevy_gizmos::light::LightGizmoPlugin"};C:\Users\Antoi\.cargo\registry\src\index.crates.io-1949cf8c6b5b557f\bevy_app-0.18.1\src\app.rs;292;55;0.000000;1;55;55;55;0.000000
asset loading{loader="bevy_image::image_loader::ImageLoader" asset="ui/menu_video/frame_0288.webp"};C:\Users\Antoi\.cargo\registry\src\index.crates.io-1949cf8c6b5b557f\bevy_asset-0.18.1\src\server\loaders.rs;332;15653156;0.008603;6;2608859;156;15599440;6364062.071224
plugin{tag="DragAndDrop"};C:\Users\Antoi\.cargo\registry\src\index.crates.io-1949cf8c6b5b557f\egui-0.33.3\src\plugin.rs;145;19148790;0.010524;150100;127;49;137308;688.890823
plugin finish{plugin="bevy_render::render_phase::SortedRenderPhasePlugin<bevy_core_pipeline::core_3d::Transmissive3d, bevy_pbr::render::mesh::MeshPipeline>"};C:\Users\Antoi\.cargo\registry\src\index.crates.io-1949cf8c6b5b557f\bevy_app-0.18.1\src\app.rs;272;64;0.000000;1;64;64;64;0.000000
system{name="bevy_anti_alias::smaa::prepare_smaa_textures"};C:\Users\Antoi\.cargo\registry\src\index.crates.io-1949cf8c6b5b557f\bevy_ecs-0.18.1\src\system\function_system.rs;52;21893392;0.012033;37525;583;139;100255;625.992288
system{name="forgia_observability::qa_bridge::sys_write_qa_sensor"};C:\Users\Antoi\.cargo\registry\src\index.crates.io-1949cf8c6b5b557f\bevy_ecs-0.18.1\src\system\function_system.rs;52;13969121;0.007677;37525;372;98;119129;919.378750
system{name="bevy_sprite_render::mesh2d::mesh::prepare_mesh2d_view_bind_groups"};C:\Users\Antoi\.cargo\registry\src\index.crates.io-1949cf8c6b5b557f\bevy_ecs-0.18.1\src\system\function_system.rs;52;503281694;0.276605;37525;13411;3014;667760;10999.948269
plugin build{plugin="bevy_render::extract_component::ExtractComponentPlugin<forgia_postprocess::toon::ToonSettings>"};C:\Users\Antoi\.cargo\registry\src\index.crates.io-1949cf8c6b5b557f\bevy_app-0.18.1\src\app.rs;529;767371;0.000422;1;767371;767371;767371;0.000000
asset loading{loader="bevy_gltf::loader::GltfLoader" asset="models/kaykit/skeletons/Skeleton_Mage.glb"};C:\Users\Antoi\.cargo\registry\src\index.crates.io-1949cf8c6b5b557f\bevy_asset-0.18.1\src\server\loaders.rs;332;55993577;0.030774;9;6221508;144;30157992;12357202.396871
system{name="leafwing_input_manager::user_input::updating::input_is_enabled<bevy_input::gamepad::GamepadAxis>"};C:\Users\Antoi\.cargo\registry\src\index.crates.io-1949cf8c6b5b557f\bevy_ecs-0.18.1\src\system\function_system.rs;52;3416746;0.001878;37525;91;53;8966;54.765649
system{name="bevy_asset::assets::Assets<forgia_genome_core::Genome<forgia_juice_screen_flash::ScreenFlashTuning>>::asset_events_condition"};C:\Users\Antoi\.cargo\registry\src\index.crates.io-1949cf8c6b5b557f\bevy_ecs-0.18.1\src\system\function_system.rs;52;3698183;0.002033;37525;98;53;15390;109.966807
plugin cleanup{plugin="forgia_mode_roguelite::pipeline_warmup::PipelineWarmupPlugin"};C:\Users\Antoi\.cargo\registry\src\index.crates.io-1949cf8c6b5b557f\bevy_app-0.18.1\src\app.rs;292;55;0.000000;1;55;55;55;0.000000
system{name="bevy_hanabi::render::on_remove_cached_metadata"};C:\Users\Antoi\.cargo\registry\src\index.crates.io-1949cf8c6b5b557f\bevy_ecs-0.18.1\src\system\function_system.rs;52;1971;0.000001;4;492;65;1731;825.642174
asset loading{loader="bevy_kira_audio::source::ogg_loader::OggLoader" asset="audio/roguelite/weapons/pepin.ogg"};C:\Users\Antoi\.cargo\registry\src\index.crates.io-1949cf8c6b5b557f\bevy_asset-0.18.1\src\server\loaders.rs;332;596368;0.000328;4;149092;126;586428;291573.287002
plugin finish{plugin="forgia_viewmodel::calibration_sensor::ForgiaViewmodelCalibrationPlugin"};C:\Users\Antoi\.cargo\registry\src\index.crates.io-1949cf8c6b5b557f\bevy_app-0.18.1\src\app.rs;272;56;0.000000;1;56;56;56;0.000000
plugin build{plugin="forgia_fps::lenoir::ForgiaLenoirPlugin"};C:\Users\Antoi\.cargo\registry\src\index.crates.io-1949cf8c6b5b557f\bevy_app-0.18.1\src\app.rs;529;7194;0.000004;1;7194;7194;7194;0.000000
system{name="bevy_text::text::detect_text_needs_rerender<bevy_ui::widget::text::Text>"};C:\Users\Antoi\.cargo\registry\src\index.crates.io-1949cf8c6b5b557f\bevy_ecs-0.18.1\src\system\function_system.rs;52;30718202;0.016883;37525;818;261;206785;1403.130983
system_commands{name="bevy_render::erased_render_asset::extract_erased_render_asset<bevy_pbr::mesh_material::MeshMaterial3d<bevy_pbr::pbr_material::StandardMaterial>>"};C:\Users\Antoi\.cargo\registry\src\index.crates.io-1949cf8c6b5b557f\bevy_ecs-0.18.1\src\system\function_system.rs;54;49145457;0.027011;37525;1309;451;124271;955.943881
plugin build{plugin="forgia_mode_roguelite::boss_portal::BossPortalPlugin"};C:\Users\Antoi\.cargo\registry\src\index.crates.io-1949cf8c6b5b557f\bevy_app-0.18.1\src\app.rs;529;22224;0.000012;1;22224;22224;22224;0.000000
system{name="bevy_render::extract_component::extract_components<bevy_camera::components::Camera2d>"};C:\Users\Antoi\.cargo\registry\src\index.crates.io-1949cf8c6b5b557f\bevy_ecs-0.18.1\src\system\function_system.rs;52;21168208;0.011634;37525;564;211;25127;427.339052
system{name="bevy_core_pipeline::deferred::copy_lighting_id::prepare_deferred_lighting_id_textures"};C:\Users\Antoi\.cargo\registry\src\index.crates.io-1949cf8c6b5b557f\bevy_ecs-0.18.1\src\system\function_system.rs;52;9563924;0.005256;37525;254;66;43955;300.163437
plugin build{plugin="forgia_terrain::ForgiaTerrainPlugin"};C:\Users\Antoi\.cargo\registry\src\index.crates.io-1949cf8c6b5b557f\bevy_app-0.18.1\src\app.rs;529;2135321;0.001174;1;2135321;2135321;2135321;0.000000
asset loading{loader="bevy_image::image_loader::ImageLoader" asset="ui/menu_video/frame_0142.webp"};C:\Users\Antoi\.cargo\registry\src\index.crates.io-1949cf8c6b5b557f\bevy_asset-0.18.1\src\server\loaders.rs;332;14796227;0.008132;6;2466037;107;14750983;6018373.128094
system{name="forgia_enemy_nameplate::billboard_to_camera"};C:\Users\Antoi\.cargo\registry\src\index.crates.io-1949cf8c6b5b557f\bevy_ecs-0.18.1\src\system\function_system.rs;52;53292521;0.029290;37525;1420;246;67403;984.678144
asset loading{loader="bevy_image::image_loader::ImageLoader" asset="ui/menu_video/frame_0078.webp"};C:\Users\Antoi\.cargo\registry\src\index.crates.io-1949cf8c6b5b557f\bevy_asset-0.18.1\src\server\loaders.rs;332;14938940;0.008210;7;2134134;104;14900327;5629363.928691
system{name="bevy_render::extract_component::prepare_uniform_components<bevy_gizmos_render::LineGizmoUniform>"};C:\Users\Antoi\.cargo\registry\src\index.crates.io-1949cf8c6b5b557f\bevy_ecs-0.18.1\src\system\function_system.rs;52;16822850;0.009246;37525;448;142;47570;465.470012
plugin finish{plugin="bevy_render::extract_component::ExtractComponentPlugin<bevy_anti_alias::fxaa::Fxaa>"};C:\Users\Antoi\.cargo\registry\src\index.crates.io-1949cf8c6b5b557f\bevy_app-0.18.1\src\app.rs;272;51;0.000000;1;51;51;51;0.000000
system{name="bevy_hanabi::render::on_remove_cached_effect"};C:\Users\Antoi\.cargo\registry\src\index.crates.io-1949cf8c6b5b557f\bevy_ecs-0.18.1\src\system\function_system.rs;52;11956;0.000007;4;2989;179;11179;5460.351698
plugin cleanup{plugin="bevy_core_pipeline::upscaling::UpscalingPlugin"};C:\Users\Antoi\.cargo\registry\src\index.crates.io-1949cf8c6b5b557f\bevy_app-0.18.1\src\app.rs;292;56;0.000000;1;56;56;56;0.000000
plugin build{plugin="bevy_render::sync_component::SyncComponentPlugin<bevy_core_pipeline::tonemapping::DebandDither>"};C:\Users\Antoi\.cargo\registry\src\index.crates.io-1949cf8c6b5b557f\bevy_app-0.18.1\src\app.rs;529;1940;0.000001;1;1940;1940;1940;0.000000
system_commands{name="bevy_pbr::render::mesh_view_bindings::prepare_mesh_view_bind_groups"};C:\Users\Antoi\.cargo\registry\src\index.crates.io-1949cf8c6b5b557f\bevy_ecs-0.18.1\src\system\function_system.rs;54;136127881;0.074816;37525;3627;1849;92746;1396.692613
asset loading{loader="bevy_image::image_loader::ImageLoader" asset="ui/menu_video/frame_0126.webp"};C:\Users\Antoi\.cargo\registry\src\index.crates.io-1949cf8c6b5b557f\bevy_asset-0.18.1\src\server\loaders.rs;332;16081180;0.008838;6;2680196;127;16037932;6543929.770912
asset loading{loader="bevy_shader::shader::ShaderLoader" asset="embedded://bevy_pbr\\meshlet/dummy_visibility_buffer_resolve.wgsl"};C:\Users\Antoi\.cargo\registry\src\index.crates.io-1949cf8c6b5b557f\bevy_asset-0.18.1\src\server\loaders.rs;332;10936;0.000006;2;5468;55;10881;7655.138013
asset loading{loader="bevy_image::image_loader::ImageLoader" asset="ui/menu_video/frame_0198.webp"};C:\Users\Antoi\.cargo\registry\src\index.crates.io-1949cf8c6b5b557f\bevy_asset-0.18.1\src\server\loaders.rs;332;14836678;0.008154;6;2472779;176;14799501;6038838.302629
plugin cleanup{plugin="forgia_audio::biome::ForgiaAudioBiomePlugin"};C:\Users\Antoi\.cargo\registry\src\index.crates.io-1949cf8c6b5b557f\bevy_app-0.18.1\src\app.rs;292;56;0.000000;1;56;56;56;0.000000
plugin build{plugin="bevy_render::sync_component::SyncComponentPlugin<bevy_pbr::atmosphere::Atmosphere>"};C:\Users\Antoi\.cargo\registry\src\index.crates.io-1949cf8c6b5b557f\bevy_app-0.18.1\src\app.rs;529;5241;0.000003;1;5241;5241;5241;0.000000
plugin finish{plugin="bevy_render::sync_component::SyncComponentPlugin<bevy_core_pipeline::oit::OrderIndependentTransparencySettings>"};C:\Users\Antoi\.cargo\registry\src\index.crates.io-1949cf8c6b5b557f\bevy_app-0.18.1\src\app.rs;272;63;0.000000;1;63;63;63;0.000000
system{name="bevy_core_pipeline::skybox::prepare_skybox_bind_groups"};C:\Users\Antoi\.cargo\registry\src\index.crates.io-1949cf8c6b5b557f\bevy_ecs-0.18.1\src\system\function_system.rs;52;524982128;0.288532;37525;13990;4711;28199354;146058.449863
system{name="forgia_mode_roguelite::ultimate_config::sys_hot_reload_ultimate_genome"};C:\Users\Antoi\.cargo\registry\src\index.crates.io-1949cf8c6b5b557f\bevy_ecs-0.18.1\src\system\function_system.rs;52;17776516;0.009770;33826;525;71;109808;3941.891432
function_scope{egui::pass_state::PassState::begin_pass};C:\Users\Antoi\.cargo\registry\src\index.crates.io-1949cf8c6b5b557f\egui-0.33.3\src\pass_state.rs;262;21106013;0.011600;37525;562;188;2302190;11930.762885
plugin finish{plugin="bevy_render::sync_component::SyncComponentPlugin<bevy_pbr::atmosphere::environment::AtmosphereEnvironmentMap>"};C:\Users\Antoi\.cargo\registry\src\index.crates.io-1949cf8c6b5b557f\bevy_app-0.18.1\src\app.rs;272;58;0.000000;1;58;58;58;0.000000
plugin build{plugin="forgia_level_presets::ForgiaLevelPresetsPlugin"};C:\Users\Antoi\.cargo\registry\src\index.crates.io-1949cf8c6b5b557f\bevy_app-0.18.1\src\app.rs;529;2446556;0.001345;1;2446556;2446556;2446556;0.000000
system{name="bevy_ecs::schedule::condition::common_conditions::resource_exists<bevy_render::batching::no_gpu_preprocessing::BatchedInstanceBuffer<bevy_pbr::render::mesh::MeshUniform>>"};C:\Users\Antoi\.cargo\registry\src\index.crates.io-1949cf8c6b5b557f\bevy_ecs-0.18.1\src\system\function_system.rs;52;34508829;0.018966;337725;102;52;77056;281.027364
asset loading{loader="bevy_image::image_loader::ImageLoader" asset="ui/menu_video/frame_0197.webp"};C:\Users\Antoi\.cargo\registry\src\index.crates.io-1949cf8c6b5b557f\bevy_asset-0.18.1\src\server\loaders.rs;332;16095301;0.008846;6;2682550;133;16043865;6545684.507174
system{name="bevy_light::cluster::assign::assign_objects_to_clusters"};C:\Users\Antoi\.cargo\registry\src\index.crates.io-1949cf8c6b5b557f\bevy_ecs-0.18.1\src\system\function_system.rs;52;2555228159;1.404362;37525;68094;23279;548132;21243.400286
system{name="bevy_post_process::effect_stack::init_post_processing_pipeline"};C:\Users\Antoi\.cargo\registry\src\index.crates.io-1949cf8c6b5b557f\bevy_ecs-0.18.1\src\system\function_system.rs;52;36975;0.000020;1;36975;36975;36975;0.000000
system{name="bevy_ui_render::ui_texture_slice_pipeline::queue_ui_slices"};C:\Users\Antoi\.cargo\registry\src\index.crates.io-1949cf8c6b5b557f\bevy_ecs-0.18.1\src\system\function_system.rs;52;25864886;0.014215;37525;689;216;40188;525.056321
asset loading{loader="bevy_image::image_loader::ImageLoader" asset="ui/menu_video/frame_0150.webp"};C:\Users\Antoi\.cargo\registry\src\index.crates.io-1949cf8c6b5b557f\bevy_asset-0.18.1\src\server\loaders.rs;332;16039023;0.008815;6;2673170;138;15980509;6519250.342447
system{name="bevy_asset::assets::Assets<forgia_genome_core::Genome<forgia_rpg_data::boons::BoonsCatalogue>>::asset_events"};C:\Users\Antoi\.cargo\registry\src\index.crates.io-1949cf8c6b5b557f\bevy_ecs-0.18.1\src\system\function_system.rs;52;998;0.000001;1;998;998;998;0.000000
asset loading{loader="bevy_image::image_loader::ImageLoader" asset="ui/menu_video/frame_0119.webp"};C:\Users\Antoi\.cargo\registry\src\index.crates.io-1949cf8c6b5b557f\bevy_asset-0.18.1\src\server\loaders.rs;332;15862565;0.008718;8;1982820;276;15788562;5578366.978033
system{name="forgia_ui_lib::hud_ammo::track_ammo_events"};C:\Users\Antoi\.cargo\registry\src\index.crates.io-1949cf8c6b5b557f\bevy_ecs-0.18.1\src\system\function_system.rs;52;8620851;0.004738;37525;229;71;24321;181.163940
system{name="bevy_transform::systems::mark_dirty_trees"};C:\Users\Antoi\.cargo\registry\src\index.crates.io-1949cf8c6b5b557f\bevy_ecs-0.18.1\src\system\function_system.rs;52;616698097;0.338939;37526;16433;2419;1406810;10271.977442
plugin build{plugin="bevy_core_pipeline::core_3d::Core3dPlugin"};C:\Users\Antoi\.cargo\registry\src\index.crates.io-1949cf8c6b5b557f\bevy_app-0.18.1\src\app.rs;529;1396207;0.000767;1;1396207;1396207;1396207;0.000000
system{name="<forgia_skeleton_template::SkeletonTemplatePlugin as bevy_app::plugin::Plugin>::build::{{closure}}"};C:\Users\Antoi\.cargo\registry\src\index.crates.io-1949cf8c6b5b557f\bevy_ecs-0.18.1\src\system\function_system.rs;52;48251;0.000027;1;48251;48251;48251;0.000000
system{name="bevy_ui_render::box_shadow::init_box_shadow_pipeline"};C:\Users\Antoi\.cargo\registry\src\index.crates.io-1949cf8c6b5b557f\bevy_ecs-0.18.1\src\system\function_system.rs;52;10557;0.000006;1;10557;10557;10557;0.000000
plugin build{plugin="forgia_assets::ForgiaAssetsPlugin"};C:\Users\Antoi\.cargo\registry\src\index.crates.io-1949cf8c6b5b557f\bevy_app-0.18.1\src\app.rs;529;1288733;0.000708;1;1288733;1288733;1288733;0.000000
system_commands{name="bevy_state::state_scoped::despawn_entities_on_enter_state<forgia_core::states::GameMode>"};C:\Users\Antoi\.cargo\registry\src\index.crates.io-1949cf8c6b5b557f\bevy_ecs-0.18.1\src\system\function_system.rs;54;2700055;0.001484;37526;71;50;81230;585.558178
plugin build{plugin="bevy_render::extract_component::UniformComponentPlugin<bevy_post_process::dof::DepthOfFieldUniform>"};C:\Users\Antoi\.cargo\registry\src\index.crates.io-1949cf8c6b5b557f\bevy_app-0.18.1\src\app.rs;529;3279;0.000002;1;3279;3279;3279;0.000000
system_commands{name="bevy_egui::output::process_output_system"};C:\Users\Antoi\.cargo\registry\src\index.crates.io-1949cf8c6b5b557f\bevy_ecs-0.18.1\src\system\function_system.rs;54;2800631;0.001539;37525;74;49;52492;302.850696
system{name="forgia_effects::emissive_fade_tick"};C:\Users\Antoi\.cargo\registry\src\index.crates.io-1949cf8c6b5b557f\bevy_ecs-0.18.1\src\system\function_system.rs;52;14917573;0.008199;37525;397;96;126400;1033.621931
system_commands{name="bevy_gizmos_render::extract_gizmo_data"};C:\Users\Antoi\.cargo\registry\src\index.crates.io-1949cf8c6b5b557f\bevy_ecs-0.18.1\src\system\function_system.rs;54;3086752;0.001696;37525;82;51;41990;218.084670
system{name="forgia_ui::weapon_preview::sys_spawn_arm_preview"};C:\Users\Antoi\.cargo\registry\src\index.crates.io-1949cf8c6b5b557f\bevy_ecs-0.18.1\src\system\function_system.rs;52;363564;0.000200;1;363564;363564;363564;0.000000
plugin finish{plugin="forgia_ui_lib::quest_journal::ForgiaUiQuestPlugin"};C:\Users\Antoi\.cargo\registry\src\index.crates.io-1949cf8c6b5b557f\bevy_app-0.18.1\src\app.rs;272;55;0.000000;1;55;55;55;0.000000
sub app{name=RenderApp};C:\Users\Antoi\.cargo\registry\src\index.crates.io-1949cf8c6b5b557f\bevy_render-0.18.1\src\pipelined_rendering.rs;167;153183370274;84.190123;37525;4082168;2088383;299463135;2241713.932211
system{name="bevy_ui::accessibility::calc_bounds"};C:\Users\Antoi\.cargo\registry\src\index.crates.io-1949cf8c6b5b557f\bevy_ecs-0.18.1\src\system\function_system.rs;52;8631249;0.004744;37525;230;79;36503;251.385174
asset loading{loader="bevy_image::image_loader::ImageLoader" asset="ui/menu_video/frame_0196.webp"};C:\Users\Antoi\.cargo\registry\src\index.crates.io-1949cf8c6b5b557f\bevy_asset-0.18.1\src\server\loaders.rs;332;14834584;0.008153;6;2472430;178;14798906;6038717.512158
system{name="forgia_mode_roguelite::weapon_select::sys_toggle_preview_visibility"};C:\Users\Antoi\.cargo\registry\src\index.crates.io-1949cf8c6b5b557f\bevy_ecs-0.18.1\src\system\function_system.rs;52;52521;0.000029;91;577;243;3140;380.784716
system{name="bevy_pbr::material::add_material_bind_group_allocator<bevy_pbr::extended_material::ExtendedMaterial<bevy_pbr::pbr_material::StandardMaterial, bevy_water::water::material::WaterMaterial>>"};C:\Users\Antoi\.cargo\registry\src\index.crates.io-1949cf8c6b5b557f\bevy_ecs-0.18.1\src\system\function_system.rs;52;239246;0.000131;1;239246;239246;239246;0.000000
plugin finish{plugin="forgia_game::color_grading::ColorGradingPlugin"};C:\Users\Antoi\.cargo\registry\src\index.crates.io-1949cf8c6b5b557f\bevy_app-0.18.1\src\app.rs;272;55;0.000000;1;55;55;55;0.000000
asset loading{loader="bevy_image::image_loader::ImageLoader" asset="ui/menu_video/frame_0283.webp"};C:\Users\Antoi\.cargo\registry\src\index.crates.io-1949cf8c6b5b557f\bevy_asset-0.18.1\src\server\loaders.rs;332;15677191;0.008616;7;2239598;190;15631580;5905315.637952
system{name="bevy_egui::render::extract_egui_camera_view_system"};C:\Users\Antoi\.cargo\registry\src\index.crates.io-1949cf8c6b5b557f\bevy_ecs-0.18.1\src\system\function_system.rs;52;296405266;0.162905;37525;7898;4181;121242;4534.660425
asset loading{loader="bevy_image::image_loader::ImageLoader" asset="ui/menu_video/frame_0143.webp"};C:\Users\Antoi\.cargo\registry\src\index.crates.io-1949cf8c6b5b557f\bevy_asset-0.18.1\src\server\loaders.rs;332;15620824;0.008585;6;2603470;104;15579541;6356953.366073
system{name="bevy_picking::hover::update_is_directly_hovered"};C:\Users\Antoi\.cargo\registry\src\index.crates.io-1949cf8c6b5b557f\bevy_ecs-0.18.1\src\system\function_system.rs;52;11447187;0.006291;37525;305;68;47858;271.691889
asset loading{loader="bevy_image::image_loader::ImageLoader" asset="ui/menu_video/frame_0260.webp"};C:\Users\Antoi\.cargo\registry\src\index.crates.io-1949cf8c6b5b557f\bevy_asset-0.18.1\src\server\loaders.rs;332;14991739;0.008240;7;2141677;180;14949619;5647776.914822
system{name="bevy_asset::assets::Assets<bevy_mesh::mesh::Mesh>::asset_events_condition"};C:\Users\Antoi\.cargo\registry\src\index.crates.io-1949cf8c6b5b557f\bevy_ecs-0.18.1\src\system\function_system.rs;52;4134023;0.002272;37525;110;54;26047;163.032247
system{name="bevy_render::batching::gpu_preprocessing::collect_buffers_for_phase<bevy_core_pipeline::prepass::Opaque3dPrepass, bevy_pbr::render::mesh::MeshPipeline>"};C:\Users\Antoi\.cargo\registry\src\index.crates.io-1949cf8c6b5b557f\bevy_ecs-0.18.1\src\system\function_system.rs;52;27377860;0.015047;37525;729;267;123097;748.336477
system{name="bevy_pbr::cluster::prepare_clusters"};C:\Users\Antoi\.cargo\registry\src\index.crates.io-1949cf8c6b5b557f\bevy_ecs-0.18.1\src\system\function_system.rs;52;4746874864;2.608899;37525;126498;66141;29552200;225460.006510
plugin build{plugin="forgia_viewmodel::pose::ForgiaViewmodelPosePlugin"};C:\Users\Antoi\.cargo\registry\src\index.crates.io-1949cf8c6b5b557f\bevy_app-0.18.1\src\app.rs;529;20473;0.000011;1;20473;20473;20473;0.000000
plugin build{plugin="forgia_player::ForgiaPlayerPlugin"};C:\Users\Antoi\.cargo\registry\src\index.crates.io-1949cf8c6b5b557f\bevy_app-0.18.1\src\app.rs;529;4086608;0.002246;1;4086608;4086608;4086608;0.000000
system{name="forgia_audio::sys_apply_user_master_volume"};C:\Users\Antoi\.cargo\registry\src\index.crates.io-1949cf8c6b5b557f\bevy_ecs-0.18.1\src\system\function_system.rs;52;6828541;0.003753;37525;181;72;21703;171.216830
plugin cleanup{plugin="bevy_render::extract_component::UniformComponentPlugin<bevy_post_process::dof::DepthOfFieldUniform>"};C:\Users\Antoi\.cargo\registry\src\index.crates.io-1949cf8c6b5b557f\bevy_app-0.18.1\src\app.rs;292;62;0.000000;1;62;62;62;0.000000
check_conditions{name="bevy_time::fixed::run_fixed_main_schedule"};C:\Users\Antoi\.cargo\registry\src\index.crates.io-1949cf8c6b5b557f\bevy_ecs-0.18.1\src\schedule\executor\single_threaded.rs;83;2855739;0.001570;37525;76;56;43327;243.309832
asset loading{loader="bevy_gltf::loader::GltfLoader" asset="models/environment/inferno/Brazier_004.glb"};C:\Users\Antoi\.cargo\registry\src\index.crates.io-1949cf8c6b5b557f\bevy_asset-0.18.1\src\server\loaders.rs;332;444841960;0.244487;4;111210490;69;444825860;222410246.766287
system_commands{name="forgia_enemy_nameplate::spawn_nameplate_for_targets"};C:\Users\Antoi\.cargo\registry\src\index.crates.io-1949cf8c6b5b557f\bevy_ecs-0.18.1\src\system\function_system.rs;54;5577419;0.003065;37525;148;53;333784;2104.764402
system_commands{name="forgia_mode_roguelite::elements::sys_tick_element_status"};C:\Users\Antoi\.cargo\registry\src\index.crates.io-1949cf8c6b5b557f\bevy_ecs-0.18.1\src\system\function_system.rs;54;1759295;0.000967;10455;168;69;83860;974.807118
system{name="forgia_fps::load_fps_tuning"};C:\Users\Antoi\.cargo\registry\src\index.crates.io-1949cf8c6b5b557f\bevy_ecs-0.18.1\src\system\function_system.rs;52;689491;0.000379;1;689491;689491;689491;0.000000
par_for_each{query="(&bevy_transform::components::transform::Transform, &mut bevy_transform::components::global_transform::GlobalTransform)" filter="(bevy_ecs::query::filter::Or<(bevy_ecs::query::filter::Changed<bevy_transform::components::transform::Transform>, bevy_ecs::query::filter::Added<bevy_transform::components::global_transform::GlobalTransform>)>, bevy_ecs::query::filter::Without<bevy_ecs::hierarchy::ChildOf>, bevy_ecs::query::filter::Without<bevy_ecs::hierarchy::Children>)"};C:\Users\Antoi\.cargo\registry\src\index.crates.io-1949cf8c6b5b557f\bevy_ecs-0.18.1\src\query\state.rs;246;634041655;0.348472;2613142;242;54;187056;466.945325
system{name="forgia_killfeed::ingest_kill_events"};C:\Users\Antoi\.cargo\registry\src\index.crates.io-1949cf8c6b5b557f\bevy_ecs-0.18.1\src\system\function_system.rs;52;20663542;0.011357;37525;550;202;27626;284.617419
system{name="bevy_asset::assets::Assets<bevy_animation::AnimationClip>::asset_events_condition"};C:\Users\Antoi\.cargo\registry\src\index.crates.io-1949cf8c6b5b557f\bevy_ecs-0.18.1\src\system\function_system.rs;52;3772862;0.002074;37525;100;52;152686;790.354815
plugin finish{plugin="bevy_render::sync_component::SyncComponentPlugin<bevy_anti_alias::contrast_adaptive_sharpening::ContrastAdaptiveSharpening>"};C:\Users\Antoi\.cargo\registry\src\index.crates.io-1949cf8c6b5b557f\bevy_app-0.18.1\src\app.rs;272;60;0.000000;1;60;60;60;0.000000
system_commands{name="forgia_mode_roguelite::status_vfx::sys_detach_burn_vfx"};C:\Users\Antoi\.cargo\registry\src\index.crates.io-1949cf8c6b5b557f\bevy_ecs-0.18.1\src\system\function_system.rs;54;2584099;0.001420;33826;76;50;81882;521.548896
system{name="forgia_combat::combat_juice::sys_apply_hit_knockback"};C:\Users\Antoi\.cargo\registry\src\index.crates.io-1949cf8c6b5b557f\bevy_ecs-0.18.1\src\system\function_system.rs;52;22104021;0.012148;37525;589;178;91353;630.946713
plugin cleanup{plugin="forgia_fps::pepin::ForgiaPepinPlugin"};C:\Users\Antoi\.cargo\registry\src\index.crates.io-1949cf8c6b5b557f\bevy_app-0.18.1\src\app.rs;292;56;0.000000;1;56;56;56;0.000000
system{name="bevy_asset::assets::Assets<bevy_gizmos::GizmoAsset>::asset_events_condition"};C:\Users\Antoi\.cargo\registry\src\index.crates.io-1949cf8c6b5b557f\bevy_ecs-0.18.1\src\system\function_system.rs;52;4730283;0.002600;37525;126;54;98697;512.778452
plugin cleanup{plugin="bevy_render::extract_instances::ExtractInstancesPlugin<bevy_pbr::light_probe::environment_map::EnvironmentMapIds>"};C:\Users\Antoi\.cargo\registry\src\index.crates.io-1949cf8c6b5b557f\bevy_app-0.18.1\src\app.rs;292;123;0.000000;1;123;123;123;0.000000
asset loading{loader="bevy_image::image_loader::ImageLoader" asset="ui/menu_video/frame_0028.webp"};C:\Users\Antoi\.cargo\registry\src\index.crates.io-1949cf8c6b5b557f\bevy_asset-0.18.1\src\server\loaders.rs;332;30172822;0.016583;14;2155201;142;15332289;5461588.509522
asset loading{loader="bevy_image::image_loader::ImageLoader" asset="ui/menu_video/frame_0014.webp"};C:\Users\Antoi\.cargo\registry\src\index.crates.io-1949cf8c6b5b557f\bevy_asset-0.18.1\src\server\loaders.rs;332;31965040;0.017568;12;2663753;76;17075065;6219766.291753
plugin build{plugin="bevy_rapier3d::render::RapierDebugRenderPlugin"};C:\Users\Antoi\.cargo\registry\src\index.crates.io-1949cf8c6b5b557f\bevy_app-0.18.1\src\app.rs;529;3213504;0.001766;1;3213504;3213504;3213504;0.000000
asset loading{loader="bevy_gltf::loader::GltfLoader" asset="models/environment/inferno/RockMid_001.glb"};C:\Users\Antoi\.cargo\registry\src\index.crates.io-1949cf8c6b5b557f\bevy_asset-0.18.1\src\server\loaders.rs;332;8843153;0.004860;4;2210788;434;8832532;4414497.369560
asset loading{loader="bevy_image::image_loader::ImageLoader" asset="ui/menu_video/frame_0125.webp"};C:\Users\Antoi\.cargo\registry\src\index.crates.io-1949cf8c6b5b557f\bevy_asset-0.18.1\src\server\loaders.rs;332;15492438;0.008515;6;2582073;88;15453513;6305694.653216
plugin finish{plugin="forgia_enemy_nameplate::ForgiaEnemyNameplatePlugin"};C:\Users\Antoi\.cargo\registry\src\index.crates.io-1949cf8c6b5b557f\bevy_app-0.18.1\src\app.rs;272;54;0.000000;1;54;54;54;0.000000
asset loading{loader="bevy_image::image_loader::ImageLoader" asset="ui/menu_video/frame_0115.webp"};C:\Users\Antoi\.cargo\registry\src\index.crates.io-1949cf8c6b5b557f\bevy_asset-0.18.1\src\server\loaders.rs;332;16172128;0.008888;8;2021516;76;16116883;5695391.588847
asset loading{loader="bevy_image::image_loader::ImageLoader" asset="ui/menu_video/frame_0246.webp"};C:\Users\Antoi\.cargo\registry\src\index.crates.io-1949cf8c6b5b557f\bevy_asset-0.18.1\src\server\loaders.rs;332;14753152;0.008108;6;2458858;199;14699056;5996453.721179
asset loading{loader="bevy_image::image_loader::ImageLoader" asset="ui/menu_video/frame_0201.webp"};C:\Users\Antoi\.cargo\registry\src\index.crates.io-1949cf8c6b5b557f\bevy_asset-0.18.1\src\server\loaders.rs;332;15390242;0.008459;6;2565040;79;15344118;6260447.152022
plugin cleanup{plugin="bevy_gizmos_render::pipeline_3d::LineGizmo3dPlugin"};C:\Users\Antoi\.cargo\registry\src\index.crates.io-1949cf8c6b5b557f\bevy_app-0.18.1\src\app.rs;292;58;0.000000;1;58;58;58;0.000000
system{name="bevy_egui::update_egui_textures_system"};C:\Users\Antoi\.cargo\registry\src\index.crates.io-1949cf8c6b5b557f\bevy_ecs-0.18.1\src\system\function_system.rs;52;439310267;0.241446;37525;11707;225;7173671;124997.478100
system_commands{name="bevy_anti_alias::taa::prepare_taa_pipelines"};C:\Users\Antoi\.cargo\registry\src\index.crates.io-1949cf8c6b5b557f\bevy_ecs-0.18.1\src\system\function_system.rs;54;3254713;0.001789;37525;86;50;26817;143.289179
plugin finish{plugin="bevy_pbr::render::mesh::MeshRenderPlugin"};C:\Users\Antoi\.cargo\registry\src\index.crates.io-1949cf8c6b5b557f\bevy_app-0.18.1\src\app.rs;272;2305954;0.001267;1;2305954;2305954;2305954;0.000000
system_commands{name="bevy_sprite_render::render::init_sprite_pipeline"};C:\Users\Antoi\.cargo\registry\src\index.crates.io-1949cf8c6b5b557f\bevy_ecs-0.18.1\src\system\function_system.rs;54;4022;0.000002;1;4022;4022;4022;0.000000
plugin cleanup{plugin="forgia_mode_roguelite::audio::RogueliteAudioPlugin"};C:\Users\Antoi\.cargo\registry\src\index.crates.io-1949cf8c6b5b557f\bevy_app-0.18.1\src\app.rs;292;55;0.000000;1;55;55;55;0.000000
plugin build{plugin="bevy_state::app::StatesPlugin"};C:\Users\Antoi\.cargo\registry\src\index.crates.io-1949cf8c6b5b557f\bevy_app-0.18.1\src\app.rs;529;32671;0.000018;1;32671;32671;32671;0.000000
asset loading{loader="bevy_shader::shader::ShaderLoader" asset="embedded://bevy_pbr\\render\\mesh_view_bindings.wgsl"};C:\Users\Antoi\.cargo\registry\src\index.crates.io-1949cf8c6b5b557f\bevy_asset-0.18.1\src\server\loaders.rs;332;137857;0.000076;2;68928;57;137800;97399.009364
system{name="forgia_ui_lib::hud::coffre_forgeron::draw_coffre"};C:\Users\Antoi\.cargo\registry\src\index.crates.io-1949cf8c6b5b557f\bevy_ecs-0.18.1\src\system\function_system.rs;52;66452475;0.036523;37525;1770;90;734982;11261.816448
system_commands{name="bevy_render::extract_resource::extract_resource<bevy_egui::render::systems::ExtractedEguiManagedTextures>"};C:\Users\Antoi\.cargo\registry\src\index.crates.io-1949cf8c6b5b557f\bevy_ecs-0.18.1\src\system\function_system.rs;54;3423278;0.001881;37525;91;52;1702;27.608466
function_scope{<egui::plugin::CallbackPlugin as egui::plugin::Plugin>::on_end_pass};C:\Users\Antoi\.cargo\registry\src\index.crates.io-1949cf8c6b5b557f\egui-0.33.3\src\plugin.rs;240;12982059;0.007135;37525;345;53;127213;995.752068
system{name="bevy_pbr::render::light::extract_ambient_light_resource"};C:\Users\Antoi\.cargo\registry\src\index.crates.io-1949cf8c6b5b557f\bevy_ecs-0.18.1\src\system\function_system.rs;52;10797789;0.005935;37525;287;83;44449;501.608135
system{name="forgia_mode_roguelite::coffre_sensor::sys_reset_coffre_sensor_on_run_start"};C:\Users\Antoi\.cargo\registry\src\index.crates.io-1949cf8c6b5b557f\bevy_ecs-0.18.1\src\system\function_system.rs;52;202;0.000000;1;202;202;202;0.000000
system_commands{name="bevy_ui::update::update_clipping_system"};C:\Users\Antoi\.cargo\registry\src\index.crates.io-1949cf8c6b5b557f\bevy_ecs-0.18.1\src\system\function_system.rs;54;7315047;0.004020;37525;194;58;38544;228.923899
system{name="forgia_anchor::write_anchor_sensor"};C:\Users\Antoi\.cargo\registry\src\index.crates.io-1949cf8c6b5b557f\bevy_ecs-0.18.1\src\system\function_system.rs;52;17794575;0.009780;37525;474;111;96280;660.558213
add_pair;C:\Users\Antoi\.cargo\registry\src\index.crates.io-1949cf8c6b5b557f\rapier3d-0.31.0\src\geometry\narrow_phase.rs;608;260911;0.000143;1353;192;52;4091;302.239076
plugin finish{plugin="bevy_post_process::msaa_writeback::MsaaWritebackPlugin"};C:\Users\Antoi\.cargo\registry\src\index.crates.io-1949cf8c6b5b557f\bevy_app-0.18.1\src\app.rs;272;68;0.000000;1;68;68;68;0.000000
cast_ray_and_get_normal;C:\Users\Antoi\.cargo\registry\src\index.crates.io-1949cf8c6b5b557f\rapier3d-0.31.0\src\pipeline\query_pipeline.rs;254;41963814;0.023063;70998;591;120;108219;783.781527
system{name="forgia_mode_roguelite::decor::sys_hot_reload_decor_genome"};C:\Users\Antoi\.cargo\registry\src\index.crates.io-1949cf8c6b5b557f\bevy_ecs-0.18.1\src\system\function_system.rs;52;16554741;0.009099;33826;489;87;137447;3230.342908
plugin finish{plugin="forgia_mode_roguelite::mushrooms::ForgiaRogueliteMushroomsPlugin"};C:\Users\Antoi\.cargo\registry\src\index.crates.io-1949cf8c6b5b557f\bevy_app-0.18.1\src\app.rs;272;56;0.000000;1;56;56;56;0.000000
plugin finish{plugin="bevy_pbr::prepass::PrepassPipelinePlugin"};C:\Users\Antoi\.cargo\registry\src\index.crates.io-1949cf8c6b5b557f\bevy_app-0.18.1\src\app.rs;272;64;0.000000;1;64;64;64;0.000000
plugin cleanup{plugin="forgia_ui_lib::hud::barks::WeaponBarksPlugin"};C:\Users\Antoi\.cargo\registry\src\index.crates.io-1949cf8c6b5b557f\bevy_app-0.18.1\src\app.rs;292;55;0.000000;1;55;55;55;0.000000
system_commands{name="bevy_render::extract_component::extract_components<bevy_anti_alias::fxaa::Fxaa>"};C:\Users\Antoi\.cargo\registry\src\index.crates.io-1949cf8c6b5b557f\bevy_ecs-0.18.1\src\system\function_system.rs;54;20019743;0.011003;37525;533;218;43976;340.056302
system{name="bevy_asset::assets::Assets<forgia_genome_core::Genome<forgia_mode_fps_arena::ArenaBotsGenome>>::track_assets"};C:\Users\Antoi\.cargo\registry\src\index.crates.io-1949cf8c6b5b557f\bevy_ecs-0.18.1\src\system\function_system.rs;52;87075893;0.047857;37525;2320;161;996660;18849.856644
system{name="forgia_observability::audio_sensor::sys_write_audio_sensor"};C:\Users\Antoi\.cargo\registry\src\index.crates.io-1949cf8c6b5b557f\bevy_ecs-0.18.1\src\system\function_system.rs;52;11983501;0.006586;37525;319;83;131480;997.212328
system{name="forgia_enemy_nameplate::tick_lifetime_and_despawn"};C:\Users\Antoi\.cargo\registry\src\index.crates.io-1949cf8c6b5b557f\bevy_ecs-0.18.1\src\system\function_system.rs;52;54371227;0.029883;37525;1448;118;88414;1570.798853
system_commands{name="bevy_state::state_scoped::despawn_entities_on_enter_state<forgia_core::states::AppMode>"};C:\Users\Antoi\.cargo\registry\src\index.crates.io-1949cf8c6b5b557f\bevy_ecs-0.18.1\src\system\function_system.rs;54;2472131;0.001359;37526;65;51;89732;466.022288
asset loading{loader="bevy_gltf::loader::GltfLoader" asset="models/environment/inferno/WellSmall_001.glb"};C:\Users\Antoi\.cargo\registry\src\index.crates.io-1949cf8c6b5b557f\bevy_asset-0.18.1\src\server\loaders.rs;332;31820593;0.017489;4;7955148;129;31808739;15902394.069675
plugin build{plugin="bevy_render::sync_component::SyncComponentPlugin<forgia_postprocess::toon::ToonSettings>"};C:\Users\Antoi\.cargo\registry\src\index.crates.io-1949cf8c6b5b557f\bevy_app-0.18.1\src\app.rs;529;426940;0.000235;1;426940;426940;426940;0.000000
plugin finish{plugin="bevy_picking::input::PointerInputPlugin"};C:\Users\Antoi\.cargo\registry\src\index.crates.io-1949cf8c6b5b557f\bevy_app-0.18.1\src\app.rs;272;56;0.000000;1;56;56;56;0.000000
asset loading{loader="bevy_image::image_loader::ImageLoader" asset="textures/vfx/kenney/spark_04.png"};C:\Users\Antoi\.cargo\registry\src\index.crates.io-1949cf8c6b5b557f\bevy_asset-0.18.1\src\server\loaders.rs;332;654442;0.000360;4;163610;107;640568;318034.003275
system_commands{name="bevy_pbr::deferred::prepare_deferred_lighting_pipelines"};C:\Users\Antoi\.cargo\registry\src\index.crates.io-1949cf8c6b5b557f\bevy_ecs-0.18.1\src\system\function_system.rs;54;42446614;0.023329;37525;1131;396;74773;566.614086
plugin finish{plugin="bevy_render::extract_resource::ExtractResourcePlugin<bevy_egui::EguiUserTextures>"};C:\Users\Antoi\.cargo\registry\src\index.crates.io-1949cf8c6b5b557f\bevy_app-0.18.1\src\app.rs;272;126;0.000000;1;126;126;126;0.000000
node{name="bevy_core_pipeline::experimental::mip_generation::DownsampleDepthNode"};C:\Users\Antoi\.cargo\registry\src\index.crates.io-1949cf8c6b5b557f\bevy_render-0.18.1\src\renderer\graph_runner.rs;240;21207402;0.011656;150100;141;58;21243;101.101495
system{name="bevy_state::state::transitions::run_exit<forgia_core::states::AppMode>"};C:\Users\Antoi\.cargo\registry\src\index.crates.io-1949cf8c6b5b557f\bevy_ecs-0.18.1\src\system\function_system.rs;52;7411439;0.004073;37526;197;59;2634369;13600.029263
plugin build{plugin="bevy_diagnostic::entity_count_diagnostics_plugin::EntityCountDiagnosticsPlugin"};C:\Users\Antoi\.cargo\registry\src\index.crates.io-1949cf8c6b5b557f\bevy_app-0.18.1\src\app.rs;529;2186;0.000001;1;2186;2186;2186;0.000000
mesh;C:\Users\Antoi\.cargo\registry\src\index.crates.io-1949cf8c6b5b557f\epaint-0.33.3\src\tessellator.rs;1437;2646226;0.001454;7394;357;103;8038;237.718166
system_commands{name="bevy_animation::trigger_untargeted_animation_events"};C:\Users\Antoi\.cargo\registry\src\index.crates.io-1949cf8c6b5b557f\bevy_ecs-0.18.1\src\system\function_system.rs;54;4673164;0.002568;37525;124;53;65627;358.948064
system{name="bevy_ui::picking_backend::ui_picking"};C:\Users\Antoi\.cargo\registry\src\index.crates.io-1949cf8c6b5b557f\bevy_ecs-0.18.1\src\system\function_system.rs;52;133916635;0.073601;37525;3568;835;295416;2074.059248
asset loading{loader="bevy_image::image_loader::ImageLoader" asset="ui/menu_video/frame_0162.webp"};C:\Users\Antoi\.cargo\registry\src\index.crates.io-1949cf8c6b5b557f\bevy_asset-0.18.1\src\server\loaders.rs;332;15713905;0.008636;7;2244843;75;15667724;5918936.099242
system{name="forgia_effects::weapon_vfx::sys_hot_reload_vfx_genome"};C:\Users\Antoi\.cargo\registry\src\index.crates.io-1949cf8c6b5b557f\bevy_ecs-0.18.1\src\system\function_system.rs;52;19972668;0.010977;37525;532;95;115483;2953.932111
system_commands{name="bevy_render::extract_component::extract_components<bevy_pbr::atmosphere::Atmosphere>"};C:\Users\Antoi\.cargo\registry\src\index.crates.io-1949cf8c6b5b557f\bevy_ecs-0.18.1\src\system\function_system.rs;54;18313629;0.010065;37525;488;194;813903;4232.385649
system_commands{name="forgia_ai_arena_bot::bot_fireball_fly"};C:\Users\Antoi\.cargo\registry\src\index.crates.io-1949cf8c6b5b557f\bevy_ecs-0.18.1\src\system\function_system.rs;54;3958413;0.002176;37525;105;52;36711;264.160917
system{name="bevy_asset::assets::Assets<bevy_sprite_render::mesh2d::color_material::ColorMaterial>::track_assets"};C:\Users\Antoi\.cargo\registry\src\index.crates.io-1949cf8c6b5b557f\bevy_ecs-0.18.1\src\system\function_system.rs;52;51637743;0.028380;37525;1376;138;1152907;15834.874139
system{name="bevy_post_process::effect_stack::prepare_post_processing_pipelines"};C:\Users\Antoi\.cargo\registry\src\index.crates.io-1949cf8c6b5b557f\bevy_ecs-0.18.1\src\system\function_system.rs;52;14934774;0.008208;37525;397;110;69512;433.608989
plugin cleanup{plugin="bevy_render::sync_component::SyncComponentPlugin<bevy_anti_alias::fxaa::Fxaa>"};C:\Users\Antoi\.cargo\registry\src\index.crates.io-1949cf8c6b5b557f\bevy_app-0.18.1\src\app.rs;292;55;0.000000;1;55;55;55;0.000000
plugin cleanup{plugin="bevy_core_pipeline::oit::resolve::OitResolvePlugin"};C:\Users\Antoi\.cargo\registry\src\index.crates.io-1949cf8c6b5b557f\bevy_app-0.18.1\src\app.rs;292;63;0.000000;1;63;63;63;0.000000
plugin build{plugin="forgia_anchor::ForgiaAnchorPlugin"};C:\Users\Antoi\.cargo\registry\src\index.crates.io-1949cf8c6b5b557f\bevy_app-0.18.1\src\app.rs;529;194225;0.000107;1;194225;194225;194225;0.000000
system{name="forgia_mode_roguelite::hud::draw_victory_overlay"};C:\Users\Antoi\.cargo\registry\src\index.crates.io-1949cf8c6b5b557f\bevy_ecs-0.18.1\src\system\function_system.rs;52;21598274;0.011870;37525;575;149;93854;633.786367
system{name="bevy_scene::scene_spawner::scene_spawner_system"};C:\Users\Antoi\.cargo\registry\src\index.crates.io-1949cf8c6b5b557f\bevy_ecs-0.18.1\src\system\function_system.rs;52;137280931;0.075450;37525;3658;1332;2449355;20628.264350
plugin build{plugin="bevy_kira_audio::AudioPlugin"};C:\Users\Antoi\.cargo\registry\src\index.crates.io-1949cf8c6b5b557f\bevy_app-0.18.1\src\app.rs;529;12321332;0.006772;1;12321332;12321332;12321332;0.000000
system{name="bevy_sprite_render::mesh2d::mesh::init_batched_instance_buffer"};C:\Users\Antoi\.cargo\registry\src\index.crates.io-1949cf8c6b5b557f\bevy_ecs-0.18.1\src\system\function_system.rs;52;1968;0.000001;1;1968;1968;1968;0.000000
asset loading{loader="bevy_image::image_loader::ImageLoader" asset="models\\kaykit\\hexagon\\red\\hexagons_medieval.png"};C:\Users\Antoi\.cargo\registry\src\index.crates.io-1949cf8c6b5b557f\bevy_asset-0.18.1\src\server\loaders.rs;332;5090669;0.002798;4;1272667;255;5076014;2535567.061610
system{name="bevy_ecs::schedule::condition::common_conditions::resource_exists<forgia_mode_roguelite::enemies::EnemyStatsConfig>"};C:\Users\Antoi\.cargo\registry\src\index.crates.io-1949cf8c6b5b557f\bevy_ecs-0.18.1\src\system\function_system.rs;52;3959394;0.002176;37525;105;54;81566;431.553741
system{name="forgia_observability::roguelite_health::sys_roguelite_health"};C:\Users\Antoi\.cargo\registry\src\index.crates.io-1949cf8c6b5b557f\bevy_ecs-0.18.1\src\system\function_system.rs;52;27646676;0.015195;33826;817;124;359729;6068.853457
system{name="forgia_player::mouse_look"};C:\Users\Antoi\.cargo\registry\src\index.crates.io-1949cf8c6b5b557f\bevy_ecs-0.18.1\src\system\function_system.rs;52;40208945;0.022099;33826;1188;262;95895;1097.707992
system{name="bevy_pbr::material::specialize_material_meshes"};C:\Users\Antoi\.cargo\registry\src\index.crates.io-1949cf8c6b5b557f\bevy_ecs-0.18.1\src\system\function_system.rs;52;554621418;0.304822;37525;14780;1283;565924;11759.643873
system{name="bevy_sprite_render::mesh2d::material::queue_material2d_meshes<bevy_sprite_render::mesh2d::color_material::ColorMaterial>"};C:\Users\Antoi\.cargo\registry\src\index.crates.io-1949cf8c6b5b557f\bevy_ecs-0.18.1\src\system\function_system.rs;52;16683944;0.009170;37525;444;117;83328;512.590029
system{name="bevy_egui::input::write_keyboard_input_messages_system"};C:\Users\Antoi\.cargo\registry\src\index.crates.io-1949cf8c6b5b557f\bevy_ecs-0.18.1\src\system\function_system.rs;52;14944739;0.008214;37525;398;151;36710;339.564921
system{name="bevy_core_pipeline::core_3d::prepare_core_3d_transmission_textures"};C:\Users\Antoi\.cargo\registry\src\index.crates.io-1949cf8c6b5b557f\bevy_ecs-0.18.1\src\system\function_system.rs;52;40435091;0.022223;37525;1077;388;145429;1112.889905
system{name="bevy_pbr::atmosphere::environment::init_atmosphere_probe_pipeline"};C:\Users\Antoi\.cargo\registry\src\index.crates.io-1949cf8c6b5b557f\bevy_ecs-0.18.1\src\system\function_system.rs;52;274940;0.000151;1;274940;274940;274940;0.000000
node{name="bevy_render::render_graph::node::ViewNodeRunner<bevy_post_process::motion_blur::node::MotionBlurNode>"};C:\Users\Antoi\.cargo\registry\src\index.crates.io-1949cf8c6b5b557f\bevy_render-0.18.1\src\renderer\graph_runner.rs;240;12385184;0.006807;75050;165;60;98500;464.053223
plugin build{plugin="bevy_diagnostic::frame_time_diagnostics_plugin::FrameTimeDiagnosticsPlugin"};C:\Users\Antoi\.cargo\registry\src\index.crates.io-1949cf8c6b5b557f\bevy_app-0.18.1\src\app.rs;529;7050;0.000004;1;7050;7050;7050;0.000000
plugin cleanup{plugin="bevy_core_pipeline::core_3d::Core3dPlugin"};C:\Users\Antoi\.cargo\registry\src\index.crates.io-1949cf8c6b5b557f\bevy_app-0.18.1\src\app.rs;292;60;0.000000;1;60;60;60;0.000000
submit_graph_commands;C:\Users\Antoi\.cargo\registry\src\index.crates.io-1949cf8c6b5b557f\bevy_render-0.18.1\src\renderer\graph_runner.rs;86;13436094328;7.384525;37525;358057;178394;21406850;128046.388938
node{name="bevy_render::render_graph::node::ViewNodeRunner<bevy_pbr::ssr::ScreenSpaceReflectionsNode>"};C:\Users\Antoi\.cargo\registry\src\index.crates.io-1949cf8c6b5b557f\bevy_render-0.18.1\src\renderer\graph_runner.rs;240;11400411;0.006266;75050;151;59;17852;122.020507
system{name="forgia_rpg_data::loot_tables::sys_tick_pickup_lifetime"};C:\Users\Antoi\.cargo\registry\src\index.crates.io-1949cf8c6b5b557f\bevy_ecs-0.18.1\src\system\function_system.rs;52;36501171;0.020061;37525;972;133;194645;1433.822816
plugin build{plugin="bevy_render::extract_component::ExtractComponentPlugin<bevy_camera::camera::CameraMainTextureUsages>"};C:\Users\Antoi\.cargo\registry\src\index.crates.io-1949cf8c6b5b557f\bevy_app-0.18.1\src\app.rs;529;202891;0.000112;1;202891;202891;202891;0.000000
system{name="bevy_render::render_asset::prepare_assets<bevy_sprite_render::mesh2d::material::PreparedMaterial2d<bevy_sprite_render::mesh2d::color_material::ColorMaterial>>"};C:\Users\Antoi\.cargo\registry\src\index.crates.io-1949cf8c6b5b557f\bevy_ecs-0.18.1\src\system\function_system.rs;52;32427241;0.017822;37525;864;277;428274;2291.613945
system{name="forgia_fps::ammo_systems::reload_key_input"};C:\Users\Antoi\.cargo\registry\src\index.crates.io-1949cf8c6b5b557f\bevy_ecs-0.18.1\src\system\function_system.rs;52;6542719;0.003596;33826;193;60;163098;1069.585764
system{name="forgia_rpg_data::boons::load_boons_catalogue"};C:\Users\Antoi\.cargo\registry\src\index.crates.io-1949cf8c6b5b557f\bevy_ecs-0.18.1\src\system\function_system.rs;52;882781;0.000485;1;882781;882781;882781;0.000000
system{name="bevy_render::camera::extract_cameras"};C:\Users\Antoi\.cargo\registry\src\index.crates.io-1949cf8c6b5b557f\bevy_ecs-0.18.1\src\system\function_system.rs;52;397268648;0.218340;37525;10586;2323;379621;4376.704982
system{name="forgia_mode_roguelite::weapon_select::sys_hide_crosshair_at_lobby"};C:\Users\Antoi\.cargo\registry\src\index.crates.io-1949cf8c6b5b557f\bevy_ecs-0.18.1\src\system\function_system.rs;52;287;0.000000;1;287;287;287;0.000000
system_commands{name="forgia_combat::combat_juice::hit_flash_tick_system"};C:\Users\Antoi\.cargo\registry\src\index.crates.io-1949cf8c6b5b557f\bevy_ecs-0.18.1\src\system\function_system.rs;54;3110178;0.001709;37525;82;50;33372;353.585616
system{name="bevy_state::condition::in_state<forgia_mode_roguelite::run::RunState>::{{closure}}"};C:\Users\Antoi\.cargo\registry\src\index.crates.io-1949cf8c6b5b557f\bevy_ecs-0.18.1\src\system\function_system.rs;52;34551394;0.018990;337725;102;52;152611;501.188098
plugin finish{plugin="bevy_audio::AudioPlugin"};C:\Users\Antoi\.cargo\registry\src\index.crates.io-1949cf8c6b5b557f\bevy_app-0.18.1\src\app.rs;272;107;0.000000;1;107;107;107;0.000000
system{name="bevy_winit::system::despawn_windows"};C:\Users\Antoi\.cargo\registry\src\index.crates.io-1949cf8c6b5b557f\bevy_ecs-0.18.1\src\system\function_system.rs;52;18810996;0.010339;37525;501;147;99498;702.895197
system_commands{name="bevy_render::extract_component::extract_components<bevy_camera::camera::CameraMainTextureUsages>"};C:\Users\Antoi\.cargo\registry\src\index.crates.io-1949cf8c6b5b557f\bevy_ecs-0.18.1\src\system\function_system.rs;54;38658004;0.021247;37525;1030;456;46234;525.611226
system_commands{name="forgia_mode_roguelite::enemy_anim::sys_init_enemy_anim_genome"};C:\Users\Antoi\.cargo\registry\src\index.crates.io-1949cf8c6b5b557f\bevy_ecs-0.18.1\src\system\function_system.rs;54;8763;0.000005;1;8763;8763;8763;0.000000
system_commands{name="bevy_sprite_render::texture_slice::computed_slices::compute_slices_on_asset_event"};C:\Users\Antoi\.cargo\registry\src\index.crates.io-1949cf8c6b5b557f\bevy_ecs-0.18.1\src\system\function_system.rs;54;12561352;0.006904;37525;334;50;88138;918.868340
plugin cleanup{plugin="bevy_pbr::decal::clustered::ClusteredDecalPlugin"};C:\Users\Antoi\.cargo\registry\src\index.crates.io-1949cf8c6b5b557f\bevy_app-0.18.1\src\app.rs;292;57;0.000000;1;57;57;57;0.000000
plugin finish{plugin="bevy_core_pipeline::CorePipelinePlugin"};C:\Users\Antoi\.cargo\registry\src\index.crates.io-1949cf8c6b5b557f\bevy_app-0.18.1\src\app.rs;272;70;0.000000;1;70;70;70;0.000000
system{name="forgia_worldgen::debug_viz::sys_worldgen_gizmos"};C:\Users\Antoi\.cargo\registry\src\index.crates.io-1949cf8c6b5b557f\bevy_ecs-0.18.1\src\system\function_system.rs;52;28736804;0.015794;33826;849;215;33008;458.684863
tessellator::tessellate_shapes;C:\Users\Antoi\.cargo\registry\src\index.crates.io-1949cf8c6b5b557f\egui-0.33.3\src\context.rs;2679;5138967476;2.824395;37525;136947;12140;1087810;43183.985480
asset loading{loader="bevy_image::image_loader::ImageLoader" asset="ui/menu_video/frame_0222.webp"};C:\Users\Antoi\.cargo\registry\src\index.crates.io-1949cf8c6b5b557f\bevy_asset-0.18.1\src\server\loaders.rs;332;15804368;0.008686;6;2634061;139;15768445;6434510.271775
plugin build{plugin="bevy_render::sync_component::SyncComponentPlugin<bevy_pbr::fog::DistanceFog>"};C:\Users\Antoi\.cargo\registry\src\index.crates.io-1949cf8c6b5b557f\bevy_app-0.18.1\src\app.rs;529;3687;0.000002;1;3687;3687;3687;0.000000
plugin cleanup{plugin="bevy_render::render_phase::SortedRenderPhasePlugin<bevy_core_pipeline::core_3d::Transmissive3d, bevy_pbr::render::mesh::MeshPipeline>"};C:\Users\Antoi\.cargo\registry\src\index.crates.io-1949cf8c6b5b557f\bevy_app-0.18.1\src\app.rs;292;55;0.000000;1;55;55;55;0.000000
system_commands{name="forgia_worldgen::spawn::sys_spawn_drain"};C:\Users\Antoi\.cargo\registry\src\index.crates.io-1949cf8c6b5b557f\bevy_ecs-0.18.1\src\system\function_system.rs;54;2904282;0.001596;37525;77;51;45198;248.689666
system{name="forgia_mode_roguelite::element_vfx::sys_refresh_vfx_materials"};C:\Users\Antoi\.cargo\registry\src\index.crates.io-1949cf8c6b5b557f\bevy_ecs-0.18.1\src\system\function_system.rs;52;8239854;0.004529;33826;243;74;25096;248.180588
system{name="bevy_kira_audio::audio_output::play_audio_channel<bevy_kira_audio::MainTrack>"};C:\Users\Antoi\.cargo\registry\src\index.crates.io-1949cf8c6b5b557f\bevy_ecs-0.18.1\src\system\function_system.rs;52;14589119;0.008018;37525;388;149;129041;1465.331925
system_commands{name="bevy_rapier3d::plugin::systems::collider::init_async_scene_colliders"};C:\Users\Antoi\.cargo\registry\src\index.crates.io-1949cf8c6b5b557f\bevy_ecs-0.18.1\src\system\function_system.rs;54;1137172;0.000625;11501;98;51;1442;48.757740
system{name="forgia_mode_roguelite::boss_portal::sys_reconcile_boss_gate"};C:\Users\Antoi\.cargo\registry\src\index.crates.io-1949cf8c6b5b557f\bevy_ecs-0.18.1\src\system\function_system.rs;52;48376802;0.026588;33826;1430;589;515380;4265.060824
asset loading{loader="bevy_image::image_loader::ImageLoader" asset="ui/menu_video/frame_0071.webp"};C:\Users\Antoi\.cargo\registry\src\index.crates.io-1949cf8c6b5b557f\bevy_asset-0.18.1\src\server\loaders.rs;332;15620339;0.008585;6;2603389;78;15572333;6353462.030233
system_commands{name="bevy_animation::animate_targets"};C:\Users\Antoi\.cargo\registry\src\index.crates.io-1949cf8c6b5b557f\bevy_ecs-0.18.1\src\system\function_system.rs;54;4401253;0.002419;37525;117;55;6997;70.138285
system{name="bevy_pbr::light_probe::gather_light_probes<bevy_light::probe::IrradianceVolume>"};C:\Users\Antoi\.cargo\registry\src\index.crates.io-1949cf8c6b5b557f\bevy_ecs-0.18.1\src\system\function_system.rs;52;42696826;0.023466;37525;1137;401;109453;955.654050
plugin finish{plugin="bevy_render::extract_resource::ExtractResourcePlugin<bevy_render::texture::manual_texture_view::ManualTextureViews>"};C:\Users\Antoi\.cargo\registry\src\index.crates.io-1949cf8c6b5b557f\bevy_app-0.18.1\src\app.rs;272;84;0.000000;1;84;84;84;0.000000
plugin finish{plugin="bevy_render::render_phase::BinnedRenderPhasePlugin<bevy_core_pipeline::prepass::Opaque3dPrepass, bevy_pbr::render::mesh::MeshPipeline>"};C:\Users\Antoi\.cargo\registry\src\index.crates.io-1949cf8c6b5b557f\bevy_app-0.18.1\src\app.rs;272;131;0.000000;1;131;131;131;0.000000
node{name="bevy_ui_render::RunUiSubgraphOnUiViewNode"};C:\Users\Antoi\.cargo\registry\src\index.crates.io-1949cf8c6b5b557f\bevy_render-0.18.1\src\renderer\graph_runner.rs;240;878947641;0.483073;112575;7807;2136;605396;4833.798004
asset loading{loader="bevy_image::image_loader::ImageLoader" asset="ui/menu_video/frame_0270.webp"};C:\Users\Antoi\.cargo\registry\src\index.crates.io-1949cf8c6b5b557f\bevy_asset-0.18.1\src\server\loaders.rs;332;16047881;0.008820;6;2674646;200;16007371;6531676.858095
system{name="bevy_render::erased_render_asset::extract_erased_render_asset<bevy_pbr::mesh_material::MeshMaterial3d<bevy_pbr::pbr_material::StandardMaterial>>"};C:\Users\Antoi\.cargo\registry\src\index.crates.io-1949cf8c6b5b557f\bevy_ecs-0.18.1\src\system\function_system.rs;52;171960148;0.094510;37525;4582;444;215008;4513.132990
plugin cleanup{plugin="forgia_viewmodel::pose::ForgiaViewmodelPosePlugin"};C:\Users\Antoi\.cargo\registry\src\index.crates.io-1949cf8c6b5b557f\bevy_app-0.18.1\src\app.rs;292;55;0.000000;1;55;55;55;0.000000
plugin build{plugin="bevy_render::erased_render_asset::ErasedRenderAssetPlugin<bevy_pbr::mesh_material::MeshMaterial3d<bevy_pbr::extended_material::ExtendedMaterial<bevy_pbr::pbr_material::StandardMaterial, bevy_pbr::decal::forward::ForwardDecalMaterialExt>>>"};C:\Users\Antoi\.cargo\registry\src\index.crates.io-1949cf8c6b5b557f\bevy_app-0.18.1\src\app.rs;529;14691;0.000008;1;14691;14691;14691;0.000000
system{name="bevy_sprite::calculate_bounds_2d"};C:\Users\Antoi\.cargo\registry\src\index.crates.io-1949cf8c6b5b557f\bevy_ecs-0.18.1\src\system\function_system.rs;52;116672327;0.064124;37525;3109;1269;226869;1682.787534
plugin finish{plugin="forgia_fps::ForgiaFpsPlugin"};C:\Users\Antoi\.cargo\registry\src\index.crates.io-1949cf8c6b5b557f\bevy_app-0.18.1\src\app.rs;272;57;0.000000;1;57;57;57;0.000000
system_commands{name="bevy_render::erased_render_asset::extract_erased_render_asset<bevy_pbr::mesh_material::MeshMaterial3d<bevy_pbr::extended_material::ExtendedMaterial<bevy_pbr::pbr_material::StandardMaterial, bevy_pbr::decal::forward::ForwardDecalMaterialExt>>>"};C:\Users\Antoi\.cargo\registry\src\index.crates.io-1949cf8c6b5b557f\bevy_ecs-0.18.1\src\system\function_system.rs;54;35809242;0.019681;37525;954;339;51355;436.455687
plugin build{plugin="bevy_picking::InteractionPlugin"};C:\Users\Antoi\.cargo\registry\src\index.crates.io-1949cf8c6b5b557f\bevy_app-0.18.1\src\app.rs;529;90799;0.000050;1;90799;90799;90799;0.000000
plugin finish{plugin="forgia_asset_registry::ForgiaAssetRegistryPlugin"};C:\Users\Antoi\.cargo\registry\src\index.crates.io-1949cf8c6b5b557f\bevy_app-0.18.1\src\app.rs;272;58;0.000000;1;58;58;58;0.000000
system{name="bevy_hanabi::render::fixup_parents"};C:\Users\Antoi\.cargo\registry\src\index.crates.io-1949cf8c6b5b557f\bevy_ecs-0.18.1\src\system\function_system.rs;52;18423564;0.010126;37525;490;155;41537;428.356421
asset loading{loader="bevy_image::image_loader::ImageLoader" asset="ui/menu_video/frame_0070.webp"};C:\Users\Antoi\.cargo\registry\src\index.crates.io-1949cf8c6b5b557f\bevy_asset-0.18.1\src\server\loaders.rs;332;14736061;0.008099;6;2456010;144;14691783;5994285.101232
plugin finish{plugin="bevy_sprite::picking_backend::SpritePickingPlugin"};C:\Users\Antoi\.cargo\registry\src\index.crates.io-1949cf8c6b5b557f\bevy_app-0.18.1\src\app.rs;272;53;0.000000;1;53;53;53;0.000000
plugin finish{plugin="bevy_render::extract_component::ExtractComponentPlugin<bevy_hanabi::EffectVisibilityClass>"};C:\Users\Antoi\.cargo\registry\src\index.crates.io-1949cf8c6b5b557f\bevy_app-0.18.1\src\app.rs;272;708;0.000000;1;708;708;708;0.000000
system{name="forgia_observability::memory_sensor::sys_write_memory_sensor"};C:\Users\Antoi\.cargo\registry\src\index.crates.io-1949cf8c6b5b557f\bevy_ecs-0.18.1\src\system\function_system.rs;52;10103069;0.005553;37525;269;82;128286;977.814867
plugin build{plugin="bevy_pbr::render::mesh::MeshRenderPlugin"};C:\Users\Antoi\.cargo\registry\src\index.crates.io-1949cf8c6b5b557f\bevy_app-0.18.1\src\app.rs;529;7440660;0.004089;1;7440660;7440660;7440660;0.000000
asset loading{loader="bevy_image::image_loader::ImageLoader" asset="ui/menu_video/frame_0220.webp"};C:\Users\Antoi\.cargo\registry\src\index.crates.io-1949cf8c6b5b557f\bevy_asset-0.18.1\src\server\loaders.rs;332;14936178;0.008209;6;2489363;91;14901766;6080813.240221
system_commands{name="forgia_ui::weapon_preview::sys_swap_weapon_preview"};C:\Users\Antoi\.cargo\registry\src\index.crates.io-1949cf8c6b5b557f\bevy_ecs-0.18.1\src\system\function_system.rs;54;365362;0.000201;3699;98;54;1501;40.605517
system_commands{name="forgia_mode_roguelite::progress::sys_load_progress"};C:\Users\Antoi\.cargo\registry\src\index.crates.io-1949cf8c6b5b557f\bevy_ecs-0.18.1\src\system\function_system.rs;54;1898;0.000001;1;1898;1898;1898;0.000000
system{name="bevy_state::state::transitions::run_exit<forgia_core::states::GameMode>"};C:\Users\Antoi\.cargo\registry\src\index.crates.io-1949cf8c6b5b557f\bevy_ecs-0.18.1\src\system\function_system.rs;52;3209006;0.001764;37526;85;54;40649;298.911205
system{name="bevy_state::state::transitions::run_transition<forgia_core::states::WorldMode>"};C:\Users\Antoi\.cargo\registry\src\index.crates.io-1949cf8c6b5b557f\bevy_ecs-0.18.1\src\system\function_system.rs;52;3112506;0.001711;37526;82;56;94285;523.611244
plugin build{plugin="bevy_anti_alias::smaa::SmaaPlugin"};C:\Users\Antoi\.cargo\registry\src\index.crates.io-1949cf8c6b5b557f\bevy_app-0.18.1\src\app.rs;529;698706;0.000384;1;698706;698706;698706;0.000000
asset loading{loader="bevy_image::image_loader::ImageLoader" asset="ui/menu_video/frame_0113.webp"};C:\Users\Antoi\.cargo\registry\src\index.crates.io-1949cf8c6b5b557f\bevy_asset-0.18.1\src\server\loaders.rs;332;16073042;0.008834;7;2296148;184;16006443;6045676.518968
system{name="bevy_pbr::volumetric_fog::render::prepare_volumetric_fog_uniforms"};C:\Users\Antoi\.cargo\registry\src\index.crates.io-1949cf8c6b5b557f\bevy_ecs-0.18.1\src\system\function_system.rs;52;25837556;0.014200;37525;688;239;125811;819.627374
system{name="<bevy_egui::EguiPlugin as bevy_app::plugin::Plugin>::build::{{closure}}"};C:\Users\Antoi\.cargo\registry\src\index.crates.io-1949cf8c6b5b557f\bevy_ecs-0.18.1\src\system\function_system.rs;52;28865213;0.015864;150101;192;52;94397;448.266393
plugin cleanup{plugin="forgia_observability::ForgiaObservabilityPlugin"};C:\Users\Antoi\.cargo\registry\src\index.crates.io-1949cf8c6b5b557f\bevy_app-0.18.1\src\app.rs;292;56;0.000000;1;56;56;56;0.000000
asset loading{loader="bevy_image::image_loader::ImageLoader" asset="ui/menu_video/frame_0296.webp"};C:\Users\Antoi\.cargo\registry\src\index.crates.io-1949cf8c6b5b557f\bevy_asset-0.18.1\src\server\loaders.rs;332;16087451;0.008842;6;2681241;167;16052126;6550370.933875
system_commands{name="forgia_mode_roguelite::shockwave::sys_animate_shockwave_vfx"};C:\Users\Antoi\.cargo\registry\src\index.crates.io-1949cf8c6b5b557f\bevy_ecs-0.18.1\src\system\function_system.rs;54;2746099;0.001509;33826;81;50;115983;632.827086
system{name="bevy_render::extract_instances::extract_all<bevy_pbr::light_probe::environment_map::EnvironmentMapIds>"};C:\Users\Antoi\.cargo\registry\src\index.crates.io-1949cf8c6b5b557f\bevy_ecs-0.18.1\src\system\function_system.rs;52;10613221;0.005833;37525;282;104;18331;219.908593
system{name="bevy_ecs::schedule::condition::common_conditions::resource_exists<bevy_core_pipeline::experimental::mip_generation::DownsampleDepthPipelines>"};C:\Users\Antoi\.cargo\registry\src\index.crates.io-1949cf8c6b5b557f\bevy_ecs-0.18.1\src\system\function_system.rs;52;4367921;0.002401;37525;116;57;14572;111.701438
system{name="bevy_pbr::cluster::init_global_clusterable_object_meta"};C:\Users\Antoi\.cargo\registry\src\index.crates.io-1949cf8c6b5b557f\bevy_ecs-0.18.1\src\system\function_system.rs;52;6596;0.000004;1;6596;6596;6596;0.000000
plugin cleanup{plugin="bevy_pbr::volumetric_fog::VolumetricFogPlugin"};C:\Users\Antoi\.cargo\registry\src\index.crates.io-1949cf8c6b5b557f\bevy_app-0.18.1\src\app.rs;292;55;0.000000;1;55;55;55;0.000000
system_commands{name="forgia_mode_roguelite::trempe::sys_init_trempe"};C:\Users\Antoi\.cargo\registry\src\index.crates.io-1949cf8c6b5b557f\bevy_ecs-0.18.1\src\system\function_system.rs;54;2131;0.000001;1;2131;2131;2131;0.000000
system_commands{name="forgia_ui::menu_video::setup_menu_video"};C:\Users\Antoi\.cargo\registry\src\index.crates.io-1949cf8c6b5b557f\bevy_ecs-0.18.1\src\system\function_system.rs;54;2756;0.000002;1;2756;2756;2756;0.000000
system{name="forgia_ui_lib::pause_menu::apply_settings_to_volume"};C:\Users\Antoi\.cargo\registry\src\index.crates.io-1949cf8c6b5b557f\bevy_ecs-0.18.1\src\system\function_system.rs;52;4829626;0.002654;37525;128;59;33231;217.676728
system_commands{name="bevy_post_process::dof::prepare_depth_of_field_pipelines"};C:\Users\Antoi\.cargo\registry\src\index.crates.io-1949cf8c6b5b557f\bevy_ecs-0.18.1\src\system\function_system.rs;54;3837997;0.002109;37525;102;51;60968;320.353914
system{name="bevy_ui_render::extract_text_shadows"};C:\Users\Antoi\.cargo\registry\src\index.crates.io-1949cf8c6b5b557f\bevy_ecs-0.18.1\src\system\function_system.rs;52;31614100;0.017375;37525;842;238;77401;661.391641
system_commands{name="bevy_render::extract_component::prepare_uniform_components<bevy_pbr::deferred::PbrDeferredLightingDepthId>"};C:\Users\Antoi\.cargo\registry\src\index.crates.io-1949cf8c6b5b557f\bevy_ecs-0.18.1\src\system\function_system.rs;54;2901439;0.001595;37525;77;50;4472;36.733589
write_work_item_buffers;C:\Users\Antoi\.cargo\registry\src\index.crates.io-1949cf8c6b5b557f\bevy_render-0.18.1\src\batching\gpu_preprocessing.rs;2056;2601762014;1.429938;435508;5974;48;2617186;14619.100577
system{name="bevy_asset::assets::Assets<bevy_gltf::assets::GltfNode>::track_assets"};C:\Users\Antoi\.cargo\registry\src\index.crates.io-1949cf8c6b5b557f\bevy_ecs-0.18.1\src\system\function_system.rs;52;51672096;0.028399;37525;1377;125;1146998;14446.996942
system{name="forgia_ui_lib::pause_menu::draw_pause_menu"};C:\Users\Antoi\.cargo\registry\src\index.crates.io-1949cf8c6b5b557f\bevy_ecs-0.18.1\src\system\function_system.rs;52;14495844;0.007967;37525;386;105;76911;518.159697
asset loading{loader="bevy_image::image_loader::ImageLoader" asset="ui/menu_video/frame_0157.webp"};C:\Users\Antoi\.cargo\registry\src\index.crates.io-1949cf8c6b5b557f\bevy_asset-0.18.1\src\server\loaders.rs;332;16073070;0.008834;5;3214614;121;16006979;7151161.184144
asset loading{loader="bevy_image::image_loader::ImageLoader" asset="ui/menu_video/frame_0057.webp"};C:\Users\Antoi\.cargo\registry\src\index.crates.io-1949cf8c6b5b557f\bevy_asset-0.18.1\src\server\loaders.rs;332;15812182;0.008690;6;2635363;189;15778052;6438578.263311
asset loading{loader="bevy_gltf::loader::GltfLoader" asset="models/arms/fps_arm_R.glb"};C:\Users\Antoi\.cargo\registry\src\index.crates.io-1949cf8c6b5b557f\bevy_asset-0.18.1\src\server\loaders.rs;332;2068574;0.001137;5;413714;165;2036848;907424.672137
plugin build{plugin="forgia_combat::ForgiaCombatPlugin"};C:\Users\Antoi\.cargo\registry\src\index.crates.io-1949cf8c6b5b557f\bevy_app-0.18.1\src\app.rs;529;4693190;0.002579;1;4693190;4693190;4693190;0.000000
schedule{name=OnEnter(Roguelite)};C:\Users\Antoi\.cargo\registry\src\index.crates.io-1949cf8c6b5b557f\bevy_ecs-0.18.1\src\schedule\schedule.rs;532;1735692;0.000954;1;1735692;1735692;1735692;0.000000
asset loading{loader="bevy_shader::shader::ShaderLoader" asset="embedded://bevy_core_pipeline\\tonemapping\\tonemapping.wgsl"};C:\Users\Antoi\.cargo\registry\src\index.crates.io-1949cf8c6b5b557f\bevy_asset-0.18.1\src\server\loaders.rs;332;60729;0.000033;2;30364;63;60666;42852.792266
plugin finish{plugin="forgia_mode_roguelite::meta_shop::MetaShopPlugin"};C:\Users\Antoi\.cargo\registry\src\index.crates.io-1949cf8c6b5b557f\bevy_app-0.18.1\src\app.rs;272;56;0.000000;1;56;56;56;0.000000
system{name="bevy_render::batching::gpu_preprocessing::collect_buffers_for_phase<bevy_pbr::render::light::Shadow, bevy_pbr::render::mesh::MeshPipeline>"};C:\Users\Antoi\.cargo\registry\src\index.crates.io-1949cf8c6b5b557f\bevy_ecs-0.18.1\src\system\function_system.rs;52;39492230;0.021705;37525;1052;315;39085;547.717294
asset loading{loader="bevy_image::image_loader::ImageLoader" asset="ui/menu_video/frame_0264.webp"};C:\Users\Antoi\.cargo\registry\src\index.crates.io-1949cf8c6b5b557f\bevy_asset-0.18.1\src\server\loaders.rs;332;16160259;0.008882;6;2693376;151;16121757;6578538.500231
system_commands{name="forgia_mode_roguelite::loot_room::sys_despawn_demo_level_in_lobby"};C:\Users\Antoi\.cargo\registry\src\index.crates.io-1949cf8c6b5b557f\bevy_ecs-0.18.1\src\system\function_system.rs;54;69;0.000000;1;69;69;69;0.000000
system_commands{name="bevy_pbr::lightmap::init_render_lightmaps"};C:\Users\Antoi\.cargo\registry\src\index.crates.io-1949cf8c6b5b557f\bevy_ecs-0.18.1\src\system\function_system.rs;54;1234;0.000001;1;1234;1234;1234;0.000000
plugin cleanup{plugin="bevy_ui_render::gradient::GradientPlugin"};C:\Users\Antoi\.cargo\registry\src\index.crates.io-1949cf8c6b5b557f\bevy_app-0.18.1\src\app.rs;292;58;0.000000;1;58;58;58;0.000000
system{name="forgia_juice_lib::knockback::sys_write_knockback_sensor"};C:\Users\Antoi\.cargo\registry\src\index.crates.io-1949cf8c6b5b557f\bevy_ecs-0.18.1\src\system\function_system.rs;52;15520668;0.008530;37525;413;136;56033;435.220049
schedule{name=OnEnter(Lobby)};C:\Users\Antoi\.cargo\registry\src\index.crates.io-1949cf8c6b5b557f\bevy_ecs-0.18.1\src\schedule\schedule.rs;532;255253;0.000140;1;255253;255253;255253;0.000000
system{name="bevy_render::diagnostic::internal::sync_diagnostics"};C:\Users\Antoi\.cargo\registry\src\index.crates.io-1949cf8c6b5b557f\bevy_ecs-0.18.1\src\system\function_system.rs;52;435402516;0.239299;37525;11602;165;703229;5563.122808
system{name="bevy_pbr::render::light::check_light_entities_needing_specialization<bevy_pbr::pbr_material::StandardMaterial>"};C:\Users\Antoi\.cargo\registry\src\index.crates.io-1949cf8c6b5b557f\bevy_ecs-0.18.1\src\system\function_system.rs;52;20506635;0.011271;37525;546;164;41084;356.894321
system{name="forgia_mode_roguelite::boucherie_rocket::sys_spawn_rockets"};C:\Users\Antoi\.cargo\registry\src\index.crates.io-1949cf8c6b5b557f\bevy_ecs-0.18.1\src\system\function_system.rs;52;15410595;0.008470;33826;455;145;82057;549.369995
system_commands{name="bevy_anti_alias::smaa::init_smaa_pipelines"};C:\Users\Antoi\.cargo\registry\src\index.crates.io-1949cf8c6b5b557f\bevy_ecs-0.18.1\src\system\function_system.rs;54;1790;0.000001;1;1790;1790;1790;0.000000
plugin build{plugin="bevy_mesh::MeshPlugin"};C:\Users\Antoi\.cargo\registry\src\index.crates.io-1949cf8c6b5b557f\bevy_app-0.18.1\src\app.rs;529;778502;0.000428;1;778502;778502;778502;0.000000
main_opaque_pass_2d;C:\Users\Antoi\.cargo\registry\src\index.crates.io-1949cf8c6b5b557f\bevy_core_pipeline-0.18.1\src\core_2d\main_opaque_pass_2d_node.rs;58;1584084053;0.870618;37525;42214;10611;1218321;16271.301544
plugin build{plugin="forgia_postprocess::toon::ForgiaPpToonPlugin"};C:\Users\Antoi\.cargo\registry\src\index.crates.io-1949cf8c6b5b557f\bevy_app-0.18.1\src\app.rs;529;1429940;0.000786;1;1429940;1429940;1429940;0.000000
plugin finish{plugin="bevy_render::sync_component::SyncComponentPlugin<bevy_post_process::bloom::settings::Bloom>"};C:\Users\Antoi\.cargo\registry\src\index.crates.io-1949cf8c6b5b557f\bevy_app-0.18.1\src\app.rs;272;58;0.000000;1;58;58;58;0.000000
system{name="forgia_mode_roguelite::loot_room::sys_despawn_demo_level_in_lobby"};C:\Users\Antoi\.cargo\registry\src\index.crates.io-1949cf8c6b5b557f\bevy_ecs-0.18.1\src\system\function_system.rs;52;629;0.000000;1;629;629;629;0.000000
plugin finish{plugin="bevy_render::extract_component::ExtractComponentPlugin<bevy_anti_alias::smaa::Smaa>"};C:\Users\Antoi\.cargo\registry\src\index.crates.io-1949cf8c6b5b557f\bevy_app-0.18.1\src\app.rs;272;70;0.000000;1;70;70;70;0.000000
system{name="leafwing_input_manager::systems::filter_captured_input"};C:\Users\Antoi\.cargo\registry\src\index.crates.io-1949cf8c6b5b557f\bevy_ecs-0.18.1\src\system\function_system.rs;52;12200124;0.006705;37525;325;95;91303;522.826600
system_commands{name="forgia_combat::weapons::setup_casing_resources"};C:\Users\Antoi\.cargo\registry\src\index.crates.io-1949cf8c6b5b557f\bevy_ecs-0.18.1\src\system\function_system.rs;54;2268;0.000001;1;2268;2268;2268;0.000000
system{name="bevy_sprite_render::render::extract_sprites"};C:\Users\Antoi\.cargo\registry\src\index.crates.io-1949cf8c6b5b557f\bevy_ecs-0.18.1\src\system\function_system.rs;52;33106143;0.018195;37525;882;288;17375;452.588697
system{name="bevy_render::view::window::screenshot::prepare_screenshots"};C:\Users\Antoi\.cargo\registry\src\index.crates.io-1949cf8c6b5b557f\bevy_ecs-0.18.1\src\system\function_system.rs;52;16413187;0.009021;37525;437;129;44986;398.364624
system{name="forgia_viewmodel::calibration_sensor::viewmodel_calibration_sensor"};C:\Users\Antoi\.cargo\registry\src\index.crates.io-1949cf8c6b5b557f\bevy_ecs-0.18.1\src\system\function_system.rs;52;252747958;0.138911;37525;6735;281;161212;9365.284817
system{name="forgia_anim_debug::bone_trace::write_bone_trace_sensor"};C:\Users\Antoi\.cargo\registry\src\index.crates.io-1949cf8c6b5b557f\bevy_ecs-0.18.1\src\system\function_system.rs;52;53214279;0.029247;37525;1418;176;252495;8937.199002
system_commands{name="bevy_render::extract_component::prepare_uniform_components<bevy_anti_alias::contrast_adaptive_sharpening::CasUniform>"};C:\Users\Antoi\.cargo\registry\src\index.crates.io-1949cf8c6b5b557f\bevy_ecs-0.18.1\src\system\function_system.rs;54;3192202;0.001754;37525;85;50;4356;34.719233
asset loading{loader="bevy_image::image_loader::ImageLoader" asset="ui/menu_video/frame_0034.webp"};C:\Users\Antoi\.cargo\registry\src\index.crates.io-1949cf8c6b5b557f\bevy_asset-0.18.1\src\server\loaders.rs;332;17383257;0.009554;7;2483322;151;17347690;6554571.665944
system_commands{name="bevy_pbr::atmosphere::environment::prepare_atmosphere_probe_bind_groups"};C:\Users\Antoi\.cargo\registry\src\index.crates.io-1949cf8c6b5b557f\bevy_ecs-0.18.1\src\system\function_system.rs;54;3441980;0.001892;37525;91;53;11437;67.862176
system{name="forgia_mode_roguelite::stations::sys_use_ammo_stations"};C:\Users\Antoi\.cargo\registry\src\index.crates.io-1949cf8c6b5b557f\bevy_ecs-0.18.1\src\system\function_system.rs;52;22143477;0.012170;33826;654;302;74252;579.301233
asset loading{loader="bevy_image::image_loader::ImageLoader" asset="ui/menu_video/frame_0207.webp"};C:\Users\Antoi\.cargo\registry\src\index.crates.io-1949cf8c6b5b557f\bevy_asset-0.18.1\src\server\loaders.rs;332;14858205;0.008166;7;2122600;75;14820547;5599270.230665
system{name="forgia_ai_arena_bot::bot_shoot_at_target"};C:\Users\Antoi\.cargo\registry\src\index.crates.io-1949cf8c6b5b557f\bevy_ecs-0.18.1\src\system\function_system.rs;52;25033496;0.013758;37525;667;137;90189;711.932485
system{name="bevy_pbr::lightmap::extract_lightmaps"};C:\Users\Antoi\.cargo\registry\src\index.crates.io-1949cf8c6b5b557f\bevy_ecs-0.18.1\src\system\function_system.rs;52;31958562;0.017565;37525;851;311;72727;600.674072
system{name="forgia_mode_roguelite::element_vfx::sys_reset_vfx_stats"};C:\Users\Antoi\.cargo\registry\src\index.crates.io-1949cf8c6b5b557f\bevy_ecs-0.18.1\src\system\function_system.rs;52;195;0.000000;1;195;195;195;0.000000
system_commands{name="forgia_mode_roguelite::ultimate_config::sys_init_ultimate_genome"};C:\Users\Antoi\.cargo\registry\src\index.crates.io-1949cf8c6b5b557f\bevy_ecs-0.18.1\src\system\function_system.rs;54;2498;0.000001;1;2498;2498;2498;0.000000
schedule{name=SpawnScene};C:\Users\Antoi\.cargo\registry\src\index.crates.io-1949cf8c6b5b557f\bevy_ecs-0.18.1\src\schedule\schedule.rs;532;1036033688;0.569408;37525;27609;7617;2810606;26804.687027
plugin build{plugin="bevy_image::texture_atlas::TextureAtlasPlugin"};C:\Users\Antoi\.cargo\registry\src\index.crates.io-1949cf8c6b5b557f\bevy_app-0.18.1\src\app.rs;529;986437;0.000542;1;986437;986437;986437;0.000000
asset loading{loader="bevy_shader::shader::ShaderLoader" asset="embedded://bevy_anti_alias\\fxaa\\fxaa.wgsl"};C:\Users\Antoi\.cargo\registry\src\index.crates.io-1949cf8c6b5b557f\bevy_asset-0.18.1\src\server\loaders.rs;332;447060;0.000246;2;223530;62;446998;316031.476356
plugin build{plugin="bevy_gizmos::global::GlobalGizmosPlugin"};C:\Users\Antoi\.cargo\registry\src\index.crates.io-1949cf8c6b5b557f\bevy_app-0.18.1\src\app.rs;529;7170;0.000004;1;7170;7170;7170;0.000000
plugin finish{plugin="bevy_render::gpu_readback::GpuReadbackPlugin"};C:\Users\Antoi\.cargo\registry\src\index.crates.io-1949cf8c6b5b557f\bevy_app-0.18.1\src\app.rs;272;62;0.000000;1;62;62;62;0.000000
system{name="bevy_pbr::medium::init_scattering_medium_sampler"};C:\Users\Antoi\.cargo\registry\src\index.crates.io-1949cf8c6b5b557f\bevy_ecs-0.18.1\src\system\function_system.rs;52;20297;0.000011;1;20297;20297;20297;0.000000
asset loading{loader="bevy_image::image_loader::ImageLoader" asset="ui/menu_video/frame_0175.webp"};C:\Users\Antoi\.cargo\registry\src\index.crates.io-1949cf8c6b5b557f\bevy_asset-0.18.1\src\server\loaders.rs;332;15960642;0.008772;6;2660107;113;15923077;6497504.791962
plugin finish{plugin="bevy_core_pipeline::deferred::copy_lighting_id::CopyDeferredLightingIdPlugin"};C:\Users\Antoi\.cargo\registry\src\index.crates.io-1949cf8c6b5b557f\bevy_app-0.18.1\src\app.rs;272;56;0.000000;1;56;56;56;0.000000
system{name="forgia_fps::sync_fps_tuning"};C:\Users\Antoi\.cargo\registry\src\index.crates.io-1949cf8c6b5b557f\bevy_ecs-0.18.1\src\system\function_system.rs;52;29984407;0.016480;37525;799;264;95097;660.930420
system{name="forgia_mode_roguelite::boss_portal::sys_calibrate_portal"};C:\Users\Antoi\.cargo\registry\src\index.crates.io-1949cf8c6b5b557f\bevy_ecs-0.18.1\src\system\function_system.rs;52;13059970;0.007178;33826;386;130;67484;621.372727
run_graph{name="SubGraphEgui"};C:\Users\Antoi\.cargo\registry\src\index.crates.io-1949cf8c6b5b557f\bevy_render-0.18.1\src\renderer\graph_runner.rs;121;242114016;0.133067;37525;6452;4215;262524;2861.209657
plugin build{plugin="bevy_render::extract_component::ExtractComponentPlugin<bevy_anti_alias::contrast_adaptive_sharpening::ContrastAdaptiveSharpening>"};C:\Users\Antoi\.cargo\registry\src\index.crates.io-1949cf8c6b5b557f\bevy_app-0.18.1\src\app.rs;529;18805;0.000010;1;18805;18805;18805;0.000000
plugin cleanup{plugin="bevy_render::extract_component::ExtractComponentPlugin<bevy_camera::components::Camera3d>"};C:\Users\Antoi\.cargo\registry\src\index.crates.io-1949cf8c6b5b557f\bevy_app-0.18.1\src\app.rs;292;55;0.000000;1;55;55;55;0.000000
asset loading{loader="forgia_genome_core::GenomeLoader<forgia_mode_fps_arena::ArenaBotsGenome>" asset="genomes/arena_bots.toml"};C:\Users\Antoi\.cargo\registry\src\index.crates.io-1949cf8c6b5b557f\bevy_asset-0.18.1\src\server\loaders.rs;332;374576;0.000206;4;93644;191;367429;182540.003787
system{name="bevy_state::state::transitions::run_transition<forgia_core::states::AppMode>"};C:\Users\Antoi\.cargo\registry\src\index.crates.io-1949cf8c6b5b557f\bevy_ecs-0.18.1\src\system\function_system.rs;52;2875623;0.001580;37526;76;53;42930;228.305041
system{name="forgia_rpg::register_sample_quests"};C:\Users\Antoi\.cargo\registry\src\index.crates.io-1949cf8c6b5b557f\bevy_ecs-0.18.1\src\system\function_system.rs;52;414919;0.000228;1;414919;414919;414919;0.000000
node{name="bevy_render::render_graph::node::ViewNodeRunner<bevy_anti_alias::smaa::SmaaNode>"};C:\Users\Antoi\.cargo\registry\src\index.crates.io-1949cf8c6b5b557f\bevy_render-0.18.1\src\renderer\graph_runner.rs;240;15950459;0.008766;112575;141;55;15188;101.638972
plugin finish{plugin="bevy_ui::accessibility::AccessibilityPlugin"};C:\Users\Antoi\.cargo\registry\src\index.crates.io-1949cf8c6b5b557f\bevy_app-0.18.1\src\app.rs;272;53;0.000000;1;53;53;53;0.000000
system{name="forgia_observability::player_state_sensor::sys_write_player_state_sensor"};C:\Users\Antoi\.cargo\registry\src\index.crates.io-1949cf8c6b5b557f\bevy_ecs-0.18.1\src\system\function_system.rs;52;10118776;0.005561;37525;269;73;87410;518.714036
system{name="bevy_pbr::render::light::init_shadow_samplers"};C:\Users\Antoi\.cargo\registry\src\index.crates.io-1949cf8c6b5b557f\bevy_ecs-0.18.1\src\system\function_system.rs;52;70336;0.000039;1;70336;70336;70336;0.000000
system{name="bevy_kira_audio::audio_output::play_audio_channel<forgia_audio::SfxChannel>"};C:\Users\Antoi\.cargo\registry\src\index.crates.io-1949cf8c6b5b557f\bevy_ecs-0.18.1\src\system\function_system.rs;52;9899721;0.005441;37525;263;93;75691;786.755845
asset loading{loader="bevy_shader::shader::ShaderLoader" asset="embedded://bevy_pbr\\atmosphere\\types.wgsl"};C:\Users\Antoi\.cargo\registry\src\index.crates.io-1949cf8c6b5b557f\bevy_asset-0.18.1\src\server\loaders.rs;332;65597;0.000036;2;32798;54;65543;46307.715999
plugin finish{plugin="bevy_render::globals::GlobalsPlugin"};C:\Users\Antoi\.cargo\registry\src\index.crates.io-1949cf8c6b5b557f\bevy_app-0.18.1\src\app.rs;272;57;0.000000;1;57;57;57;0.000000
system{name="forgia_mode_roguelite::trempe::sys_reset_trempe"};C:\Users\Antoi\.cargo\registry\src\index.crates.io-1949cf8c6b5b557f\bevy_ecs-0.18.1\src\system\function_system.rs;52;276;0.000000;1;276;276;276;0.000000
system{name="bevy_render::view::prepare_view_uniforms"};C:\Users\Antoi\.cargo\registry\src\index.crates.io-1949cf8c6b5b557f\bevy_ecs-0.18.1\src\system\function_system.rs;52;535071423;0.294077;37525;14259;3254;2712162;20608.967205
plugin build{plugin="bevy_sprite_render::tilemap_chunk::TilemapChunkPlugin"};C:\Users\Antoi\.cargo\registry\src\index.crates.io-1949cf8c6b5b557f\bevy_app-0.18.1\src\app.rs;529;5734;0.000003;1;5734;5734;5734;0.000000
system{name="bevy_gizmos::propagate_gizmos<bevy_gizmos::aabb::AabbGizmoConfigGroup, bevy_time::fixed::Fixed>"};C:\Users\Antoi\.cargo\registry\src\index.crates.io-1949cf8c6b5b557f\bevy_ecs-0.18.1\src\system\function_system.rs;52;12507377;0.006874;37525;333;81;42232;337.591891
plugin finish{plugin="bevy_core_pipeline::skybox::SkyboxPlugin"};C:\Users\Antoi\.cargo\registry\src\index.crates.io-1949cf8c6b5b557f\bevy_app-0.18.1\src\app.rs;272;56;0.000000;1;56;56;56;0.000000
system{name="forgia_asset_registry::hot_reload_input"};C:\Users\Antoi\.cargo\registry\src\index.crates.io-1949cf8c6b5b557f\bevy_ecs-0.18.1\src\system\function_system.rs;52;15159176;0.008332;37525;403;107;90672;502.536162
system{name="bevy_anti_alias::contrast_adaptive_sharpening::prepare_cas_pipelines"};C:\Users\Antoi\.cargo\registry\src\index.crates.io-1949cf8c6b5b557f\bevy_ecs-0.18.1\src\system\function_system.rs;52;27291786;0.015000;37525;727;229;186924;1082.215586
asset loading{loader="bevy_image::image_loader::ImageLoader" asset="ui/menu_video/frame_0159.webp"};C:\Users\Antoi\.cargo\registry\src\index.crates.io-1949cf8c6b5b557f\bevy_asset-0.18.1\src\server\loaders.rs;332;15607369;0.008578;6;2601228;147;15546291;6341765.619031
system{name="bevy_render::extract_resource::extract_resource<bevy_egui::render::systems::ExtractedEguiManagedTextures>"};C:\Users\Antoi\.cargo\registry\src\index.crates.io-1949cf8c6b5b557f\bevy_ecs-0.18.1\src\system\function_system.rs;52;16874317;0.009274;37525;449;94;41480;664.065145
plugin cleanup{plugin="bevy_render::sync_component::SyncComponentPlugin<bevy_hanabi::EffectVisibilityClass>"};C:\Users\Antoi\.cargo\registry\src\index.crates.io-1949cf8c6b5b557f\bevy_app-0.18.1\src\app.rs;292;123;0.000000;1;123;123;123;0.000000
system_commands{name="bevy_rapier3d::plugin::plugin::insert_default_context"};C:\Users\Antoi\.cargo\registry\src\index.crates.io-1949cf8c6b5b557f\bevy_ecs-0.18.1\src\system\function_system.rs;54;363846;0.000200;1;363846;363846;363846;0.000000
system{name="bevy_render::apply_extract_commands"};C:\Users\Antoi\.cargo\registry\src\index.crates.io-1949cf8c6b5b557f\bevy_ecs-0.18.1\src\system\function_system.rs;52;4112805585;2.260413;37525;109601;60470;2865563;34946.938374
system{name="bevy_asset::assets::Assets<bevy_render::storage::ShaderStorageBuffer>::asset_events_condition"};C:\Users\Antoi\.cargo\registry\src\index.crates.io-1949cf8c6b5b557f\bevy_ecs-0.18.1\src\system\function_system.rs;52;5575995;0.003065;37525;148;55;7924;77.277394
system{name="bevy_asset::assets::Assets<bevy_scene::dynamic_scene::DynamicScene>::asset_events_condition"};C:\Users\Antoi\.cargo\registry\src\index.crates.io-1949cf8c6b5b557f\bevy_ecs-0.18.1\src\system\function_system.rs;52;5075428;0.002789;37525;135;56;95848;505.469956
system_commands{name="bevy_core_pipeline::deferred::copy_lighting_id::prepare_deferred_lighting_id_textures"};C:\Users\Antoi\.cargo\registry\src\index.crates.io-1949cf8c6b5b557f\bevy_ecs-0.18.1\src\system\function_system.rs;54;3474515;0.001910;37525;92;51;34751;184.136730
plugin cleanup{plugin="bevy_render::sync_component::SyncComponentPlugin<bevy_light::directional_light::DirectionalLight>"};C:\Users\Antoi\.cargo\registry\src\index.crates.io-1949cf8c6b5b557f\bevy_app-0.18.1\src\app.rs;292;60;0.000000;1;60;60;60;0.000000
plugin cleanup{plugin="bevy_window::WindowPlugin"};C:\Users\Antoi\.cargo\registry\src\index.crates.io-1949cf8c6b5b557f\bevy_app-0.18.1\src\app.rs;292;56;0.000000;1;56;56;56;0.000000
plugin build{plugin="bevy_internal::default_plugins::IgnoreAmbiguitiesPlugin"};C:\Users\Antoi\.cargo\registry\src\index.crates.io-1949cf8c6b5b557f\bevy_app-0.18.1\src\app.rs;529;6939;0.000004;1;6939;6939;6939;0.000000
system{name="forgia_streaming::write_chunk_stream_sensor"};C:\Users\Antoi\.cargo\registry\src\index.crates.io-1949cf8c6b5b557f\bevy_ecs-0.18.1\src\system\function_system.rs;52;30912693;0.016990;37525;823;142;190400;5409.413702
plugin cleanup{plugin="forgia_water::ForgiaWaterPlugin"};C:\Users\Antoi\.cargo\registry\src\index.crates.io-1949cf8c6b5b557f\bevy_app-0.18.1\src\app.rs;292;54;0.000000;1;54;54;54;0.000000
asset loading{loader="bevy_image::image_loader::ImageLoader" asset="ui/menu_video/frame_0141.webp"};C:\Users\Antoi\.cargo\registry\src\index.crates.io-1949cf8c6b5b557f\bevy_asset-0.18.1\src\server\loaders.rs;332;15052660;0.008273;6;2508776;128;15014104;6126336.737921
system{name="forgia_viewmodel::arms::update_support_hand_visibility"};C:\Users\Antoi\.cargo\registry\src\index.crates.io-1949cf8c6b5b557f\bevy_ecs-0.18.1\src\system\function_system.rs;52;33154874;0.018222;33826;980;289;76331;809.241694
plugin cleanup{plugin="bevy_render::sync_component::SyncComponentPlugin<bevy_pbr::fog::DistanceFog>"};C:\Users\Antoi\.cargo\registry\src\index.crates.io-1949cf8c6b5b557f\bevy_app-0.18.1\src\app.rs;292;55;0.000000;1;55;55;55;0.000000
system_commands{name="bevy_picking::hover::update_is_directly_hovered"};C:\Users\Antoi\.cargo\registry\src\index.crates.io-1949cf8c6b5b557f\bevy_ecs-0.18.1\src\system\function_system.rs;54;3258543;0.001791;37525;86;51;10224;74.572780
plugin finish{plugin="forgia_rpg::ForgiaRpgPlugin"};C:\Users\Antoi\.cargo\registry\src\index.crates.io-1949cf8c6b5b557f\bevy_app-0.18.1\src\app.rs;272;56;0.000000;1;56;56;56;0.000000
system{name="bevy_asset::assets::Assets<forgia_genome_core::Genome<forgia_stage::RogueliteStagesGenome>>::asset_events_condition"};C:\Users\Antoi\.cargo\registry\src\index.crates.io-1949cf8c6b5b557f\bevy_ecs-0.18.1\src\system\function_system.rs;52;4211990;0.002315;37525;112;53;7666;70.971839
system{name="bevy_egui::free_egui_textures_system"};C:\Users\Antoi\.cargo\registry\src\index.crates.io-1949cf8c6b5b557f\bevy_ecs-0.18.1\src\system\function_system.rs;52;19922981;0.010950;37525;530;227;101180;591.713945
plugin build{plugin="forgia_qa_replay::plugin::ForgiaQaReplayPlugin"};C:\Users\Antoi\.cargo\registry\src\index.crates.io-1949cf8c6b5b557f\bevy_app-0.18.1\src\app.rs;529;20467;0.000011;1;20467;20467;20467;0.000000
system_commands{name="bevy_ui_render::box_shadow::prepare_shadows"};C:\Users\Antoi\.cargo\registry\src\index.crates.io-1949cf8c6b5b557f\bevy_ecs-0.18.1\src\system\function_system.rs;54;20835737;0.011451;37525;555;202;80219;472.167340
system{name="forgia_asset_registry::populate_registry"};C:\Users\Antoi\.cargo\registry\src\index.crates.io-1949cf8c6b5b557f\bevy_ecs-0.18.1\src\system\function_system.rs;52;32129405;0.017658;1;32129405;32129405;32129405;0.000000
system{name="bevy_hanabi::render::extract_sim_params"};C:\Users\Antoi\.cargo\registry\src\index.crates.io-1949cf8c6b5b557f\bevy_ecs-0.18.1\src\system\function_system.rs;52;20002157;0.010993;37525;533;193;192155;1143.012533
system_commands{name="bevy_render::extract_component::prepare_uniform_components<bevy_post_process::motion_blur::MotionBlurUniform>"};C:\Users\Antoi\.cargo\registry\src\index.crates.io-1949cf8c6b5b557f\bevy_ecs-0.18.1\src\system\function_system.rs;54;3335762;0.001833;37525;88;50;5565;38.927087
plugin finish{plugin="forgia_effects::pipeline_ready::PipelinesReadyPlugin"};C:\Users\Antoi\.cargo\registry\src\index.crates.io-1949cf8c6b5b557f\bevy_app-0.18.1\src\app.rs;272;52;0.000000;1;52;52;52;0.000000
plugin build{plugin="bevy_core_pipeline::tonemapping::TonemappingPlugin"};C:\Users\Antoi\.cargo\registry\src\index.crates.io-1949cf8c6b5b557f\bevy_app-0.18.1\src\app.rs;529;16374497;0.008999;1;16374497;16374497;16374497;0.000000
plugin build{plugin="bevy_post_process::motion_blur::MotionBlurPlugin"};C:\Users\Antoi\.cargo\registry\src\index.crates.io-1949cf8c6b5b557f\bevy_app-0.18.1\src\app.rs;529;54629;0.000030;1;54629;54629;54629;0.000000
system{name="bevy_asset::assets::Assets<forgia_genome_core::Genome<forgia_damage::HitFeedbackTuning>>::track_assets"};C:\Users\Antoi\.cargo\registry\src\index.crates.io-1949cf8c6b5b557f\bevy_ecs-0.18.1\src\system\function_system.rs;52;58258972;0.032019;37525;1552;157;1094171;13419.820464
asset loading{loader="bevy_image::image_loader::ImageLoader" asset="ui/menu_video/frame_0280.webp"};C:\Users\Antoi\.cargo\registry\src\index.crates.io-1949cf8c6b5b557f\bevy_asset-0.18.1\src\server\loaders.rs;332;18886201;0.010380;7;2698028;124;18840400;7118118.962300
system_commands{name="bevy_anti_alias::smaa::prepare_smaa_bind_groups"};C:\Users\Antoi\.cargo\registry\src\index.crates.io-1949cf8c6b5b557f\bevy_ecs-0.18.1\src\system\function_system.rs;54;3648887;0.002005;37525;97;51;79151;425.897306
system_commands{name="bevy_render::extract_component::extract_components<bevy_core_pipeline::tonemapping::Tonemapping>"};C:\Users\Antoi\.cargo\registry\src\index.crates.io-1949cf8c6b5b557f\bevy_ecs-0.18.1\src\system\function_system.rs;54;33579684;0.018456;37525;894;414;76971;683.153918
system{name="forgia_game::boot_to_menu"};C:\Users\Antoi\.cargo\registry\src\index.crates.io-1949cf8c6b5b557f\bevy_ecs-0.18.1\src\system\function_system.rs;52;493;0.000000;1;493;493;493;0.000000
plugin build{plugin="bevy_render::extract_component::ExtractComponentPlugin<bevy_camera::components::Camera2d>"};C:\Users\Antoi\.cargo\registry\src\index.crates.io-1949cf8c6b5b557f\bevy_app-0.18.1\src\app.rs;529;1729584;0.000951;1;1729584;1729584;1729584;0.000000
asset loading{loader="bevy_image::image_loader::ImageLoader" asset="ui/menu_video/frame_0052.webp"};C:\Users\Antoi\.cargo\registry\src\index.crates.io-1949cf8c6b5b557f\bevy_asset-0.18.1\src\server\loaders.rs;332;16556295;0.009099;6;2759382;68;16513876;6738300.368071
node{name="bevy_pbr::render::gpu_preprocess::EarlyGpuPreprocessNode"};C:\Users\Antoi\.cargo\registry\src\index.crates.io-1949cf8c6b5b557f\bevy_render-0.18.1\src\renderer\graph_runner.rs;240;260582241;0.143217;75050;3472;979;462645;2761.824785
asset loading{loader="bevy_image::image_loader::ImageLoader" asset="ui/menu_video/frame_0098.webp"};C:\Users\Antoi\.cargo\registry\src\index.crates.io-1949cf8c6b5b557f\bevy_asset-0.18.1\src\server\loaders.rs;332;16500879;0.009069;8;2062609;161;16447131;5812227.498161
system_commands{name="forgia_stage::spawn_stage_arena_on_request"};C:\Users\Antoi\.cargo\registry\src\index.crates.io-1949cf8c6b5b557f\bevy_ecs-0.18.1\src\system\function_system.rs;54;5220539;0.002869;37525;139;53;1095419;6159.825223
system_commands{name="forgia_mode_roguelite::status_vfx::sys_attach_burn_vfx"};C:\Users\Antoi\.cargo\registry\src\index.crates.io-1949cf8c6b5b557f\bevy_ecs-0.18.1\src\system\function_system.rs;54;3549084;0.001951;33826;104;50;90549;864.737523
system{name="bevy_asset::assets::Assets<forgia_genome_core::Genome<forgia_viewmodel::genome::ViewmodelGenome>>::asset_events"};C:\Users\Antoi\.cargo\registry\src\index.crates.io-1949cf8c6b5b557f\bevy_ecs-0.18.1\src\system\function_system.rs;52;679;0.000000;1;679;679;679;0.000000
calculate conflicting systems;C:\Users\Antoi\.cargo\registry\src\index.crates.io-1949cf8c6b5b557f\bevy_ecs-0.18.1\src\schedule\executor\multi_threaded.rs;188;5551864;0.003051;24;231327;263;3751476;771500.064633
plugin cleanup{plugin="bevy_render::erased_render_asset::ErasedRenderAssetPlugin<bevy_pbr::mesh_material::MeshMaterial3d<bevy_pbr::extended_material::ExtendedMaterial<bevy_pbr::pbr_material::StandardMaterial, bevy_pbr::decal::forward::ForwardDecalMaterialExt>>>"};C:\Users\Antoi\.cargo\registry\src\index.crates.io-1949cf8c6b5b557f\bevy_app-0.18.1\src\app.rs;292;120;0.000000;1;120;120;120;0.000000
system{name="bevy_hanabi::render::queue_effects"};C:\Users\Antoi\.cargo\registry\src\index.crates.io-1949cf8c6b5b557f\bevy_ecs-0.18.1\src\system\function_system.rs;52;906331879;0.498123;37525;24152;395;467614;10825.697797
system{name="bevy_render::view::window::screenshot::init_screenshot_to_screen_pipeline"};C:\Users\Antoi\.cargo\registry\src\index.crates.io-1949cf8c6b5b557f\bevy_ecs-0.18.1\src\system\function_system.rs;52;10698;0.000006;1;10698;10698;10698;0.000000
asset loading{loader="bevy_image::image_loader::ImageLoader" asset="ui/menu_video/frame_0237.webp"};C:\Users\Antoi\.cargo\registry\src\index.crates.io-1949cf8c6b5b557f\bevy_asset-0.18.1\src\server\loaders.rs;332;15336965;0.008429;6;2556160;146;15282706;6234715.953850
schedule{name=OnEnter(Menu)};C:\Users\Antoi\.cargo\registry\src\index.crates.io-1949cf8c6b5b557f\bevy_ecs-0.18.1\src\schedule\schedule.rs;532;1365851;0.000751;1;1365851;1365851;1365851;0.000000
plugin cleanup{plugin="bevy_core_pipeline::CorePipelinePlugin"};C:\Users\Antoi\.cargo\registry\src\index.crates.io-1949cf8c6b5b557f\bevy_app-0.18.1\src\app.rs;292;825;0.000000;1;825;825;825;0.000000
plugin build{plugin="forgia_anim_debug::ForgiaAnimDebugPlugin"};C:\Users\Antoi\.cargo\registry\src\index.crates.io-1949cf8c6b5b557f\bevy_app-0.18.1\src\app.rs;529;170169;0.000094;1;170169;170169;170169;0.000000
update;C:\Users\Antoi\.cargo\registry\src\index.crates.io-1949cf8c6b5b557f\bevy_app-0.18.1\src\sub_app.rs;513;173114844480;95.144531;37525;4613320;2253296;305776666;2890785.723322
system{name="bevy_render::batching::sort_binned_render_phase<bevy_core_pipeline::core_2d::Opaque2d>"};C:\Users\Antoi\.cargo\registry\src\index.crates.io-1949cf8c6b5b557f\bevy_ecs-0.18.1\src\system\function_system.rs;52;18503778;0.010170;37525;493;151;28732;239.098400
plugin finish{plugin="bevy_render::extract_component::UniformComponentPlugin<bevy_pbr::atmosphere::resources::GpuAtmosphere>"};C:\Users\Antoi\.cargo\registry\src\index.crates.io-1949cf8c6b5b557f\bevy_app-0.18.1\src\app.rs;272;53;0.000000;1;53;53;53;0.000000
system{name="forgia_ui::weapon_preview::sys_rotate_previews"};C:\Users\Antoi\.cargo\registry\src\index.crates.io-1949cf8c6b5b557f\bevy_ecs-0.18.1\src\system\function_system.rs;52;2126355;0.001169;3699;574;236;16118;435.671631
plugin cleanup{plugin="forgia_rpg_data::xp_curves::ForgiaXpCurvesPlugin"};C:\Users\Antoi\.cargo\registry\src\index.crates.io-1949cf8c6b5b557f\bevy_app-0.18.1\src\app.rs;292;56;0.000000;1;56;56;56;0.000000
asset loading{loader="forgia_genome_core::GenomeLoader<forgia_ui_lib::hud_ammo::tuning::AmmoHudTuning>" asset="genomes/hud_ammo_tuning.toml"};C:\Users\Antoi\.cargo\registry\src\index.crates.io-1949cf8c6b5b557f\bevy_asset-0.18.1\src\server\loaders.rs;332;1265621;0.000696;4;316405;235;1252609;624142.598617
asset loading{loader="bevy_image::image_loader::ImageLoader" asset="ui/menu_video/frame_0209.webp"};C:\Users\Antoi\.cargo\registry\src\index.crates.io-1949cf8c6b5b557f\bevy_asset-0.18.1\src\server\loaders.rs;332;14856253;0.008165;6;2476042;154;14810778;6042764.929799
system{name="forgia_mode_roguelite::hub::sync_forge_arm_preview"};C:\Users\Antoi\.cargo\registry\src\index.crates.io-1949cf8c6b5b557f\bevy_ecs-0.18.1\src\system\function_system.rs;52;13502;0.000007;91;148;91;333;51.000000
plugin finish{plugin="bevy_render::render_asset::RenderAssetPlugin<bevy_gizmos_render::GpuLineGizmo>"};C:\Users\Antoi\.cargo\registry\src\index.crates.io-1949cf8c6b5b557f\bevy_app-0.18.1\src\app.rs;272;66;0.000000;1;66;66;66;0.000000
plugin finish{plugin="bevy_post_process::effect_stack::EffectStackPlugin"};C:\Users\Antoi\.cargo\registry\src\index.crates.io-1949cf8c6b5b557f\bevy_app-0.18.1\src\app.rs;272;55;0.000000;1;55;55;55;0.000000
plugin build{plugin="bevy_water::water::WaterPlugin"};C:\Users\Antoi\.cargo\registry\src\index.crates.io-1949cf8c6b5b557f\bevy_app-0.18.1\src\app.rs;529;1210356;0.000665;1;1210356;1210356;1210356;0.000000
plugin cleanup{plugin="bevy_pbr::material::MaterialPlugin<bevy_pbr::extended_material::ExtendedMaterial<bevy_pbr::pbr_material::StandardMaterial, bevy_pbr::decal::forward::ForwardDecalMaterialExt>>"};C:\Users\Antoi\.cargo\registry\src\index.crates.io-1949cf8c6b5b557f\bevy_app-0.18.1\src\app.rs;292;123;0.000000;1;123;123;123;0.000000
system{name="forgia_mode_roguelite::run::obs_roguelite_enemy_death"};C:\Users\Antoi\.cargo\registry\src\index.crates.io-1949cf8c6b5b557f\bevy_ecs-0.18.1\src\system\function_system.rs;52;628876;0.000346;40;15721;5946;102987;21861.436556
system{name="bevy_light::directional_light::update_directional_light_frusta"};C:\Users\Antoi\.cargo\registry\src\index.crates.io-1949cf8c6b5b557f\bevy_ecs-0.18.1\src\system\function_system.rs;52;100212235;0.055077;37525;2670;256;99522;1318.701824
asset loading{loader="bevy_image::image_loader::ImageLoader" asset="ui/menu_video/frame_0128.webp"};C:\Users\Antoi\.cargo\registry\src\index.crates.io-1949cf8c6b5b557f\bevy_asset-0.18.1\src\server\loaders.rs;332;14938965;0.008211;6;2489827;146;14907327;6083309.784216
plugin build{plugin="forgia_ui_lib::hud::coffre_forgeron::CoffreForgeronPlugin"};C:\Users\Antoi\.cargo\registry\src\index.crates.io-1949cf8c6b5b557f\bevy_app-0.18.1\src\app.rs;529;8241;0.000005;1;8241;8241;8241;0.000000
asset loading{loader="bevy_image::image_loader::ImageLoader" asset="ui/menu_video/frame_0192.webp"};C:\Users\Antoi\.cargo\registry\src\index.crates.io-1949cf8c6b5b557f\bevy_asset-0.18.1\src\server\loaders.rs;332;16104762;0.008851;6;2684127;102;16065002;6555266.470177
plugin cleanup{plugin="bevy_diagnostic::entity_count_diagnostics_plugin::EntityCountDiagnosticsPlugin"};C:\Users\Antoi\.cargo\registry\src\index.crates.io-1949cf8c6b5b557f\bevy_app-0.18.1\src\app.rs;292;64;0.000000;1;64;64;64;0.000000
system_commands{name="forgia_terrain::terrain_material::init_terrain_material"};C:\Users\Antoi\.cargo\registry\src\index.crates.io-1949cf8c6b5b557f\bevy_ecs-0.18.1\src\system\function_system.rs;54;1402295;0.000771;1;1402295;1402295;1402295;0.000000
system{name="forgia_mode_roguelite::poi::sys_init_poi_genome"};C:\Users\Antoi\.cargo\registry\src\index.crates.io-1949cf8c6b5b557f\bevy_ecs-0.18.1\src\system\function_system.rs;52;3278112;0.001802;1;3278112;3278112;3278112;0.000000
plugin finish{plugin="bevy_render::mesh::MorphPlugin"};C:\Users\Antoi\.cargo\registry\src\index.crates.io-1949cf8c6b5b557f\bevy_app-0.18.1\src\app.rs;272;57;0.000000;1;57;57;57;0.000000
plugin cleanup{plugin="bevy_render::extract_component::ExtractComponentPlugin<bevy_core_pipeline::tonemapping::Tonemapping>"};C:\Users\Antoi\.cargo\registry\src\index.crates.io-1949cf8c6b5b557f\bevy_app-0.18.1\src\app.rs;292;61;0.000000;1;61;61;61;0.000000
system{name="bevy_animation::animate_targets"};C:\Users\Antoi\.cargo\registry\src\index.crates.io-1949cf8c6b5b557f\bevy_ecs-0.18.1\src\system\function_system.rs;52;487312727;0.267829;37525;12986;389;648369;24967.986139
system{name="forgia_fps::hitscan_sensor::write_hitscan_sensor"};C:\Users\Antoi\.cargo\registry\src\index.crates.io-1949cf8c6b5b557f\bevy_ecs-0.18.1\src\system\function_system.rs;52;15313775;0.008417;37525;408;68;131145;3191.380085
plugin build{plugin="bevy_render::extract_component::ExtractComponentPlugin<bevy_core_pipeline::oit::OrderIndependentTransparencySettings>"};C:\Users\Antoi\.cargo\registry\src\index.crates.io-1949cf8c6b5b557f\bevy_app-0.18.1\src\app.rs;529;11507;0.000006;1;11507;11507;11507;0.000000
system{name="bevy_gizmos::start_gizmo_context<bevy_gizmos::light::LightGizmoConfigGroup, bevy_time::fixed::Fixed>"};C:\Users\Antoi\.cargo\registry\src\index.crates.io-1949cf8c6b5b557f\bevy_ecs-0.18.1\src\system\function_system.rs;52;6085287;0.003344;37525;162;78;82248;440.194657
system{name="forgia_assets::preload_assets"};C:\Users\Antoi\.cargo\registry\src\index.crates.io-1949cf8c6b5b557f\bevy_ecs-0.18.1\src\system\function_system.rs;52;2886816;0.001587;1;2886816;2886816;2886816;0.000000
asset loading{loader="bevy_shader::shader::ShaderLoader" asset="embedded://bevy_core_pipeline\\oit\\oit_draw.wgsl"};C:\Users\Antoi\.cargo\registry\src\index.crates.io-1949cf8c6b5b557f\bevy_asset-0.18.1\src\server\loaders.rs;332;139418;0.000077;2;69709;120;139298;98413.707592
asset loading{loader="forgia_genome_core::GenomeLoader<forgia_fps::pepin::PepinTuning>" asset="genomes/roguelite/pepin_confidence.toml"};C:\Users\Antoi\.cargo\registry\src\index.crates.io-1949cf8c6b5b557f\bevy_asset-0.18.1\src\server\loaders.rs;332;81952;0.000045;4;20488;132;49495;21609.183989
plugin cleanup{plugin="bevy_pbr::prepass::PrepassPipelinePlugin"};C:\Users\Antoi\.cargo\registry\src\index.crates.io-1949cf8c6b5b557f\bevy_app-0.18.1\src\app.rs;292;55;0.000000;1;55;55;55;0.000000
function_scope{epaint::tessellator::Tessellator::tessellate_shapes};C:\Users\Antoi\.cargo\registry\src\index.crates.io-1949cf8c6b5b557f\epaint-0.33.3\src\tessellator.rs;2211;5043528574;2.771941;37525;134404;9513;1084559;42961.501365
asset loading{loader="bevy_image::image_loader::ImageLoader" asset="ui/menu_video/frame_0062.webp"};C:\Users\Antoi\.cargo\registry\src\index.crates.io-1949cf8c6b5b557f\bevy_asset-0.18.1\src\server\loaders.rs;332;15145804;0.008324;6;2524300;193;15097161;6159421.813290
system{name="bevy_render::batching::no_gpu_preprocessing::clear_batched_cpu_instance_buffers<bevy_sprite_render::mesh2d::mesh::Mesh2dPipeline>"};C:\Users\Antoi\.cargo\registry\src\index.crates.io-1949cf8c6b5b557f\bevy_ecs-0.18.1\src\system\function_system.rs;52;9266884;0.005093;37525;246;86;12094;290.705064
system{name="bevy_render::extract_component::extract_components<bevy_pbr::ssr::ScreenSpaceReflections>"};C:\Users\Antoi\.cargo\registry\src\index.crates.io-1949cf8c6b5b557f\bevy_ecs-0.18.1\src\system\function_system.rs;52;8945564;0.004917;37525;238;87;71374;428.008099
system{name="bevy_post_process::bloom::prepare_bloom_textures"};C:\Users\Antoi\.cargo\registry\src\index.crates.io-1949cf8c6b5b557f\bevy_ecs-0.18.1\src\system\function_system.rs;52;14090138;0.007744;37525;375;88;88934;587.993683
system{name="forgia_mode_roguelite::hud::draw_bark_bubble"};C:\Users\Antoi\.cargo\registry\src\index.crates.io-1949cf8c6b5b557f\bevy_ecs-0.18.1\src\system\function_system.rs;52;4328497;0.002379;37525;115;56;23972;149.219104
system{name="bevy_render::render_asset::extract_render_asset<bevy_pbr::medium::GpuScatteringMedium>"};C:\Users\Antoi\.cargo\registry\src\index.crates.io-1949cf8c6b5b557f\bevy_ecs-0.18.1\src\system\function_system.rs;52;39243232;0.021568;37525;1045;444;75176;682.862944
non_indexed_gpu_metadata;C:\Users\Antoi\.cargo\registry\src\index.crates.io-1949cf8c6b5b557f\bevy_render-0.18.1\src\batching\gpu_preprocessing.rs;2139;42357165;0.023280;337725;125;47;74109;222.572366
plugin cleanup{plugin="bevy_picking::PickingPlugin"};C:\Users\Antoi\.cargo\registry\src\index.crates.io-1949cf8c6b5b557f\bevy_app-0.18.1\src\app.rs;292;56;0.000000;1;56;56;56;0.000000
plugin cleanup{plugin="forgia_ui_lib::dialogue::ForgiaUiDialoguePlugin"};C:\Users\Antoi\.cargo\registry\src\index.crates.io-1949cf8c6b5b557f\bevy_app-0.18.1\src\app.rs;292;56;0.000000;1;56;56;56;0.000000
node{name="bevy_render::render_graph::camera_driver_node::CameraDriverNode"};C:\Users\Antoi\.cargo\registry\src\index.crates.io-1949cf8c6b5b557f\bevy_render-0.18.1\src\renderer\graph_runner.rs;240;140243700;0.077078;37525;3737;2116;98899;1610.058051
system{name="<bevy_input::mouse::MouseButton as leafwing_input_manager::user_input::updating::UpdatableInput>::compute"};C:\Users\Antoi\.cargo\registry\src\index.crates.io-1949cf8c6b5b557f\bevy_ecs-0.18.1\src\system\function_system.rs;52;16765855;0.009215;37525;446;77;61306;510.313090
plugin build{plugin="bevy_render::sync_component::SyncComponentPlugin<bevy_post_process::dof::DepthOfField>"};C:\Users\Antoi\.cargo\registry\src\index.crates.io-1949cf8c6b5b557f\bevy_app-0.18.1\src\app.rs;529;3082;0.000002;1;3082;3082;3082;0.000000
par_for_each{query="(bevy_ecs::entity::Entity, &bevy_animation::AnimationTargetId, &bevy_animation::AnimatedBy, bevy_ecs::world::entity_access::except::EntityMutExcept<'_, '_, (bevy_animation::AnimationTargetId, bevy_animation::AnimatedBy, bevy_animation::AnimationPlayer, bevy_animation::graph::AnimationGraphHandle)>)" filter="()"};C:\Users\Antoi\.cargo\registry\src\index.crates.io-1949cf8c6b5b557f\bevy_ecs-0.18.1\src\query\state.rs;246;873692932;0.480185;274969;3177;66;311652;3194.407139
plugin finish{plugin="forgia_rpg_data::boons::ForgiaBoonsPlugin"};C:\Users\Antoi\.cargo\registry\src\index.crates.io-1949cf8c6b5b557f\bevy_app-0.18.1\src\app.rs;272;58;0.000000;1;58;58;58;0.000000
asset loading{loader="bevy_image::image_loader::ImageLoader" asset="ui/menu_video/frame_0292.webp"};C:\Users\Antoi\.cargo\registry\src\index.crates.io-1949cf8c6b5b557f\bevy_asset-0.18.1\src\server\loaders.rs;332;15087932;0.008292;7;2155418;115;15050153;5686045.280673
system{name="bevy_render::batching::gpu_preprocessing::write_indirect_parameters_buffers"};C:\Users\Antoi\.cargo\registry\src\index.crates.io-1949cf8c6b5b557f\bevy_ecs-0.18.1\src\system\function_system.rs;52;3361029508;1.847234;37525;89567;34596;48617438;322733.573385
asset loading{loader="bevy_image::image_loader::ImageLoader" asset="ui/menu_video/frame_0005.webp"};C:\Users\Antoi\.cargo\registry\src\index.crates.io-1949cf8c6b5b557f\bevy_asset-0.18.1\src\server\loaders.rs;332;32519082;0.017873;12;2709923;169;17085940;6327942.356601
system{name="bevy_gizmos::start_gizmo_context<bevy_gizmos::aabb::AabbGizmoConfigGroup, bevy_time::fixed::Fixed>"};C:\Users\Antoi\.cargo\registry\src\index.crates.io-1949cf8c6b5b557f\bevy_ecs-0.18.1\src\system\function_system.rs;52;5350844;0.002941;37525;142;64;99425;534.340448
system{name="bevy_asset::assets::Assets<forgia_genome_core::Genome<forgia_rpg_data::boons::BoonsCatalogue>>::asset_events_condition"};C:\Users\Antoi\.cargo\registry\src\index.crates.io-1949cf8c6b5b557f\bevy_ecs-0.18.1\src\system\function_system.rs;52;4732399;0.002601;37525;126;53;15570;108.912760
plugin cleanup{plugin="bevy_camera::projection::CameraProjectionPlugin"};C:\Users\Antoi\.cargo\registry\src\index.crates.io-1949cf8c6b5b557f\bevy_app-0.18.1\src\app.rs;292;56;0.000000;1;56;56;56;0.000000
system{name="forgia_auto_rig::pinocchio_pipeline::auto_rig_pinocchio_v1"};C:\Users\Antoi\.cargo\registry\src\index.crates.io-1949cf8c6b5b557f\bevy_ecs-0.18.1\src\system\function_system.rs;52;37212669;0.020452;37525;991;332;138044;1163.318973
plugin cleanup{plugin="bevy_render::render_phase::BinnedRenderPhasePlugin<bevy_core_pipeline::prepass::AlphaMask3dPrepass, bevy_pbr::render::mesh::MeshPipeline>"};C:\Users\Antoi\.cargo\registry\src\index.crates.io-1949cf8c6b5b557f\bevy_app-0.18.1\src\app.rs;292;58;0.000000;1;58;58;58;0.000000
system{name="forgia_mode_roguelite::toon_config::sys_hot_reload_toon_genome"};C:\Users\Antoi\.cargo\registry\src\index.crates.io-1949cf8c6b5b557f\bevy_ecs-0.18.1\src\system\function_system.rs;52;13773193;0.007570;33826;407;87;173439;2512.238526
system_commands{name="forgia_mode_roguelite::element_vfx::sys_spawn_element_impact"};C:\Users\Antoi\.cargo\registry\src\index.crates.io-1949cf8c6b5b557f\bevy_ecs-0.18.1\src\system\function_system.rs;54;4023577;0.002211;33826;118;50;42559;512.510648
asset loading{loader="bevy_shader::shader::ShaderLoader" asset="embedded://bevy_render\\bindless.wgsl"};C:\Users\Antoi\.cargo\registry\src\index.crates.io-1949cf8c6b5b557f\bevy_asset-0.18.1\src\server\loaders.rs;332;88327;0.000049;2;44163;93;88234;62325.098805
system{name="forgia_juice_lib::camera_shake::apply_shake"};C:\Users\Antoi\.cargo\registry\src\index.crates.io-1949cf8c6b5b557f\bevy_ecs-0.18.1\src\system\function_system.rs;52;20661244;0.011355;37525;550;132;89137;526.501525
asset loading{loader="bevy_shader::shader::ShaderLoader" asset="embedded://bevy_pbr\\render\\mesh.wgsl"};C:\Users\Antoi\.cargo\registry\src\index.crates.io-1949cf8c6b5b557f\bevy_asset-0.18.1\src\server\loaders.rs;332;230731;0.000127;2;115365;146;230585;162944.979551
system{name="forgia_mode_fps_arena::sync_tactical_tuning_from_genome"};C:\Users\Antoi\.cargo\registry\src\index.crates.io-1949cf8c6b5b557f\bevy_ecs-0.18.1\src\system\function_system.rs;52;14779695;0.008123;37525;393;123;247759;1461.039331
asset loading{loader="bevy_image::image_loader::ImageLoader" asset="ui/menu_video/frame_0161.webp"};C:\Users\Antoi\.cargo\registry\src\index.crates.io-1949cf8c6b5b557f\bevy_asset-0.18.1\src\server\loaders.rs;332;16088443;0.008842;7;2298349;82;16044263;6061380.835710
plugin finish{plugin="bevy_render::extract_resource::ExtractResourcePlugin<bevy_camera::clear_color::ClearColor>"};C:\Users\Antoi\.cargo\registry\src\index.crates.io-1949cf8c6b5b557f\bevy_app-0.18.1\src\app.rs;272;181;0.000000;1;181;181;181;0.000000
plugin finish{plugin="forgia_mode_roguelite::ftue::FtuePlugin"};C:\Users\Antoi\.cargo\registry\src\index.crates.io-1949cf8c6b5b557f\bevy_app-0.18.1\src\app.rs;272;54;0.000000;1;54;54;54;0.000000
plugin finish{plugin="bevy_pbr::render::fog::FogPlugin"};C:\Users\Antoi\.cargo\registry\src\index.crates.io-1949cf8c6b5b557f\bevy_app-0.18.1\src\app.rs;272;64;0.000000;1;64;64;64;0.000000
system{name="bevy_render::view::window::create_surfaces"};C:\Users\Antoi\.cargo\registry\src\index.crates.io-1949cf8c6b5b557f\bevy_ecs-0.18.1\src\system\function_system.rs;52;174223150;0.095754;1;174223150;174223150;174223150;0.000000
asset loading{loader="bevy_shader::shader::ShaderLoader" asset="embedded://bevy_pbr\\light_probe\\environment_filter.wgsl"};C:\Users\Antoi\.cargo\registry\src\index.crates.io-1949cf8c6b5b557f\bevy_asset-0.18.1\src\server\loaders.rs;332;256369;0.000141;2;128184;59;256310;181196.819787
plugin finish{plugin="bevy_render::sync_component::SyncComponentPlugin<bevy_post_process::motion_blur::MotionBlur>"};C:\Users\Antoi\.cargo\registry\src\index.crates.io-1949cf8c6b5b557f\bevy_app-0.18.1\src\app.rs;272;54;0.000000;1;54;54;54;0.000000
asset loading{loader="bevy_image::image_loader::ImageLoader" asset="ui/menu_video/frame_0048.webp"};C:\Users\Antoi\.cargo\registry\src\index.crates.io-1949cf8c6b5b557f\bevy_asset-0.18.1\src\server\loaders.rs;332;16556621;0.009100;7;2365231;171;16517745;6240673.530384
asset loading{loader="bevy_image::image_loader::ImageLoader" asset="ui/menu_video/frame_0208.webp"};C:\Users\Antoi\.cargo\registry\src\index.crates.io-1949cf8c6b5b557f\bevy_asset-0.18.1\src\server\loaders.rs;332;15931742;0.008756;6;2655290;77;15885797;6481602.354305
plugin finish{plugin="bevy_internal::default_plugins::IgnoreAmbiguitiesPlugin"};C:\Users\Antoi\.cargo\registry\src\index.crates.io-1949cf8c6b5b557f\bevy_app-0.18.1\src\app.rs;272;58;0.000000;1;58;58;58;0.000000
system_commands{name="forgia_mode_roguelite::pipeline_warmup::sys_drain_warmup_queue"};C:\Users\Antoi\.cargo\registry\src\index.crates.io-1949cf8c6b5b557f\bevy_ecs-0.18.1\src\system\function_system.rs;54;1549573;0.000852;91;17028;53;116223;28856.080760
system{name="forgia_observability::boons_sensor::sys_write_boons_sensor"};C:\Users\Antoi\.cargo\registry\src\index.crates.io-1949cf8c6b5b557f\bevy_ecs-0.18.1\src\system\function_system.rs;52;15463562;0.008499;37525;412;85;128873;932.561270
run_graph{name="main_graph"};C:\Users\Antoi\.cargo\registry\src\index.crates.io-1949cf8c6b5b557f\bevy_render-0.18.1\src\renderer\graph_runner.rs;124;33397755624;18.355525;37525;890013;363466;69617793;454044.128884
plugin cleanup{plugin="forgia_level_presets::ForgiaLevelPresetsPlugin"};C:\Users\Antoi\.cargo\registry\src\index.crates.io-1949cf8c6b5b557f\bevy_app-0.18.1\src\app.rs;292;56;0.000000;1;56;56;56;0.000000
system{name="bevy_render::render_phase::sweep_old_entities<bevy_pbr::render::light::Shadow>"};C:\Users\Antoi\.cargo\registry\src\index.crates.io-1949cf8c6b5b557f\bevy_ecs-0.18.1\src\system\function_system.rs;52;45010150;0.024738;37525;1199;81;142672;3092.775438
plugin build{plugin="forgia_mode_roguelite::parcours_obstacles::ParcoursObstaclesPlugin"};C:\Users\Antoi\.cargo\registry\src\index.crates.io-1949cf8c6b5b557f\bevy_app-0.18.1\src\app.rs;529;26315;0.000014;1;26315;26315;26315;0.000000
plugin cleanup{plugin="bevy_core_pipeline::blit::BlitPlugin"};C:\Users\Antoi\.cargo\registry\src\index.crates.io-1949cf8c6b5b557f\bevy_app-0.18.1\src\app.rs;292;59;0.000000;1;59;59;59;0.000000
asset loading{loader="bevy_image::image_loader::ImageLoader" asset="ui/menu_video/frame_0035.webp"};C:\Users\Antoi\.cargo\registry\src\index.crates.io-1949cf8c6b5b557f\bevy_asset-0.18.1\src\server\loaders.rs;332;17228334;0.009469;7;2461190;86;17181290;6490960.408977
system_commands{name="forgia_enemy_nameplate::tuning::load_tuning"};C:\Users\Antoi\.cargo\registry\src\index.crates.io-1949cf8c6b5b557f\bevy_ecs-0.18.1\src\system\function_system.rs;54;5671;0.000003;1;5671;5671;5671;0.000000
system{name="bevy_camera::visibility::update_frusta"};C:\Users\Antoi\.cargo\registry\src\index.crates.io-1949cf8c6b5b557f\bevy_ecs-0.18.1\src\system\function_system.rs;52;57378401;0.031535;37525;1529;271;186579;1633.907211
system_commands{name="bevy_rapier3d::plugin::systems::character_controller::update_character_controls"};C:\Users\Antoi\.cargo\registry\src\index.crates.io-1949cf8c6b5b557f\bevy_ecs-0.18.1\src\system\function_system.rs;54;2251914;0.001238;11501;195;61;46809;443.480761
plugin build{plugin="bevy_render::extract_component::ExtractComponentPlugin<bevy_render::gpu_readback::Readback>"};C:\Users\Antoi\.cargo\registry\src\index.crates.io-1949cf8c6b5b557f\bevy_app-0.18.1\src\app.rs;529;162830;0.000089;1;162830;162830;162830;0.000000
system_commands{name="bevy_render::extract_resource::extract_resource<bevy_render::texture::manual_texture_view::ManualTextureViews>"};C:\Users\Antoi\.cargo\registry\src\index.crates.io-1949cf8c6b5b557f\bevy_ecs-0.18.1\src\system\function_system.rs;54;3250745;0.001787;37525;86;52;3987;29.371417
asset loading{loader="bevy_shader::shader::ShaderLoader" asset="embedded://bevy_pbr\\render/shadow_sampling.wgsl"};C:\Users\Antoi\.cargo\registry\src\index.crates.io-1949cf8c6b5b557f\bevy_asset-0.18.1\src\server\loaders.rs;332;1101971;0.000606;2;550985;170;1101801;778970.750466
system{name="bevy_pbr::material::write_material_bind_group_buffers"};C:\Users\Antoi\.cargo\registry\src\index.crates.io-1949cf8c6b5b557f\bevy_ecs-0.18.1\src\system\function_system.rs;52;238909685;0.131306;37525;6366;184;236293;6073.629002
plugin cleanup{plugin="forgia_killfeed::ForgiaKillfeedPlugin"};C:\Users\Antoi\.cargo\registry\src\index.crates.io-1949cf8c6b5b557f\bevy_app-0.18.1\src\app.rs;292;74;0.000000;1;74;74;74;0.000000
asset loading{loader="bevy_image::image_loader::ImageLoader" asset="ui/menu_video/frame_0103.webp"};C:\Users\Antoi\.cargo\registry\src\index.crates.io-1949cf8c6b5b557f\bevy_asset-0.18.1\src\server\loaders.rs;332;15188165;0.008347;6;2531360;103;15140773;6177332.676653
system_commands{name="forgia_ai_arena_bot::bot_tracer_lifetime"};C:\Users\Antoi\.cargo\registry\src\index.crates.io-1949cf8c6b5b557f\bevy_ecs-0.18.1\src\system\function_system.rs;54;3356583;0.001845;37525;89;51;32394;183.031216
system{name="bevy_render::batching::gpu_preprocessing::batch_and_prepare_binned_render_phase<bevy_core_pipeline::prepass::Opaque3dPrepass, bevy_pbr::render::mesh::MeshPipeline>"};C:\Users\Antoi\.cargo\registry\src\index.crates.io-1949cf8c6b5b557f\bevy_ecs-0.18.1\src\system\function_system.rs;52;23804144;0.013083;37525;634;256;86202;733.007819
schedule{name=PostUpdate};C:\Users\Antoi\.cargo\registry\src\index.crates.io-1949cf8c6b5b557f\bevy_ecs-0.18.1\src\schedule\schedule.rs;532;67518723316;37.108529;37525;1799299;840479;65000886;1346219.358906
asset loading{loader="bevy_shader::shader::ShaderLoader" asset="embedded://bevy_anti_alias\\contrast_adaptive_sharpening\\robust_contrast_adaptive_sharpening.wgsl"};C:\Users\Antoi\.cargo\registry\src\index.crates.io-1949cf8c6b5b557f\bevy_asset-0.18.1\src\server\loaders.rs;332;180393;0.000099;2;90196;75;180318;127451.047563
plugin cleanup{plugin="bevy_post_process::bloom::BloomPlugin"};C:\Users\Antoi\.cargo\registry\src\index.crates.io-1949cf8c6b5b557f\bevy_app-0.18.1\src\app.rs;292;66;0.000000;1;66;66;66;0.000000
asset loading{loader="bevy_image::image_loader::ImageLoader" asset="ui/menu_video/frame_0297.webp"};C:\Users\Antoi\.cargo\registry\src\index.crates.io-1949cf8c6b5b557f\bevy_asset-0.18.1\src\server\loaders.rs;332;16847900;0.009260;6;2807983;158;16795329;6852374.724540
system{name="bevy_light::directional_light::validate_shadow_map_size"};C:\Users\Antoi\.cargo\registry\src\index.crates.io-1949cf8c6b5b557f\bevy_ecs-0.18.1\src\system\function_system.rs;52;9667145;0.005313;37525;257;84;19306;196.708875
system_commands{name="bevy_core_pipeline::skybox::prepass::init_skybox_prepass_pipeline"};C:\Users\Antoi\.cargo\registry\src\index.crates.io-1949cf8c6b5b557f\bevy_ecs-0.18.1\src\system\function_system.rs;54;3070;0.000002;1;3070;3070;3070;0.000000
system_commands{name="bevy_ui::widget::viewport::viewport_picking"};C:\Users\Antoi\.cargo\registry\src\index.crates.io-1949cf8c6b5b557f\bevy_ecs-0.18.1\src\system\function_system.rs;54;4473563;0.002459;37525;119;57;27920;193.517812
system_commands{name="bevy_anti_alias::taa::init_taa_pipeline"};C:\Users\Antoi\.cargo\registry\src\index.crates.io-1949cf8c6b5b557f\bevy_ecs-0.18.1\src\system\function_system.rs;54;2904;0.000002;1;2904;2904;2904;0.000000
system{name="forgia_mode_roguelite::loot_room::sys_roll_zone_reward"};C:\Users\Antoi\.cargo\registry\src\index.crates.io-1949cf8c6b5b557f\bevy_ecs-0.18.1\src\system\function_system.rs;52;11092947;0.006097;33826;327;94;28006;234.218450
system{name="bevy_asset::assets::Assets<bevy_mesh::skinning::SkinnedMeshInverseBindposes>::asset_events_condition"};C:\Users\Antoi\.cargo\registry\src\index.crates.io-1949cf8c6b5b557f\bevy_ecs-0.18.1\src\system\function_system.rs;52;3172025;0.001743;37525;84;52;3469;51.747836
asset loading{loader="bevy_image::image_loader::ImageLoader" asset="ui/menu_video/frame_0061.webp"};C:\Users\Antoi\.cargo\registry\src\index.crates.io-1949cf8c6b5b557f\bevy_asset-0.18.1\src\server\loaders.rs;332;16190428;0.008898;8;2023803;84;16135674;5702058.799781
system_commands{name="bevy_ui_render::extract_uinode_borders"};C:\Users\Antoi\.cargo\registry\src\index.crates.io-1949cf8c6b5b557f\bevy_ecs-0.18.1\src\system\function_system.rs;54;4125861;0.002268;37525;109;50;5176;43.269580
system{name="bevy_render::render_asset::extract_render_asset<bevy_sprite_render::mesh2d::material::PreparedMaterial2d<bevy_sprite_render::mesh2d::color_material::ColorMaterial>>"};C:\Users\Antoi\.cargo\registry\src\index.crates.io-1949cf8c6b5b557f\bevy_ecs-0.18.1\src\system\function_system.rs;52;33343524;0.018326;37525;888;343;18542;310.934623
plugin build{plugin="bevy_render::extract_component::ExtractComponentPlugin<bevy_pbr::atmosphere::environment::AtmosphereEnvironmentMap>"};C:\Users\Antoi\.cargo\registry\src\index.crates.io-1949cf8c6b5b557f\bevy_app-0.18.1\src\app.rs;529;15042;0.000008;1;15042;15042;15042;0.000000
plugin finish{plugin="forgia_postprocess::toon::ForgiaPpToonPlugin"};C:\Users\Antoi\.cargo\registry\src\index.crates.io-1949cf8c6b5b557f\bevy_app-0.18.1\src\app.rs;272;112;0.000000;1;112;112;112;0.000000
plugin finish{plugin="forgia_effects::damage_numbers::ForgiaDamageNumbersPlugin"};C:\Users\Antoi\.cargo\registry\src\index.crates.io-1949cf8c6b5b557f\bevy_app-0.18.1\src\app.rs;272;55;0.000000;1;55;55;55;0.000000
system_commands{name="forgia_mode_roguelite::loot_room::sys_collide_demo_incremental"};C:\Users\Antoi\.cargo\registry\src\index.crates.io-1949cf8c6b5b557f\bevy_ecs-0.18.1\src\system\function_system.rs;54;2729508;0.001500;33826;80;50;35697;282.343432
plugin finish{plugin="bevy_gizmos_render::pipeline_2d::LineGizmo2dPlugin"};C:\Users\Antoi\.cargo\registry\src\index.crates.io-1949cf8c6b5b557f\bevy_app-0.18.1\src\app.rs;272;67;0.000000;1;67;67;67;0.000000
asset loading{loader="bevy_image::image_loader::ImageLoader" asset="ui/menu_video/frame_0262.webp"};C:\Users\Antoi\.cargo\registry\src\index.crates.io-1949cf8c6b5b557f\bevy_asset-0.18.1\src\server\loaders.rs;332;14996953;0.008242;7;2142421;156;14936364;5641601.558289
system_commands{name="bevy_post_process::bloom::downsampling_pipeline::prepare_downsampling_pipeline"};C:\Users\Antoi\.cargo\registry\src\index.crates.io-1949cf8c6b5b557f\bevy_ecs-0.18.1\src\system\function_system.rs;54;3184495;0.001750;37525;84;51;1539;28.984878
plugin finish{plugin="bevy_core_pipeline::experimental::mip_generation::MipGenerationPlugin"};C:\Users\Antoi\.cargo\registry\src\index.crates.io-1949cf8c6b5b557f\bevy_app-0.18.1\src\app.rs;272;63;0.000000;1;63;63;63;0.000000
plugin cleanup{plugin="forgia_terrain::ForgiaTerrainPlugin"};C:\Users\Antoi\.cargo\registry\src\index.crates.io-1949cf8c6b5b557f\bevy_app-0.18.1\src\app.rs;292;56;0.000000;1;56;56;56;0.000000
system_commands{name="bevy_winit::cursor::update_cursors"};C:\Users\Antoi\.cargo\registry\src\index.crates.io-1949cf8c6b5b557f\bevy_ecs-0.18.1\src\system\function_system.rs;54;3489698;0.001918;37525;92;51;81126;577.760602
system{name="<forgia_core::states::GameMode as bevy_state::state::state_set::StateSet>::register_sub_state_systems_in_schedule<forgia_mode_roguelite::run::RunState>::{{closure}}"};C:\Users\Antoi\.cargo\registry\src\index.crates.io-1949cf8c6b5b557f\bevy_ecs-0.18.1\src\system\function_system.rs;52;9800855;0.005387;37526;261;116;42141;260.334176
system{name="forgia_viewmodel::fade::sync_fader_progress"};C:\Users\Antoi\.cargo\registry\src\index.crates.io-1949cf8c6b5b557f\bevy_ecs-0.18.1\src\system\function_system.rs;52;12573088;0.006910;33826;371;96;97645;545.508844
system{name="bevy_asset::assets::Assets<bevy_text::font::Font>::asset_events"};C:\Users\Antoi\.cargo\registry\src\index.crates.io-1949cf8c6b5b557f\bevy_ecs-0.18.1\src\system\function_system.rs;52;1921;0.000001;1;1921;1921;1921;0.000000
plugin build{plugin="forgia_ui_lib::hud::player_hp::PlayerHpPlugin"};C:\Users\Antoi\.cargo\registry\src\index.crates.io-1949cf8c6b5b557f\bevy_app-0.18.1\src\app.rs;529;76555;0.000042;1;76555;76555;76555;0.000000
system{name="bevy_asset::assets::Assets<forgia_genome_core::Genome<forgia_skeleton_template::SkeletonTemplate>>::asset_events"};C:\Users\Antoi\.cargo\registry\src\index.crates.io-1949cf8c6b5b557f\bevy_ecs-0.18.1\src\system\function_system.rs;52;1487;0.000001;1;1487;1487;1487;0.000000
system_commands{name="forgia_mode_roguelite::loot_room::sys_setup"};C:\Users\Antoi\.cargo\registry\src\index.crates.io-1949cf8c6b5b557f\bevy_ecs-0.18.1\src\system\function_system.rs;54;399120;0.000219;1;399120;399120;399120;0.000000
plugin finish{plugin="bevy_render::extract_component::UniformComponentPlugin<bevy_pbr::atmosphere::GpuAtmosphereSettings>"};C:\Users\Antoi\.cargo\registry\src\index.crates.io-1949cf8c6b5b557f\bevy_app-0.18.1\src\app.rs;272;54;0.000000;1;54;54;54;0.000000
plugin finish{plugin="bevy_winit::accessibility::AccessKitPlugin"};C:\Users\Antoi\.cargo\registry\src\index.crates.io-1949cf8c6b5b557f\bevy_app-0.18.1\src\app.rs;272;55;0.000000;1;55;55;55;0.000000
plugin cleanup{plugin="forgia_effects::damage_numbers::ForgiaDamageNumbersPlugin"};C:\Users\Antoi\.cargo\registry\src\index.crates.io-1949cf8c6b5b557f\bevy_app-0.18.1\src\app.rs;292;53;0.000000;1;53;53;53;0.000000
plugin build{plugin="bevy_window::WindowPlugin"};C:\Users\Antoi\.cargo\registry\src\index.crates.io-1949cf8c6b5b557f\bevy_app-0.18.1\src\app.rs;529;2183531;0.001200;1;2183531;2183531;2183531;0.000000
system{name="forgia_mode_roguelite::loot_room::sys_mark_demo_meshes"};C:\Users\Antoi\.cargo\registry\src\index.crates.io-1949cf8c6b5b557f\bevy_ecs-0.18.1\src\system\function_system.rs;52;15979520;0.008782;33826;472;162;84331;672.301412
plugin finish{plugin="bevy_anti_alias::AntiAliasPlugin"};C:\Users\Antoi\.cargo\registry\src\index.crates.io-1949cf8c6b5b557f\bevy_app-0.18.1\src\app.rs;272;1292;0.000001;1;1292;1292;1292;0.000000
system{name="bevy_render::extract_component::extract_components<bevy_anti_alias::contrast_adaptive_sharpening::ContrastAdaptiveSharpening>"};C:\Users\Antoi\.cargo\registry\src\index.crates.io-1949cf8c6b5b557f\bevy_ecs-0.18.1\src\system\function_system.rs;52;23118851;0.012706;37525;616;198;34424;369.796908
asset loading{loader="bevy_image::image_loader::ImageLoader" asset="models-v1\\nature\\Rocks_Diffuse.png"};C:\Users\Antoi\.cargo\registry\src\index.crates.io-1949cf8c6b5b557f\bevy_asset-0.18.1\src\server\loaders.rs;332;64867;0.000036;5;12973;140;53903;22989.008363
asset loading{loader="bevy_image::image_loader::ImageLoader" asset="ui/menu_video/frame_0255.webp"};C:\Users\Antoi\.cargo\registry\src\index.crates.io-1949cf8c6b5b557f\bevy_asset-0.18.1\src\server\loaders.rs;332;15296337;0.008407;7;2185191;178;15259883;5765400.099815
system_commands{name="forgia_mode_roguelite::loot_room::sys_portal_walkover"};C:\Users\Antoi\.cargo\registry\src\index.crates.io-1949cf8c6b5b557f\bevy_ecs-0.18.1\src\system\function_system.rs;54;3350571;0.001841;33826;99;51;72359;502.359079
system{name="bevy_render::extract_component::extract_components<bevy_anti_alias::smaa::Smaa>"};C:\Users\Antoi\.cargo\registry\src\index.crates.io-1949cf8c6b5b557f\bevy_ecs-0.18.1\src\system\function_system.rs;52;19241527;0.010575;37525;512;165;29056;334.708615
system{name="bevy_hanabi::render::clear_transient_batch_inputs"};C:\Users\Antoi\.cargo\registry\src\index.crates.io-1949cf8c6b5b557f\bevy_ecs-0.18.1\src\system\function_system.rs;52;17707247;0.009732;37525;471;77;27390;288.533353
plugin finish{plugin="bevy_rapier3d::render::RapierDebugRenderPlugin"};C:\Users\Antoi\.cargo\registry\src\index.crates.io-1949cf8c6b5b557f\bevy_app-0.18.1\src\app.rs;272;56;0.000000;1;56;56;56;0.000000
system{name="bevy_render::render_phase::sort_phase_system<bevy_core_pipeline::core_2d::Transparent2d>"};C:\Users\Antoi\.cargo\registry\src\index.crates.io-1949cf8c6b5b557f\bevy_ecs-0.18.1\src\system\function_system.rs;52;13214453;0.007263;37525;352;90;78141;598.133518
system{name="bevy_gizmos::global::flush_global_gizmos"};C:\Users\Antoi\.cargo\registry\src\index.crates.io-1949cf8c6b5b557f\bevy_ecs-0.18.1\src\system\function_system.rs;52;20496856;0.011265;37525;546;271;51836;518.990015
asset loading{loader="bevy_image::image_loader::ImageLoader" asset="ui/menu_video/frame_0118.webp"};C:\Users\Antoi\.cargo\registry\src\index.crates.io-1949cf8c6b5b557f\bevy_asset-0.18.1\src\server\loaders.rs;332;16071499;0.008833;8;2008937;64;16012537;5658312.056676
schedule{name=EguiPrimaryContextPass};C:\Users\Antoi\.cargo\registry\src\index.crates.io-1949cf8c6b5b557f\bevy_ecs-0.18.1\src\schedule\schedule.rs;532;11108112842;6.105058;37525;296018;125662;7841563;102727.915990
system{name="forgia_viewmodel::arms::on_arm_scene_ready"};C:\Users\Antoi\.cargo\registry\src\index.crates.io-1949cf8c6b5b557f\bevy_ecs-0.18.1\src\system\function_system.rs;52;8021;0.000004;2;4010;2169;5852;2604.274371
plugin build{plugin="forgia_mode_roguelite::forge_shop::RogueliteForgeShopPlugin"};C:\Users\Antoi\.cargo\registry\src\index.crates.io-1949cf8c6b5b557f\bevy_app-0.18.1\src\app.rs;529;22877;0.000013;1;22877;22877;22877;0.000000
plugin build{plugin="bevy_render::storage::StoragePlugin"};C:\Users\Antoi\.cargo\registry\src\index.crates.io-1949cf8c6b5b557f\bevy_app-0.18.1\src\app.rs;529;341802;0.000188;1;341802;341802;341802;0.000000
plugin cleanup{plugin="bevy_mesh::MeshPlugin"};C:\Users\Antoi\.cargo\registry\src\index.crates.io-1949cf8c6b5b557f\bevy_app-0.18.1\src\app.rs;292;55;0.000000;1;55;55;55;0.000000
system_commands{name="forgia_rpg_data::loot_tables::sys_tick_pickup_lifetime"};C:\Users\Antoi\.cargo\registry\src\index.crates.io-1949cf8c6b5b557f\bevy_ecs-0.18.1\src\system\function_system.rs;54;3536205;0.001944;37525;94;50;109271;997.170913
function_scope{epaint::text::text_layout::layout};C:\Users\Antoi\.cargo\registry\src\index.crates.io-1949cf8c6b5b557f\epaint-0.33.3\src\text\text_layout.rs;79;358579011;0.197076;68839;5208;305;3772668;35322.691395
asset loading{loader="bevy_shader::shader::ShaderLoader" asset="embedded://bevy_sprite_render\\mesh2d\\mesh2d_types.wgsl"};C:\Users\Antoi\.cargo\registry\src\index.crates.io-1949cf8c6b5b557f\bevy_asset-0.18.1\src\server\loaders.rs;332;41003;0.000023;2;20501;78;40925;28883.190700
system{name="forgia_mode_roguelite::render_quality::sys_force_apply_bloom"};C:\Users\Antoi\.cargo\registry\src\index.crates.io-1949cf8c6b5b557f\bevy_ecs-0.18.1\src\system\function_system.rs;52;154864;0.000085;1;154864;154864;154864;0.000000
system{name="forgia_streaming::load_streaming_genome"};C:\Users\Antoi\.cargo\registry\src\index.crates.io-1949cf8c6b5b557f\bevy_ecs-0.18.1\src\system\function_system.rs;52;830285;0.000456;1;830285;830285;830285;0.000000
system_commands{name="bevy_app::propagate::propagate_output<bevy_ui::ui_node::ComputedUiTargetCamera, ()>"};C:\Users\Antoi\.cargo\registry\src\index.crates.io-1949cf8c6b5b557f\bevy_ecs-0.18.1\src\system\function_system.rs;54;4379725;0.002407;37525;116;57;49442;310.751832
system{name="forgia_fps::bourrasque::sys_reset_stats"};C:\Users\Antoi\.cargo\registry\src\index.crates.io-1949cf8c6b5b557f\bevy_ecs-0.18.1\src\system\function_system.rs;52;103;0.000000;1;103;103;103;0.000000
system{name="forgia_mode_roguelite::intro_dialogue::sys_load_intro"};C:\Users\Antoi\.cargo\registry\src\index.crates.io-1949cf8c6b5b557f\bevy_ecs-0.18.1\src\system\function_system.rs;52;1103494;0.000606;1;1103494;1103494;1103494;0.000000
system{name="forgia_ui_lib::hud_ammo::sensor::write_ammo_hud_sensor"};C:\Users\Antoi\.cargo\registry\src\index.crates.io-1949cf8c6b5b557f\bevy_ecs-0.18.1\src\system\function_system.rs;52;13103781;0.007202;37525;349;96;165838;1123.488333
plugin cleanup{plugin="bevy_render::render_asset::RenderAssetPlugin<bevy_gizmos_render::GpuLineGizmo>"};C:\Users\Antoi\.cargo\registry\src\index.crates.io-1949cf8c6b5b557f\bevy_app-0.18.1\src\app.rs;292;56;0.000000;1;56;56;56;0.000000
plugin finish{plugin="bevy_render::render_asset::RenderAssetPlugin<bevy_render::mesh::RenderMesh, bevy_render::texture::gpu_image::GpuImage>"};C:\Users\Antoi\.cargo\registry\src\index.crates.io-1949cf8c6b5b557f\bevy_app-0.18.1\src\app.rs;272;64;0.000000;1;64;64;64;0.000000
system{name="forgia_mode_roguelite::loot_room::sys_zone_reward_pick"};C:\Users\Antoi\.cargo\registry\src\index.crates.io-1949cf8c6b5b557f\bevy_ecs-0.18.1\src\system\function_system.rs;52;15287989;0.008402;33826;451;159;78001;469.415555
system{name="forgia_observability::migration_baseline::sys_capture_and_compare_baseline"};C:\Users\Antoi\.cargo\registry\src\index.crates.io-1949cf8c6b5b557f\bevy_ecs-0.18.1\src\system\function_system.rs;52;32569259;0.017900;37525;867;218;803077;4453.894650
plugin cleanup{plugin="bevy_kira_audio::AudioPlugin"};C:\Users\Antoi\.cargo\registry\src\index.crates.io-1949cf8c6b5b557f\bevy_app-0.18.1\src\app.rs;292;57;0.000000;1;57;57;57;0.000000
system{name="bevy_render::extract_component::extract_components<bevy_render::gpu_readback::Readback>"};C:\Users\Antoi\.cargo\registry\src\index.crates.io-1949cf8c6b5b557f\bevy_ecs-0.18.1\src\system\function_system.rs;52;10344811;0.005686;37525;275;113;30018;289.058570
system{name="forgia_ui_lib::hud::energy::draw_warm_orange_fade"};C:\Users\Antoi\.cargo\registry\src\index.crates.io-1949cf8c6b5b557f\bevy_ecs-0.18.1\src\system\function_system.rs;52;21884777;0.012028;37434;584;82;48446;442.087210
system{name="forgia_mode_roguelite::enemy_scaling::sys_hot_reload_enemy_scaling"};C:\Users\Antoi\.cargo\registry\src\index.crates.io-1949cf8c6b5b557f\bevy_ecs-0.18.1\src\system\function_system.rs;52;14612383;0.008031;33826;431;88;182333;2779.063694
plugin finish{plugin="bevy_pbr::material::MaterialPlugin<bevy_pbr::pbr_material::StandardMaterial>"};C:\Users\Antoi\.cargo\registry\src\index.crates.io-1949cf8c6b5b557f\bevy_app-0.18.1\src\app.rs;272;64;0.000000;1;64;64;64;0.000000
asset loading{loader="bevy_image::image_loader::ImageLoader" asset="ui/menu_video/frame_0177.webp"};C:\Users\Antoi\.cargo\registry\src\index.crates.io-1949cf8c6b5b557f\bevy_asset-0.18.1\src\server\loaders.rs;332;15824643;0.008697;6;2637440;118;15783648;6440302.899048
system{name="forgia_mode_roguelite::boons_apply::sys_apply_chain_targets"};C:\Users\Antoi\.cargo\registry\src\index.crates.io-1949cf8c6b5b557f\bevy_ecs-0.18.1\src\system\function_system.rs;52;10275819;0.005648;33826;303;78;139117;800.057795
system{name="forgia_mode_roguelite::shockwave::sys_animate_shockwave_vfx"};C:\Users\Antoi\.cargo\registry\src\index.crates.io-1949cf8c6b5b557f\bevy_ecs-0.18.1\src\system\function_system.rs;52;8865800;0.004873;33826;262;67;88230;598.488757
asset loading{loader="bevy_image::image_loader::ImageLoader" asset="ui/menu_video/frame_0069.webp"};C:\Users\Antoi\.cargo\registry\src\index.crates.io-1949cf8c6b5b557f\bevy_asset-0.18.1\src\server\loaders.rs;332;15159776;0.008332;6;2526629;153;15094702;6157076.781344
plugin build{plugin="bevy_render::sync_component::SyncComponentPlugin<bevy_light::cluster::ClusteredDecal>"};C:\Users\Antoi\.cargo\registry\src\index.crates.io-1949cf8c6b5b557f\bevy_app-0.18.1\src\app.rs;529;8288;0.000005;1;8288;8288;8288;0.000000
system_commands{name="forgia_worldgen::sys_worldgen_input"};C:\Users\Antoi\.cargo\registry\src\index.crates.io-1949cf8c6b5b557f\bevy_ecs-0.18.1\src\system\function_system.rs;54;3778436;0.002077;33826;111;51;29971;229.739900
system{name="forgia_mode_roguelite::run::sys_tag_player_as_collector"};C:\Users\Antoi\.cargo\registry\src\index.crates.io-1949cf8c6b5b557f\bevy_ecs-0.18.1\src\system\function_system.rs;52;13970287;0.007678;33826;413;135;508104;2800.901484
system{name="leafwing_input_manager::user_input::updating::input_is_enabled<bevy_input::mouse::MouseButton>"};C:\Users\Antoi\.cargo\registry\src\index.crates.io-1949cf8c6b5b557f\bevy_ecs-0.18.1\src\system\function_system.rs;52;4353551;0.002393;37525;116;57;68071;382.610801
plugin finish{plugin="forgia_village_loader::ForgiaVillageLoaderPlugin"};C:\Users\Antoi\.cargo\registry\src\index.crates.io-1949cf8c6b5b557f\bevy_app-0.18.1\src\app.rs;272;56;0.000000;1;56;56;56;0.000000
asset loading{loader="bevy_image::image_loader::ImageLoader" asset="ui/menu_video/frame_0147.webp"};C:\Users\Antoi\.cargo\registry\src\index.crates.io-1949cf8c6b5b557f\bevy_asset-0.18.1\src\server\loaders.rs;332;15438520;0.008485;6;2573086;75;15401290;6284513.120966
plugin build{plugin="bevy_ui::UiPlugin"};C:\Users\Antoi\.cargo\registry\src\index.crates.io-1949cf8c6b5b557f\bevy_app-0.18.1\src\app.rs;529;6303027;0.003464;1;6303027;6303027;6303027;0.000000
system_commands{name="bevy_gilrs::gilrs_system::gilrs_event_startup_system"};C:\Users\Antoi\.cargo\registry\src\index.crates.io-1949cf8c6b5b557f\bevy_ecs-0.18.1\src\system\function_system.rs;54;73;0.000000;1;73;73;73;0.000000
system{name="forgia_player::skybox_genome::load_sky_palette_genome"};C:\Users\Antoi\.cargo\registry\src\index.crates.io-1949cf8c6b5b557f\bevy_ecs-0.18.1\src\system\function_system.rs;52;1767799;0.000972;1;1767799;1767799;1767799;0.000000
system{name="forgia_ui::weapon_preview::sys_propagate_preview_layers"};C:\Users\Antoi\.cargo\registry\src\index.crates.io-1949cf8c6b5b557f\bevy_ecs-0.18.1\src\system\function_system.rs;52;13313531;0.007317;3699;3599;1817;98265;2954.609729
system{name="bevy_pbr::light_probe::upload_light_probes"};C:\Users\Antoi\.cargo\registry\src\index.crates.io-1949cf8c6b5b557f\bevy_ecs-0.18.1\src\system\function_system.rs;52;685195742;0.376586;37525;18259;3246;873236;16833.302034
system{name="forgia_mode_roguelite::pipeline_warmup::sys_drain_warmup_queue"};C:\Users\Antoi\.cargo\registry\src\index.crates.io-1949cf8c6b5b557f\bevy_ecs-0.18.1\src\system\function_system.rs;52;42636;0.000023;91;468;115;1936;448.142636
system_commands{name="bevy_state::state::freely_mutable_state::apply_state_transition<forgia_core::states::AppMode>"};C:\Users\Antoi\.cargo\registry\src\index.crates.io-1949cf8c6b5b557f\bevy_ecs-0.18.1\src\system\function_system.rs;54;8955797;0.004922;37526;238;51;82865;512.193500
system{name="forgia_combat::ultimate::sys_tick_ultimate"};C:\Users\Antoi\.cargo\registry\src\index.crates.io-1949cf8c6b5b557f\bevy_ecs-0.18.1\src\system\function_system.rs;52;2343740;0.001288;11501;203;61;40154;380.914655
system{name="forgia_ui_lib::pause_menu::apply_window_settings"};C:\Users\Antoi\.cargo\registry\src\index.crates.io-1949cf8c6b5b557f\bevy_ecs-0.18.1\src\system\function_system.rs;52;24136495;0.013266;37525;643;194;37713;420.709337
system_commands{name="forgia_ai_arena_bot::setup_bot_fireball_assets"};C:\Users\Antoi\.cargo\registry\src\index.crates.io-1949cf8c6b5b557f\bevy_ecs-0.18.1\src\system\function_system.rs;54;2165;0.000001;1;2165;2165;2165;0.000000
plugin cleanup{plugin="bevy_core_pipeline::tonemapping::TonemappingPlugin"};C:\Users\Antoi\.cargo\registry\src\index.crates.io-1949cf8c6b5b557f\bevy_app-0.18.1\src\app.rs;292;55;0.000000;1;55;55;55;0.000000
plugin finish{plugin="bevy_render::extract_resource::ExtractResourcePlugin<bevy_pbr::material::DefaultOpaqueRendererMethod>"};C:\Users\Antoi\.cargo\registry\src\index.crates.io-1949cf8c6b5b557f\bevy_app-0.18.1\src\app.rs;272;56;0.000000;1;56;56;56;0.000000
asset loading{loader="bevy_image::image_loader::ImageLoader" asset="ui/menu_video/frame_0274.webp"};C:\Users\Antoi\.cargo\registry\src\index.crates.io-1949cf8c6b5b557f\bevy_asset-0.18.1\src\server\loaders.rs;332;15419774;0.008475;6;2569962;150;15381479;6276338.357082
system{name="bevy_gizmos::update_gizmo_meshes<bevy_gizmos::light::LightGizmoConfigGroup>"};C:\Users\Antoi\.cargo\registry\src\index.crates.io-1949cf8c6b5b557f\bevy_ecs-0.18.1\src\system\function_system.rs;52;8400306;0.004617;37525;223;83;30337;211.023841
system{name="forgia_ui::grab_cursor"};C:\Users\Antoi\.cargo\registry\src\index.crates.io-1949cf8c6b5b557f\bevy_ecs-0.18.1\src\system\function_system.rs;52;367983;0.000202;2;183991;54268;313715;183456.733060
plugin finish{plugin="forgia_mode_roguelite::merchant::MerchantPlugin"};C:\Users\Antoi\.cargo\registry\src\index.crates.io-1949cf8c6b5b557f\bevy_app-0.18.1\src\app.rs;272;55;0.000000;1;55;55;55;0.000000
system_commands{name="forgia_mode_roguelite::enemy_anim::sys_wire_enemy_anim"};C:\Users\Antoi\.cargo\registry\src\index.crates.io-1949cf8c6b5b557f\bevy_ecs-0.18.1\src\system\function_system.rs;54;3181405;0.001749;33826;94;50;37529;286.359734
check_conditions{name="bevy_gizmos::start_gizmo_context<bevy_gizmos::config::DefaultGizmoConfigGroup, bevy_time::fixed::Fixed>"};C:\Users\Antoi\.cargo\registry\src\index.crates.io-1949cf8c6b5b557f\bevy_ecs-0.18.1\src\schedule\executor\single_threaded.rs;83;2675379;0.001470;37525;71;56;85361;441.292691
plugin build{plugin="bevy_pbr::prepass::PrepassPlugin"};C:\Users\Antoi\.cargo\registry\src\index.crates.io-1949cf8c6b5b557f\bevy_app-0.18.1\src\app.rs;529;4205949;0.002312;1;4205949;4205949;4205949;0.000000
system{name="forgia_ui_lib::pause_menu::apply_tonemapping_to_cameras"};C:\Users\Antoi\.cargo\registry\src\index.crates.io-1949cf8c6b5b557f\bevy_ecs-0.18.1\src\system\function_system.rs;52;24511729;0.013472;37525;653;262;97255;926.421174
asset loading{loader="bevy_image::image_loader::ImageLoader" asset="ui/menu_video/frame_0321.webp"};C:\Users\Antoi\.cargo\registry\src\index.crates.io-1949cf8c6b5b557f\bevy_asset-0.18.1\src\server\loaders.rs;332;17900427;0.009838;7;2557203;165;17845113;6741336.296137
system_commands{name="bevy_ui_render::prepare_uinodes"};C:\Users\Antoi\.cargo\registry\src\index.crates.io-1949cf8c6b5b557f\bevy_ecs-0.18.1\src\system\function_system.rs;54;23072977;0.012681;37525;614;245;80368;565.046695
plugin finish{plugin="bevy_render::diagnostic::RenderDiagnosticsPlugin"};C:\Users\Antoi\.cargo\registry\src\index.crates.io-1949cf8c6b5b557f\bevy_app-0.18.1\src\app.rs;272;3613040;0.001986;1;3613040;3613040;3613040;0.000000
check_conditions{name="leafwing_input_manager::systems::swap_to_update<forgia_input::PlayerAction>"};C:\Users\Antoi\.cargo\registry\src\index.crates.io-1949cf8c6b5b557f\bevy_ecs-0.18.1\src\schedule\executor\single_threaded.rs;83;3206392;0.001762;37525;85;56;56503;471.736133
asset loading{loader="bevy_image::image_loader::ImageLoader" asset="ui/menu_video/frame_0221.webp"};C:\Users\Antoi\.cargo\registry\src\index.crates.io-1949cf8c6b5b557f\bevy_asset-0.18.1\src\server\loaders.rs;332;14995214;0.008241;6;2499202;145;14960369;6104702.605693
function_scope{egui::layers::GraphicLayers::drain};C:\Users\Antoi\.cargo\registry\src\index.crates.io-1949cf8c6b5b557f\egui-0.33.3\src\layers.rs;224;364613903;0.200393;37525;9716;907;156525;5631.907000
asset loading{loader="bevy_image::image_loader::ImageLoader" asset="ui/menu_video/frame_0327.webp"};C:\Users\Antoi\.cargo\registry\src\index.crates.io-1949cf8c6b5b557f\bevy_asset-0.18.1\src\server\loaders.rs;332;15468907;0.008502;7;2209843;104;15425881;5827728.226956
asset loading{loader="bevy_shader::shader::ShaderLoader" asset="embedded://bevy_pbr\\light_probe\\copy.wgsl"};C:\Users\Antoi\.cargo\registry\src\index.crates.io-1949cf8c6b5b557f\bevy_asset-0.18.1\src\server\loaders.rs;332;35466;0.000019;2;17733;54;35412;25001.881569
system_commands{name="bevy_picking::input::deactivate_touch_pointers"};C:\Users\Antoi\.cargo\registry\src\index.crates.io-1949cf8c6b5b557f\bevy_ecs-0.18.1\src\system\function_system.rs;54;4923083;0.002706;37525;131;55;57994;374.537113
system{name="forgia_killfeed::write_killfeed_sensor"};C:\Users\Antoi\.cargo\registry\src\index.crates.io-1949cf8c6b5b557f\bevy_ecs-0.18.1\src\system\function_system.rs;52;12174932;0.006691;37525;324;79;15660;296.336919
plugin build{plugin="bevy_render::sync_component::SyncComponentPlugin<bevy_light::volumetric::FogVolume>"};C:\Users\Antoi\.cargo\registry\src\index.crates.io-1949cf8c6b5b557f\bevy_app-0.18.1\src\app.rs;529;200012;0.000110;1;200012;200012;200012;0.000000
plugin finish{plugin="forgia_ui_lib::damage_direction::ForgiaUiDamageDirectionPlugin"};C:\Users\Antoi\.cargo\registry\src\index.crates.io-1949cf8c6b5b557f\bevy_app-0.18.1\src\app.rs;272;55;0.000000;1;55;55;55;0.000000
system{name="bevy_render::extract_resource::extract_resource<bevy_pbr::material::DefaultOpaqueRendererMethod>"};C:\Users\Antoi\.cargo\registry\src\index.crates.io-1949cf8c6b5b557f\bevy_ecs-0.18.1\src\system\function_system.rs;52;7942227;0.004365;37525;211;79;77943;518.657144
asset loading{loader="bevy_image::image_loader::ImageLoader" asset="textures/vfx/kenney/smoke_04.png"};C:\Users\Antoi\.cargo\registry\src\index.crates.io-1949cf8c6b5b557f\bevy_asset-0.18.1\src\server\loaders.rs;332;848006;0.000466;4;212001;178;840971;419323.825841
system_commands{name="bevy_rapier3d::plugin::plugin::setup_rapier_configuration"};C:\Users\Antoi\.cargo\registry\src\index.crates.io-1949cf8c6b5b557f\bevy_ecs-0.18.1\src\system\function_system.rs;54;990526;0.000544;11502;86;51;4514;50.222254
system_commands{name="bevy_scene::scene_spawner::scene_spawner"};C:\Users\Antoi\.cargo\registry\src\index.crates.io-1949cf8c6b5b557f\bevy_ecs-0.18.1\src\system\function_system.rs;54;24224700;0.013314;37525;645;58;216083;1975.940031
plugin cleanup{plugin="bevy_render::extract_component::UniformComponentPlugin<bevy_post_process::bloom::downsampling_pipeline::BloomUniforms>"};C:\Users\Antoi\.cargo\registry\src\index.crates.io-1949cf8c6b5b557f\bevy_app-0.18.1\src\app.rs;292;56;0.000000;1;56;56;56;0.000000
plugin cleanup{plugin="bevy_anti_alias::fxaa::FxaaPlugin"};C:\Users\Antoi\.cargo\registry\src\index.crates.io-1949cf8c6b5b557f\bevy_app-0.18.1\src\app.rs;292;62;0.000000;1;62;62;62;0.000000
plugin finish{plugin="bevy_sprite_render::mesh2d::color_material::ColorMaterialPlugin"};C:\Users\Antoi\.cargo\registry\src\index.crates.io-1949cf8c6b5b557f\bevy_app-0.18.1\src\app.rs;272;69;0.000000;1;69;69;69;0.000000
plugin cleanup{plugin="bevy_pbr::render::fog::FogPlugin"};C:\Users\Antoi\.cargo\registry\src\index.crates.io-1949cf8c6b5b557f\bevy_app-0.18.1\src\app.rs;292;136;0.000000;1;136;136;136;0.000000
system{name="bevy_render::render_resource::pipeline_cache::PipelineCache::extract_shaders"};C:\Users\Antoi\.cargo\registry\src\index.crates.io-1949cf8c6b5b557f\bevy_ecs-0.18.1\src\system\function_system.rs;52;52858016;0.029051;37525;1408;122;35746387;184546.465670
asset loading{loader="bevy_image::image_loader::ImageLoader" asset="ui/menu_video/frame_0038.webp"};C:\Users\Antoi\.cargo\registry\src\index.crates.io-1949cf8c6b5b557f\bevy_asset-0.18.1\src\server\loaders.rs;332;17368329;0.009546;6;2894721;78;17327779;7070727.427312
plugin finish{plugin="forgia_mode_roguelite::boss_portal::BossPortalPlugin"};C:\Users\Antoi\.cargo\registry\src\index.crates.io-1949cf8c6b5b557f\bevy_app-0.18.1\src\app.rs;272;55;0.000000;1;55;55;55;0.000000
system{name="bevy_asset::assets::Assets<forgia_genome_core::Genome<forgia_stage::RogueliteStagesGenome>>::track_assets"};C:\Users\Antoi\.cargo\registry\src\index.crates.io-1949cf8c6b5b557f\bevy_ecs-0.18.1\src\system\function_system.rs;52;53847266;0.029595;37525;1434;122;1111754;12574.875763
asset loading{loader="bevy_image::image_loader::ImageLoader" asset="ui/menu_video/frame_0089.webp"};C:\Users\Antoi\.cargo\registry\src\index.crates.io-1949cf8c6b5b557f\bevy_asset-0.18.1\src\server\loaders.rs;332;15961764;0.008773;6;2660294;113;15919558;6495688.969863
plugin cleanup{plugin="bevy_pbr::material::MaterialPlugin<bevy_pbr::pbr_material::StandardMaterial>"};C:\Users\Antoi\.cargo\registry\src\index.crates.io-1949cf8c6b5b557f\bevy_app-0.18.1\src\app.rs;292;60;0.000000;1;60;60;60;0.000000
system{name="bevy_sprite_render::mesh2d::material::specialize_material2d_meshes<bevy_sprite_render::tilemap_chunk::tilemap_chunk_material::TilemapChunkMaterial>"};C:\Users\Antoi\.cargo\registry\src\index.crates.io-1949cf8c6b5b557f\bevy_ecs-0.18.1\src\system\function_system.rs;52;22127053;0.012161;37525;589;197;96984;814.305049
system{name="forgia_ui::escape_handler"};C:\Users\Antoi\.cargo\registry\src\index.crates.io-1949cf8c6b5b557f\bevy_ecs-0.18.1\src\system\function_system.rs;52;23984179;0.013182;37525;639;196;91310;745.296757
plugin finish{plugin="forgia_fps::pepin::ForgiaPepinPlugin"};C:\Users\Antoi\.cargo\registry\src\index.crates.io-1949cf8c6b5b557f\bevy_app-0.18.1\src\app.rs;272;56;0.000000;1;56;56;56;0.000000
plugin cleanup{plugin="forgia_ui_lib::shop_panel::ForgiaUiShopPlugin"};C:\Users\Antoi\.cargo\registry\src\index.crates.io-1949cf8c6b5b557f\bevy_app-0.18.1\src\app.rs;292;55;0.000000;1;55;55;55;0.000000
system{name="<bevy_render::sync_world::SyncWorldPlugin as bevy_app::plugin::Plugin>::build::{{closure}}"};C:\Users\Antoi\.cargo\registry\src\index.crates.io-1949cf8c6b5b557f\bevy_ecs-0.18.1\src\system\function_system.rs;52;32513;0.000018;189;172;58;2806;326.746038
system{name="forgia_effects::damage_numbers::spawn_on_hit"};C:\Users\Antoi\.cargo\registry\src\index.crates.io-1949cf8c6b5b557f\bevy_ecs-0.18.1\src\system\function_system.rs;52;15775111;0.008670;37525;420;100;127057;712.489284
plugin build{plugin="bevy_core_pipeline::core_2d::Core2dPlugin"};C:\Users\Antoi\.cargo\registry\src\index.crates.io-1949cf8c6b5b557f\bevy_app-0.18.1\src\app.rs;529;5501951;0.003024;1;5501951;5501951;5501951;0.000000
plugin cleanup{plugin="bevy_render::extract_component::ExtractComponentPlugin<bevy_anti_alias::fxaa::Fxaa>"};C:\Users\Antoi\.cargo\registry\src\index.crates.io-1949cf8c6b5b557f\bevy_app-0.18.1\src\app.rs;292;134;0.000000;1;134;134;134;0.000000
system{name="bevy_asset::assets::Assets<forgia_genome_core::Genome<forgia_ui_lib::hud_ammo::tuning::AmmoHudTuning>>::asset_events_condition"};C:\Users\Antoi\.cargo\registry\src\index.crates.io-1949cf8c6b5b557f\bevy_ecs-0.18.1\src\system\function_system.rs;52;4920855;0.002705;37525;131;53;1112;57.281197
asset loading{loader="bevy_image::image_loader::ImageLoader" asset="ui/menu_video/frame_0055.webp"};C:\Users\Antoi\.cargo\registry\src\index.crates.io-1949cf8c6b5b557f\bevy_asset-0.18.1\src\server\loaders.rs;332;15729078;0.008645;6;2621513;167;15697575;6405937.389042
system{name="bevy_picking::hover::update_is_hovered"};C:\Users\Antoi\.cargo\registry\src\index.crates.io-1949cf8c6b5b557f\bevy_ecs-0.18.1\src\system\function_system.rs;52;10375112;0.005702;37525;276;67;30071;191.924833
system_commands{name="bevy_state::state_scoped::despawn_entities_on_enter_state<forgia_mode_roguelite::run::RunState>"};C:\Users\Antoi\.cargo\registry\src\index.crates.io-1949cf8c6b5b557f\bevy_ecs-0.18.1\src\system\function_system.rs;54;2954337;0.001624;37526;78;52;99475;665.016024
asset loading{loader="bevy_image::image_loader::ImageLoader" asset="textures/vfx/kenney/flame_03.png"};C:\Users\Antoi\.cargo\registry\src\index.crates.io-1949cf8c6b5b557f\bevy_asset-0.18.1\src\server\loaders.rs;332;583288;0.000321;4;145822;147;574609;285878.804990
system{name="forgia_mode_roguelite::ultimate_apply::sys_write_ultimate_tech_sensor"};C:\Users\Antoi\.cargo\registry\src\index.crates.io-1949cf8c6b5b557f\bevy_ecs-0.18.1\src\system\function_system.rs;52;9230537;0.005073;37525;245;84;87282;639.962223
system_commands{name="bevy_pbr::cluster::extract_clusters"};C:\Users\Antoi\.cargo\registry\src\index.crates.io-1949cf8c6b5b557f\bevy_ecs-0.18.1\src\system\function_system.rs;54;156349096;0.085930;37525;4166;1569;257282;2447.752342
system_commands{name="forgia_worldgen::streaming::sys_toggle_streaming"};C:\Users\Antoi\.cargo\registry\src\index.crates.io-1949cf8c6b5b557f\bevy_ecs-0.18.1\src\system\function_system.rs;54;5485309;0.003015;33826;162;63;53493;502.925414
plugin build{plugin="bevy_rapier3d::plugin::plugin::RapierPhysicsPlugin"};C:\Users\Antoi\.cargo\registry\src\index.crates.io-1949cf8c6b5b557f\bevy_app-0.18.1\src\app.rs;529;112665;0.000062;1;112665;112665;112665;0.000000
plugin cleanup{plugin="forgia_streaming::ForgiaStreamingPlugin"};C:\Users\Antoi\.cargo\registry\src\index.crates.io-1949cf8c6b5b557f\bevy_app-0.18.1\src\app.rs;292;55;0.000000;1;55;55;55;0.000000
system{name="bevy_post_process::bloom::upsampling_pipeline::init_bloom_upscaling_pipeline"};C:\Users\Antoi\.cargo\registry\src\index.crates.io-1949cf8c6b5b557f\bevy_ecs-0.18.1\src\system\function_system.rs;52;8710;0.000005;1;8710;8710;8710;0.000000
system{name="bevy_asset::assets::Assets<forgia_genome_core::Genome<forgia_player::skybox_genome::SkyPaletteGenome>>::asset_events_condition"};C:\Users\Antoi\.cargo\registry\src\index.crates.io-1949cf8c6b5b557f\bevy_ecs-0.18.1\src\system\function_system.rs;52;3380332;0.001858;37525;90;54;11046;84.666197
system{name="bevy_pbr::render::light::specialize_shadows"};C:\Users\Antoi\.cargo\registry\src\index.crates.io-1949cf8c6b5b557f\bevy_ecs-0.18.1\src\system\function_system.rs;52;2204572969;1.211641;37525;58749;446;1097967;59598.009385
plugin build{plugin="bevy_pbr::decal::forward::ForwardDecalPlugin"};C:\Users\Antoi\.cargo\registry\src\index.crates.io-1949cf8c6b5b557f\bevy_app-0.18.1\src\app.rs;529;649407;0.000357;1;649407;649407;649407;0.000000
system_commands{name="forgia_mode_roguelite::boons_apply::sys_sync_player_health_guard"};C:\Users\Antoi\.cargo\registry\src\index.crates.io-1949cf8c6b5b557f\bevy_ecs-0.18.1\src\system\function_system.rs;54;2978437;0.001637;33826;88;50;86224;635.776061
system_commands{name="bevy_render::extract_resource::extract_resource<bevy_core_pipeline::tonemapping::TonemappingLuts>"};C:\Users\Antoi\.cargo\registry\src\index.crates.io-1949cf8c6b5b557f\bevy_ecs-0.18.1\src\system\function_system.rs;54;3867963;0.002126;37525;103;51;297740;1536.933855
system{name="forgia_effects::hitmarker::draw_hitmarker"};C:\Users\Antoi\.cargo\registry\src\index.crates.io-1949cf8c6b5b557f\bevy_ecs-0.18.1\src\system\function_system.rs;52;9112277;0.005008;37525;242;65;26789;301.128109
plugin build{plugin="forgia_rpg::ForgiaRpgPlugin"};C:\Users\Antoi\.cargo\registry\src\index.crates.io-1949cf8c6b5b557f\bevy_app-0.18.1\src\app.rs;529;1725282;0.000948;1;1725282;1725282;1725282;0.000000
plugin build{plugin="bevy_sprite_render::mesh2d::mesh::Mesh2dRenderPlugin"};C:\Users\Antoi\.cargo\registry\src\index.crates.io-1949cf8c6b5b557f\bevy_app-0.18.1\src\app.rs;529;1828752;0.001005;1;1828752;1828752;1828752;0.000000
plugin finish{plugin="bevy_render::extract_component::ExtractComponentPlugin<bevy_render::view::Msaa>"};C:\Users\Antoi\.cargo\registry\src\index.crates.io-1949cf8c6b5b557f\bevy_app-0.18.1\src\app.rs;272;54;0.000000;1;54;54;54;0.000000
asset loading{loader="bevy_image::image_loader::ImageLoader" asset="ui/menu_video/frame_0266.webp"};C:\Users\Antoi\.cargo\registry\src\index.crates.io-1949cf8c6b5b557f\bevy_asset-0.18.1\src\server\loaders.rs;332;17161164;0.009432;6;2860194;488;17115028;6983416.752637
system{name="forgia_fps::aim_assist::write_aim_assist_sensor"};C:\Users\Antoi\.cargo\registry\src\index.crates.io-1949cf8c6b5b557f\bevy_ecs-0.18.1\src\system\function_system.rs;52;11996954;0.006594;33826;354;99;81852;782.542080
system{name="bevy_asset::assets::Assets<forgia_genome_core::Genome<forgia_skeleton_template::SkeletonTemplate>>::track_assets"};C:\Users\Antoi\.cargo\registry\src\index.crates.io-1949cf8c6b5b557f\bevy_ecs-0.18.1\src\system\function_system.rs;52;62970626;0.034609;37525;1678;254;869968;13056.462291
system{name="bevy_pbr::prepass::prepare_prepass_view_bind_group"};C:\Users\Antoi\.cargo\registry\src\index.crates.io-1949cf8c6b5b557f\bevy_ecs-0.18.1\src\system\function_system.rs;52;943367688;0.518478;37525;25139;6432;864044;19010.844425
system{name="bevy_transform::systems::parallel::propagate_parent_transforms"};C:\Users\Antoi\.cargo\registry\src\index.crates.io-1949cf8c6b5b557f\bevy_ecs-0.18.1\src\system\function_system.rs;52;6698492951;3.681515;49027;136628;3958;62988054;1117773.966011
system{name="bevy_pbr::light_probe::generate::generate_environment_map_light"};C:\Users\Antoi\.cargo\registry\src\index.crates.io-1949cf8c6b5b557f\bevy_ecs-0.18.1\src\system\function_system.rs;52;16334553;0.008978;37525;435;137;102837;575.108916
system{name="forgia_ui_lib::dialogue::render_dialogue"};C:\Users\Antoi\.cargo\registry\src\index.crates.io-1949cf8c6b5b557f\bevy_ecs-0.18.1\src\system\function_system.rs;52;31197543;0.017146;37525;831;377;79758;617.864817
system{name="forgia_mode_roguelite::defense::sys_hot_reload_defense_genome"};C:\Users\Antoi\.cargo\registry\src\index.crates.io-1949cf8c6b5b557f\bevy_ecs-0.18.1\src\system\function_system.rs;52;13481090;0.007409;33826;398;65;179440;3327.594646
system{name="bevy_render::render_phase::sort_phase_system<bevy_core_pipeline::core_3d::Transparent3d>"};C:\Users\Antoi\.cargo\registry\src\index.crates.io-1949cf8c6b5b557f\bevy_ecs-0.18.1\src\system\function_system.rs;52;74130008;0.040742;37525;1975;80;119907;1375.512904
system{name="forgia_rpg_data::xp_curves::apply_xp_gain"};C:\Users\Antoi\.cargo\registry\src\index.crates.io-1949cf8c6b5b557f\bevy_ecs-0.18.1\src\system\function_system.rs;52;11759719;0.006463;37525;313;94;60515;349.976332
plugin cleanup{plugin="bevy_render::render_asset::RenderAssetPlugin<bevy_sprite_render::mesh2d::material::PreparedMaterial2d<bevy_sprite_render::mesh2d::color_material::ColorMaterial>>"};C:\Users\Antoi\.cargo\registry\src\index.crates.io-1949cf8c6b5b557f\bevy_app-0.18.1\src\app.rs;292;105;0.000000;1;105;105;105;0.000000
asset loading{loader="bevy_image::image_loader::ImageLoader" asset="ui/menu_video/frame_0155.webp"};C:\Users\Antoi\.cargo\registry\src\index.crates.io-1949cf8c6b5b557f\bevy_asset-0.18.1\src\server\loaders.rs;332;15678565;0.008617;6;2613094;120;15639277;6381503.072556
check_conditions{name="bevy_app::main_schedule::Main::run_main"};C:\Users\Antoi\.cargo\registry\src\index.crates.io-1949cf8c6b5b557f\bevy_ecs-0.18.1\src\schedule\executor\single_threaded.rs;83;8523603;0.004685;37525;227;75;65494;583.857959
system{name="forgia_mode_roguelite::hud::draw_ultimate_banner"};C:\Users\Antoi\.cargo\registry\src\index.crates.io-1949cf8c6b5b557f\bevy_ecs-0.18.1\src\system\function_system.rs;52;13207564;0.007259;33735;391;75;9122;150.813837
function_scope{egui::context::Context::set_fonts};C:\Users\Antoi\.cargo\registry\src\index.crates.io-1949cf8c6b5b557f\egui-0.33.3\src\context.rs;1961;338;0.000000;1;338;338;338;0.000000
plugin cleanup{plugin="bevy_render::sync_component::SyncComponentPlugin<bevy_render::view::Hdr>"};C:\Users\Antoi\.cargo\registry\src\index.crates.io-1949cf8c6b5b557f\bevy_app-0.18.1\src\app.rs;292;61;0.000000;1;61;61;61;0.000000
system{name="bevy_pbr::material::sweep_entities_needing_specialization<bevy_pbr::pbr_material::StandardMaterial>"};C:\Users\Antoi\.cargo\registry\src\index.crates.io-1949cf8c6b5b557f\bevy_ecs-0.18.1\src\system\function_system.rs;52;11091057;0.006096;37525;295;70;71816;637.468379
asset loading{loader="bevy_kira_audio::source::ogg_loader::OggLoader" asset="audio/roguelite/weapons/lenoir.ogg"};C:\Users\Antoi\.cargo\registry\src\index.crates.io-1949cf8c6b5b557f\bevy_asset-0.18.1\src\server\loaders.rs;332;610446;0.000336;4;152611;155;600197;298403.789130
system{name="bevy_render::render_asset::prepare_assets<bevy_render::storage::GpuShaderStorageBuffer>"};C:\Users\Antoi\.cargo\registry\src\index.crates.io-1949cf8c6b5b557f\bevy_ecs-0.18.1\src\system\function_system.rs;52;21373994;0.011747;37525;569;237;94461;779.145819
system{name="bevy_kira_audio::audio_output::play_audio_channel<forgia_audio::MusicChannel>"};C:\Users\Antoi\.cargo\registry\src\index.crates.io-1949cf8c6b5b557f\bevy_ecs-0.18.1\src\system\function_system.rs;52;13846649;0.007610;37525;368;129;142570;1613.424762
plugin cleanup{plugin="bevy_picking::InteractionPlugin"};C:\Users\Antoi\.cargo\registry\src\index.crates.io-1949cf8c6b5b557f\bevy_app-0.18.1\src\app.rs;292;55;0.000000;1;55;55;55;0.000000
check_conditions{name="bevy_gizmos::start_gizmo_context<bevy_gizmos::aabb::AabbGizmoConfigGroup, bevy_time::fixed::Fixed>"};C:\Users\Antoi\.cargo\registry\src\index.crates.io-1949cf8c6b5b557f\bevy_ecs-0.18.1\src\schedule\executor\single_threaded.rs;83;2741282;0.001507;37525;73;56;72909;377.747450
system{name="bevy_render::extract_component::extract_components<bevy_render::view::Hdr>"};C:\Users\Antoi\.cargo\registry\src\index.crates.io-1949cf8c6b5b557f\bevy_ecs-0.18.1\src\system\function_system.rs;52;8945434;0.004916;37525;238;97;14004;186.667374
plugin build{plugin="bevy_post_process::bloom::BloomPlugin"};C:\Users\Antoi\.cargo\registry\src\index.crates.io-1949cf8c6b5b557f\bevy_app-0.18.1\src\app.rs;529;1224454;0.000673;1;1224454;1224454;1224454;0.000000
system_commands{name="bevy_core_pipeline::core_3d::prepare_prepass_textures"};C:\Users\Antoi\.cargo\registry\src\index.crates.io-1949cf8c6b5b557f\bevy_ecs-0.18.1\src\system\function_system.rs;54;34689908;0.019066;37525;924;345;78196;544.518509
system_commands{name="(bevy_ecs::system::commands::Commands<'_, '_>, bevy_ecs::system::query::Query<'_, '_, (bevy_ecs::entity::Entity, &mut bevy_window::window::Window, &bevy_window::window::CursorOptions, core::option::Option<&bevy_window::raw_handle::RawHandleWrapperHolder>), bevy_ecs::query::filter::Added<bevy_window::window::Window>>, bevy_ecs::message::message_writer::MessageWriter<'_, bevy_window::event::WindowCreated>, bevy_ecs::change_detection::params::ResMut<'_, bevy_winit::accessibility::WinitActionRequestHandlers>, bevy_ecs::change_detection::params::Res<'_, bevy_a11y::AccessibilityRequested>, bevy_ecs::change_detection::params::Res<'_, bevy_winit::winit_monitors::WinitMonitors>)"};C:\Users\Antoi\.cargo\registry\src\index.crates.io-1949cf8c6b5b557f\bevy_ecs-0.18.1\src\system\function_system.rs;54;308150;0.000169;1;308150;308150;308150;0.000000
system{name="bevy_core_pipeline::deferred::copy_lighting_id::init_copy_deferred_lighting_id_pipeline"};C:\Users\Antoi\.cargo\registry\src\index.crates.io-1949cf8c6b5b557f\bevy_ecs-0.18.1\src\system\function_system.rs;52;18529;0.000010;1;18529;18529;18529;0.000000
system{name="bevy_render::batching::gpu_preprocessing::batch_and_prepare_sorted_render_phase<bevy_core_pipeline::core_3d::Transmissive3d, bevy_pbr::render::mesh::MeshPipeline>"};C:\Users\Antoi\.cargo\registry\src\index.crates.io-1949cf8c6b5b557f\bevy_ecs-0.18.1\src\system\function_system.rs;52;47903321;0.026328;37525;1276;487;116881;1125.009102
system{name="forgia_mode_roguelite::merchant::sys_calibrate_merchant"};C:\Users\Antoi\.cargo\registry\src\index.crates.io-1949cf8c6b5b557f\bevy_ecs-0.18.1\src\system\function_system.rs;52;16273284;0.008944;33826;481;180;30395;381.541754
plugin cleanup{plugin="forgia_ui_lib::theme::ForgeThemePlugin"};C:\Users\Antoi\.cargo\registry\src\index.crates.io-1949cf8c6b5b557f\bevy_app-0.18.1\src\app.rs;292;58;0.000000;1;58;58;58;0.000000
system{name="bevy_render::batching::gpu_preprocessing::collect_buffers_for_phase<bevy_core_pipeline::core_3d::AlphaMask3d, bevy_pbr::render::mesh::MeshPipeline>"};C:\Users\Antoi\.cargo\registry\src\index.crates.io-1949cf8c6b5b557f\bevy_ecs-0.18.1\src\system\function_system.rs;52;43606175;0.023966;37525;1162;398;93355;823.918604
system{name="bevy_core_pipeline::experimental::mip_generation::prepare_downsample_depth_view_bind_groups"};C:\Users\Antoi\.cargo\registry\src\index.crates.io-1949cf8c6b5b557f\bevy_ecs-0.18.1\src\system\function_system.rs;52;19011178;0.010449;37525;506;159;135332;950.714744
plugin cleanup{plugin="bevy_render::sync_component::SyncComponentPlugin<bevy_camera::components::Camera3d>"};C:\Users\Antoi\.cargo\registry\src\index.crates.io-1949cf8c6b5b557f\bevy_app-0.18.1\src\app.rs;292;56;0.000000;1;56;56;56;0.000000
system_commands{name="bevy_core_pipeline::oit::init_oit_buffers"};C:\Users\Antoi\.cargo\registry\src\index.crates.io-1949cf8c6b5b557f\bevy_ecs-0.18.1\src\system\function_system.rs;54;4604;0.000003;1;4604;4604;4604;0.000000
asset loading{loader="bevy_gltf::loader::GltfLoader" asset="models/weapons/forgia/madame_lenoir.glb"};C:\Users\Antoi\.cargo\registry\src\index.crates.io-1949cf8c6b5b557f\bevy_asset-0.18.1\src\server\loaders.rs;332;495746106;0.272464;5;99149221;139;495733435;221697315.237153
plugin build{plugin="forgia_mode_roguelite::hub::HubPlugin"};C:\Users\Antoi\.cargo\registry\src\index.crates.io-1949cf8c6b5b557f\bevy_app-0.18.1\src\app.rs;529;22680;0.000012;1;22680;22680;22680;0.000000
asset loading{loader="bevy_shader::shader::ShaderLoader" asset="embedded://bevy_pbr\\atmosphere\\bindings.wgsl"};C:\Users\Antoi\.cargo\registry\src\index.crates.io-1949cf8c6b5b557f\bevy_asset-0.18.1\src\server\loaders.rs;332;57138;0.000031;2;28569;104;57034;40255.589053
plugin finish{plugin="bevy_render::sync_component::SyncComponentPlugin<bevy_pbr::atmosphere::GpuAtmosphereSettings>"};C:\Users\Antoi\.cargo\registry\src\index.crates.io-1949cf8c6b5b557f\bevy_app-0.18.1\src\app.rs;272;54;0.000000;1;54;54;54;0.000000
system_commands{name="bevy_sprite::calculate_bounds_2d"};C:\Users\Antoi\.cargo\registry\src\index.crates.io-1949cf8c6b5b557f\bevy_ecs-0.18.1\src\system\function_system.rs;54;4777123;0.002626;37525;127;51;34989;189.508185
system_commands{name="bevy_hanabi::render::prepare_batch_inputs"};C:\Users\Antoi\.cargo\registry\src\index.crates.io-1949cf8c6b5b557f\bevy_ecs-0.18.1\src\system\function_system.rs;54;318818336;0.175224;37525;8496;93;259129;5967.325556
system{name="bevy_pbr::material::early_sweep_material_instances<bevy_pbr::pbr_material::StandardMaterial>"};C:\Users\Antoi\.cargo\registry\src\index.crates.io-1949cf8c6b5b557f\bevy_ecs-0.18.1\src\system\function_system.rs;52;10989603;0.006040;37525;292;84;21255;270.698162
plugin cleanup{plugin="forgia_mode_roguelite::identity::IdentityPlugin"};C:\Users\Antoi\.cargo\registry\src\index.crates.io-1949cf8c6b5b557f\bevy_app-0.18.1\src\app.rs;292;56;0.000000;1;56;56;56;0.000000
plugin finish{plugin="bevy_gizmos_render::GizmoRenderPlugin"};C:\Users\Antoi\.cargo\registry\src\index.crates.io-1949cf8c6b5b557f\bevy_app-0.18.1\src\app.rs;272;56;0.000000;1;56;56;56;0.000000
system{name="bevy_pbr::material::init_material_pipeline"};C:\Users\Antoi\.cargo\registry\src\index.crates.io-1949cf8c6b5b557f\bevy_ecs-0.18.1\src\system\function_system.rs;52;6553;0.000004;1;6553;6553;6553;0.000000
main_transparent_pass_2d;C:\Users\Antoi\.cargo\registry\src\index.crates.io-1949cf8c6b5b557f\bevy_core_pipeline-0.18.1\src\core_2d\main_transparent_pass_2d_node.rs;66;260045258;0.142922;37525;6929;828;410573;5596.980810
system{name="forgia_effects::pipeline_ready::extract_pipelines_ready"};C:\Users\Antoi\.cargo\registry\src\index.crates.io-1949cf8c6b5b557f\bevy_ecs-0.18.1\src\system\function_system.rs;52;19993125;0.010988;37525;532;241;19540;240.741942
plugin finish{plugin="forgia_rpg_data::ForgiaRpgDataPlugin"};C:\Users\Antoi\.cargo\registry\src\index.crates.io-1949cf8c6b5b557f\bevy_app-0.18.1\src\app.rs;272;60;0.000000;1;60;60;60;0.000000
asset loading{loader="bevy_shader::shader::ShaderLoader" asset="embedded://bevy_render\\globals.wgsl"};C:\Users\Antoi\.cargo\registry\src\index.crates.io-1949cf8c6b5b557f\bevy_asset-0.18.1\src\server\loaders.rs;332;12858088;0.007067;2;6429044;185;12857903;9091779.588384
asset loading{loader="bevy_image::image_loader::ImageLoader" asset="ui/menu_video/frame_0258.webp"};C:\Users\Antoi\.cargo\registry\src\index.crates.io-1949cf8c6b5b557f\bevy_asset-0.18.1\src\server\loaders.rs;332;16324207;0.008972;7;2332029;171;16278730;6149919.374377
system{name="forgia_auto_rig::debug_gizmos::draw_rig_gizmos"};C:\Users\Antoi\.cargo\registry\src\index.crates.io-1949cf8c6b5b557f\bevy_ecs-0.18.1\src\system\function_system.rs;52;136152866;0.074830;37525;3628;420;545890;26238.263223
node{name="bevy_pbr::render::gpu_preprocess::ClearIndirectParametersMetadataNode"};C:\Users\Antoi\.cargo\registry\src\index.crates.io-1949cf8c6b5b557f\bevy_render-0.18.1\src\renderer\graph_runner.rs;240;91154812;0.050099;75050;1214;241;1069835;3998.392409
system{name="bevy_render::view::window::prepare_windows"};C:\Users\Antoi\.cargo\registry\src\index.crates.io-1949cf8c6b5b557f\bevy_ecs-0.18.1\src\system\function_system.rs;52;11658344954;6.407468;37525;310682;550;19543924;416735.757736
system_commands{name="bevy_core_pipeline::oit::resolve::prepare_oit_resolve_bind_group"};C:\Users\Antoi\.cargo\registry\src\index.crates.io-1949cf8c6b5b557f\bevy_ecs-0.18.1\src\system\function_system.rs;54;86418467;0.047496;37525;2302;957;63735;999.372257
system{name="forgia_ui_lib::pause_menu::apply_msaa_to_cameras"};C:\Users\Antoi\.cargo\registry\src\index.crates.io-1949cf8c6b5b557f\bevy_ecs-0.18.1\src\system\function_system.rs;52;21249388;0.011679;37525;566;135;97656;655.228771
asset loading{loader="bevy_image::image_loader::ImageLoader" asset="ui/menu_video/frame_0186.webp"};C:\Users\Antoi\.cargo\registry\src\index.crates.io-1949cf8c6b5b557f\bevy_asset-0.18.1\src\server\loaders.rs;332;14703767;0.008081;6;2450627;91;14666931;5984744.554678
system_commands{name="bevy_app::propagate::propagate_inherited<bevy_ui::ui_node::ComputedUiTargetCamera, (), bevy_ecs::hierarchy::ChildOf>"};C:\Users\Antoi\.cargo\registry\src\index.crates.io-1949cf8c6b5b557f\bevy_ecs-0.18.1\src\system\function_system.rs;54;14767810;0.008116;37525;393;75;68885;479.061630
system{name="forgia_player::weapon_recoil_apply"};C:\Users\Antoi\.cargo\registry\src\index.crates.io-1949cf8c6b5b557f\bevy_ecs-0.18.1\src\system\function_system.rs;52;32831342;0.018044;33826;970;240;96082;983.532994
plugin cleanup{plugin="bevy_core_pipeline::deferred::copy_lighting_id::CopyDeferredLightingIdPlugin"};C:\Users\Antoi\.cargo\registry\src\index.crates.io-1949cf8c6b5b557f\bevy_app-0.18.1\src\app.rs;292;55;0.000000;1;55;55;55;0.000000
system_commands{name="bevy_gizmos_render::pipeline_2d::init_line_gizmo_pipelines"};C:\Users\Antoi\.cargo\registry\src\index.crates.io-1949cf8c6b5b557f\bevy_ecs-0.18.1\src\system\function_system.rs;54;1627;0.000001;1;1627;1627;1627;0.000000
system_commands{name="bevy_post_process::effect_stack::prepare_post_processing_pipelines"};C:\Users\Antoi\.cargo\registry\src\index.crates.io-1949cf8c6b5b557f\bevy_ecs-0.18.1\src\system\function_system.rs;54;3221673;0.001771;37525;85;50;11704;95.554565
plugin build{plugin="bevy_render::experimental::occlusion_culling::OcclusionCullingPlugin"};C:\Users\Antoi\.cargo\registry\src\index.crates.io-1949cf8c6b5b557f\bevy_app-0.18.1\src\app.rs;529;194767;0.000107;1;194767;194767;194767;0.000000
system{name="bevy_gizmos_render::retained::extract_linegizmos"};C:\Users\Antoi\.cargo\registry\src\index.crates.io-1949cf8c6b5b557f\bevy_ecs-0.18.1\src\system\function_system.rs;52;25236258;0.013870;37525;672;297;58595;444.876873
asset loading{loader="forgia_genome_core::GenomeLoader<forgia_player::PlayerMovementTuning>" asset="genomes/player_movement.toml"};C:\Users\Antoi\.cargo\registry\src\index.crates.io-1949cf8c6b5b557f\bevy_asset-0.18.1\src\server\loaders.rs;332;257357;0.000141;4;64339;175;139242;70496.553119
system{name="bevy_post_process::bloom::downsampling_pipeline::prepare_downsampling_pipeline"};C:\Users\Antoi\.cargo\registry\src\index.crates.io-1949cf8c6b5b557f\bevy_ecs-0.18.1\src\system\function_system.rs;52;17041203;0.009366;37525;454;135;41790;283.627104
system{name="bevy_egui::run_egui_context_pass_loop_system"};C:\Users\Antoi\.cargo\registry\src\index.crates.io-1949cf8c6b5b557f\bevy_ecs-0.18.1\src\system\function_system.rs;52;16083442614;8.839517;37525;428606;196708;13835197;151334.465403
system_commands{name="bevy_pbr::render::gpu_preprocess::prepare_preprocess_bind_groups"};C:\Users\Antoi\.cargo\registry\src\index.crates.io-1949cf8c6b5b557f\bevy_ecs-0.18.1\src\system\function_system.rs;54;289966770;0.159367;37525;7727;233;102915;2436.879214
system{name="bevy_pbr::atmosphere::resources::prepare_atmosphere_bind_groups"};C:\Users\Antoi\.cargo\registry\src\index.crates.io-1949cf8c6b5b557f\bevy_ecs-0.18.1\src\system\function_system.rs;52;25910708;0.014241;37525;690;147;78768;1017.643131
system_commands{name="bevy_sprite_render::mesh2d::mesh::init_mesh_2d_pipeline"};C:\Users\Antoi\.cargo\registry\src\index.crates.io-1949cf8c6b5b557f\bevy_ecs-0.18.1\src\system\function_system.rs;54;1829;0.000001;1;1829;1829;1829;0.000000
asset loading{loader="bevy_image::image_loader::ImageLoader" asset="ui/menu_video/frame_0122.webp"};C:\Users\Antoi\.cargo\registry\src\index.crates.io-1949cf8c6b5b557f\bevy_asset-0.18.1\src\server\loaders.rs;332;15305202;0.008412;6;2550867;158;15262820;6227563.269778
plugin finish{plugin="bevy_render::extract_component::UniformComponentPlugin<bevy_core_pipeline::skybox::SkyboxUniforms>"};C:\Users\Antoi\.cargo\registry\src\index.crates.io-1949cf8c6b5b557f\bevy_app-0.18.1\src\app.rs;272;52;0.000000;1;52;52;52;0.000000
system{name="forgia_viewmodel::arms::sync_arm_cosmetics"};C:\Users\Antoi\.cargo\registry\src\index.crates.io-1949cf8c6b5b557f\bevy_ecs-0.18.1\src\system\function_system.rs;52;13267211;0.007292;33826;392;123;83997;535.425513
asset loading{loader="bevy_image::image_loader::ImageLoader" asset="ui/menu_video/frame_0093.webp"};C:\Users\Antoi\.cargo\registry\src\index.crates.io-1949cf8c6b5b557f\bevy_asset-0.18.1\src\server\loaders.rs;332;15096710;0.008297;6;2516118;121;15060199;6145321.767050
plugin finish{plugin="bevy_render::sync_component::SyncComponentPlugin<bevy_core_pipeline::tonemapping::Tonemapping>"};C:\Users\Antoi\.cargo\registry\src\index.crates.io-1949cf8c6b5b557f\bevy_app-0.18.1\src\app.rs;272;50;0.000000;1;50;50;50;0.000000
asset loading{loader="bevy_image::image_loader::ImageLoader" asset="ui/menu_video/frame_0291.webp"};C:\Users\Antoi\.cargo\registry\src\index.crates.io-1949cf8c6b5b557f\bevy_asset-0.18.1\src\server\loaders.rs;332;16573592;0.009109;6;2762265;108;16529429;6744508.182086
system_commands{name="forgia_mode_roguelite::decor::sys_init_decor_genome"};C:\Users\Antoi\.cargo\registry\src\index.crates.io-1949cf8c6b5b557f\bevy_ecs-0.18.1\src\system\function_system.rs;54;6952;0.000004;1;6952;6952;6952;0.000000
plugin build{plugin="bevy_input::InputPlugin"};C:\Users\Antoi\.cargo\registry\src\index.crates.io-1949cf8c6b5b557f\bevy_app-0.18.1\src\app.rs;529;1615624;0.000888;1;1615624;1615624;1615624;0.000000
system{name="bevy_ui::layout::ui_layout_system"};C:\Users\Antoi\.cargo\registry\src\index.crates.io-1949cf8c6b5b557f\bevy_ecs-0.18.1\src\system\function_system.rs;52;38524675;0.021173;37525;1026;367;46961;486.286635
system{name="bevy_render::batching::no_gpu_preprocessing::batch_and_prepare_sorted_render_phase<bevy_core_pipeline::core_2d::Transparent2d, bevy_sprite_render::mesh2d::mesh::Mesh2dPipeline>"};C:\Users\Antoi\.cargo\registry\src\index.crates.io-1949cf8c6b5b557f\bevy_ecs-0.18.1\src\system\function_system.rs;52;14660123;0.008057;37525;390;88;80514;521.449284
system{name="bevy_state::state_scoped::despawn_entities_on_enter_state<forgia_core::states::WorldMode>"};C:\Users\Antoi\.cargo\registry\src\index.crates.io-1949cf8c6b5b557f\bevy_ecs-0.18.1\src\system\function_system.rs;52;5027199;0.002763;37526;133;69;8778;86.065978
system_commands{name="bevy_core_pipeline::experimental::mip_generation::create_downsample_depth_pipelines"};C:\Users\Antoi\.cargo\registry\src\index.crates.io-1949cf8c6b5b557f\bevy_ecs-0.18.1\src\system\function_system.rs;54;3474429;0.001910;37525;92;51;79516;488.708775
system{name="<bevy_gizmos::light::LightGizmoPlugin as bevy_app::plugin::Plugin>::build::{{closure}}"};C:\Users\Antoi\.cargo\registry\src\index.crates.io-1949cf8c6b5b557f\bevy_ecs-0.18.1\src\system\function_system.rs;52;24549676;0.013493;37525;654;210;88068;663.234843
system_commands{name="bevy_pbr::atmosphere::environment::prepare_atmosphere_probe_components"};C:\Users\Antoi\.cargo\registry\src\index.crates.io-1949cf8c6b5b557f\bevy_ecs-0.18.1\src\system\function_system.rs;54;3389954;0.001863;37525;90;51;42542;244.311263
asset loading{loader="forgia_genome_core::GenomeLoader<forgia_skeleton_template::SkeletonTemplate>" asset="genomes/skeleton_humanoid_apose.toml"};C:\Users\Antoi\.cargo\registry\src\index.crates.io-1949cf8c6b5b557f\bevy_asset-0.18.1\src\server\loaders.rs;332;246466;0.000135;4;61616;143;199370;93530.023433
plugin cleanup{plugin="forgia_mode_roguelite::enemy_scaling::RogueliteEnemyScalingPlugin"};C:\Users\Antoi\.cargo\registry\src\index.crates.io-1949cf8c6b5b557f\bevy_app-0.18.1\src\app.rs;292;56;0.000000;1;56;56;56;0.000000
system_commands{name="bevy_render::render_asset::extract_render_asset<bevy_render::mesh::RenderMesh>"};C:\Users\Antoi\.cargo\registry\src\index.crates.io-1949cf8c6b5b557f\bevy_ecs-0.18.1\src\system\function_system.rs;54;28602929;0.015720;37525;762;290;42991;416.082439
asset loading{loader="bevy_image::image_loader::ImageLoader" asset="ui/menu_video/frame_0211.webp"};C:\Users\Antoi\.cargo\registry\src\index.crates.io-1949cf8c6b5b557f\bevy_asset-0.18.1\src\server\loaders.rs;332;15478793;0.008507;6;2579798;183;15427644;6294136.790724
system{name="forgia_ui_lib::hud::wave_counter::draw_wave_counter"};C:\Users\Antoi\.cargo\registry\src\index.crates.io-1949cf8c6b5b557f\bevy_ecs-0.18.1\src\system\function_system.rs;52;10758420;0.005913;37434;287;69;64445;369.196612
plugin finish{plugin="bevy_egui::EguiPlugin"};C:\Users\Antoi\.cargo\registry\src\index.crates.io-1949cf8c6b5b557f\bevy_app-0.18.1\src\app.rs;272;130712;0.000072;1;130712;130712;130712;0.000000
plugin cleanup{plugin="bevy_pbr::light_probe::generate::EnvironmentMapGenerationPlugin"};C:\Users\Antoi\.cargo\registry\src\index.crates.io-1949cf8c6b5b557f\bevy_app-0.18.1\src\app.rs;292;55;0.000000;1;55;55;55;0.000000
node{name="bevy_ui_render::render_pass::UiPassNode"};C:\Users\Antoi\.cargo\registry\src\index.crates.io-1949cf8c6b5b557f\bevy_render-0.18.1\src\renderer\graph_runner.rs;240;52523380;0.028867;112575;466;96;93218;514.191022
plugin build{plugin="bevy_render::extract_component::ExtractComponentPlugin<bevy_render::view::Msaa>"};C:\Users\Antoi\.cargo\registry\src\index.crates.io-1949cf8c6b5b557f\bevy_app-0.18.1\src\app.rs;529;12900;0.000007;1;12900;12900;12900;0.000000
system{name="forgia_observability::lifecycle_sensor::obs_arena_bot_added"};C:\Users\Antoi\.cargo\registry\src\index.crates.io-1949cf8c6b5b557f\bevy_ecs-0.18.1\src\system\function_system.rs;52;2511;0.000001;40;62;55;107;9.488184
system{name="forgia_mode_roguelite::merchant::sys_apply_purchase"};C:\Users\Antoi\.cargo\registry\src\index.crates.io-1949cf8c6b5b557f\bevy_ecs-0.18.1\src\system\function_system.rs;52;16984308;0.009335;33826;502;150;25955;324.061847
system_commands{name="bevy_pbr::material_bind_groups::init_fallback_bindless_resources"};C:\Users\Antoi\.cargo\registry\src\index.crates.io-1949cf8c6b5b557f\bevy_ecs-0.18.1\src\system\function_system.rs;54;1949;0.000001;1;1949;1949;1949;0.000000
plugin build{plugin="bevy_render::render_phase::BinnedRenderPhasePlugin<bevy_core_pipeline::prepass::Opaque3dPrepass, bevy_pbr::render::mesh::MeshPipeline>"};C:\Users\Antoi\.cargo\registry\src\index.crates.io-1949cf8c6b5b557f\bevy_app-0.18.1\src\app.rs;529;23740;0.000013;1;23740;23740;23740;0.000000
plugin finish{plugin="bevy_ui_render::color_space::ColorSpacePlugin"};C:\Users\Antoi\.cargo\registry\src\index.crates.io-1949cf8c6b5b557f\bevy_app-0.18.1\src\app.rs;272;58;0.000000;1;58;58;58;0.000000
remove_joints_attached_to_rigid_body;C:\Users\Antoi\.cargo\registry\src\index.crates.io-1949cf8c6b5b557f\rapier3d-0.31.0\src\dynamics\joint\impulse_joint\impulse_joint_set.rs;454;13159;0.000007;127;103;48;334;72.932345
plugin cleanup{plugin="forgia_anim_debug::ForgiaAnimDebugPlugin"};C:\Users\Antoi\.cargo\registry\src\index.crates.io-1949cf8c6b5b557f\bevy_app-0.18.1\src\app.rs;292;56;0.000000;1;56;56;56;0.000000
system{name="bevy_pbr::render::morph::extract_morphs"};C:\Users\Antoi\.cargo\registry\src\index.crates.io-1949cf8c6b5b557f\bevy_ecs-0.18.1\src\system\function_system.rs;52;18816975;0.010342;37525;501;167;36766;431.775595
plugin cleanup{plugin="forgia_debug::ForgiaDebugPlugin"};C:\Users\Antoi\.cargo\registry\src\index.crates.io-1949cf8c6b5b557f\bevy_app-0.18.1\src\app.rs;292;83;0.000000;1;83;83;83;0.000000
system{name="bevy_asset::assets::Assets<bevy_image::image::Image>::asset_events"};C:\Users\Antoi\.cargo\registry\src\index.crates.io-1949cf8c6b5b557f\bevy_ecs-0.18.1\src\system\function_system.rs;52;3397801;0.001867;6517;521;203;60220;802.833677
asset loading{loader="bevy_gltf::loader::GltfLoader" asset="models/kaykit/dungeon/wall_broken.glb"};C:\Users\Antoi\.cargo\registry\src\index.crates.io-1949cf8c6b5b557f\bevy_asset-0.18.1\src\server\loaders.rs;332;4382960;0.002409;5;876592;446;4354811;1944397.820570
system{name="forgia_mode_roguelite::reset_wave_resource"};C:\Users\Antoi\.cargo\registry\src\index.crates.io-1949cf8c6b5b557f\bevy_ecs-0.18.1\src\system\function_system.rs;52;129;0.000000;1;129;129;129;0.000000
asset loading{loader="bevy_gltf::loader::GltfLoader" asset="models/environment/inferno/Coin_001.glb"};C:\Users\Antoi\.cargo\registry\src\index.crates.io-1949cf8c6b5b557f\bevy_asset-0.18.1\src\server\loaders.rs;332;3105506;0.001707;30;103516;104;703681;219734.883162
system_commands{name="bevy_core_pipeline::upscaling::prepare_view_upscaling_pipelines"};C:\Users\Antoi\.cargo\registry\src\index.crates.io-1949cf8c6b5b557f\bevy_ecs-0.18.1\src\system\function_system.rs;54;39692872;0.021815;37525;1057;366;179148;1684.385367
system{name="bevy_asset::server::handle_internal_asset_events"};C:\Users\Antoi\.cargo\registry\src\index.crates.io-1949cf8c6b5b557f\bevy_ecs-0.18.1\src\system\function_system.rs;52;93202430;0.051224;37525;2483;748;3368423;21487.004476
system{name="bevy_asset::assets::Assets<forgia_genome_core::Genome<forgia_fps::FpsTuning>>::asset_events"};C:\Users\Antoi\.cargo\registry\src\index.crates.io-1949cf8c6b5b557f\bevy_ecs-0.18.1\src\system\function_system.rs;52;877;0.000000;1;877;877;877;0.000000
system_commands{name="bevy_pbr::prepass::init_prepass_pipeline"};C:\Users\Antoi\.cargo\registry\src\index.crates.io-1949cf8c6b5b557f\bevy_ecs-0.18.1\src\system\function_system.rs;54;2614;0.000001;1;2614;2614;2614;0.000000
system_commands{name="bevy_sprite_render::mesh2d::mesh::prepare_mesh2d_view_bind_groups"};C:\Users\Antoi\.cargo\registry\src\index.crates.io-1949cf8c6b5b557f\bevy_ecs-0.18.1\src\system\function_system.rs;54;168546712;0.092634;37525;4491;2100;629341;4659.948774
plugin build{plugin="bevy_post_process::PostProcessPlugin"};C:\Users\Antoi\.cargo\registry\src\index.crates.io-1949cf8c6b5b557f\bevy_app-0.18.1\src\app.rs;529;4270343;0.002347;1;4270343;4270343;4270343;0.000000
plugin cleanup{plugin="bevy_render::pipelined_rendering::PipelinedRenderingPlugin"};C:\Users\Antoi\.cargo\registry\src\index.crates.io-1949cf8c6b5b557f\bevy_app-0.18.1\src\app.rs;292;49081;0.000027;1;49081;49081;49081;0.000000
system{name="bevy_pbr::render::mesh::collect_meshes_for_gpu_building"};C:\Users\Antoi\.cargo\registry\src\index.crates.io-1949cf8c6b5b557f\bevy_ecs-0.18.1\src\system\function_system.rs;52;365653438;0.200964;37525;9744;1682;130838;8161.482132
plugin build{plugin="forgia_killfeed::ForgiaKillfeedPlugin"};C:\Users\Antoi\.cargo\registry\src\index.crates.io-1949cf8c6b5b557f\bevy_app-0.18.1\src\app.rs;529;359709;0.000198;1;359709;359709;359709;0.000000
system{name="forgia_mode_roguelite::transform_hierarchy_sensor::sys_capture_transform_lag_roots"};C:\Users\Antoi\.cargo\registry\src\index.crates.io-1949cf8c6b5b557f\bevy_ecs-0.18.1\src\system\function_system.rs;52;12642404;0.006948;33826;373;100;94412;1174.336540
system{name="bevy_render::batching::gpu_preprocessing::collect_buffers_for_phase<bevy_core_pipeline::core_3d::Transparent3d, bevy_pbr::render::mesh::MeshPipeline>"};C:\Users\Antoi\.cargo\registry\src\index.crates.io-1949cf8c6b5b557f\bevy_ecs-0.18.1\src\system\function_system.rs;52;35849700;0.019703;37525;955;375;124644;1186.310501
asset loading{loader="bevy_image::image_loader::ImageLoader" asset="ui/menu_video/frame_0176.webp"};C:\Users\Antoi\.cargo\registry\src\index.crates.io-1949cf8c6b5b557f\bevy_asset-0.18.1\src\server\loaders.rs;332;15253562;0.008383;7;2179080;131;15211725;5746858.769679
system{name="bevy_app::terminal_ctrl_c_handler::TerminalCtrlCHandlerPlugin::exit_on_flag"};C:\Users\Antoi\.cargo\registry\src\index.crates.io-1949cf8c6b5b557f\bevy_ecs-0.18.1\src\system\function_system.rs;52;8126829;0.004467;37525;216;74;42169;261.795952
plugin cleanup{plugin="bevy_sprite_render::mesh2d::material::Material2dPlugin<bevy_sprite_render::tilemap_chunk::tilemap_chunk_material::TilemapChunkMaterial>"};C:\Users\Antoi\.cargo\registry\src\index.crates.io-1949cf8c6b5b557f\bevy_app-0.18.1\src\app.rs;292;56;0.000000;1;56;56;56;0.000000
system{name="bevy_pbr::atmosphere::resources::init_atmosphere_buffer"};C:\Users\Antoi\.cargo\registry\src\index.crates.io-1949cf8c6b5b557f\bevy_ecs-0.18.1\src\system\function_system.rs;52;757;0.000000;1;757;757;757;0.000000
system{name="bevy_sprite_render::render::extract_sprite_events"};C:\Users\Antoi\.cargo\registry\src\index.crates.io-1949cf8c6b5b557f\bevy_ecs-0.18.1\src\system\function_system.rs;52;11502797;0.006322;37525;306;113;90430;744.474988
plugin build{plugin="bevy_diagnostic::frame_count_diagnostics_plugin::FrameCountPlugin"};C:\Users\Antoi\.cargo\registry\src\index.crates.io-1949cf8c6b5b557f\bevy_app-0.18.1\src\app.rs;529;506595;0.000278;1;506595;506595;506595;0.000000
system{name="bevy_egui::setup_primary_egui_context_system"};C:\Users\Antoi\.cargo\registry\src\index.crates.io-1949cf8c6b5b557f\bevy_ecs-0.18.1\src\system\function_system.rs;52;35268176;0.019384;37526;939;314;2796121;14450.142936
plugin finish{plugin="bevy_render::sync_component::SyncComponentPlugin<bevy_light::directional_light::DirectionalLight>"};C:\Users\Antoi\.cargo\registry\src\index.crates.io-1949cf8c6b5b557f\bevy_app-0.18.1\src\app.rs;272;73;0.000000;1;73;73;73;0.000000
system{name="bevy_picking::input::PointerInputSettings::is_mouse_enabled"};C:\Users\Antoi\.cargo\registry\src\index.crates.io-1949cf8c6b5b557f\bevy_ecs-0.18.1\src\system\function_system.rs;52;4991221;0.002743;37525;133;60;7961;98.475115
asset loading{loader="bevy_image::image_loader::ImageLoader" asset="textures/pbr/jolcham_oak_bark_01/jolcham_oak_bark_01_diff_2k.ktx2"};C:\Users\Antoi\.cargo\registry\src\index.crates.io-1949cf8c6b5b557f\bevy_asset-0.18.1\src\server\loaders.rs;332;120528493;0.066243;4;30132123;90;120518649;60257683.876357
system{name="bevy_asset::assets::Assets<bevy_gltf::assets::Gltf>::track_assets"};C:\Users\Antoi\.cargo\registry\src\index.crates.io-1949cf8c6b5b557f\bevy_ecs-0.18.1\src\system\function_system.rs;52;62265447;0.034221;37525;1659;191;1201693;16407.512129
system_commands{name="bevy_core_pipeline::deferred::copy_lighting_id::init_copy_deferred_lighting_id_pipeline"};C:\Users\Antoi\.cargo\registry\src\index.crates.io-1949cf8c6b5b557f\bevy_ecs-0.18.1\src\system\function_system.rs;54;3573;0.000002;1;3573;3573;3573;0.000000
system{name="bevy_render::view::visibility::range::write_render_visibility_ranges"};C:\Users\Antoi\.cargo\registry\src\index.crates.io-1949cf8c6b5b557f\bevy_ecs-0.18.1\src\system\function_system.rs;52;9366394;0.005148;37525;249;92;18831;170.543359
asset loading{loader="bevy_gltf::loader::GltfLoader" asset="models/kaykit/hexagon/red/building_blacksmith_red.gltf"};C:\Users\Antoi\.cargo\registry\src\index.crates.io-1949cf8c6b5b557f\bevy_asset-0.18.1\src\server\loaders.rs;332;322518;0.000177;7;46074;87;190903;72820.412443
asset loading{loader="bevy_image::image_loader::ImageLoader" asset="ui/menu_video/frame_0240.webp"};C:\Users\Antoi\.cargo\registry\src\index.crates.io-1949cf8c6b5b557f\bevy_asset-0.18.1\src\server\loaders.rs;332;15773695;0.008669;6;2628949;204;15731377;6418854.800594
system{name="forgia_mode_roguelite::intro_dialogue::draw_intro_bubble"};C:\Users\Antoi\.cargo\registry\src\index.crates.io-1949cf8c6b5b557f\bevy_ecs-0.18.1\src\system\function_system.rs;52;51673731;0.028400;37525;1377;64;388254;5012.904139
asset loading{loader="bevy_shader::shader::ShaderLoader" asset="embedded://bevy_pbr\\atmosphere\\render_sky.wgsl"};C:\Users\Antoi\.cargo\registry\src\index.crates.io-1949cf8c6b5b557f\bevy_asset-0.18.1\src\server\loaders.rs;332;380295;0.000209;2;190147;109;380186;268755.024074
plugin build{plugin="forgia_ui_lib::hud::wave_counter::WaveCounterPlugin"};C:\Users\Antoi\.cargo\registry\src\index.crates.io-1949cf8c6b5b557f\bevy_app-0.18.1\src\app.rs;529;356119;0.000196;1;356119;356119;356119;0.000000
asset loading{loader="bevy_image::image_loader::ImageLoader" asset="ui/menu_video/frame_0137.webp"};C:\Users\Antoi\.cargo\registry\src\index.crates.io-1949cf8c6b5b557f\bevy_asset-0.18.1\src\server\loaders.rs;332;15099692;0.008299;6;2516615;99;15052432;6141275.330452
plugin build{plugin="bevy_sprite_render::mesh2d::color_material::ColorMaterialPlugin"};C:\Users\Antoi\.cargo\registry\src\index.crates.io-1949cf8c6b5b557f\bevy_app-0.18.1\src\app.rs;529;2483549;0.001365;1;2483549;2483549;2483549;0.000000
plugin finish{plugin="bevy_render::extract_component::ExtractComponentPlugin<bevy_core_pipeline::oit::OrderIndependentTransparencySettings>"};C:\Users\Antoi\.cargo\registry\src\index.crates.io-1949cf8c6b5b557f\bevy_app-0.18.1\src\app.rs;272;106;0.000000;1;106;106;106;0.000000
system_commands{name="forgia_mode_roguelite::render_quality::sys_apply_bloom"};C:\Users\Antoi\.cargo\registry\src\index.crates.io-1949cf8c6b5b557f\bevy_ecs-0.18.1\src\system\function_system.rs;54;3285217;0.001806;33826;97;52;61992;384.509272
system{name="bevy_ui_render::box_shadow::prepare_shadows"};C:\Users\Antoi\.cargo\registry\src\index.crates.io-1949cf8c6b5b557f\bevy_ecs-0.18.1\src\system\function_system.rs;52;290579611;0.159704;37525;7743;2023;644139;8286.292318
asset loading{loader="bevy_image::image_loader::ImageLoader" asset="ui/menu_video/frame_0046.webp"};C:\Users\Antoi\.cargo\registry\src\index.crates.io-1949cf8c6b5b557f\bevy_asset-0.18.1\src\server\loaders.rs;332;16377433;0.009001;5;3275486;93;16302458;7282328.762289
system{name="forgia_debug::poll_sensors_system"};C:\Users\Antoi\.cargo\registry\src\index.crates.io-1949cf8c6b5b557f\bevy_ecs-0.18.1\src\system\function_system.rs;52;12311546;0.006766;37525;328;94;89311;480.277909
system{name="bevy_core_pipeline::oit::check_msaa"};C:\Users\Antoi\.cargo\registry\src\index.crates.io-1949cf8c6b5b557f\bevy_ecs-0.18.1\src\system\function_system.rs;52;10753325;0.005910;37525;286;96;163602;983.276151
check_conditions{name="leafwing_input_manager::systems::update_action_state<forgia_input::PlayerAction>"};C:\Users\Antoi\.cargo\registry\src\index.crates.io-1949cf8c6b5b557f\bevy_ecs-0.18.1\src\schedule\executor\single_threaded.rs;83;30269851;0.016636;37525;806;56;418278;2633.234409
system{name="forgia_ui_lib::damage_direction::draw_damage_arcs"};C:\Users\Antoi\.cargo\registry\src\index.crates.io-1949cf8c6b5b557f\bevy_ecs-0.18.1\src\system\function_system.rs;52;11178690;0.006144;37525;297;70;75819;486.022813
system{name="forgia_ai_arena_bot::tactical::bot_separation"};C:\Users\Antoi\.cargo\registry\src\index.crates.io-1949cf8c6b5b557f\bevy_ecs-0.18.1\src\system\function_system.rs;52;33925865;0.018646;37525;904;256;82817;1059.531415
system{name="bevy_pbr::render::light::check_views_lights_need_specialization"};C:\Users\Antoi\.cargo\registry\src\index.crates.io-1949cf8c6b5b557f\bevy_ecs-0.18.1\src\system\function_system.rs;52;46736730;0.025687;37525;1245;178;73470;740.032900
system{name="bevy_render::batching::gpu_preprocessing::batch_and_prepare_binned_render_phase<bevy_core_pipeline::deferred::Opaque3dDeferred, bevy_pbr::render::mesh::MeshPipeline>"};C:\Users\Antoi\.cargo\registry\src\index.crates.io-1949cf8c6b5b557f\bevy_ecs-0.18.1\src\system\function_system.rs;52;25923814;0.014248;37525;690;241;270249;1658.558380
system{name="forgia_ui_lib::damage_direction::tick_damage_arcs"};C:\Users\Antoi\.cargo\registry\src\index.crates.io-1949cf8c6b5b557f\bevy_ecs-0.18.1\src\system\function_system.rs;52;8876713;0.004879;37525;236;78;37955;240.040180
plugin build{plugin="bevy_render::extract_component::UniformComponentPlugin<bevy_post_process::motion_blur::MotionBlurUniform>"};C:\Users\Antoi\.cargo\registry\src\index.crates.io-1949cf8c6b5b557f\bevy_app-0.18.1\src\app.rs;529;4600;0.000003;1;4600;4600;4600;0.000000
system{name="forgia_ui_lib::pause_menu::apply_vsync_to_window"};C:\Users\Antoi\.cargo\registry\src\index.crates.io-1949cf8c6b5b557f\bevy_ecs-0.18.1\src\system\function_system.rs;52;20118133;0.011057;37525;536;131;116868;920.974482
plugin cleanup{plugin="forgia_qa_replay::plugin::ForgiaQaReplayPlugin"};C:\Users\Antoi\.cargo\registry\src\index.crates.io-1949cf8c6b5b557f\bevy_app-0.18.1\src\app.rs;292;814;0.000000;1;814;814;814;0.000000
system_commands{name="forgia_mode_roguelite::ultimate_apply::sys_apply_ultimate_technique"};C:\Users\Antoi\.cargo\registry\src\index.crates.io-1949cf8c6b5b557f\bevy_ecs-0.18.1\src\system\function_system.rs;54;4508537;0.002478;33826;133;53;97312;821.033314
system{name="forgia_combat::combat_juice::trauma_decay_system"};C:\Users\Antoi\.cargo\registry\src\index.crates.io-1949cf8c6b5b557f\bevy_ecs-0.18.1\src\system\function_system.rs;52;6424285;0.003531;37525;171;75;50142;307.055973
system{name="forgia_rpg_data::shop::close_shop_sessions"};C:\Users\Antoi\.cargo\registry\src\index.crates.io-1949cf8c6b5b557f\bevy_ecs-0.18.1\src\system\function_system.rs;52;9337737;0.005132;37525;248;73;82095;548.453182
asset loading{loader="bevy_gltf::loader::GltfLoader" asset="models/kaykit/hexagon/red/building_home_B_red.gltf"};C:\Users\Antoi\.cargo\registry\src\index.crates.io-1949cf8c6b5b557f\bevy_asset-0.18.1\src\server\loaders.rs;332;414305;0.000228;9;46033;93;266291;85633.569180
system{name="bevy_sprite_render::text2d::extract_text2d_sprite"};C:\Users\Antoi\.cargo\registry\src\index.crates.io-1949cf8c6b5b557f\bevy_ecs-0.18.1\src\system\function_system.rs;52;57999994;0.031877;37525;1545;493;91041;1341.616715
asset loading{loader="bevy_shader::shader::ShaderLoader" asset="embedded://bevy_pbr\\prepass\\prepass_io.wgsl"};C:\Users\Antoi\.cargo\registry\src\index.crates.io-1949cf8c6b5b557f\bevy_asset-0.18.1\src\server\loaders.rs;332;105140;0.000058;2;52570;80;105060;74232.069889
asset loading{loader="bevy_image::image_loader::ImageLoader" asset="ui/menu_video/frame_0325.webp"};C:\Users\Antoi\.cargo\registry\src\index.crates.io-1949cf8c6b5b557f\bevy_asset-0.18.1\src\server\loaders.rs;332;16255385;0.008934;6;2709230;147;16219449;6618630.179225
plugin build{plugin="bevy_render::sync_component::SyncComponentPlugin<bevy_anti_alias::fxaa::Fxaa>"};C:\Users\Antoi\.cargo\registry\src\index.crates.io-1949cf8c6b5b557f\bevy_app-0.18.1\src\app.rs;529;748897;0.000412;1;748897;748897;748897;0.000000
plugin finish{plugin="bevy_pbr::prepass::PrepassPlugin"};C:\Users\Antoi\.cargo\registry\src\index.crates.io-1949cf8c6b5b557f\bevy_app-0.18.1\src\app.rs;272;64;0.000000;1;64;64;64;0.000000
system{name="bevy_window::system::exit_on_all_closed"};C:\Users\Antoi\.cargo\registry\src\index.crates.io-1949cf8c6b5b557f\bevy_ecs-0.18.1\src\system\function_system.rs;52;17362565;0.009543;37525;462;95;92251;653.847699
system{name="bevy_rapier3d::plugin::systems::writeback::writeback_mass_properties"};C:\Users\Antoi\.cargo\registry\src\index.crates.io-1949cf8c6b5b557f\bevy_ecs-0.18.1\src\system\function_system.rs;52;5100149;0.002803;11501;443;69;34925;392.149038
system{name="forgia_mode_roguelite::boss_portal::sys_flicker_portal_flames"};C:\Users\Antoi\.cargo\registry\src\index.crates.io-1949cf8c6b5b557f\bevy_ecs-0.18.1\src\system\function_system.rs;52;25415453;0.013968;33826;751;309;119994;933.669205
asset loading{loader="bevy_shader::shader::ShaderLoader" asset="embedded://bevy_pbr\\render/utils.wgsl"};C:\Users\Antoi\.cargo\registry\src\index.crates.io-1949cf8c6b5b557f\bevy_asset-0.18.1\src\server\loaders.rs;332;625398;0.000344;2;312699;154;625244;442005.377852
plugin cleanup{plugin="bevy_render::sync_component::SyncComponentPlugin<bevy_pbr::ssr::ScreenSpaceReflections>"};C:\Users\Antoi\.cargo\registry\src\index.crates.io-1949cf8c6b5b557f\bevy_app-0.18.1\src\app.rs;292;103;0.000000;1;103;103;103;0.000000
system{name="forgia_fps::pepin::sync_pepin_tuning"};C:\Users\Antoi\.cargo\registry\src\index.crates.io-1949cf8c6b5b557f\bevy_ecs-0.18.1\src\system\function_system.rs;52;18419472;0.010123;37525;490;123;103571;610.768877
system{name="forgia_mode_roguelite::status_vfx::sys_detach_poison_vfx"};C:\Users\Antoi\.cargo\registry\src\index.crates.io-1949cf8c6b5b557f\bevy_ecs-0.18.1\src\system\function_system.rs;52;13345815;0.007335;33826;394;132;132681;797.221304
system{name="forgia_mode_roguelite::waves::sys_wave_orchestrator"};C:\Users\Antoi\.cargo\registry\src\index.crates.io-1949cf8c6b5b557f\bevy_ecs-0.18.1\src\system\function_system.rs;52;20974840;0.011528;33826;620;192;192682;2203.340042
system{name="bevy_sprite::text2d::update_text2d_layout"};C:\Users\Antoi\.cargo\registry\src\index.crates.io-1949cf8c6b5b557f\bevy_ecs-0.18.1\src\system\function_system.rs;52;95649883;0.052570;37525;2548;892;9297674;48185.725889
system_commands{name="forgia_mode_roguelite::poi::sys_clear_poi_on_run_start"};C:\Users\Antoi\.cargo\registry\src\index.crates.io-1949cf8c6b5b557f\bevy_ecs-0.18.1\src\system\function_system.rs;54;2796977;0.001537;33826;82;50;50713;387.737450
system{name="forgia_enemy_nameplate::spawn_or_refresh_on_hit"};C:\Users\Antoi\.cargo\registry\src\index.crates.io-1949cf8c6b5b557f\bevy_ecs-0.18.1\src\system\function_system.rs;52;18604811;0.010225;37525;495;150;108689;775.157079
plugin build{plugin="bevy_render::render_phase::BinnedRenderPhasePlugin<bevy_core_pipeline::core_3d::Opaque3d, bevy_pbr::render::mesh::MeshPipeline>"};C:\Users\Antoi\.cargo\registry\src\index.crates.io-1949cf8c6b5b557f\bevy_app-0.18.1\src\app.rs;529;1592531;0.000875;1;1592531;1592531;1592531;0.000000
system_commands{name="forgia_stage::floor_merge::sys_drain_merge_spawn_queue"};C:\Users\Antoi\.cargo\registry\src\index.crates.io-1949cf8c6b5b557f\bevy_ecs-0.18.1\src\system\function_system.rs;54;3237163;0.001779;37525;86;51;34174;297.153917
par_for_each{query="(bevy_ecs::entity::Entity, &bevy_camera::visibility::InheritedVisibility, &mut bevy_camera::visibility::ViewVisibility, core::option::Option<&bevy_camera::visibility::VisibilityClass>, core::option::Option<&bevy_camera::visibility::render_layers::RenderLayers>, core::option::Option<&bevy_camera::primitives::Aabb>, &bevy_transform::components::global_transform::GlobalTransform, bevy_ecs::query::fetch::Has<bevy_camera::visibility::NoFrustumCulling>, bevy_ecs::query::fetch::Has<bevy_camera::visibility::range::VisibilityRange>)" filter="()"};C:\Users\Antoi\.cargo\registry\src\index.crates.io-1949cf8c6b5b557f\bevy_ecs-0.18.1\src\query\state.rs;246;5960813358;3.276084;13398276;444;64;1718769;868.805453
asset loading{loader="bevy_image::image_loader::ImageLoader" asset="ui/menu_video/frame_0173.webp"};C:\Users\Antoi\.cargo\registry\src\index.crates.io-1949cf8c6b5b557f\bevy_asset-0.18.1\src\server\loaders.rs;332;15362503;0.008443;6;2560417;176;15318680;6250252.665666
asset loading{loader="bevy_image::image_loader::ImageLoader" asset="ui/menu_video/frame_0002.webp"};C:\Users\Antoi\.cargo\registry\src\index.crates.io-1949cf8c6b5b557f\bevy_asset-0.18.1\src\server\loaders.rs;332;31930054;0.017549;11;2902732;120;16596372;6442735.018442
remove_collider;C:\Users\Antoi\.cargo\registry\src\index.crates.io-1949cf8c6b5b557f\rapier3d-0.31.0\src\geometry\narrow_phase.rs;336;94689;0.000052;275;344;64;4951;521.111407
system{name="forgia_mode_roguelite::parcours_obstacles::sys_obstacle_push"};C:\Users\Antoi\.cargo\registry\src\index.crates.io-1949cf8c6b5b557f\bevy_ecs-0.18.1\src\system\function_system.rs;52;34047318;0.018713;33826;1006;414;112229;1074.239027
plugin cleanup{plugin="forgia_rpg_data::dialogue::ForgiaDialoguePlugin"};C:\Users\Antoi\.cargo\registry\src\index.crates.io-1949cf8c6b5b557f\bevy_app-0.18.1\src\app.rs;292;55;0.000000;1;55;55;55;0.000000
system{name="forgia_mode_roguelite::identity::sys_init_identity"};C:\Users\Antoi\.cargo\registry\src\index.crates.io-1949cf8c6b5b557f\bevy_ecs-0.18.1\src\system\function_system.rs;52;428662;0.000236;1;428662;428662;428662;0.000000
system{name="bevy_post_process::bloom::upsampling_pipeline::prepare_upsampling_pipeline"};C:\Users\Antoi\.cargo\registry\src\index.crates.io-1949cf8c6b5b557f\bevy_ecs-0.18.1\src\system\function_system.rs;52;10453607;0.005745;37525;278;79;23284;231.631857
system{name="forgia_mode_roguelite::ultimate_apply::sys_reset_ultimate_tech_stats"};C:\Users\Antoi\.cargo\registry\src\index.crates.io-1949cf8c6b5b557f\bevy_ecs-0.18.1\src\system\function_system.rs;52;111;0.000000;1;111;111;111;0.000000
system{name="forgia_mode_roguelite::loot_room::sys_spin_portals"};C:\Users\Antoi\.cargo\registry\src\index.crates.io-1949cf8c6b5b557f\bevy_ecs-0.18.1\src\system\function_system.rs;52;17519871;0.009629;33826;517;198;44913;506.024018
system{name="bevy_pbr::ssao::extract_ssao_settings"};C:\Users\Antoi\.cargo\registry\src\index.crates.io-1949cf8c6b5b557f\bevy_ecs-0.18.1\src\system\function_system.rs;52;19842540;0.010906;37525;528;93;152366;888.084870
system_commands{name="forgia_mode_roguelite::toon_config::sys_apply_toon_settings"};C:\Users\Antoi\.cargo\registry\src\index.crates.io-1949cf8c6b5b557f\bevy_ecs-0.18.1\src\system\function_system.rs;54;2825214;0.001553;33826;83;50;17325;115.723598
system{name="forgia_observability::qa_bridge::sys_qa_health_bridge"};C:\Users\Antoi\.cargo\registry\src\index.crates.io-1949cf8c6b5b557f\bevy_ecs-0.18.1\src\system\function_system.rs;52;41726777;0.022933;37525;1111;154;191529;1481.542085
system_commands{name="forgia_mode_roguelite::shockwave::sys_shockwave_input"};C:\Users\Antoi\.cargo\registry\src\index.crates.io-1949cf8c6b5b557f\bevy_ecs-0.18.1\src\system\function_system.rs;54;3783409;0.002079;33826;111;51;99810;737.710280
system{name="forgia_mode_roguelite::decor::sys_drain_decor_queue"};C:\Users\Antoi\.cargo\registry\src\index.crates.io-1949cf8c6b5b557f\bevy_ecs-0.18.1\src\system\function_system.rs;52;10203462;0.005608;33826;301;94;14361;168.517103
system{name="bevy_render::erased_render_asset::prepare_erased_assets<bevy_pbr::mesh_material::MeshMaterial3d<bevy_pbr::extended_material::ExtendedMaterial<bevy_pbr::pbr_material::StandardMaterial, bevy_pbr::decal::forward::ForwardDecalMaterialExt>>>"};C:\Users\Antoi\.cargo\registry\src\index.crates.io-1949cf8c6b5b557f\bevy_ecs-0.18.1\src\system\function_system.rs;52;42029976;0.023100;37525;1120;473;156882;960.530878
system{name="forgia_mode_roguelite::shockwave::sys_tick_shockwave_cooldown"};C:\Users\Antoi\.cargo\registry\src\index.crates.io-1949cf8c6b5b557f\bevy_ecs-0.18.1\src\system\function_system.rs;52;7415692;0.004076;33826;219;85;43787;425.466924
system_commands{name="bevy_ui::accessibility::image_changed"};C:\Users\Antoi\.cargo\registry\src\index.crates.io-1949cf8c6b5b557f\bevy_ecs-0.18.1\src\system\function_system.rs;54;3875473;0.002130;37525;103;51;76227;520.467160
system{name="forgia_mode_roguelite::trempe::sys_write_trempe_sensor"};C:\Users\Antoi\.cargo\registry\src\index.crates.io-1949cf8c6b5b557f\bevy_ecs-0.18.1\src\system\function_system.rs;52;11796494;0.006483;37525;314;84;130344;921.830652
plugin finish{plugin="forgia_secondary_motion::ForgiaSecondaryMotionPlugin"};C:\Users\Antoi\.cargo\registry\src\index.crates.io-1949cf8c6b5b557f\bevy_app-0.18.1\src\app.rs;272;828;0.000000;1;828;828;828;0.000000
plugin cleanup{plugin="bevy_render::extract_resource::ExtractResourcePlugin<bevy_core_pipeline::tonemapping::TonemappingLuts>"};C:\Users\Antoi\.cargo\registry\src\index.crates.io-1949cf8c6b5b557f\bevy_app-0.18.1\src\app.rs;292;121;0.000000;1;121;121;121;0.000000
plugin build{plugin="bevy_pbr::medium::ScatteringMediumPlugin"};C:\Users\Antoi\.cargo\registry\src\index.crates.io-1949cf8c6b5b557f\bevy_app-0.18.1\src\app.rs;529;246410;0.000135;1;246410;246410;246410;0.000000
system_commands{name="bevy_core_pipeline::fullscreen_material::init_pipeline<forgia_postprocess::toon::ToonSettings>"};C:\Users\Antoi\.cargo\registry\src\index.crates.io-1949cf8c6b5b557f\bevy_ecs-0.18.1\src\system\function_system.rs;54;5035;0.000003;1;5035;5035;5035;0.000000
system{name="forgia_debug::draw_overlay_system"};C:\Users\Antoi\.cargo\registry\src\index.crates.io-1949cf8c6b5b557f\bevy_ecs-0.18.1\src\system\function_system.rs;52;17677138;0.009715;37525;471;103;121042;708.369696
system{name="bevy_sprite_render::mesh2d::material::extract_entities_needs_specialization<bevy_sprite_render::mesh2d::color_material::ColorMaterial>"};C:\Users\Antoi\.cargo\registry\src\index.crates.io-1949cf8c6b5b557f\bevy_ecs-0.18.1\src\system\function_system.rs;52;17553920;0.009648;37525;467;80;70421;509.774704
asset loading{loader="bevy_gltf::loader::GltfLoader" asset="models/kaykit/dungeon/floor_dirt.glb"};C:\Users\Antoi\.cargo\registry\src\index.crates.io-1949cf8c6b5b557f\bevy_asset-0.18.1\src\server\loaders.rs;332;4735638;0.002603;4;1183909;273;4729008;2363399.620975
remove_joints_attached_to_rigid_body;C:\Users\Antoi\.cargo\registry\src\index.crates.io-1949cf8c6b5b557f\rapier3d-0.31.0\src\dynamics\joint\multibody_joint\multibody_joint_set.rs;285;8778;0.000005;127;69;47;370;43.260837
asset loading{loader="bevy_image::image_loader::ImageLoader" asset="ui/menu_video/frame_0317.webp"};C:\Users\Antoi\.cargo\registry\src\index.crates.io-1949cf8c6b5b557f\bevy_asset-0.18.1\src\server\loaders.rs;332;17122993;0.009411;8;2140374;79;17086557;6039171.674714
node{name="bevy_render::render_graph::node::ViewNodeRunner<bevy_core_pipeline::upscaling::node::UpscalingNode>"};C:\Users\Antoi\.cargo\registry\src\index.crates.io-1949cf8c6b5b557f\bevy_render-0.18.1\src\renderer\graph_runner.rs;240;592039924;0.325387;112575;5259;396;443421;4114.879296
system{name="forgia_ai_arena_bot::tactical::write_bot_ai_sensor"};C:\Users\Antoi\.cargo\registry\src\index.crates.io-1949cf8c6b5b557f\bevy_ecs-0.18.1\src\system\function_system.rs;52;12631504;0.006942;37525;336;112;129485;963.184835
system{name="forgia_mode_roguelite::boons_apply::sys_sync_player_health_guard"};C:\Users\Antoi\.cargo\registry\src\index.crates.io-1949cf8c6b5b557f\bevy_ecs-0.18.1\src\system\function_system.rs;52;18605269;0.010226;33826;550;195;127449;839.139223
system_commands{name="bevy_render::extract_component::extract_components<bevy_render::gpu_readback::Readback>"};C:\Users\Antoi\.cargo\registry\src\index.crates.io-1949cf8c6b5b557f\bevy_ecs-0.18.1\src\system\function_system.rs;54;26668592;0.014657;37525;710;252;30746;284.615420
plugin build{plugin="bevy_render::extract_component::ExtractComponentPlugin<bevy_pbr::atmosphere::GpuAtmosphereSettings>"};C:\Users\Antoi\.cargo\registry\src\index.crates.io-1949cf8c6b5b557f\bevy_app-0.18.1\src\app.rs;529;11878;0.000007;1;11878;11878;11878;0.000000
system{name="bevy_gizmos::aabb::draw_aabbs"};C:\Users\Antoi\.cargo\registry\src\index.crates.io-1949cf8c6b5b557f\bevy_ecs-0.18.1\src\system\function_system.rs;52;26411037;0.014516;37525;703;171;129360;772.462513
asset loading{loader="bevy_image::image_loader::ImageLoader" asset="ui/menu_video/frame_0108.webp"};C:\Users\Antoi\.cargo\registry\src\index.crates.io-1949cf8c6b5b557f\bevy_asset-0.18.1\src\server\loaders.rs;332;15203813;0.008356;7;2171973;121;15149400;5722516.586050
system_commands{name="bevy_core_pipeline::skybox::prepare_skybox_bind_groups"};C:\Users\Antoi\.cargo\registry\src\index.crates.io-1949cf8c6b5b557f\bevy_ecs-0.18.1\src\system\function_system.rs;54;85854356;0.047186;37525;2287;1099;52835;865.361359
system_commands{name="bevy_post_process::bloom::upsampling_pipeline::init_bloom_upscaling_pipeline"};C:\Users\Antoi\.cargo\registry\src\index.crates.io-1949cf8c6b5b557f\bevy_ecs-0.18.1\src\system\function_system.rs;54;899;0.000000;1;899;899;899;0.000000
node{name="bevy_render::render_graph::node::EmptyNode"};C:\Users\Antoi\.cargo\registry\src\index.crates.io-1949cf8c6b5b557f\bevy_render-0.18.1\src\renderer\graph_runner.rs;240;44627361;0.024527;525350;84;50;88027;168.162702
system{name="forgia_observability::vram_sensor::sys_write_vram_sensor"};C:\Users\Antoi\.cargo\registry\src\index.crates.io-1949cf8c6b5b557f\bevy_ecs-0.18.1\src\system\function_system.rs;52;22167386;0.012183;37525;590;79;515110;10342.829878
system{name="bevy_egui::input::write_ime_messages_system"};C:\Users\Antoi\.cargo\registry\src\index.crates.io-1949cf8c6b5b557f\bevy_ecs-0.18.1\src\system\function_system.rs;52;15694506;0.008626;37525;418;151;56656;423.049305
asset loading{loader="bevy_image::image_loader::ImageLoader" asset="ui/menu_video/frame_0337.webp"};C:\Users\Antoi\.cargo\registry\src\index.crates.io-1949cf8c6b5b557f\bevy_asset-0.18.1\src\server\loaders.rs;332;14884136;0.008180;6;2480689;138;14846029;6057756.728651
plugin build{plugin="forgia_ui_lib::shop_panel::ForgiaUiShopPlugin"};C:\Users\Antoi\.cargo\registry\src\index.crates.io-1949cf8c6b5b557f\bevy_app-0.18.1\src\app.rs;529;5044;0.000003;1;5044;5044;5044;0.000000
system_commands{name="bevy_ui_render::extract_uinode_images"};C:\Users\Antoi\.cargo\registry\src\index.crates.io-1949cf8c6b5b557f\bevy_ecs-0.18.1\src\system\function_system.rs;54;3694038;0.002030;37525;98;51;34848;186.482084
asset loading{loader="bevy_image::image_loader::ImageLoader" asset="ui/menu_video/frame_0067.webp"};C:\Users\Antoi\.cargo\registry\src\index.crates.io-1949cf8c6b5b557f\bevy_asset-0.18.1\src\server\loaders.rs;332;16779914;0.009222;7;2397130;150;16733493;6321743.241667
plugin build{plugin="bevy_render::extract_component::ExtractComponentPlugin<bevy_anti_alias::fxaa::Fxaa>"};C:\Users\Antoi\.cargo\registry\src\index.crates.io-1949cf8c6b5b557f\bevy_app-0.18.1\src\app.rs;529;1434328;0.000788;1;1434328;1434328;1434328;0.000000
plugin finish{plugin="bevy_render::sync_component::SyncComponentPlugin<bevy_core_pipeline::tonemapping::DebandDither>"};C:\Users\Antoi\.cargo\registry\src\index.crates.io-1949cf8c6b5b557f\bevy_app-0.18.1\src\app.rs;272;51;0.000000;1;51;51;51;0.000000
plugin cleanup{plugin="forgia_prefab::ForgiaPrefabPlugin"};C:\Users\Antoi\.cargo\registry\src\index.crates.io-1949cf8c6b5b557f\bevy_app-0.18.1\src\app.rs;292;54;0.000000;1;54;54;54;0.000000
plugin cleanup{plugin="forgia_skeleton_template::SkeletonTemplatePlugin"};C:\Users\Antoi\.cargo\registry\src\index.crates.io-1949cf8c6b5b557f\bevy_app-0.18.1\src\app.rs;292;56;0.000000;1;56;56;56;0.000000
plugin cleanup{plugin="bevy_pbr::atmosphere::AtmospherePlugin"};C:\Users\Antoi\.cargo\registry\src\index.crates.io-1949cf8c6b5b557f\bevy_app-0.18.1\src\app.rs;292;133;0.000000;1;133;133;133;0.000000
asset loading{loader="bevy_image::image_loader::ImageLoader" asset="models\\kaykit\\medieval_hexagon\\buildings\\red\\hexagons_medieval.png"};C:\Users\Antoi\.cargo\registry\src\index.crates.io-1949cf8c6b5b557f\bevy_asset-0.18.1\src\server\loaders.rs;332;3923499;0.002156;4;980874;260;3906608;1950495.530900
system{name="forgia_mode_roguelite::mushrooms::sys_init_mushroom_genome"};C:\Users\Antoi\.cargo\registry\src\index.crates.io-1949cf8c6b5b557f\bevy_ecs-0.18.1\src\system\function_system.rs;52;2131973;0.001172;1;2131973;2131973;2131973;0.000000
plugin finish{plugin="forgia_core::ForgiaCorePlugin"};C:\Users\Antoi\.cargo\registry\src\index.crates.io-1949cf8c6b5b557f\bevy_app-0.18.1\src\app.rs;272;55;0.000000;1;55;55;55;0.000000
system_commands{name="forgia_mode_roguelite::toon_config::sys_init_toon_genome"};C:\Users\Antoi\.cargo\registry\src\index.crates.io-1949cf8c6b5b557f\bevy_ecs-0.18.1\src\system\function_system.rs;54;3368;0.000002;1;3368;3368;3368;0.000000
system{name="bevy_asset::assets::Assets<bevy_pbr::pbr_material::StandardMaterial>::track_assets"};C:\Users\Antoi\.cargo\registry\src\index.crates.io-1949cf8c6b5b557f\bevy_ecs-0.18.1\src\system\function_system.rs;52;44267519;0.024330;37525;1179;105;1052062;12950.090336
plugin finish{plugin="bevy_pbr::decal::clustered::ClusteredDecalPlugin"};C:\Users\Antoi\.cargo\registry\src\index.crates.io-1949cf8c6b5b557f\bevy_app-0.18.1\src\app.rs;272;55;0.000000;1;55;55;55;0.000000
command_buffer_generation_tasks;C:\Users\Antoi\.cargo\registry\src\index.crates.io-1949cf8c6b5b557f\bevy_render-0.18.1\src\renderer\mod.rs;610;6275056943;3.448794;37525;167223;64382;57384677;594453.968925
schedule{name=PreStartup};C:\Users\Antoi\.cargo\registry\src\index.crates.io-1949cf8c6b5b557f\bevy_ecs-0.18.1\src\schedule\schedule.rs;532;1249333;0.000687;1;1249333;1249333;1249333;0.000000
run_graph{name="SubGraphUi"};C:\Users\Antoi\.cargo\registry\src\index.crates.io-1949cf8c6b5b557f\bevy_render-0.18.1\src\renderer\graph_runner.rs;121;316963002;0.174204;112575;2815;1103;97832;1282.325470
system{name="bevy_core_pipeline::experimental::mip_generation::create_downsample_depth_pipelines"};C:\Users\Antoi\.cargo\registry\src\index.crates.io-1949cf8c6b5b557f\bevy_ecs-0.18.1\src\system\function_system.rs;52;9621605;0.005288;37525;256;87;27705;263.672491
system{name="bevy_ui_render::ui_texture_slice_pipeline::init_ui_texture_slice_pipeline"};C:\Users\Antoi\.cargo\registry\src\index.crates.io-1949cf8c6b5b557f\bevy_ecs-0.18.1\src\system\function_system.rs;52;198638;0.000109;1;198638;198638;198638;0.000000
asset loading{loader="bevy_image::image_loader::ImageLoader" asset="ui/menu_video/frame_0020.webp"};C:\Users\Antoi\.cargo\registry\src\index.crates.io-1949cf8c6b5b557f\bevy_asset-0.18.1\src\server\loaders.rs;332;28238426;0.015520;14;2017030;74;14540730;5115676.938466
system{name="forgia_ui::sys_auto_start_when_warm"};C:\Users\Antoi\.cargo\registry\src\index.crates.io-1949cf8c6b5b557f\bevy_ecs-0.18.1\src\system\function_system.rs;52;24036;0.000013;91;264;106;806;122.867589
system{name="forgia_juice_screen_flash::sync_screen_flash_tuning"};C:\Users\Antoi\.cargo\registry\src\index.crates.io-1949cf8c6b5b557f\bevy_ecs-0.18.1\src\system\function_system.rs;52;14348217;0.007886;37525;382;113;374195;2132.874188
system_commands{name="forgia_mode_roguelite::merchant::sys_apply_purchase"};C:\Users\Antoi\.cargo\registry\src\index.crates.io-1949cf8c6b5b557f\bevy_ecs-0.18.1\src\system\function_system.rs;54;5527347;0.003038;33826;163;55;166398;1257.459277
asset loading{loader="bevy_image::image_loader::ImageLoader" asset="ui/menu_video/frame_0073.webp"};C:\Users\Antoi\.cargo\registry\src\index.crates.io-1949cf8c6b5b557f\bevy_asset-0.18.1\src\server\loaders.rs;332;15317238;0.008418;6;2552873;175;15260891;6225638.500896
plugin cleanup{plugin="bevy_render::extract_resource::ExtractResourcePlugin<bevy_pbr::material::DefaultOpaqueRendererMethod>"};C:\Users\Antoi\.cargo\registry\src\index.crates.io-1949cf8c6b5b557f\bevy_app-0.18.1\src\app.rs;292;56;0.000000;1;56;56;56;0.000000
plugin finish{plugin="bevy_render::extract_component::ExtractComponentPlugin<bevy_pbr::deferred::PbrDeferredLightingDepthId>"};C:\Users\Antoi\.cargo\registry\src\index.crates.io-1949cf8c6b5b557f\bevy_app-0.18.1\src\app.rs;272;146;0.000000;1;146;146;146;0.000000
asset loading{loader="bevy_gltf::loader::GltfLoader" asset="models/environment/inferno/Gear_002.glb"};C:\Users\Antoi\.cargo\registry\src\index.crates.io-1949cf8c6b5b557f\bevy_asset-0.18.1\src\server\loaders.rs;332;8343963;0.004586;6;1390660;341;8311649;3390585.017059
system_commands{name="forgia_worldgen::sys_load_registry"};C:\Users\Antoi\.cargo\registry\src\index.crates.io-1949cf8c6b5b557f\bevy_ecs-0.18.1\src\system\function_system.rs;54;1800;0.000001;1;1800;1800;1800;0.000000
plugin build{plugin="bevy_render::render_phase::SortedRenderPhasePlugin<bevy_core_pipeline::core_3d::Transmissive3d, bevy_pbr::render::mesh::MeshPipeline>"};C:\Users\Antoi\.cargo\registry\src\index.crates.io-1949cf8c6b5b557f\bevy_app-0.18.1\src\app.rs;529;338677;0.000186;1;338677;338677;338677;0.000000
system{name="forgia_mode_roguelite::defense::sys_write_shield_sensor"};C:\Users\Antoi\.cargo\registry\src\index.crates.io-1949cf8c6b5b557f\bevy_ecs-0.18.1\src\system\function_system.rs;52;13538279;0.007441;33826;400;123;75162;741.563739
plugin finish{plugin="bevy_render::sync_component::SyncComponentPlugin<bevy_core_pipeline::skybox::Skybox>"};C:\Users\Antoi\.cargo\registry\src\index.crates.io-1949cf8c6b5b557f\bevy_app-0.18.1\src\app.rs;272;60;0.000000;1;60;60;60;0.000000
system{name="forgia_observability::entities_sensor::sys_write_entities_sensor"};C:\Users\Antoi\.cargo\registry\src\index.crates.io-1949cf8c6b5b557f\bevy_ecs-0.18.1\src\system\function_system.rs;52;17653319;0.009702;37525;470;101;98937;616.670772
asset loading{loader="bevy_shader::shader::ShaderLoader" asset="embedded://bevy_core_pipeline\\skybox\\skybox_prepass.wgsl"};C:\Users\Antoi\.cargo\registry\src\index.crates.io-1949cf8c6b5b557f\bevy_asset-0.18.1\src\server\loaders.rs;332;82857;0.000046;2;41428;93;82764;58457.224712
node{name="bevy_render::render_graph::node::ViewNodeRunner<bevy_core_pipeline::fullscreen_material::FullscreenMaterialNode<forgia_postprocess::toon::ToonSettings>>"};C:\Users\Antoi\.cargo\registry\src\index.crates.io-1949cf8c6b5b557f\bevy_render-0.18.1\src\renderer\graph_runner.rs;240;341130260;0.187486;67652;5042;62;169884;5407.290668
system{name="forgia_mode_roguelite::forge_shop::sys_forge_shop_cursor"};C:\Users\Antoi\.cargo\registry\src\index.crates.io-1949cf8c6b5b557f\bevy_ecs-0.18.1\src\system\function_system.rs;52;6931894;0.003810;33826;204;62;13935;136.322013
asset loading{loader="bevy_gltf::loader::GltfLoader" asset="models/environment/inferno/Brazier_002.glb"};C:\Users\Antoi\.cargo\registry\src\index.crates.io-1949cf8c6b5b557f\bevy_asset-0.18.1\src\server\loaders.rs;332;7971045;0.004381;5;1594209;377;7727660;3430133.596612
asset loading{loader="bevy_image::image_loader::ImageLoader" asset="ui/menu_video/frame_0094.webp"};C:\Users\Antoi\.cargo\registry\src\index.crates.io-1949cf8c6b5b557f\bevy_asset-0.18.1\src\server\loaders.rs;332;15247849;0.008380;7;2178264;87;15204547;5744053.421705
asset loading{loader="bevy_gltf::loader::GltfLoader" asset="models/kaykit/hexagon/neutral/building_destroyed.gltf"};C:\Users\Antoi\.cargo\registry\src\index.crates.io-1949cf8c6b5b557f\bevy_asset-0.18.1\src\server\loaders.rs;332;337255;0.000185;7;48179;77;202473;80017.394938
system_commands{name="bevy_state::state_scoped::despawn_entities_on_exit_state<forgia_core::states::AppMode>"};C:\Users\Antoi\.cargo\registry\src\index.crates.io-1949cf8c6b5b557f\bevy_ecs-0.18.1\src\system\function_system.rs;54;2347011;0.001290;37526;62;50;99052;511.266904
system_commands{name="bevy_render::extract_component::extract_components<bevy_pbr::fog::DistanceFog>"};C:\Users\Antoi\.cargo\registry\src\index.crates.io-1949cf8c6b5b557f\bevy_ecs-0.18.1\src\system\function_system.rs;54;39076501;0.021477;37525;1041;213;86199;727.444406
system_commands{name="bevy_pbr::atmosphere::environment::init_atmosphere_probe_pipeline"};C:\Users\Antoi\.cargo\registry\src\index.crates.io-1949cf8c6b5b557f\bevy_ecs-0.18.1\src\system\function_system.rs;54;1013;0.000001;1;1013;1013;1013;0.000000
system{name="forgia_ui::menu_video::menu_video_tick"};C:\Users\Antoi\.cargo\registry\src\index.crates.io-1949cf8c6b5b557f\bevy_ecs-0.18.1\src\system\function_system.rs;52;5723758;0.003146;37525;152;67;75832;409.062798
plugin finish;C:\Users\Antoi\.cargo\registry\src\index.crates.io-1949cf8c6b5b557f\bevy_app-0.18.1\src\app.rs;264;36402843;0.020007;1;36402843;36402843;36402843;0.000000
system{name="bevy_state::state_scoped::despawn_entities_on_exit_state<forgia_mode_roguelite::run::RunState>"};C:\Users\Antoi\.cargo\registry\src\index.crates.io-1949cf8c6b5b557f\bevy_ecs-0.18.1\src\system\function_system.rs;52;13940372;0.007662;37526;371;103;31885;233.095728
system_commands{name="bevy_pbr::atmosphere::environment::prepare_probe_textures"};C:\Users\Antoi\.cargo\registry\src\index.crates.io-1949cf8c6b5b557f\bevy_ecs-0.18.1\src\system\function_system.rs;54;3829196;0.002105;37525;102;50;7769;51.404132
system{name="bevy_asset::assets::Assets<forgia_genome_core::Genome<forgia_damage::HitFeedbackTuning>>::asset_events"};C:\Users\Antoi\.cargo\registry\src\index.crates.io-1949cf8c6b5b557f\bevy_ecs-0.18.1\src\system\function_system.rs;52;389;0.000000;1;389;389;389;0.000000
asset loading{loader="bevy_gltf::loader::GltfLoader" asset="models/environment/inferno/TowerBig_001.glb"};C:\Users\Antoi\.cargo\registry\src\index.crates.io-1949cf8c6b5b557f\bevy_asset-0.18.1\src\server\loaders.rs;332;32099058;0.017642;5;6419811;180;32005732;14303009.625367
system{name="bevy_asset::assets::Assets<forgia_genome_core::Genome<forgia_ui_lib::hud::barks::BarkGenome>>::asset_events_condition"};C:\Users\Antoi\.cargo\registry\src\index.crates.io-1949cf8c6b5b557f\bevy_ecs-0.18.1\src\system\function_system.rs;52;3211572;0.001765;37525;85;53;17914;103.989436
system{name="forgia_mode_roguelite::poi::sys_clear_poi_on_run_start"};C:\Users\Antoi\.cargo\registry\src\index.crates.io-1949cf8c6b5b557f\bevy_ecs-0.18.1\src\system\function_system.rs;52;17976868;0.009880;33826;531;174;68662;632.364627
plugin cleanup{plugin="bevy_render::render_asset::RenderAssetPlugin<bevy_render::storage::GpuShaderStorageBuffer>"};C:\Users\Antoi\.cargo\registry\src\index.crates.io-1949cf8c6b5b557f\bevy_app-0.18.1\src\app.rs;292;102;0.000000;1;102;102;102;0.000000
asset loading{loader="bevy_shader::shader::ShaderLoader" asset="embedded://bevy_render\\view\\view.wgsl"};C:\Users\Antoi\.cargo\registry\src\index.crates.io-1949cf8c6b5b557f\bevy_asset-0.18.1\src\server\loaders.rs;332;14322290;0.007872;2;7161145;158;14322132;10127164.935377
plugin cleanup{plugin="forgia_mode_roguelite::forge_shop::RogueliteForgeShopPlugin"};C:\Users\Antoi\.cargo\registry\src\index.crates.io-1949cf8c6b5b557f\bevy_app-0.18.1\src\app.rs;292;61;0.000000;1;61;61;61;0.000000
asset loading{loader="bevy_image::image_loader::ImageLoader" asset="ui/menu_video/frame_0164.webp"};C:\Users\Antoi\.cargo\registry\src\index.crates.io-1949cf8c6b5b557f\bevy_asset-0.18.1\src\server\loaders.rs;332;15495174;0.008516;7;2213596;109;15440377;5832466.219876
plugin build{plugin="bevy_render::render_phase::BinnedRenderPhasePlugin<bevy_core_pipeline::core_3d::AlphaMask3d, bevy_pbr::render::mesh::MeshPipeline>"};C:\Users\Antoi\.cargo\registry\src\index.crates.io-1949cf8c6b5b557f\bevy_app-0.18.1\src\app.rs;529;397242;0.000218;1;397242;397242;397242;0.000000
system{name="forgia_mode_roguelite::run::sys_end_run"};C:\Users\Antoi\.cargo\registry\src\index.crates.io-1949cf8c6b5b557f\bevy_ecs-0.18.1\src\system\function_system.rs;52;11956608;0.006571;33826;353;110;78728;675.727492
asset loading{loader="bevy_image::image_loader::ImageLoader" asset="ui/menu_video/frame_0328.webp"};C:\Users\Antoi\.cargo\registry\src\index.crates.io-1949cf8c6b5b557f\bevy_asset-0.18.1\src\server\loaders.rs;332;20106809;0.011051;6;3351134;144;20053850;8182632.354480
system{name="bevy_state::state::transitions::last_transition<forgia_core::states::GameMode>"};C:\Users\Antoi\.cargo\registry\src\index.crates.io-1949cf8c6b5b557f\bevy_ecs-0.18.1\src\system\function_system.rs;52;8475466;0.004658;112578;75;53;52007;198.410925
system{name="bevy_render::globals::extract_time"};C:\Users\Antoi\.cargo\registry\src\index.crates.io-1949cf8c6b5b557f\bevy_ecs-0.18.1\src\system\function_system.rs;52;7521056;0.004134;37525;200;75;6151;117.626314
asset loading{loader="bevy_image::image_loader::ImageLoader" asset="ui/menu_video/frame_0275.webp"};C:\Users\Antoi\.cargo\registry\src\index.crates.io-1949cf8c6b5b557f\bevy_asset-0.18.1\src\server\loaders.rs;332;15064939;0.008280;5;3012987;183;15016249;6710033.616321
system{name="bevy_render::render_asset::extract_render_asset_bytes_per_frame"};C:\Users\Antoi\.cargo\registry\src\index.crates.io-1949cf8c6b5b557f\bevy_ecs-0.18.1\src\system\function_system.rs;52;9474862;0.005207;37525;252;79;12283;208.018629
system{name="forgia_ui::block_look_off"};C:\Users\Antoi\.cargo\registry\src\index.crates.io-1949cf8c6b5b557f\bevy_ecs-0.18.1\src\system\function_system.rs;52;111367;0.000061;1;111367;111367;111367;0.000000
asset loading{loader="bevy_shader::shader::ShaderLoader" asset="embedded://bevy_pbr\\light_probe\\irradiance_volume.wgsl"};C:\Users\Antoi\.cargo\registry\src\index.crates.io-1949cf8c6b5b557f\bevy_asset-0.18.1\src\server\loaders.rs;332;126073;0.000069;2;63036;74;125999;89042.421424
system_commands{name="bevy_pbr::render::skin::no_automatic_skin_batching"};C:\Users\Antoi\.cargo\registry\src\index.crates.io-1949cf8c6b5b557f\bevy_ecs-0.18.1\src\system\function_system.rs;54;33468132;0.018394;37525;891;239;81337;848.298296
system{name="forgia_mode_roguelite::audio::sys_init_audio_genome"};C:\Users\Antoi\.cargo\registry\src\index.crates.io-1949cf8c6b5b557f\bevy_ecs-0.18.1\src\system\function_system.rs;52;245685;0.000135;1;245685;245685;245685;0.000000
system_commands{name="forgia_viewmodel::arms::spawn_arms"};C:\Users\Antoi\.cargo\registry\src\index.crates.io-1949cf8c6b5b557f\bevy_ecs-0.18.1\src\system\function_system.rs;54;3492444;0.001919;33826;103;50;84415;475.911313
asset loading{loader="bevy_image::image_loader::ImageLoader" asset="ui/menu_video/frame_0133.webp"};C:\Users\Antoi\.cargo\registry\src\index.crates.io-1949cf8c6b5b557f\bevy_asset-0.18.1\src\server\loaders.rs;332;15475854;0.008506;6;2579309;136;15431856;6296439.517187
system{name="bevy_ecs::schedule::condition::common_conditions::resource_exists<bevy_diagnostic::diagnostic::DiagnosticsStore>"};C:\Users\Antoi\.cargo\registry\src\index.crates.io-1949cf8c6b5b557f\bevy_ecs-0.18.1\src\system\function_system.rs;52;6108411;0.003357;37525;162;59;51235;288.632114
system{name="forgia_player::track_player_speed"};C:\Users\Antoi\.cargo\registry\src\index.crates.io-1949cf8c6b5b557f\bevy_ecs-0.18.1\src\system\function_system.rs;52;4513675;0.002481;10455;431;137;16456;290.919648
asset loading{loader="bevy_image::image_loader::ImageLoader" asset="ui/menu_video/frame_0269.webp"};C:\Users\Antoi\.cargo\registry\src\index.crates.io-1949cf8c6b5b557f\bevy_asset-0.18.1\src\server\loaders.rs;332;15338506;0.008430;5;3067701;151;15297517;6836679.852137
system{name="bevy_hanabi::render::allocate_effects"};C:\Users\Antoi\.cargo\registry\src\index.crates.io-1949cf8c6b5b557f\bevy_ecs-0.18.1\src\system\function_system.rs;52;37753208;0.020749;37525;1006;390;3543205;18343.615234
asset loading{loader="bevy_image::image_loader::ImageLoader" asset="ui/menu_video/frame_0148.webp"};C:\Users\Antoi\.cargo\registry\src\index.crates.io-1949cf8c6b5b557f\bevy_asset-0.18.1\src\server\loaders.rs;332;16533926;0.009087;6;2755654;101;16491371;6729102.237889
system{name="bevy_animation::graph::thread_animation_graphs"};C:\Users\Antoi\.cargo\registry\src\index.crates.io-1949cf8c6b5b557f\bevy_ecs-0.18.1\src\system\function_system.rs;52;19540812;0.010740;37525;520;197;62406;503.438883
system{name="bevy_egui::input::write_window_touch_messages_system"};C:\Users\Antoi\.cargo\registry\src\index.crates.io-1949cf8c6b5b557f\bevy_ecs-0.18.1\src\system\function_system.rs;52;19412215;0.010669;37525;517;200;12640;203.462118
system{name="bevy_egui::input::write_modifiers_keys_state_system"};C:\Users\Antoi\.cargo\registry\src\index.crates.io-1949cf8c6b5b557f\bevy_ecs-0.18.1\src\system\function_system.rs;52;10404639;0.005718;37525;277;108;12000;108.909625
system{name="bevy_text::pipeline::trim_cosmic_cache"};C:\Users\Antoi\.cargo\registry\src\index.crates.io-1949cf8c6b5b557f\bevy_ecs-0.18.1\src\system\function_system.rs;52;13779473;0.007573;37525;367;113;124471;937.326068
system{name="forgia_mode_roguelite::parcours_obstacles::sys_hot_reload_obstacle_genome"};C:\Users\Antoi\.cargo\registry\src\index.crates.io-1949cf8c6b5b557f\bevy_ecs-0.18.1\src\system\function_system.rs;52;19607661;0.010776;33826;579;96;112158;4353.207888
plugin finish{plugin="forgia_juice_lib::camera_shake::ForgiaJuiceCameraShakePlugin"};C:\Users\Antoi\.cargo\registry\src\index.crates.io-1949cf8c6b5b557f\bevy_app-0.18.1\src\app.rs;272;53;0.000000;1;53;53;53;0.000000
system{name="bevy_asset::assets::Assets<forgia_genome_core::Genome<forgia_ui_lib::damage_direction::tuning::DamageDirTuning>>::asset_events_condition"};C:\Users\Antoi\.cargo\registry\src\index.crates.io-1949cf8c6b5b557f\bevy_ecs-0.18.1\src\system\function_system.rs;52;3642731;0.002002;37525;97;53;12256;95.263587
system{name="forgia_qa_core::plugin::drain_metric_messages_to_bus"};C:\Users\Antoi\.cargo\registry\src\index.crates.io-1949cf8c6b5b557f\bevy_ecs-0.18.1\src\system\function_system.rs;52;9902937;0.005443;37525;263;87;32344;213.704786
system{name="forgia_ai_arena_bot::tactical::bot_perception_alert"};C:\Users\Antoi\.cargo\registry\src\index.crates.io-1949cf8c6b5b557f\bevy_ecs-0.18.1\src\system\function_system.rs;52;19894212;0.010934;37525;530;145;277582;1487.773605
system{name="<leafwing_input_manager::user_input::mouse::MouseScroll as leafwing_input_manager::user_input::updating::UpdatableInput>::compute"};C:\Users\Antoi\.cargo\registry\src\index.crates.io-1949cf8c6b5b557f\bevy_ecs-0.18.1\src\system\function_system.rs;52;29262919;0.016083;37525;779;154;95078;588.302172
asset loading{loader="bevy_image::image_loader::ImageLoader" asset="ui/menu_video/frame_0194.webp"};C:\Users\Antoi\.cargo\registry\src\index.crates.io-1949cf8c6b5b557f\bevy_asset-0.18.1\src\server\loaders.rs;332;15176775;0.008341;5;3035355;117;15141342;6767456.137853
plugin build{plugin="forgia_mode_roguelite::identity::IdentityPlugin"};C:\Users\Antoi\.cargo\registry\src\index.crates.io-1949cf8c6b5b557f\bevy_app-0.18.1\src\app.rs;529;9677863;0.005319;1;9677863;9677863;9677863;0.000000
plugin build{plugin="forgia_rpg_data::xp_curves::ForgiaXpCurvesPlugin"};C:\Users\Antoi\.cargo\registry\src\index.crates.io-1949cf8c6b5b557f\bevy_app-0.18.1\src\app.rs;529;12404;0.000007;1;12404;12404;12404;0.000000
system{name="forgia_mode_roguelite::trempe::sys_hot_reload_trempe"};C:\Users\Antoi\.cargo\registry\src\index.crates.io-1949cf8c6b5b557f\bevy_ecs-0.18.1\src\system\function_system.rs;52;13040975;0.007167;33826;385;85;113144;2281.181237
plugin build{plugin="bevy_render::sync_component::SyncComponentPlugin<bevy_anti_alias::taa::TemporalAntiAliasing>"};C:\Users\Antoi\.cargo\registry\src\index.crates.io-1949cf8c6b5b557f\bevy_app-0.18.1\src\app.rs;529;7110;0.000004;1;7110;7110;7110;0.000000
system_commands{name="forgia_ui::spawn_menu_camera_permanent"};C:\Users\Antoi\.cargo\registry\src\index.crates.io-1949cf8c6b5b557f\bevy_ecs-0.18.1\src\system\function_system.rs;54;235791;0.000130;1;235791;235791;235791;0.000000
plugin finish{plugin="forgia_mode_roguelite::ForgiaModeRoguelitePlugin"};C:\Users\Antoi\.cargo\registry\src\index.crates.io-1949cf8c6b5b557f\bevy_app-0.18.1\src\app.rs;272;115;0.000000;1;115;115;115;0.000000
plugin build{plugin="forgia_viewmodel::calibration_sensor::ForgiaViewmodelCalibrationPlugin"};C:\Users\Antoi\.cargo\registry\src\index.crates.io-1949cf8c6b5b557f\bevy_app-0.18.1\src\app.rs;529;3637;0.000002;1;3637;3637;3637;0.000000
plugin finish{plugin="bevy_state::app::StatesPlugin"};C:\Users\Antoi\.cargo\registry\src\index.crates.io-1949cf8c6b5b557f\bevy_app-0.18.1\src\app.rs;272;55;0.000000;1;55;55;55;0.000000
system{name="forgia_viewmodel::pose::update_ads_progress"};C:\Users\Antoi\.cargo\registry\src\index.crates.io-1949cf8c6b5b557f\bevy_ecs-0.18.1\src\system\function_system.rs;52;14506959;0.007973;33826;428;124;35127;386.070328
system_commands{name="bevy_picking::input::spawn_mouse_pointer"};C:\Users\Antoi\.cargo\registry\src\index.crates.io-1949cf8c6b5b557f\bevy_ecs-0.18.1\src\system\function_system.rs;54;1407610;0.000774;1;1407610;1407610;1407610;0.000000
system{name="forgia_effects::mesh_fader::mesh_fader_debug_sensor"};C:\Users\Antoi\.cargo\registry\src\index.crates.io-1949cf8c6b5b557f\bevy_ecs-0.18.1\src\system\function_system.rs;52;21803031;0.011983;37525;581;197;154850;1196.413864
system{name="bevy_asset::assets::Assets<forgia_genome_core::Genome<forgia_player::PlayerMovementTuning>>::track_assets"};C:\Users\Antoi\.cargo\registry\src\index.crates.io-1949cf8c6b5b557f\bevy_ecs-0.18.1\src\system\function_system.rs;52;51846156;0.028495;37525;1381;160;1159162;11917.826326
system{name="forgia_viewmodel::fade::identify_viewmodel_faders"};C:\Users\Antoi\.cargo\registry\src\index.crates.io-1949cf8c6b5b557f\bevy_ecs-0.18.1\src\system\function_system.rs;52;19927980;0.010952;33826;589;218;440284;2455.203277
system{name="bevy_pbr::light_probe::gather_environment_map_uniform"};C:\Users\Antoi\.cargo\registry\src\index.crates.io-1949cf8c6b5b557f\bevy_ecs-0.18.1\src\system\function_system.rs;52;31888588;0.017526;37525;849;254;57290;580.817425
system{name="forgia_ui_lib::hud::barks::load_bark_genome"};C:\Users\Antoi\.cargo\registry\src\index.crates.io-1949cf8c6b5b557f\bevy_ecs-0.18.1\src\system\function_system.rs;52;1212079;0.000666;1;1212079;1212079;1212079;0.000000
asset loading{loader="bevy_image::image_loader::ImageLoader" asset="ui/menu_video/frame_0239.webp"};C:\Users\Antoi\.cargo\registry\src\index.crates.io-1949cf8c6b5b557f\bevy_asset-0.18.1\src\server\loaders.rs;332;16107823;0.008853;7;2301117;94;16031414;6054507.486543
function_scope{epaint::text::text_layout_types::Galley::concat};C:\Users\Antoi\.cargo\registry\src\index.crates.io-1949cf8c6b5b557f\epaint-0.33.3\src\text\text_layout_types.rs;846;30037;0.000017;12;2503;1422;4721;812.403113
system_commands{name="bevy_audio::audio_output::cleanup_finished_audio<bevy_audio::audio_source::AudioSource>"};C:\Users\Antoi\.cargo\registry\src\index.crates.io-1949cf8c6b5b557f\bevy_ecs-0.18.1\src\system\function_system.rs;54;3823162;0.002101;37525;101;50;102720;538.986156
plugin build{plugin="bevy_gizmos::GizmoPlugin"};C:\Users\Antoi\.cargo\registry\src\index.crates.io-1949cf8c6b5b557f\bevy_app-0.18.1\src\app.rs;529;2216980;0.001218;1;2216980;2216980;2216980;0.000000
system{name="bevy_asset::assets::Assets<forgia_genome_core::Genome<forgia_mode_fps_arena::wave::ArenaWavesGenome>>::asset_events_condition"};C:\Users\Antoi\.cargo\registry\src\index.crates.io-1949cf8c6b5b557f\bevy_ecs-0.18.1\src\system\function_system.rs;52;4688778;0.002577;37525;124;57;40949;227.114149
system_commands{name="forgia_killfeed::tuning::load_killfeed_tuning"};C:\Users\Antoi\.cargo\registry\src\index.crates.io-1949cf8c6b5b557f\bevy_ecs-0.18.1\src\system\function_system.rs;54;2636;0.000001;1;2636;2636;2636;0.000000
asset loading{loader="bevy_gltf::loader::GltfLoader" asset="models/kaykit/medieval_hexagon/buildings/red/building_market_red.gltf"};C:\Users\Antoi\.cargo\registry\src\index.crates.io-1949cf8c6b5b557f\bevy_asset-0.18.1\src\server\loaders.rs;332;754611;0.000415;10;75461;177;551413;171827.225904
plugin finish{plugin="bevy_render::extract_component::UniformComponentPlugin<bevy_post_process::dof::DepthOfFieldUniform>"};C:\Users\Antoi\.cargo\registry\src\index.crates.io-1949cf8c6b5b557f\bevy_app-0.18.1\src\app.rs;272;56;0.000000;1;56;56;56;0.000000
asset loading{loader="bevy_image::image_loader::ImageLoader" asset="ui/menu_video/frame_0190.webp"};C:\Users\Antoi\.cargo\registry\src\index.crates.io-1949cf8c6b5b557f\bevy_asset-0.18.1\src\server\loaders.rs;332;15169331;0.008337;7;2167047;147;15125723;5714242.548974
system_commands{name="forgia_player::load_player_movement_tuning"};C:\Users\Antoi\.cargo\registry\src\index.crates.io-1949cf8c6b5b557f\bevy_ecs-0.18.1\src\system\function_system.rs;54;1732;0.000001;1;1732;1732;1732;0.000000
system{name="bevy_pbr::render::skin::no_automatic_skin_batching"};C:\Users\Antoi\.cargo\registry\src\index.crates.io-1949cf8c6b5b557f\bevy_ecs-0.18.1\src\system\function_system.rs;52;20636756;0.011342;37525;549;211;81264;468.037706
plugin finish{plugin="bevy_render::sync_component::SyncComponentPlugin<bevy_render::view::Hdr>"};C:\Users\Antoi\.cargo\registry\src\index.crates.io-1949cf8c6b5b557f\bevy_app-0.18.1\src\app.rs;272;53;0.000000;1;53;53;53;0.000000
system{name="forgia_ai_arena_bot::bot_fireball_fly"};C:\Users\Antoi\.cargo\registry\src\index.crates.io-1949cf8c6b5b557f\bevy_ecs-0.18.1\src\system\function_system.rs;52;22612387;0.012428;37525;602;153;118605;866.704774
system{name="forgia_viewmodel::attach::attach_viewmodel_to_camera"};C:\Users\Antoi\.cargo\registry\src\index.crates.io-1949cf8c6b5b557f\bevy_ecs-0.18.1\src\system\function_system.rs;52;29630108;0.016285;33826;875;318;157343;1263.274701
system{name="bevy_light::point_light::update_point_light_frusta"};C:\Users\Antoi\.cargo\registry\src\index.crates.io-1949cf8c6b5b557f\bevy_ecs-0.18.1\src\system\function_system.rs;52;70713099;0.038864;37525;1884;851;361804;2818.461135
plugin cleanup{plugin="bevy_render::render_asset::RenderAssetPlugin<bevy_sprite_render::mesh2d::material::PreparedMaterial2d<bevy_sprite_render::tilemap_chunk::tilemap_chunk_material::TilemapChunkMaterial>>"};C:\Users\Antoi\.cargo\registry\src\index.crates.io-1949cf8c6b5b557f\bevy_app-0.18.1\src\app.rs;292;840;0.000000;1;840;840;840;0.000000
plugin cleanup{plugin="forgia_ui_lib::pause_menu::ForgiaUiPauseMenuPlugin"};C:\Users\Antoi\.cargo\registry\src\index.crates.io-1949cf8c6b5b557f\bevy_app-0.18.1\src\app.rs;292;57;0.000000;1;57;57;57;0.000000
system_commands{name="bevy_hanabi::render::property::allocate_properties"};C:\Users\Antoi\.cargo\registry\src\index.crates.io-1949cf8c6b5b557f\bevy_ecs-0.18.1\src\system\function_system.rs;54;3652919;0.002008;37525;97;51;2144;35.783521
asset loading{loader="bevy_image::image_loader::ImageLoader" asset="ui/menu_video/frame_0183.webp"};C:\Users\Antoi\.cargo\registry\src\index.crates.io-1949cf8c6b5b557f\bevy_asset-0.18.1\src\server\loaders.rs;332;14749582;0.008106;6;2458263;116;14712162;6003162.135284
system{name="forgia_mode_roguelite::enemy_scaling::sys_scale_enemies_by_depth"};C:\Users\Antoi\.cargo\registry\src\index.crates.io-1949cf8c6b5b557f\bevy_ecs-0.18.1\src\system\function_system.rs;52;21688448;0.011920;33826;641;138;1556331;8497.685306
system{name="bevy_render::batching::sort_binned_render_phase<bevy_core_pipeline::deferred::AlphaMask3dDeferred>"};C:\Users\Antoi\.cargo\registry\src\index.crates.io-1949cf8c6b5b557f\bevy_ecs-0.18.1\src\system\function_system.rs;52;5813319;0.003195;37525;154;64;47504;258.891790
asset loading{loader="bevy_image::image_loader::ImageLoader" asset="hdri/sky_129_stacked.png"};C:\Users\Antoi\.cargo\registry\src\index.crates.io-1949cf8c6b5b557f\bevy_asset-0.18.1\src\server\loaders.rs;332;11244831;0.006180;4;2811207;429;11232317;5614074.954150
asset loading{loader="bevy_image::image_loader::ImageLoader" asset="ui/menu_video/frame_0276.webp"};C:\Users\Antoi\.cargo\registry\src\index.crates.io-1949cf8c6b5b557f\bevy_asset-0.18.1\src\server\loaders.rs;332;15147247;0.008325;6;2524541;169;15110551;6165863.171333
plugin finish{plugin="forgia_juice_screen_flash::ForgiaJuiceScreenFlashPlugin"};C:\Users\Antoi\.cargo\registry\src\index.crates.io-1949cf8c6b5b557f\bevy_app-0.18.1\src\app.rs;272;172;0.000000;1;172;172;172;0.000000
system_commands{name="forgia_enemy_nameplate::promote_anchored_to_permanent"};C:\Users\Antoi\.cargo\registry\src\index.crates.io-1949cf8c6b5b557f\bevy_ecs-0.18.1\src\system\function_system.rs;54;3046333;0.001674;37525;81;50;89241;558.077746
system{name="bevy_asset::assets::Assets<forgia_genome_core::Genome<forgia_viewmodel::genome::ViewmodelGenome>>::asset_events_condition"};C:\Users\Antoi\.cargo\registry\src\index.crates.io-1949cf8c6b5b557f\bevy_ecs-0.18.1\src\system\function_system.rs;52;3081127;0.001693;37525;82;53;10228;100.053296
system_commands{name="forgia_mode_roguelite::weapon_select::sys_clear_lobby_preview"};C:\Users\Antoi\.cargo\registry\src\index.crates.io-1949cf8c6b5b557f\bevy_ecs-0.18.1\src\system\function_system.rs;54;34136;0.000019;1;34136;34136;34136;0.000000
system{name="bevy_render::batching::gpu_preprocessing::collect_buffers_for_phase<bevy_core_pipeline::deferred::AlphaMask3dDeferred, bevy_pbr::render::mesh::MeshPipeline>"};C:\Users\Antoi\.cargo\registry\src\index.crates.io-1949cf8c6b5b557f\bevy_ecs-0.18.1\src\system\function_system.rs;52;30230285;0.016615;37525;805;297;126829;922.756773
asset loading{loader="bevy_image::image_loader::ImageLoader" asset="ui/menu_video/frame_0120.webp"};C:\Users\Antoi\.cargo\registry\src\index.crates.io-1949cf8c6b5b557f\bevy_asset-0.18.1\src\server\loaders.rs;332;17169916;0.009437;7;2452845;141;17131197;6472547.011754
schedule{name=Render};C:\Users\Antoi\.cargo\registry\src\index.crates.io-1949cf8c6b5b557f\bevy_ecs-0.18.1\src\schedule\schedule.rs;532;153041617642;84.112215;37525;4078390;2086009;299456428;2241459.879749
plugin build{plugin="forgia_mode_roguelite::render_quality::ForgiaRogueliteRenderPlugin"};C:\Users\Antoi\.cargo\registry\src\index.crates.io-1949cf8c6b5b557f\bevy_app-0.18.1\src\app.rs;529;39558;0.000022;1;39558;39558;39558;0.000000
system{name="forgia_mode_fps_arena::wave::load_arena_waves_genome"};C:\Users\Antoi\.cargo\registry\src\index.crates.io-1949cf8c6b5b557f\bevy_ecs-0.18.1\src\system\function_system.rs;52;2337940;0.001285;1;2337940;2337940;2337940;0.000000
system{name="forgia_mode_roguelite::element_vfx::sys_write_element_vfx_sensor"};C:\Users\Antoi\.cargo\registry\src\index.crates.io-1949cf8c6b5b557f\bevy_ecs-0.18.1\src\system\function_system.rs;52;12868778;0.007073;37525;342;94;148108;925.707896
system{name="bevy_app::propagate::on_r_removed<bevy_ui::ui_node::ComputedUiTargetCamera, (), bevy_ecs::hierarchy::ChildOf>"};C:\Users\Antoi\.cargo\registry\src\index.crates.io-1949cf8c6b5b557f\bevy_ecs-0.18.1\src\system\function_system.rs;52;264709;0.000145;3243;81;54;8383;240.034407
system_commands{name="forgia_mode_roguelite::poi::sys_loot_vault_walkover"};C:\Users\Antoi\.cargo\registry\src\index.crates.io-1949cf8c6b5b557f\bevy_ecs-0.18.1\src\system\function_system.rs;54;3250982;0.001787;33826;96;50;85643;787.096185
system{name="bevy_ui_render::box_shadow::extract_shadows"};C:\Users\Antoi\.cargo\registry\src\index.crates.io-1949cf8c6b5b557f\bevy_ecs-0.18.1\src\system\function_system.rs;52;25945223;0.014260;37525;691;226;54054;471.979710
asset loading{loader="bevy_image::image_loader::ImageLoader" asset="textures/pbr/jolcham_oak_bark_01/jolcham_oak_bark_01_nor_gl_2k.ktx2"};C:\Users\Antoi\.cargo\registry\src\index.crates.io-1949cf8c6b5b557f\bevy_asset-0.18.1\src\server\loaders.rs;332;135112868;0.074259;6;22518811;273;134783404;54998329.130349
asset loading{loader="bevy_image::image_loader::ImageLoader" asset="ui/menu_video/frame_0278.webp"};C:\Users\Antoi\.cargo\registry\src\index.crates.io-1949cf8c6b5b557f\bevy_asset-0.18.1\src\server\loaders.rs;332;15581348;0.008564;8;1947668;199;15521119;5484505.707637
plugin build{plugin="bevy_render::sync_component::SyncComponentPlugin<bevy_render::view::Msaa>"};C:\Users\Antoi\.cargo\registry\src\index.crates.io-1949cf8c6b5b557f\bevy_app-0.18.1\src\app.rs;529;2731;0.000002;1;2731;2731;2731;0.000000
asset loading{loader="bevy_image::image_loader::ImageLoader" asset="ui/menu_video/frame_0160.webp"};C:\Users\Antoi\.cargo\registry\src\index.crates.io-1949cf8c6b5b557f\bevy_asset-0.18.1\src\server\loaders.rs;332;15978761;0.008782;6;2663126;191;15941670;6505133.716489
system{name="bevy_egui::input::WindowToEguiContextMap::on_egui_context_added_system"};C:\Users\Antoi\.cargo\registry\src\index.crates.io-1949cf8c6b5b557f\bevy_ecs-0.18.1\src\system\function_system.rs;52;36343041;0.019974;37525;968;308;41584;785.718523
plugins{tag="on_begin_pass"};C:\Users\Antoi\.cargo\registry\src\index.crates.io-1949cf8c6b5b557f\egui-0.33.3\src\plugin.rs;151;361809959;0.198852;37525;9641;5382;154417;6070.150384
asset loading{loader="bevy_image::image_loader::ImageLoader" asset="ui/menu_video/frame_0298.webp"};C:\Users\Antoi\.cargo\registry\src\index.crates.io-1949cf8c6b5b557f\bevy_asset-0.18.1\src\server\loaders.rs;332;16394293;0.009010;6;2732382;197;16353858;6673135.801262
asset loading{loader="bevy_shader::shader::ShaderLoader" asset="embedded://bevy_pbr\\render/view_transformations.wgsl"};C:\Users\Antoi\.cargo\registry\src\index.crates.io-1949cf8c6b5b557f\bevy_asset-0.18.1\src\server\loaders.rs;332;376506;0.000207;2;188253;55;376451;266152.164011
system{name="forgia_mode_roguelite::run::sys_start_run"};C:\Users\Antoi\.cargo\registry\src\index.crates.io-1949cf8c6b5b557f\bevy_ecs-0.18.1\src\system\function_system.rs;52;22013441;0.012099;33826;650;201;241744;1553.559956
asset loading{loader="bevy_image::image_loader::ImageLoader" asset="ui/menu_video/frame_0104.webp"};C:\Users\Antoi\.cargo\registry\src\index.crates.io-1949cf8c6b5b557f\bevy_asset-0.18.1\src\server\loaders.rs;332;16206794;0.008907;6;2701132;118;16169319;6598039.536114
plugin build{plugin="forgia_rpg_data::shop::ForgiaShopPlugin"};C:\Users\Antoi\.cargo\registry\src\index.crates.io-1949cf8c6b5b557f\bevy_app-0.18.1\src\app.rs;529;18466;0.000010;1;18466;18466;18466;0.000000
system{name="bevy_camera::visibility::range::check_visibility_ranges"};C:\Users\Antoi\.cargo\registry\src\index.crates.io-1949cf8c6b5b557f\bevy_ecs-0.18.1\src\system\function_system.rs;52;27371153;0.015043;37525;729;244;118931;811.670198
system{name="bevy_kira_audio::audio_output::play_audio_channel<forgia_audio::biome::BiomeAmbientChannel>"};C:\Users\Antoi\.cargo\registry\src\index.crates.io-1949cf8c6b5b557f\bevy_ecs-0.18.1\src\system\function_system.rs;52;21325413;0.011721;37525;568;224;122047;1654.295195
node{name="bevy_render::render_graph::node::ViewNodeRunner<bevy_pbr::ssao::SsaoNode>"};C:\Users\Antoi\.cargo\registry\src\index.crates.io-1949cf8c6b5b557f\bevy_render-0.18.1\src\renderer\graph_runner.rs;240;14971168;0.008228;75050;199;60;11061;124.229322
asset loading{loader="bevy_gltf::loader::GltfLoader" asset="models/arms/fps_arm_L.glb"};C:\Users\Antoi\.cargo\registry\src\index.crates.io-1949cf8c6b5b557f\bevy_asset-0.18.1\src\server\loaders.rs;332;1974240;0.001085;4;493560;171;1969815;984171.150939
system_commands{name="bevy_render::extract_component::extract_components<bevy_pbr::ssr::ScreenSpaceReflections>"};C:\Users\Antoi\.cargo\registry\src\index.crates.io-1949cf8c6b5b557f\bevy_ecs-0.18.1\src\system\function_system.rs;54;21400683;0.011762;37525;570;192;208234;1108.124458
system{name="bevy_asset::assets::Assets<bevy_animation::AnimationClip>::track_assets"};C:\Users\Antoi\.cargo\registry\src\index.crates.io-1949cf8c6b5b557f\bevy_ecs-0.18.1\src\system\function_system.rs;52;53612636;0.029466;37525;1428;140;1059035;13575.417671
plugin finish{plugin="forgia_ui_lib::hud::barks::WeaponBarksPlugin"};C:\Users\Antoi\.cargo\registry\src\index.crates.io-1949cf8c6b5b557f\bevy_app-0.18.1\src\app.rs;272;56;0.000000;1;56;56;56;0.000000
plugin build{plugin="bevy_render::extract_resource::ExtractResourcePlugin<bevy_core_pipeline::tonemapping::TonemappingLuts>"};C:\Users\Antoi\.cargo\registry\src\index.crates.io-1949cf8c6b5b557f\bevy_app-0.18.1\src\app.rs;529;18901;0.000010;1;18901;18901;18901;0.000000
plugin cleanup{plugin="forgia_mode_roguelite::atmosphere::RogueliteAtmospherePlugin"};C:\Users\Antoi\.cargo\registry\src\index.crates.io-1949cf8c6b5b557f\bevy_app-0.18.1\src\app.rs;292;56;0.000000;1;56;56;56;0.000000
system_commands{name="forgia_mode_roguelite::weapon_select::sys_load_weapon_cards"};C:\Users\Antoi\.cargo\registry\src\index.crates.io-1949cf8c6b5b557f\bevy_ecs-0.18.1\src\system\function_system.rs;54;10013;0.000006;1;10013;10013;10013;0.000000
asset loading{loader="bevy_image::image_loader::ImageLoader" asset="ui/menu_video/frame_0154.webp"};C:\Users\Antoi\.cargo\registry\src\index.crates.io-1949cf8c6b5b557f\bevy_asset-0.18.1\src\server\loaders.rs;332;15743768;0.008653;7;2249109;120;15689620;5926711.475961
system{name="forgia_mode_roguelite::head_hitbox::sys_write_head_hitbox_sensor"};C:\Users\Antoi\.cargo\registry\src\index.crates.io-1949cf8c6b5b557f\bevy_ecs-0.18.1\src\system\function_system.rs;52;6998070;0.003846;33826;206;77;29753;320.995524
system{name="bevy_camera::visibility::check_visibility"};C:\Users\Antoi\.cargo\registry\src\index.crates.io-1949cf8c6b5b557f\bevy_ecs-0.18.1\src\system\function_system.rs;52;6802764904;3.738824;37525;181286;111796;19647678;130850.881193
system{name="bevy_hanabi::render::update_mesh_locations"};C:\Users\Antoi\.cargo\registry\src\index.crates.io-1949cf8c6b5b557f\bevy_ecs-0.18.1\src\system\function_system.rs;52;147014737;0.080800;37525;3917;2270;630651;3733.285886
system{name="bevy_pbr::material_bind_groups::init_fallback_bindless_resources"};C:\Users\Antoi\.cargo\registry\src\index.crates.io-1949cf8c6b5b557f\bevy_ecs-0.18.1\src\system\function_system.rs;52;210660;0.000116;1;210660;210660;210660;0.000000
plugin finish{plugin="bevy_render::pipelined_rendering::PipelinedRenderingPlugin"};C:\Users\Antoi\.cargo\registry\src\index.crates.io-1949cf8c6b5b557f\bevy_app-0.18.1\src\app.rs;272;114;0.000000;1;114;114;114;0.000000
asset loading{loader="bevy_gltf::loader::GltfLoader" asset="models/kaykit/medieval_hexagon/buildings/red/building_tavern_red.gltf"};C:\Users\Antoi\.cargo\registry\src\index.crates.io-1949cf8c6b5b557f\bevy_asset-0.18.1\src\server\loaders.rs;332;390861;0.000215;8;48857;270;267042;89974.375716
plugin cleanup{plugin="bevy_render::sync_component::SyncComponentPlugin<bevy_pbr::ssao::ScreenSpaceAmbientOcclusion>"};C:\Users\Antoi\.cargo\registry\src\index.crates.io-1949cf8c6b5b557f\bevy_app-0.18.1\src\app.rs;292;120;0.000000;1;120;120;120;0.000000
plugin finish{plugin="forgia_auto_rig::ForgiaAutoRigPlugin"};C:\Users\Antoi\.cargo\registry\src\index.crates.io-1949cf8c6b5b557f\bevy_app-0.18.1\src\app.rs;272;58;0.000000;1;58;58;58;0.000000
system{name="bevy_post_process::dof::prepare_auxiliary_depth_of_field_textures"};C:\Users\Antoi\.cargo\registry\src\index.crates.io-1949cf8c6b5b557f\bevy_ecs-0.18.1\src\system\function_system.rs;52;20546180;0.011292;37525;547;116;49992;401.590843
plugin finish{plugin="forgia_mode_roguelite::kill_popup::RogueliteKillPopupPlugin"};C:\Users\Antoi\.cargo\registry\src\index.crates.io-1949cf8c6b5b557f\bevy_app-0.18.1\src\app.rs;272;65;0.000000;1;65;65;65;0.000000
system{name="forgia_observability::forgia2_aggregator::sys_write_forgia2_aggregates"};C:\Users\Antoi\.cargo\registry\src\index.crates.io-1949cf8c6b5b557f\bevy_ecs-0.18.1\src\system\function_system.rs;52;101776369;0.055937;33826;3008;92;1055117;40246.049711
plugin finish{plugin="forgia_juice_lib::knockback::ForgiaJuiceKnockbackPlugin"};C:\Users\Antoi\.cargo\registry\src\index.crates.io-1949cf8c6b5b557f\bevy_app-0.18.1\src\app.rs;272;55;0.000000;1;55;55;55;0.000000
compute_intersections;C:\Users\Antoi\.cargo\registry\src\index.crates.io-1949cf8c6b5b557f\rapier3d-0.31.0\src\geometry\narrow_phase.rs;706;6603368;0.003629;11501;574;46;12077;343.985288
system{name="forgia_ui::weapon_preview::sys_despawn_previews"};C:\Users\Antoi\.cargo\registry\src\index.crates.io-1949cf8c6b5b557f\bevy_ecs-0.18.1\src\system\function_system.rs;52;2173;0.000001;1;2173;2173;2173;0.000000
plugin finish{plugin="bevy_pbr::material::MaterialPlugin<bevy_pbr::extended_material::ExtendedMaterial<bevy_pbr::pbr_material::StandardMaterial, bevy_pbr::decal::forward::ForwardDecalMaterialExt>>"};C:\Users\Antoi\.cargo\registry\src\index.crates.io-1949cf8c6b5b557f\bevy_app-0.18.1\src\app.rs;272;121;0.000000;1;121;121;121;0.000000
system{name="forgia_enemy_nameplate::tuning::load_tuning"};C:\Users\Antoi\.cargo\registry\src\index.crates.io-1949cf8c6b5b557f\bevy_ecs-0.18.1\src\system\function_system.rs;52;464638;0.000255;1;464638;464638;464638;0.000000
system{name="bevy_render::extract_component::extract_components<bevy_core_pipeline::tonemapping::DebandDither>"};C:\Users\Antoi\.cargo\registry\src\index.crates.io-1949cf8c6b5b557f\bevy_ecs-0.18.1\src\system\function_system.rs;52;30623241;0.016831;37525;816;254;19055;292.306721
system{name="bevy_post_process::dof::prepare_depth_of_field_global_bind_group"};C:\Users\Antoi\.cargo\registry\src\index.crates.io-1949cf8c6b5b557f\bevy_ecs-0.18.1\src\system\function_system.rs;52;8283299;0.004553;37525;220;88;90754;535.472182
plugin finish{plugin="forgia_input::ForgiaInputPlugin"};C:\Users\Antoi\.cargo\registry\src\index.crates.io-1949cf8c6b5b557f\bevy_app-0.18.1\src\app.rs;272;55;0.000000;1;55;55;55;0.000000
system_commands{name="forgia_mode_roguelite::loot_room::sys_spawn_demo_level_after_boss"};C:\Users\Antoi\.cargo\registry\src\index.crates.io-1949cf8c6b5b557f\bevy_ecs-0.18.1\src\system\function_system.rs;54;2590886;0.001424;33826;76;51;80021;439.799969
asset loading{loader="bevy_image::image_loader::ImageLoader" asset="ui/menu_video/frame_0358.webp"};C:\Users\Antoi\.cargo\registry\src\index.crates.io-1949cf8c6b5b557f\bevy_asset-0.18.1\src\server\loaders.rs;332;19164500;0.010533;5;3832900;262;19099101;8534075.307443
system{name="forgia_mode_roguelite::hud::draw_player_identity_badge"};C:\Users\Antoi\.cargo\registry\src\index.crates.io-1949cf8c6b5b557f\bevy_ecs-0.18.1\src\system\function_system.rs;52;173642348;0.095434;33735;5147;3064;128699;2374.700889
asset loading{loader="bevy_image::image_loader::ImageLoader" asset="ui/menu_video/frame_0012.webp"};C:\Users\Antoi\.cargo\registry\src\index.crates.io-1949cf8c6b5b557f\bevy_asset-0.18.1\src\server\loaders.rs;332;48876137;0.026862;17;2875066;161;17164617;6398122.617943
system{name="bevy_render::extract_component::extract_components<bevy_camera::camera::CameraMainTextureUsages>"};C:\Users\Antoi\.cargo\registry\src\index.crates.io-1949cf8c6b5b557f\bevy_ecs-0.18.1\src\system\function_system.rs;52;28194191;0.015496;37525;751;260;31096;484.628494
plugin cleanup{plugin="bevy_render::extract_component::ExtractComponentPlugin<bevy_render::view::Hdr>"};C:\Users\Antoi\.cargo\registry\src\index.crates.io-1949cf8c6b5b557f\bevy_app-0.18.1\src\app.rs;292;530;0.000000;1;530;530;530;0.000000
system{name="forgia_mode_roguelite::poi::sys_loot_vault_walkover"};C:\Users\Antoi\.cargo\registry\src\index.crates.io-1949cf8c6b5b557f\bevy_ecs-0.18.1\src\system\function_system.rs;52;23344777;0.012830;33826;690;212;128578;1625.584956
asset loading{loader="bevy_image::image_loader::ImageLoader" asset="ui/menu_video/frame_0341.webp"};C:\Users\Antoi\.cargo\registry\src\index.crates.io-1949cf8c6b5b557f\bevy_asset-0.18.1\src\server\loaders.rs;332;15030119;0.008261;5;3006023;181;14976893;6691928.985537
plugin build{plugin="bevy_render::extract_component::UniformComponentPlugin<bevy_pbr::atmosphere::resources::GpuAtmosphere>"};C:\Users\Antoi\.cargo\registry\src\index.crates.io-1949cf8c6b5b557f\bevy_app-0.18.1\src\app.rs;529;195500;0.000107;1;195500;195500;195500;0.000000
plugin finish{plugin="bevy_render::sync_component::SyncComponentPlugin<bevy_render::experimental::occlusion_culling::OcclusionCulling>"};C:\Users\Antoi\.cargo\registry\src\index.crates.io-1949cf8c6b5b557f\bevy_app-0.18.1\src\app.rs;272;56;0.000000;1;56;56;56;0.000000
asset loading{loader="bevy_gltf::loader::GltfLoader" asset="models/kaykit/dungeon/rubble.glb"};C:\Users\Antoi\.cargo\registry\src\index.crates.io-1949cf8c6b5b557f\bevy_asset-0.18.1\src\server\loaders.rs;332;4111916;0.002260;4;1027979;192;4103376;2050267.178338
system_commands{name="forgia_combat::combat_juice::sys_apply_hit_knockback"};C:\Users\Antoi\.cargo\registry\src\index.crates.io-1949cf8c6b5b557f\bevy_ecs-0.18.1\src\system\function_system.rs;54;3111950;0.001710;37525;82;50;95968;801.424684
system_commands{name="bevy_ui_render::box_shadow::init_box_shadow_pipeline"};C:\Users\Antoi\.cargo\registry\src\index.crates.io-1949cf8c6b5b557f\bevy_ecs-0.18.1\src\system\function_system.rs;54;2479;0.000001;1;2479;2479;2479;0.000000
system{name="bevy_pbr::prepass::update_previous_view_data"};C:\Users\Antoi\.cargo\registry\src\index.crates.io-1949cf8c6b5b557f\bevy_ecs-0.18.1\src\system\function_system.rs;52;32153486;0.017672;37525;856;382;186857;1304.089061
plugin cleanup{plugin="bevy_render::sync_component::SyncComponentPlugin<bevy_anti_alias::contrast_adaptive_sharpening::ContrastAdaptiveSharpening>"};C:\Users\Antoi\.cargo\registry\src\index.crates.io-1949cf8c6b5b557f\bevy_app-0.18.1\src\app.rs;292;61;0.000000;1;61;61;61;0.000000
plugin cleanup{plugin="forgia_village_loader::ForgiaVillageLoaderPlugin"};C:\Users\Antoi\.cargo\registry\src\index.crates.io-1949cf8c6b5b557f\bevy_app-0.18.1\src\app.rs;292;56;0.000000;1;56;56;56;0.000000
plugin finish{plugin="forgia_ui_lib::pause_menu::ForgiaUiPauseMenuPlugin"};C:\Users\Antoi\.cargo\registry\src\index.crates.io-1949cf8c6b5b557f\bevy_app-0.18.1\src\app.rs;272;55;0.000000;1;55;55;55;0.000000
plugin cleanup{plugin="forgia_viewmodel::fade::ForgiaViewmodelFadePlugin"};C:\Users\Antoi\.cargo\registry\src\index.crates.io-1949cf8c6b5b557f\bevy_app-0.18.1\src\app.rs;292;55;0.000000;1;55;55;55;0.000000
system_commands{name="forgia_mode_roguelite::element_vfx::sys_init_vfx_assets"};C:\Users\Antoi\.cargo\registry\src\index.crates.io-1949cf8c6b5b557f\bevy_ecs-0.18.1\src\system\function_system.rs;54;1573;0.000001;1;1573;1573;1573;0.000000
plugin build{plugin="forgia_fps::score::ArenaScorePlugin"};C:\Users\Antoi\.cargo\registry\src\index.crates.io-1949cf8c6b5b557f\bevy_app-0.18.1\src\app.rs;529;16851;0.000009;1;16851;16851;16851;0.000000
plugin cleanup{plugin="bevy_render::extract_component::ExtractComponentPlugin<bevy_core_pipeline::oit::OrderIndependentTransparencySettings>"};C:\Users\Antoi\.cargo\registry\src\index.crates.io-1949cf8c6b5b557f\bevy_app-0.18.1\src\app.rs;292;158;0.000000;1;158;158;158;0.000000
system{name="bevy_render::camera::camera_system"};C:\Users\Antoi\.cargo\registry\src\index.crates.io-1949cf8c6b5b557f\bevy_ecs-0.18.1\src\system\function_system.rs;52;118655770;0.065214;37526;3161;887;227532;2242.219353
system{name="forgia_rpg_data::dialogue::advance_sessions"};C:\Users\Antoi\.cargo\registry\src\index.crates.io-1949cf8c6b5b557f\bevy_ecs-0.18.1\src\system\function_system.rs;52;20478941;0.011255;37525;545;190;92821;834.656648
plugin finish{plugin="forgia_ui_lib::hud::player_hp::PlayerHpPlugin"};C:\Users\Antoi\.cargo\registry\src\index.crates.io-1949cf8c6b5b557f\bevy_app-0.18.1\src\app.rs;272;58;0.000000;1;58;58;58;0.000000
asset loading{loader="bevy_image::image_loader::ImageLoader" asset="ui/menu_video/frame_0248.webp"};C:\Users\Antoi\.cargo\registry\src\index.crates.io-1949cf8c6b5b557f\bevy_asset-0.18.1\src\server\loaders.rs;332;19250156;0.010580;6;3208359;75;19211011;7839668.628579
plugin finish{plugin="forgia_ui_lib::hud::ForgiaUiHudPlugin"};C:\Users\Antoi\.cargo\registry\src\index.crates.io-1949cf8c6b5b557f\bevy_app-0.18.1\src\app.rs;272;55;0.000000;1;55;55;55;0.000000
system_commands{name="bevy_core_pipeline::core_3d::prepare_core_3d_transmission_textures"};C:\Users\Antoi\.cargo\registry\src\index.crates.io-1949cf8c6b5b557f\bevy_ecs-0.18.1\src\system\function_system.rs;54;3602441;0.001980;37525;96;50;35194;187.262102
system_commands{name="bevy_anti_alias::contrast_adaptive_sharpening::prepare_cas_pipelines"};C:\Users\Antoi\.cargo\registry\src\index.crates.io-1949cf8c6b5b557f\bevy_ecs-0.18.1\src\system\function_system.rs;54;3130565;0.001721;37525;83;50;7136;46.873975
plugin cleanup{plugin="bevy_pbr::decal::forward::ForwardDecalPlugin"};C:\Users\Antoi\.cargo\registry\src\index.crates.io-1949cf8c6b5b557f\bevy_app-0.18.1\src\app.rs;292;56;0.000000;1;56;56;56;0.000000
cast_ray;C:\Users\Antoi\.cargo\registry\src\index.crates.io-1949cf8c6b5b557f\rapier3d-0.31.0\src\pipeline\query_pipeline.rs;215;93957737;0.051640;72296;1299;174;344580;2899.375567
asset loading{loader="bevy_shader::shader::ShaderLoader" asset="embedded://bevy_pbr\\decal\\forward_decal.wgsl"};C:\Users\Antoi\.cargo\registry\src\index.crates.io-1949cf8c6b5b557f\bevy_asset-0.18.1\src\server\loaders.rs;332;88930;0.000049;2;44465;57;88873;62802.395878
plugin cleanup{plugin="bevy_render::extract_component::ExtractComponentPlugin<bevy_pbr::fog::DistanceFog>"};C:\Users\Antoi\.cargo\registry\src\index.crates.io-1949cf8c6b5b557f\bevy_app-0.18.1\src\app.rs;292;56;0.000000;1;56;56;56;0.000000
asset loading{loader="bevy_gltf::loader::GltfLoader" asset="models/environment/inferno/Vase_002.glb"};C:\Users\Antoi\.cargo\registry\src\index.crates.io-1949cf8c6b5b557f\bevy_asset-0.18.1\src\server\loaders.rs;332;174739906;0.096038;6;29123317;218;174682317;71309056.427876
plugin cleanup{plugin="bevy_render::experimental::occlusion_culling::OcclusionCullingPlugin"};C:\Users\Antoi\.cargo\registry\src\index.crates.io-1949cf8c6b5b557f\bevy_app-0.18.1\src\app.rs;292;56;0.000000;1;56;56;56;0.000000
plugin cleanup{plugin="bevy_camera::visibility::range::VisibilityRangePlugin"};C:\Users\Antoi\.cargo\registry\src\index.crates.io-1949cf8c6b5b557f\bevy_app-0.18.1\src\app.rs;292;55;0.000000;1;55;55;55;0.000000
system_commands{name="bevy_gizmos_render::prepare_line_gizmo_bind_group"};C:\Users\Antoi\.cargo\registry\src\index.crates.io-1949cf8c6b5b557f\bevy_ecs-0.18.1\src\system\function_system.rs;54;3339041;0.001835;37525;88;52;9302;70.426855
plugin cleanup{plugin="bevy_asset::AssetPlugin"};C:\Users\Antoi\.cargo\registry\src\index.crates.io-1949cf8c6b5b557f\bevy_app-0.18.1\src\app.rs;292;56;0.000000;1;56;56;56;0.000000
plugin cleanup{plugin="bevy_render::view::window::WindowRenderPlugin"};C:\Users\Antoi\.cargo\registry\src\index.crates.io-1949cf8c6b5b557f\bevy_app-0.18.1\src\app.rs;292;120;0.000000;1;120;120;120;0.000000
plugin cleanup{plugin="bevy_picking::input::PointerInputPlugin"};C:\Users\Antoi\.cargo\registry\src\index.crates.io-1949cf8c6b5b557f\bevy_app-0.18.1\src\app.rs;292;57;0.000000;1;57;57;57;0.000000
plugin cleanup{plugin="bevy_render::RenderPlugin"};C:\Users\Antoi\.cargo\registry\src\index.crates.io-1949cf8c6b5b557f\bevy_app-0.18.1\src\app.rs;292;56;0.000000;1;56;56;56;0.000000
asset loading{loader="bevy_image::image_loader::ImageLoader" asset="ui/menu_video/frame_0299.webp"};C:\Users\Antoi\.cargo\registry\src\index.crates.io-1949cf8c6b5b557f\bevy_asset-0.18.1\src\server\loaders.rs;332;16847873;0.009260;6;2807978;151;16793209;6851338.776857
system{name="bevy_asset::assets::Assets<bevy_hanabi::asset::EffectAsset>::asset_events_condition"};C:\Users\Antoi\.cargo\registry\src\index.crates.io-1949cf8c6b5b557f\bevy_ecs-0.18.1\src\system\function_system.rs;52;3236153;0.001779;37525;86;54;176227;910.821369
asset loading{loader="bevy_image::image_loader::ImageLoader" asset="ui/menu_video/frame_0250.webp"};C:\Users\Antoi\.cargo\registry\src\index.crates.io-1949cf8c6b5b557f\bevy_asset-0.18.1\src\server\loaders.rs;332;15434051;0.008483;6;2572341;154;15393664;6281142.645877
system{name="forgia_mode_roguelite::enemies::sys_write_enemies_sensor"};C:\Users\Antoi\.cargo\registry\src\index.crates.io-1949cf8c6b5b557f\bevy_ecs-0.18.1\src\system\function_system.rs;52;10348211;0.005687;37525;275;71;38397;455.135479
system_commands{name="forgia_rpg_data::shop::open_shop_sessions"};C:\Users\Antoi\.cargo\registry\src\index.crates.io-1949cf8c6b5b557f\bevy_ecs-0.18.1\src\system\function_system.rs;54;2989451;0.001643;37525;79;51;30676;205.095309
system_commands{name="bevy_app::propagate::propagate_inherited<bevy_ui::ui_node::ComputedUiRenderTargetInfo, (), bevy_ecs::hierarchy::ChildOf>"};C:\Users\Antoi\.cargo\registry\src\index.crates.io-1949cf8c6b5b557f\bevy_ecs-0.18.1\src\system\function_system.rs;54;13745327;0.007554;37525;366;50;59503;388.778275
system_commands{name="bevy_light::check_dir_light_mesh_visibility"};C:\Users\Antoi\.cargo\registry\src\index.crates.io-1949cf8c6b5b557f\bevy_ecs-0.18.1\src\system\function_system.rs;54;1603639068;0.881366;37525;42735;6545;1337403;18625.689132
system_commands{name="bevy_app::propagate::propagate_output<bevy_ui::ui_node::ComputedUiRenderTargetInfo, ()>"};C:\Users\Antoi\.cargo\registry\src\index.crates.io-1949cf8c6b5b557f\bevy_ecs-0.18.1\src\system\function_system.rs;54;3171311;0.001743;37525;84;51;29753;158.421495
system{name="forgia_mode_roguelite::audio::sys_sfx_on_combat_hit"};C:\Users\Antoi\.cargo\registry\src\index.crates.io-1949cf8c6b5b557f\bevy_ecs-0.18.1\src\system\function_system.rs;52;9749680;0.005358;33826;288;95;108344;801.824102
plugin finish{plugin="bevy_render::extract_component::ExtractComponentPlugin<bevy_render::experimental::occlusion_culling::OcclusionCulling>"};C:\Users\Antoi\.cargo\registry\src\index.crates.io-1949cf8c6b5b557f\bevy_app-0.18.1\src\app.rs;272;54;0.000000;1;54;54;54;0.000000
plugin finish{plugin="bevy_render::erased_render_asset::ErasedRenderAssetPlugin<bevy_pbr::mesh_material::MeshMaterial3d<bevy_pbr::pbr_material::StandardMaterial>>"};C:\Users\Antoi\.cargo\registry\src\index.crates.io-1949cf8c6b5b557f\bevy_app-0.18.1\src\app.rs;272;25641;0.000014;1;25641;25641;25641;0.000000
system_commands{name="bevy_core_pipeline::experimental::mip_generation::prepare_downsample_depth_view_bind_groups"};C:\Users\Antoi\.cargo\registry\src\index.crates.io-1949cf8c6b5b557f\bevy_ecs-0.18.1\src\system\function_system.rs;54;4682207;0.002573;37525;124;58;6904;90.777450
run_graph{name="Core3d" debug_group="Camera -2 (79v0)"};C:\Users\Antoi\.cargo\registry\src\index.crates.io-1949cf8c6b5b557f\bevy_render-0.18.1\src\renderer\graph_runner.rs;119;832520329;0.457556;3699;225066;155792;6664462;122412.211697
plugin build{plugin="bevy_scene::ScenePlugin"};C:\Users\Antoi\.cargo\registry\src\index.crates.io-1949cf8c6b5b557f\bevy_app-0.18.1\src\app.rs;529;2659549;0.001462;1;2659549;2659549;2659549;0.000000
plugin cleanup{plugin="bevy_render::sync_component::SyncComponentPlugin<bevy_core_pipeline::tonemapping::DebandDither>"};C:\Users\Antoi\.cargo\registry\src\index.crates.io-1949cf8c6b5b557f\bevy_app-0.18.1\src\app.rs;292;56;0.000000;1;56;56;56;0.000000
system_commands{name="forgia_rpg_data::loot_tables::sys_collect_pickups"};C:\Users\Antoi\.cargo\registry\src\index.crates.io-1949cf8c6b5b557f\bevy_ecs-0.18.1\src\system\function_system.rs;54;4259127;0.002341;37525;113;50;89610;813.909897
system_commands{name="bevy_hanabi::render::event::allocate_events"};C:\Users\Antoi\.cargo\registry\src\index.crates.io-1949cf8c6b5b557f\bevy_ecs-0.18.1\src\system\function_system.rs;54;3954338;0.002173;37525;105;52;5480;43.963712
system{name="forgia_mode_roguelite::transform_hierarchy_sensor::sys_write_transform_hierarchy_sensor"};C:\Users\Antoi\.cargo\registry\src\index.crates.io-1949cf8c6b5b557f\bevy_ecs-0.18.1\src\system\function_system.rs;52;32060621;0.017621;33826;947;143;282806;8466.074645
plugin finish{plugin="bevy_render::render_phase::BinnedRenderPhasePlugin<bevy_core_pipeline::core_3d::AlphaMask3d, bevy_pbr::render::mesh::MeshPipeline>"};C:\Users\Antoi\.cargo\registry\src\index.crates.io-1949cf8c6b5b557f\bevy_app-0.18.1\src\app.rs;272;82;0.000000;1;82;82;82;0.000000
asset loading{loader="bevy_image::image_loader::ImageLoader" asset="textures/vfx/kenney/muzzle_01.png"};C:\Users\Antoi\.cargo\registry\src\index.crates.io-1949cf8c6b5b557f\bevy_asset-0.18.1\src\server\loaders.rs;332;561912;0.000309;4;140478;104;555806;276897.785314
system{name="bevy_app::propagate::propagate_inherited<bevy_ui::ui_node::ComputedUiTargetCamera, (), bevy_ecs::hierarchy::ChildOf>"};C:\Users\Antoi\.cargo\registry\src\index.crates.io-1949cf8c6b5b557f\bevy_ecs-0.18.1\src\system\function_system.rs;52;21842390;0.012005;37525;582;175;59171;467.544396
system{name="bevy_asset::assets::Assets<bevy_kira_audio::instance::AudioInstance>::track_assets"};C:\Users\Antoi\.cargo\registry\src\index.crates.io-1949cf8c6b5b557f\bevy_ecs-0.18.1\src\system\function_system.rs;52;106768010;0.058680;37525;2845;126;1564797;23190.227741
plugin build{plugin="forgia_viewmodel::arms::ForgiaViewmodelArmsPlugin"};C:\Users\Antoi\.cargo\registry\src\index.crates.io-1949cf8c6b5b557f\bevy_app-0.18.1\src\app.rs;529;23303;0.000013;1;23303;23303;23303;0.000000
plugin build{plugin="forgia_core::ForgiaCorePlugin"};C:\Users\Antoi\.cargo\registry\src\index.crates.io-1949cf8c6b5b557f\bevy_app-0.18.1\src\app.rs;529;2007339;0.001103;1;2007339;2007339;2007339;0.000000
system_commands{name="bevy_anti_alias::fxaa::prepare_fxaa_pipelines"};C:\Users\Antoi\.cargo\registry\src\index.crates.io-1949cf8c6b5b557f\bevy_ecs-0.18.1\src\system\function_system.rs;54;3072011;0.001688;37525;81;50;4497;36.693417
system{name="forgia_ui_lib::hud::player_hp::draw_player_hp"};C:\Users\Antoi\.cargo\registry\src\index.crates.io-1949cf8c6b5b557f\bevy_ecs-0.18.1\src\system\function_system.rs;52;213543741;0.117364;37434;5704;123;2522430;13388.203100
plugin build{plugin="bevy_render::sync_component::SyncComponentPlugin<bevy_render::experimental::occlusion_culling::OcclusionCulling>"};C:\Users\Antoi\.cargo\registry\src\index.crates.io-1949cf8c6b5b557f\bevy_app-0.18.1\src\app.rs;529;3816;0.000002;1;3816;3816;3816;0.000000
system_commands{name="bevy_render::extract_component::prepare_uniform_components<bevy_post_process::bloom::downsampling_pipeline::BloomUniforms>"};C:\Users\Antoi\.cargo\registry\src\index.crates.io-1949cf8c6b5b557f\bevy_ecs-0.18.1\src\system\function_system.rs;54;3593101;0.001975;37525;95;50;36016;220.929930
system{name="forgia_mode_roguelite::render_quality::sys_write_render_sensor"};C:\Users\Antoi\.cargo\registry\src\index.crates.io-1949cf8c6b5b557f\bevy_ecs-0.18.1\src\system\function_system.rs;52;13842246;0.007608;33826;409;117;127441;1018.816298
plugin build{plugin="forgia_juice_screen_flash::ForgiaJuiceScreenFlashPlugin"};C:\Users\Antoi\.cargo\registry\src\index.crates.io-1949cf8c6b5b557f\bevy_app-0.18.1\src\app.rs;529;482138;0.000265;1;482138;482138;482138;0.000000
node{name="bevy_pbr::render::light::EarlyShadowPassNode"};C:\Users\Antoi\.cargo\registry\src\index.crates.io-1949cf8c6b5b557f\bevy_render-0.18.1\src\renderer\graph_runner.rs;240;7864878934;4.322565;75050;104795;80;4198526;125378.452168
plugin build{plugin="forgia_foliage::ForgiaFoliagePlugin"};C:\Users\Antoi\.cargo\registry\src\index.crates.io-1949cf8c6b5b557f\bevy_app-0.18.1\src\app.rs;529;381664;0.000210;1;381664;381664;381664;0.000000
asset loading{loader="bevy_image::image_loader::ImageLoader" asset="ui/menu_video/frame_0024.webp"};C:\Users\Antoi\.cargo\registry\src\index.crates.io-1949cf8c6b5b557f\bevy_asset-0.18.1\src\server\loaders.rs;332;30183879;0.016589;13;2321836;110;15777684;5656170.544192
system{name="forgia_viewmodel::attach::update_viewmodel_on_switch"};C:\Users\Antoi\.cargo\registry\src\index.crates.io-1949cf8c6b5b557f\bevy_ecs-0.18.1\src\system\function_system.rs;52;17351810;0.009537;33826;512;115;35312;384.100486
system{name="bevy_asset::assets::Assets<forgia_genome_core::Genome<forgia_ui_lib::damage_direction::tuning::DamageDirTuning>>::asset_events"};C:\Users\Antoi\.cargo\registry\src\index.crates.io-1949cf8c6b5b557f\bevy_ecs-0.18.1\src\system\function_system.rs;52;405;0.000000;1;405;405;405;0.000000
plugin build{plugin="forgia_viewmodel::vm_camera::ForgiaViewmodelCameraPlugin"};C:\Users\Antoi\.cargo\registry\src\index.crates.io-1949cf8c6b5b557f\bevy_app-0.18.1\src\app.rs;529;12257;0.000007;1;12257;12257;12257;0.000000
system{name="bevy_render::erased_render_asset::extract_erased_render_asset<bevy_pbr::mesh_material::MeshMaterial3d<bevy_pbr::extended_material::ExtendedMaterial<bevy_pbr::pbr_material::StandardMaterial, bevy_water::water::material::WaterMaterial>>>"};C:\Users\Antoi\.cargo\registry\src\index.crates.io-1949cf8c6b5b557f\bevy_ecs-0.18.1\src\system\function_system.rs;52;490190650;0.269411;37525;13063;7918;311218;3864.155638
system{name="forgia_rpg_data::items::load_items_registry"};C:\Users\Antoi\.cargo\registry\src\index.crates.io-1949cf8c6b5b557f\bevy_ecs-0.18.1\src\system\function_system.rs;52;3477394;0.001911;1;3477394;3477394;3477394;0.000000
system{name="bevy_asset::assets::Assets<bevy_sprite_render::tilemap_chunk::tilemap_chunk_material::TilemapChunkMaterial>::asset_events_condition"};C:\Users\Antoi\.cargo\registry\src\index.crates.io-1949cf8c6b5b557f\bevy_ecs-0.18.1\src\system\function_system.rs;52;5448694;0.002995;37525;145;53;33494;191.951615
asset loading{loader="bevy_gltf::loader::GltfLoader" asset="models/kaykit/dungeon/wall_window.glb"};C:\Users\Antoi\.cargo\registry\src\index.crates.io-1949cf8c6b5b557f\bevy_asset-0.18.1\src\server\loaders.rs;332;6920923;0.003804;4;1730230;161;6915722;3456994.802507
plugin finish{plugin="bevy_core_pipeline::oit::resolve::OitResolvePlugin"};C:\Users\Antoi\.cargo\registry\src\index.crates.io-1949cf8c6b5b557f\bevy_app-0.18.1\src\app.rs;272;20412;0.000011;1;20412;20412;20412;0.000000
asset loading{loader="bevy_gltf::loader::GltfLoader" asset="models/environment/inferno/RockMid_002.glb"};C:\Users\Antoi\.cargo\registry\src\index.crates.io-1949cf8c6b5b557f\bevy_asset-0.18.1\src\server\loaders.rs;332;6324117;0.003476;4;1581029;183;6318646;3158411.976538
plugin finish{plugin="forgia_rpg_data::shop::ForgiaShopPlugin"};C:\Users\Antoi\.cargo\registry\src\index.crates.io-1949cf8c6b5b557f\bevy_app-0.18.1\src\app.rs;272;56;0.000000;1;56;56;56;0.000000
asset loading{loader="bevy_shader::shader::ShaderLoader" asset="embedded://bevy_pbr\\volumetric_fog\\volumetric_fog.wgsl"};C:\Users\Antoi\.cargo\registry\src\index.crates.io-1949cf8c6b5b557f\bevy_asset-0.18.1\src\server\loaders.rs;332;1006696;0.000553;2;503348;82;1006614;711725.602681
node{name="bevy_render::render_graph::node::ViewNodeRunner<bevy_core_pipeline::core_3d::main_transparent_pass_3d_node::MainTransparentPass3dNode>"};C:\Users\Antoi\.cargo\registry\src\index.crates.io-1949cf8c6b5b557f\bevy_render-0.18.1\src\renderer\graph_runner.rs;240;1134309465;0.623420;75050;15114;98;1125277;18762.319171
system{name="bevy_rapier3d::plugin::systems::rigid_body::writeback_rigid_bodies"};C:\Users\Antoi\.cargo\registry\src\index.crates.io-1949cf8c6b5b557f\bevy_ecs-0.18.1\src\system\function_system.rs;52;91669156;0.050382;11501;7970;75;137361;4508.861651
asset loading{loader="bevy_image::image_loader::ImageLoader" asset="ui/menu_video/frame_0216.webp"};C:\Users\Antoi\.cargo\registry\src\index.crates.io-1949cf8c6b5b557f\bevy_asset-0.18.1\src\server\loaders.rs;332;15581680;0.008564;6;2596946;125;15519271;6330628.368421
system{name="bevy_asset::assets::Assets<bevy_sprite_render::tilemap_chunk::tilemap_chunk_material::TilemapChunkMaterial>::track_assets"};C:\Users\Antoi\.cargo\registry\src\index.crates.io-1949cf8c6b5b557f\bevy_ecs-0.18.1\src\system\function_system.rs;52;51059321;0.028062;37525;1360;98;1133631;16608.559560
plugins{tag="on_input"};C:\Users\Antoi\.cargo\registry\src\index.crates.io-1949cf8c6b5b557f\egui-0.33.3\src\plugin.rs;165;289487310;0.159103;37525;7714;3481;333717;5319.793867
plugin build{plugin="bevy_render::sync_component::SyncComponentPlugin<bevy_pbr::ssr::ScreenSpaceReflections>"};C:\Users\Antoi\.cargo\registry\src\index.crates.io-1949cf8c6b5b557f\bevy_app-0.18.1\src\app.rs;529;6498;0.000004;1;6498;6498;6498;0.000000
system{name="bevy_anti_alias::fxaa::init_fxaa_pipeline"};C:\Users\Antoi\.cargo\registry\src\index.crates.io-1949cf8c6b5b557f\bevy_ecs-0.18.1\src\system\function_system.rs;52;31380;0.000017;1;31380;31380;31380;0.000000
function_scope{egui::memory::Memory::begin_pass};C:\Users\Antoi\.cargo\registry\src\index.crates.io-1949cf8c6b5b557f\egui-0.33.3\src\memory\mod.rs;747;89293326;0.049076;37525;2379;334;152411;2922.367028
asset loading{loader="bevy_shader::shader::ShaderLoader" asset="embedded://bevy_anti_alias\\taa\\taa.wgsl"};C:\Users\Antoi\.cargo\registry\src\index.crates.io-1949cf8c6b5b557f\bevy_asset-0.18.1\src\server\loaders.rs;332;346179;0.000190;2;173089;91;346088;244656.824971
system{name="forgia_mode_roguelite::defense::sys_regen_defense"};C:\Users\Antoi\.cargo\registry\src\index.crates.io-1949cf8c6b5b557f\bevy_ecs-0.18.1\src\system\function_system.rs;52;7772476;0.004272;10455;743;184;37762;522.718246
asset loading{loader="bevy_image::image_loader::ImageLoader" asset="ui/menu_video/frame_0074.webp"};C:\Users\Antoi\.cargo\registry\src\index.crates.io-1949cf8c6b5b557f\bevy_asset-0.18.1\src\server\loaders.rs;332;14516904;0.007979;6;2419484;78;14489624;5913138.044308
asset loading{loader="bevy_image::image_loader::ImageLoader" asset="ui/menu_video/frame_0114.webp"};C:\Users\Antoi\.cargo\registry\src\index.crates.io-1949cf8c6b5b557f\bevy_asset-0.18.1\src\server\loaders.rs;332;16432496;0.009031;6;2738749;140;16376606;6681164.018366
system{name="forgia_viewmodel::arms::update_arms_visibility"};C:\Users\Antoi\.cargo\registry\src\index.crates.io-1949cf8c6b5b557f\bevy_ecs-0.18.1\src\system\function_system.rs;52;24339839;0.013377;33826;719;231;28170;376.589546
system{name="bevy_gizmos::clear_gizmo_context<bevy_gizmos::light::LightGizmoConfigGroup, bevy_time::fixed::Fixed>"};C:\Users\Antoi\.cargo\registry\src\index.crates.io-1949cf8c6b5b557f\bevy_ecs-0.18.1\src\system\function_system.rs;52;1431320;0.000787;11501;124;64;756;47.206812
system_commands{name="bevy_gilrs::gilrs_system::gilrs_event_system"};C:\Users\Antoi\.cargo\registry\src\index.crates.io-1949cf8c6b5b557f\bevy_ecs-0.18.1\src\system\function_system.rs;54;5482569;0.003013;37525;146;58;22412;165.314648
asset loading{loader="bevy_gltf::loader::GltfLoader" asset="models/environment/inferno/RockBig_001.glb"};C:\Users\Antoi\.cargo\registry\src\index.crates.io-1949cf8c6b5b557f\bevy_asset-0.18.1\src\server\loaders.rs;332;6949610;0.003820;4;1737402;411;6937682;3466854.291331
asset loading{loader="bevy_image::image_loader::ImageLoader" asset="ui/menu_video/frame_0289.webp"};C:\Users\Antoi\.cargo\registry\src\index.crates.io-1949cf8c6b5b557f\bevy_asset-0.18.1\src\server\loaders.rs;332;16545444;0.009093;6;2757574;171;16498153;6731484.369915
indexed_gpu_metadata;C:\Users\Antoi\.cargo\registry\src\index.crates.io-1949cf8c6b5b557f\bevy_render-0.18.1\src\batching\gpu_preprocessing.rs;2146;43434289;0.023872;337725;128;47;80782;276.888917
system{name="bevy_render::extract_resource::extract_resource<bevy_camera::clear_color::ClearColor>"};C:\Users\Antoi\.cargo\registry\src\index.crates.io-1949cf8c6b5b557f\bevy_ecs-0.18.1\src\system\function_system.rs;52;7765289;0.004268;37525;206;80;31425;226.488235
system_commands{name="bevy_sprite_render::mesh2d::material::init_material_2d_pipeline<bevy_sprite_render::tilemap_chunk::tilemap_chunk_material::TilemapChunkMaterial>"};C:\Users\Antoi\.cargo\registry\src\index.crates.io-1949cf8c6b5b557f\bevy_ecs-0.18.1\src\system\function_system.rs;54;3843;0.000002;1;3843;3843;3843;0.000000
system_commands{name="bevy_egui::input::write_pointer_button_messages_system"};C:\Users\Antoi\.cargo\registry\src\index.crates.io-1949cf8c6b5b557f\bevy_ecs-0.18.1\src\system\function_system.rs;54;2338953;0.001285;37525;62;50;88099;455.543023
system{name="bevy_app::propagate::update_source<bevy_ui::ui_node::ComputedUiTargetCamera, (), bevy_ecs::hierarchy::ChildOf>"};C:\Users\Antoi\.cargo\registry\src\index.crates.io-1949cf8c6b5b557f\bevy_ecs-0.18.1\src\system\function_system.rs;52;22344692;0.012281;37525;595;185;38362;360.723286
check_conditions{name="bevy_gizmos::start_gizmo_context<bevy_gizmos::light::LightGizmoConfigGroup, bevy_time::fixed::Fixed>"};C:\Users\Antoi\.cargo\registry\src\index.crates.io-1949cf8c6b5b557f\bevy_ecs-0.18.1\src\schedule\executor\single_threaded.rs;83;19072556;0.010482;37525;508;103;90201;771.715047
plugin build{plugin="bevy_gizmos_render::GizmoRenderPlugin"};C:\Users\Antoi\.cargo\registry\src\index.crates.io-1949cf8c6b5b557f\bevy_app-0.18.1\src\app.rs;529;3049127;0.001676;1;3049127;3049127;3049127;0.000000
plugin cleanup{plugin="forgia_stage::ForgiaStageArenaPlugin"};C:\Users\Antoi\.cargo\registry\src\index.crates.io-1949cf8c6b5b557f\bevy_app-0.18.1\src\app.rs;292;55;0.000000;1;55;55;55;0.000000
handle_user_changes_on_colliders;C:\Users\Antoi\.cargo\registry\src\index.crates.io-1949cf8c6b5b557f\rapier3d-0.31.0\src\geometry\narrow_phase.rs;428;4270780;0.002347;11501;371;52;30760;414.672798
system{name="forgia_juice_lib::knockback::sys_hot_reload_knockback_genome"};C:\Users\Antoi\.cargo\registry\src\index.crates.io-1949cf8c6b5b557f\bevy_ecs-0.18.1\src\system\function_system.rs;52;18561005;0.010201;37525;494;80;133950;3659.594531
asset loading{loader="bevy_image::image_loader::ImageLoader" asset="ui/menu_video/frame_0085.webp"};C:\Users\Antoi\.cargo\registry\src\index.crates.io-1949cf8c6b5b557f\bevy_asset-0.18.1\src\server\loaders.rs;332;16042758;0.008817;6;2673793;174;16004634;6530753.955752
plugin cleanup{plugin="bevy_render::erased_render_asset::ErasedRenderAssetPlugin<bevy_pbr::mesh_material::MeshMaterial3d<bevy_pbr::pbr_material::StandardMaterial>>"};C:\Users\Antoi\.cargo\registry\src\index.crates.io-1949cf8c6b5b557f\bevy_app-0.18.1\src\app.rs;292;56;0.000000;1;56;56;56;0.000000
plugin build{plugin="bevy_render::sync_component::SyncComponentPlugin<bevy_core_pipeline::skybox::Skybox>"};C:\Users\Antoi\.cargo\registry\src\index.crates.io-1949cf8c6b5b557f\bevy_app-0.18.1\src\app.rs;529;4490;0.000002;1;4490;4490;4490;0.000000
plugin cleanup{plugin="bevy_egui::EguiPlugin"};C:\Users\Antoi\.cargo\registry\src\index.crates.io-1949cf8c6b5b557f\bevy_app-0.18.1\src\app.rs;292;55;0.000000;1;55;55;55;0.000000
asset loading{loader="bevy_kira_audio::source::ogg_loader::OggLoader" asset="audio-v1/music/emotional_01.ogg"};C:\Users\Antoi\.cargo\registry\src\index.crates.io-1949cf8c6b5b557f\bevy_asset-0.18.1\src\server\loaders.rs;332;234987668;0.129150;4;58746917;155;234973756;117484559.408242
system{name="forgia_player::player_movement"};C:\Users\Antoi\.cargo\registry\src\index.crates.io-1949cf8c6b5b557f\bevy_ecs-0.18.1\src\system\function_system.rs;52;13544558;0.007444;10455;1295;239;85894;970.827402
asset loading{loader="bevy_image::image_loader::ImageLoader" asset="ui/menu_video/frame_0187.webp"};C:\Users\Antoi\.cargo\registry\src\index.crates.io-1949cf8c6b5b557f\bevy_asset-0.18.1\src\server\loaders.rs;332;15618878;0.008584;7;2231268;127;15580769;5886580.165003
{shadow_directional_light_1_cascade_3};C:\Users\Antoi\.cargo\registry\src\index.crates.io-1949cf8c6b5b557f\bevy_pbr-0.18.1\src\render\light.rs;2326;2615285836;1.437370;33824;77320;20241;459004;23770.849583
node{name="bevy_egui::render::render_pass::EguiPassNode"};C:\Users\Antoi\.cargo\registry\src\index.crates.io-1949cf8c6b5b557f\bevy_render-0.18.1\src\renderer\graph_runner.rs;240;183868229;0.101055;37525;4899;3036;258104;2446.957404
plugin cleanup{plugin="bevy_sprite::SpritePlugin"};C:\Users\Antoi\.cargo\registry\src\index.crates.io-1949cf8c6b5b557f\bevy_app-0.18.1\src\app.rs;292;55;0.000000;1;55;55;55;0.000000
asset loading{loader="bevy_image::image_loader::ImageLoader" asset="ui/menu_video/frame_0312.webp"};C:\Users\Antoi\.cargo\registry\src\index.crates.io-1949cf8c6b5b557f\bevy_asset-0.18.1\src\server\loaders.rs;332;16108739;0.008853;6;2684789;347;16046491;6545875.602148
system{name="forgia_viewmodel::attach::ensure_camera_shake_component"};C:\Users\Antoi\.cargo\registry\src\index.crates.io-1949cf8c6b5b557f\bevy_ecs-0.18.1\src\system\function_system.rs;52;17608250;0.009678;33826;520;139;261527;1564.697651
system{name="bevy_ui_render::prepare_uinodes"};C:\Users\Antoi\.cargo\registry\src\index.crates.io-1949cf8c6b5b557f\bevy_ecs-0.18.1\src\system\function_system.rs;52;589012807;0.323724;37525;15696;3490;2394832;21459.260965
plugin cleanup{plugin="bevy_render::extract_component::ExtractComponentPlugin<bevy_anti_alias::contrast_adaptive_sharpening::ContrastAdaptiveSharpening>"};C:\Users\Antoi\.cargo\registry\src\index.crates.io-1949cf8c6b5b557f\bevy_app-0.18.1\src\app.rs;292;127;0.000000;1;127;127;127;0.000000
plugin finish{plugin="forgia_mode_roguelite::hub::HubPlugin"};C:\Users\Antoi\.cargo\registry\src\index.crates.io-1949cf8c6b5b557f\bevy_app-0.18.1\src\app.rs;272;56;0.000000;1;56;56;56;0.000000
system{name="forgia_observability::player_state_sensor::sys_track_player_state"};C:\Users\Antoi\.cargo\registry\src\index.crates.io-1949cf8c6b5b557f\bevy_ecs-0.18.1\src\system\function_system.rs;52;23790294;0.013075;37525;633;135;80834;642.045532
system{name="forgia_fps::ammo_systems::sync_ammo_slots_from_genome"};C:\Users\Antoi\.cargo\registry\src\index.crates.io-1949cf8c6b5b557f\bevy_ecs-0.18.1\src\system\function_system.rs;52;13562233;0.007454;37525;361;96;868788;5510.530018
system{name="bevy_rapier3d::plugin::systems::collider::init_async_colliders"};C:\Users\Antoi\.cargo\registry\src\index.crates.io-1949cf8c6b5b557f\bevy_ecs-0.18.1\src\system\function_system.rs;52;4398530;0.002417;11501;382;96;4411;149.839700
asset loading{loader="bevy_gltf::loader::GltfLoader" asset="models/environment/inferno/RockBig_004.glb"};C:\Users\Antoi\.cargo\registry\src\index.crates.io-1949cf8c6b5b557f\bevy_asset-0.18.1\src\server\loaders.rs;332;7342687;0.004036;4;1835671;176;7335753;3666721.494515
schedule{name=ExtractSchedule};C:\Users\Antoi\.cargo\registry\src\index.crates.io-1949cf8c6b5b557f\bevy_ecs-0.18.1\src\schedule\schedule.rs;532;21840577542;12.003659;37525;582027;176361;61271005;924199.794749
system_commands{name="forgia_mode_roguelite::status_vfx::sys_init_status_vfx_pool"};C:\Users\Antoi\.cargo\registry\src\index.crates.io-1949cf8c6b5b557f\bevy_ecs-0.18.1\src\system\function_system.rs;54;991759;0.000545;1;991759;991759;991759;0.000000
asset loading{loader="bevy_image::image_loader::ImageLoader" asset="ui/menu_video/frame_0350.webp"};C:\Users\Antoi\.cargo\registry\src\index.crates.io-1949cf8c6b5b557f\bevy_asset-0.18.1\src\server\loaders.rs;332;18272032;0.010042;6;3045338;198;18212593;7430411.562202
system_commands{name="forgia_ui::weapon_preview::sys_propagate_preview_layers"};C:\Users\Antoi\.cargo\registry\src\index.crates.io-1949cf8c6b5b557f\bevy_ecs-0.18.1\src\system\function_system.rs;54;708340;0.000389;3699;191;66;86575;1530.469093
asset loading{loader="bevy_shader::shader::ShaderLoader" asset="embedded://bevy_render\\maths.wgsl"};C:\Users\Antoi\.cargo\registry\src\index.crates.io-1949cf8c6b5b557f\bevy_asset-0.18.1\src\server\loaders.rs;332;468444;0.000257;2;234222;159;468285;331015.069050
asset loading{loader="bevy_image::image_loader::ImageLoader" asset="ui/menu_video/frame_0064.webp"};C:\Users\Antoi\.cargo\registry\src\index.crates.io-1949cf8c6b5b557f\bevy_asset-0.18.1\src\server\loaders.rs;332;15858805;0.008716;8;1982350;168;15806361;5585746.273186
asset loading{loader="bevy_image::image_loader::ImageLoader" asset="ui/menu_video/frame_0132.webp"};C:\Users\Antoi\.cargo\registry\src\index.crates.io-1949cf8c6b5b557f\bevy_asset-0.18.1\src\server\loaders.rs;332;15205059;0.008357;6;2534176;136;15158026;6184402.289081
system{name="forgia_mode_roguelite::progress::sys_load_progress"};C:\Users\Antoi\.cargo\registry\src\index.crates.io-1949cf8c6b5b557f\bevy_ecs-0.18.1\src\system\function_system.rs;52;10991996;0.006041;1;10991996;10991996;10991996;0.000000
plugin cleanup{plugin="bevy_gizmos_render::pipeline_2d::LineGizmo2dPlugin"};C:\Users\Antoi\.cargo\registry\src\index.crates.io-1949cf8c6b5b557f\bevy_app-0.18.1\src\app.rs;292;56;0.000000;1;56;56;56;0.000000
winit event_handler;C:\Users\Antoi\.cargo\registry\src\index.crates.io-1949cf8c6b5b557f\bevy_winit-0.18.1\src\state.rs;151;15744554;0.008653;37708;417;56;87528;771.249234
plugin finish{plugin="bevy_render::sync_component::SyncComponentPlugin<forgia_postprocess::toon::ToonSettings>"};C:\Users\Antoi\.cargo\registry\src\index.crates.io-1949cf8c6b5b557f\bevy_app-0.18.1\src\app.rs;272;56;0.000000;1;56;56;56;0.000000
asset loading{loader="bevy_image::image_loader::ImageLoader" asset="ui/menu_video/frame_0086.webp"};C:\Users\Antoi\.cargo\registry\src\index.crates.io-1949cf8c6b5b557f\bevy_asset-0.18.1\src\server\loaders.rs;332;17670957;0.009712;6;2945159;98;17637014;7197510.833440
plugin build{plugin="forgia_audio::ForgiaAudioCorePlugin"};C:\Users\Antoi\.cargo\registry\src\index.crates.io-1949cf8c6b5b557f\bevy_app-0.18.1\src\app.rs;529;14137039;0.007770;1;14137039;14137039;14137039;0.000000
system{name="bevy_asset::assets::Assets<bevy_image::texture_atlas::TextureAtlasLayout>::asset_events_condition"};C:\Users\Antoi\.cargo\registry\src\index.crates.io-1949cf8c6b5b557f\bevy_ecs-0.18.1\src\system\function_system.rs;52;4368535;0.002401;37525;116;54;142659;746.965976
system{name="forgia_ui_lib::hud::barks::sys_write_barks_sensor"};C:\Users\Antoi\.cargo\registry\src\index.crates.io-1949cf8c6b5b557f\bevy_ecs-0.18.1\src\system\function_system.rs;52;12595848;0.006923;37525;335;90;89945;679.041045
system{name="forgia_effects::weapon_vfx::sys_write_weapon_vfx_sensor"};C:\Users\Antoi\.cargo\registry\src\index.crates.io-1949cf8c6b5b557f\bevy_ecs-0.18.1\src\system\function_system.rs;52;10863771;0.005971;37525;289;85;77505;534.091562
system{name="bevy_pbr::ssr::add_screen_space_reflections_render_graph_edges"};C:\Users\Antoi\.cargo\registry\src\index.crates.io-1949cf8c6b5b557f\bevy_ecs-0.18.1\src\system\function_system.rs;52;9988;0.000005;1;9988;9988;9988;0.000000
plugin finish{plugin="forgia_ui_lib::hud::coffre_forgeron::CoffreForgeronPlugin"};C:\Users\Antoi\.cargo\registry\src\index.crates.io-1949cf8c6b5b557f\bevy_app-0.18.1\src\app.rs;272;73;0.000000;1;73;73;73;0.000000
system{name="forgia_mode_roguelite::loot_room::sys_spawn_demo_level_after_boss"};C:\Users\Antoi\.cargo\registry\src\index.crates.io-1949cf8c6b5b557f\bevy_ecs-0.18.1\src\system\function_system.rs;52;11546739;0.006346;33826;341;136;80536;536.196791
asset loading{loader="bevy_shader::shader::ShaderLoader" asset="embedded://bevy_pbr\\atmosphere\\multiscattering_lut.wgsl"};C:\Users\Antoi\.cargo\registry\src\index.crates.io-1949cf8c6b5b557f\bevy_asset-0.18.1\src\server\loaders.rs;332;460509;0.000253;2;230254;101;460408;325486.201128
system{name="bevy_pbr::ssao::prepare_ssao_bind_groups"};C:\Users\Antoi\.cargo\registry\src\index.crates.io-1949cf8c6b5b557f\bevy_ecs-0.18.1\src\system\function_system.rs;52;26712021;0.014681;37525;711;156;134630;1160.448947
system{name="bevy_pbr::material::add_material_bind_group_allocator<bevy_pbr::pbr_material::StandardMaterial>"};C:\Users\Antoi\.cargo\registry\src\index.crates.io-1949cf8c6b5b557f\bevy_ecs-0.18.1\src\system\function_system.rs;52;190747;0.000105;1;190747;190747;190747;0.000000
system{name="forgia_ui_lib::hud_ammo::draw_slot_strip"};C:\Users\Antoi\.cargo\registry\src\index.crates.io-1949cf8c6b5b557f\bevy_ecs-0.18.1\src\system\function_system.rs;52;13411339;0.007371;37434;358;99;49980;368.501608
system{name="forgia_effects::hitmarker::hitmarker_trigger"};C:\Users\Antoi\.cargo\registry\src\index.crates.io-1949cf8c6b5b557f\bevy_ecs-0.18.1\src\system\function_system.rs;52;9154048;0.005031;37525;243;90;30717;253.231974
plugin build{plugin="bevy_anti_alias::taa::TemporalAntiAliasPlugin"};C:\Users\Antoi\.cargo\registry\src\index.crates.io-1949cf8c6b5b557f\bevy_app-0.18.1\src\app.rs;529;40216;0.000022;1;40216;40216;40216;0.000000
system{name="bevy_render::batching::sort_binned_render_phase<bevy_core_pipeline::core_3d::Opaque3d>"};C:\Users\Antoi\.cargo\registry\src\index.crates.io-1949cf8c6b5b557f\bevy_ecs-0.18.1\src\system\function_system.rs;52;36364190;0.019986;37525;969;309;130873;1006.784409
plugin finish{plugin="bevy_gltf::GltfPlugin"};C:\Users\Antoi\.cargo\registry\src\index.crates.io-1949cf8c6b5b557f\bevy_app-0.18.1\src\app.rs;272;392463;0.000216;1;392463;392463;392463;0.000000
system{name="bevy_sprite_render::mesh2d::material::extract_mesh_materials_2d<bevy_sprite_render::tilemap_chunk::tilemap_chunk_material::TilemapChunkMaterial>"};C:\Users\Antoi\.cargo\registry\src\index.crates.io-1949cf8c6b5b557f\bevy_ecs-0.18.1\src\system\function_system.rs;52;29803090;0.016380;37525;794;145;23532;522.654914
system_commands{name="bevy_pbr::prepass::prepare_previous_view_uniforms"};C:\Users\Antoi\.cargo\registry\src\index.crates.io-1949cf8c6b5b557f\bevy_ecs-0.18.1\src\system\function_system.rs;54;57539292;0.031624;37525;1533;478;126191;958.471385
system_commands{name="bevy_pbr::atmosphere::resources::prepare_atmosphere_transforms"};C:\Users\Antoi\.cargo\registry\src\index.crates.io-1949cf8c6b5b557f\bevy_ecs-0.18.1\src\system\function_system.rs;54;2987238;0.001642;37525;79;50;48468;309.927181
system_commands{name="forgia_effects::weapon_vfx::setup_weapon_vfx"};C:\Users\Antoi\.cargo\registry\src\index.crates.io-1949cf8c6b5b557f\bevy_ecs-0.18.1\src\system\function_system.rs;54;1780747;0.000979;1;1780747;1780747;1780747;0.000000
system_commands{name="forgia_mode_roguelite::mushrooms::sys_init_mushroom_assets"};C:\Users\Antoi\.cargo\registry\src\index.crates.io-1949cf8c6b5b557f\bevy_ecs-0.18.1\src\system\function_system.rs;54;1251;0.000001;1;1251;1251;1251;0.000000
plugin build{plugin="bevy_render::sync_component::SyncComponentPlugin<bevy_light::probe::GeneratedEnvironmentMapLight>"};C:\Users\Antoi\.cargo\registry\src\index.crates.io-1949cf8c6b5b557f\bevy_app-0.18.1\src\app.rs;529;6911;0.000004;1;6911;6911;6911;0.000000
system{name="bevy_asset::assets::Assets<forgia_genome_core::Genome<forgia_juice_screen_flash::ScreenFlashTuning>>::asset_events"};C:\Users\Antoi\.cargo\registry\src\index.crates.io-1949cf8c6b5b557f\bevy_ecs-0.18.1\src\system\function_system.rs;52;415;0.000000;1;415;415;415;0.000000
system{name="forgia_mode_roguelite::hud::draw_player_portrait"};C:\Users\Antoi\.cargo\registry\src\index.crates.io-1949cf8c6b5b557f\bevy_ecs-0.18.1\src\system\function_system.rs;52;52178355;0.028677;33735;1546;852;210116;1336.499857
asset loading{loader="bevy_image::image_loader::ImageLoader" asset="ui/menu_video/frame_0107.webp"};C:\Users\Antoi\.cargo\registry\src\index.crates.io-1949cf8c6b5b557f\bevy_asset-0.18.1\src\server\loaders.rs;332;15379447;0.008453;7;2197063;153;15330542;5791323.054508
system{name="forgia_ui_lib::hud_ammo::draw_ammo_counter"};C:\Users\Antoi\.cargo\registry\src\index.crates.io-1949cf8c6b5b557f\bevy_ecs-0.18.1\src\system\function_system.rs;52;286057836;0.157218;37434;7641;98;1921570;14893.949817
system{name="forgia_mode_roguelite::run::sys_tick_run_timer"};C:\Users\Antoi\.cargo\registry\src\index.crates.io-1949cf8c6b5b557f\bevy_ecs-0.18.1\src\system\function_system.rs;52;1852941;0.001018;10455;177;74;10846;129.125744
plugin cleanup{plugin="bevy_gizmos_render::GizmoRenderPlugin"};C:\Users\Antoi\.cargo\registry\src\index.crates.io-1949cf8c6b5b557f\bevy_app-0.18.1\src\app.rs;292;69;0.000000;1;69;69;69;0.000000
system{name="bevy_picking::input::spawn_mouse_pointer"};C:\Users\Antoi\.cargo\registry\src\index.crates.io-1949cf8c6b5b557f\bevy_ecs-0.18.1\src\system\function_system.rs;52;182;0.000000;1;182;182;182;0.000000
system{name="forgia_combat::weapons::weapon_cooldown_tick_system"};C:\Users\Antoi\.cargo\registry\src\index.crates.io-1949cf8c6b5b557f\bevy_ecs-0.18.1\src\system\function_system.rs;52;401814;0.000221;1200;334;164;1176;93.019194
system{name="bevy_input::mouse::accumulate_mouse_motion_system"};C:\Users\Antoi\.cargo\registry\src\index.crates.io-1949cf8c6b5b557f\bevy_ecs-0.18.1\src\system\function_system.rs;52;10681176;0.005870;37525;284;80;9654;133.216305
asset loading{loader="bevy_image::image_loader::ImageLoader" asset="ui/menu_video/frame_0251.webp"};C:\Users\Antoi\.cargo\registry\src\index.crates.io-1949cf8c6b5b557f\bevy_asset-0.18.1\src\server\loaders.rs;332;16333871;0.008977;7;2333410;159;16293726;6155924.589878
system{name="bevy_asset::assets::Assets<forgia_genome_core::Genome<forgia_juice_screen_flash::ScreenFlashTuning>>::track_assets"};C:\Users\Antoi\.cargo\registry\src\index.crates.io-1949cf8c6b5b557f\bevy_ecs-0.18.1\src\system\function_system.rs;52;54105272;0.029736;37525;1441;153;805894;12194.258132
plugin finish{plugin="forgia_mode_roguelite::enemy_anim::ForgiaRogueliteEnemyAnimPlugin"};C:\Users\Antoi\.cargo\registry\src\index.crates.io-1949cf8c6b5b557f\bevy_app-0.18.1\src\app.rs;272;56;0.000000;1;56;56;56;0.000000
system{name="bevy_state::state_scoped::despawn_entities_on_enter_state<forgia_core::states::GameMode>"};C:\Users\Antoi\.cargo\registry\src\index.crates.io-1949cf8c6b5b557f\bevy_ecs-0.18.1\src\system\function_system.rs;52;5182907;0.002849;37526;138;74;13543;92.833678
asset loading{loader="bevy_image::image_loader::ImageLoader" asset="ui/menu_video/frame_0153.webp"};C:\Users\Antoi\.cargo\registry\src\index.crates.io-1949cf8c6b5b557f\bevy_asset-0.18.1\src\server\loaders.rs;332;16011065;0.008800;6;2668510;158;15970206;6516475.955133
system{name="forgia_ai_arena_bot::tick_respawns"};C:\Users\Antoi\.cargo\registry\src\index.crates.io-1949cf8c6b5b557f\bevy_ecs-0.18.1\src\system\function_system.rs;52;11698483;0.006430;37525;311;114;107005;789.197083
system{name="forgia_killfeed::draw_killfeed"};C:\Users\Antoi\.cargo\registry\src\index.crates.io-1949cf8c6b5b557f\bevy_ecs-0.18.1\src\system\function_system.rs;52;451561588;0.248180;37525;12033;96;174204;15096.001653
system{name="forgia_fps::lenoir::sys_reset_stats"};C:\Users\Antoi\.cargo\registry\src\index.crates.io-1949cf8c6b5b557f\bevy_ecs-0.18.1\src\system\function_system.rs;52;180;0.000000;1;180;180;180;0.000000
system{name="forgia_combat::weapons::setup_casing_resources"};C:\Users\Antoi\.cargo\registry\src\index.crates.io-1949cf8c6b5b557f\bevy_ecs-0.18.1\src\system\function_system.rs;52;5188;0.000003;1;5188;5188;5188;0.000000
plugin cleanup{plugin="bevy_render::sync_component::SyncComponentPlugin<bevy_post_process::bloom::settings::Bloom>"};C:\Users\Antoi\.cargo\registry\src\index.crates.io-1949cf8c6b5b557f\bevy_app-0.18.1\src\app.rs;292;60;0.000000;1;60;60;60;0.000000
system{name="forgia_ui_lib::theme::sys_apply_forge_theme"};C:\Users\Antoi\.cargo\registry\src\index.crates.io-1949cf8c6b5b557f\bevy_ecs-0.18.1\src\system\function_system.rs;52;13367563;0.007347;37525;356;101;701421;3624.631643
asset loading{loader="bevy_shader::shader::ShaderLoader" asset="embedded://bevy_pbr\\prepass\\prepass_utils.wgsl"};C:\Users\Antoi\.cargo\registry\src\index.crates.io-1949cf8c6b5b557f\bevy_asset-0.18.1\src\server\loaders.rs;332;68748;0.000038;2;34374;124;68624;48436.814511
system{name="bevy_ui_render::extract_uinode_borders"};C:\Users\Antoi\.cargo\registry\src\index.crates.io-1949cf8c6b5b557f\bevy_ecs-0.18.1\src\system\function_system.rs;52;21338733;0.011728;37525;568;154;72664;494.262379
system_commands{name="bevy_ui_render::gradient::extract_gradients"};C:\Users\Antoi\.cargo\registry\src\index.crates.io-1949cf8c6b5b557f\bevy_ecs-0.18.1\src\system\function_system.rs;54;3603947;0.001981;37525;96;52;37232;198.882297
system{name="forgia_mode_roguelite::stations::sys_use_health_stations"};C:\Users\Antoi\.cargo\registry\src\index.crates.io-1949cf8c6b5b557f\bevy_ecs-0.18.1\src\system\function_system.rs;52;26287832;0.014448;33826;777;323;78329;634.189617
system{name="bevy_pbr::material::queue_material_meshes"};C:\Users\Antoi\.cargo\registry\src\index.crates.io-1949cf8c6b5b557f\bevy_ecs-0.18.1\src\system\function_system.rs;52;388680796;0.213620;37525;10357;885;161803;7476.420837
asset loading{loader="bevy_image::image_loader::ImageLoader" asset="ui/menu_video/frame_0231.webp"};C:\Users\Antoi\.cargo\registry\src\index.crates.io-1949cf8c6b5b557f\bevy_asset-0.18.1\src\server\loaders.rs;332;15526017;0.008533;6;2587669;251;15485976;6318856.615341
system{name="bevy_pbr::decal::clustered::upload_decals"};C:\Users\Antoi\.cargo\registry\src\index.crates.io-1949cf8c6b5b557f\bevy_ecs-0.18.1\src\system\function_system.rs;52;478199371;0.262820;37525;12743;1361;19481853;102738.244716
system_commands{name="bevy_render::extract_resource::extract_resource<bevy_egui::EguiUserTextures>"};C:\Users\Antoi\.cargo\registry\src\index.crates.io-1949cf8c6b5b557f\bevy_ecs-0.18.1\src\system\function_system.rs;54;3103422;0.001706;37525;82;51;3903;28.465990
plugin finish{plugin="bevy_sprite::SpritePlugin"};C:\Users\Antoi\.cargo\registry\src\index.crates.io-1949cf8c6b5b557f\bevy_app-0.18.1\src\app.rs;272;53;0.000000;1;53;53;53;0.000000
node{name="bevy_render::render_graph::node::ViewNodeRunner<bevy_core_pipeline::core_2d::main_opaque_pass_2d_node::MainOpaquePass2dNode>"};C:\Users\Antoi\.cargo\registry\src\index.crates.io-1949cf8c6b5b557f\bevy_render-0.18.1\src\renderer\graph_runner.rs;240;1113657282;0.612070;37525;29677;4111;69010983;356363.634325
system{name="bevy_post_process::bloom::prepare_bloom_bind_groups"};C:\Users\Antoi\.cargo\registry\src\index.crates.io-1949cf8c6b5b557f\bevy_ecs-0.18.1\src\system\function_system.rs;52;18131899;0.009965;37525;483;112;92883;548.117600
system{name="bevy_asset::assets::Assets<bevy_gltf::assets::GltfPrimitive>::asset_events_condition"};C:\Users\Antoi\.cargo\registry\src\index.crates.io-1949cf8c6b5b557f\bevy_ecs-0.18.1\src\system\function_system.rs;52;3195823;0.001756;37525;85;52;10716;76.640754
plugin cleanup{plugin="bevy_pbr::lightmap::LightmapPlugin"};C:\Users\Antoi\.cargo\registry\src\index.crates.io-1949cf8c6b5b557f\bevy_app-0.18.1\src\app.rs;292;56;0.000000;1;56;56;56;0.000000
asset loading{loader="bevy_image::image_loader::ImageLoader" asset="ui/menu_video/frame_0179.webp"};C:\Users\Antoi\.cargo\registry\src\index.crates.io-1949cf8c6b5b557f\bevy_asset-0.18.1\src\server\loaders.rs;332;14860717;0.008168;9;1651190;201;14815752;4936713.201948
system_commands{name="bevy_post_process::bloom::prepare_bloom_bind_groups"};C:\Users\Antoi\.cargo\registry\src\index.crates.io-1949cf8c6b5b557f\bevy_ecs-0.18.1\src\system\function_system.rs;54;3408643;0.001873;37525;90;50;5479;48.223699
system{name="bevy_pbr::render::mesh::prepare_mesh_bind_groups"};C:\Users\Antoi\.cargo\registry\src\index.crates.io-1949cf8c6b5b557f\bevy_ecs-0.18.1\src\system\function_system.rs;52;1783491272;0.980213;37525;47528;776;10506667;60836.460991
plugin finish{plugin="bevy_render::extract_component::ExtractComponentPlugin<bevy_render::view::Hdr>"};C:\Users\Antoi\.cargo\registry\src\index.crates.io-1949cf8c6b5b557f\bevy_app-0.18.1\src\app.rs;272;61;0.000000;1;61;61;61;0.000000
system{name="bevy_render::extract_component::extract_components<bevy_post_process::bloom::settings::Bloom>"};C:\Users\Antoi\.cargo\registry\src\index.crates.io-1949cf8c6b5b557f\bevy_ecs-0.18.1\src\system\function_system.rs;52;19181092;0.010542;37525;511;163;22263;251.215401
asset loading{loader="bevy_image::image_loader::ImageLoader" asset="ui/menu_video/frame_0036.webp"};C:\Users\Antoi\.cargo\registry\src\index.crates.io-1949cf8c6b5b557f\bevy_asset-0.18.1\src\server\loaders.rs;332;17523596;0.009631;7;2503370;117;17486407;6606899.509712
asset loading{loader="bevy_image::image_loader::ImageLoader" asset="ui/menu_video/frame_0310.webp"};C:\Users\Antoi\.cargo\registry\src\index.crates.io-1949cf8c6b5b557f\bevy_asset-0.18.1\src\server\loaders.rs;332;15078984;0.008287;5;3015796;159;15040789;6722179.065527
schedule{name=OnExit(Menu)};C:\Users\Antoi\.cargo\registry\src\index.crates.io-1949cf8c6b5b557f\bevy_ecs-0.18.1\src\schedule\schedule.rs;532;2630605;0.001446;1;2630605;2630605;2630605;0.000000
system_commands{name="forgia_mode_roguelite::run::sys_tag_player_as_collector"};C:\Users\Antoi\.cargo\registry\src\index.crates.io-1949cf8c6b5b557f\bevy_ecs-0.18.1\src\system\function_system.rs;54;2590162;0.001424;33826;76;50;219038;1453.214483
asset loading{loader="bevy_image::image_loader::ImageLoader" asset="ui/menu_video/frame_0244.webp"};C:\Users\Antoi\.cargo\registry\src\index.crates.io-1949cf8c6b5b557f\bevy_asset-0.18.1\src\server\loaders.rs;332;14888532;0.008183;8;1861066;144;14841477;5244884.478257
asset loading{loader="bevy_image::image_loader::ImageLoader" asset="ui/menu_video/frame_0178.webp"};C:\Users\Antoi\.cargo\registry\src\index.crates.io-1949cf8c6b5b557f\bevy_asset-0.18.1\src\server\loaders.rs;332;14994138;0.008241;6;2499023;81;14957692;6103479.509766
system_commands{name="bevy_pbr::light_probe::prepare_environment_uniform_buffer"};C:\Users\Antoi\.cargo\registry\src\index.crates.io-1949cf8c6b5b557f\bevy_ecs-0.18.1\src\system\function_system.rs;54;101032569;0.055528;37525;2692;1187;220455;1958.020688
system_commands{name="bevy_core_pipeline::tonemapping::prepare_view_tonemapping_pipelines"};C:\Users\Antoi\.cargo\registry\src\index.crates.io-1949cf8c6b5b557f\bevy_ecs-0.18.1\src\system\function_system.rs;54;42895449;0.023575;37525;1143;483;105779;730.793733
system{name="bevy_scene::scene_spawner::scene_spawner"};C:\Users\Antoi\.cargo\registry\src\index.crates.io-1949cf8c6b5b557f\bevy_ecs-0.18.1\src\system\function_system.rs;52;79519218;0.043704;37525;2119;341;145240;1699.137341
plugin finish{plugin="bevy_ui::picking_backend::UiPickingPlugin"};C:\Users\Antoi\.cargo\registry\src\index.crates.io-1949cf8c6b5b557f\bevy_app-0.18.1\src\app.rs;272;55;0.000000;1;55;55;55;0.000000
plugin build{plugin="bevy_render::extract_resource::ExtractResourcePlugin<bevy_pbr::material::DefaultOpaqueRendererMethod>"};C:\Users\Antoi\.cargo\registry\src\index.crates.io-1949cf8c6b5b557f\bevy_app-0.18.1\src\app.rs;529;5774;0.000003;1;5774;5774;5774;0.000000
asset loading{loader="bevy_image::image_loader::ImageLoader" asset="textures-v1/terrain/grass/normal.jpg"};C:\Users\Antoi\.cargo\registry\src\index.crates.io-1949cf8c6b5b557f\bevy_asset-0.18.1\src\server\loaders.rs;332;18452933;0.010142;4;4613233;396;18442666;9219622.343203
system{name="bevy_hanabi::render::property::prepare_property_buffers"};C:\Users\Antoi\.cargo\registry\src\index.crates.io-1949cf8c6b5b557f\bevy_ecs-0.18.1\src\system\function_system.rs;52;9870765;0.005425;37525;263;94;68105;385.621845
asset loading{loader="bevy_image::image_loader::ImageLoader" asset="ui/menu_video/frame_0331.webp"};C:\Users\Antoi\.cargo\registry\src\index.crates.io-1949cf8c6b5b557f\bevy_asset-0.18.1\src\server\loaders.rs;332;16249332;0.008931;6;2708222;156;16198034;6608634.577894
plugin cleanup{plugin="bevy_post_process::effect_stack::EffectStackPlugin"};C:\Users\Antoi\.cargo\registry\src\index.crates.io-1949cf8c6b5b557f\bevy_app-0.18.1\src\app.rs;292;55;0.000000;1;55;55;55;0.000000
system{name="bevy_audio::audio_output::play_queued_audio_system<bevy_audio::audio_source::AudioSource>"};C:\Users\Antoi\.cargo\registry\src\index.crates.io-1949cf8c6b5b557f\bevy_ecs-0.18.1\src\system\function_system.rs;52;29100090;0.015994;37525;775;165;452873;2531.921415
plugin build{plugin="bevy_gilrs::GilrsPlugin"};C:\Users\Antoi\.cargo\registry\src\index.crates.io-1949cf8c6b5b557f\bevy_app-0.18.1\src\app.rs;529;6382708;0.003508;1;6382708;6382708;6382708;0.000000
system_commands{name="forgia_mode_roguelite::decor::sys_decor_build_hull_colliders"};C:\Users\Antoi\.cargo\registry\src\index.crates.io-1949cf8c6b5b557f\bevy_ecs-0.18.1\src\system\function_system.rs;54;4255123;0.002339;33826;125;51;35151;443.145185
system{name="bevy_render::render_phase::sweep_old_entities<bevy_core_pipeline::deferred::Opaque3dDeferred>"};C:\Users\Antoi\.cargo\registry\src\index.crates.io-1949cf8c6b5b557f\bevy_ecs-0.18.1\src\system\function_system.rs;52;6959623;0.003825;37525;185;58;10018;111.703891
system{name="forgia_mode_roguelite::mushrooms::sys_init_mushroom_assets"};C:\Users\Antoi\.cargo\registry\src\index.crates.io-1949cf8c6b5b557f\bevy_ecs-0.18.1\src\system\function_system.rs;52;44944;0.000025;1;44944;44944;44944;0.000000
asset loading{loader="bevy_image::image_loader::ImageLoader" asset="ui/menu_video/frame_0320.webp"};C:\Users\Antoi\.cargo\registry\src\index.crates.io-1949cf8c6b5b557f\bevy_asset-0.18.1\src\server\loaders.rs;332;14944093;0.008213;6;2490682;191;14902960;6080752.949125
asset loading{loader="bevy_shader::shader::ShaderLoader" asset="embedded://bevy_pbr\\deferred/pbr_deferred_functions.wgsl"};C:\Users\Antoi\.cargo\registry\src\index.crates.io-1949cf8c6b5b557f\bevy_asset-0.18.1\src\server\loaders.rs;332;268403;0.000148;2;134201;54;268349;189713.213860
plugin build{plugin="bevy_render::sync_component::SyncComponentPlugin<bevy_pbr::atmosphere::GpuAtmosphereSettings>"};C:\Users\Antoi\.cargo\registry\src\index.crates.io-1949cf8c6b5b557f\bevy_app-0.18.1\src\app.rs;529;2117;0.000001;1;2117;2117;2117;0.000000
system{name="forgia_mode_roguelite::head_hitbox::sys_bind_head_joints"};C:\Users\Antoi\.cargo\registry\src\index.crates.io-1949cf8c6b5b557f\bevy_ecs-0.18.1\src\system\function_system.rs;52;77311560;0.042491;33826;2285;156;131160;2338.973237
asset loading{loader="forgia_genome_core::GenomeLoader<forgia_fps::FpsTuning>" asset="genomes/fps_tuning.toml"};C:\Users\Antoi\.cargo\registry\src\index.crates.io-1949cf8c6b5b557f\bevy_asset-0.18.1\src\server\loaders.rs;332;141120;0.000078;4;35280;188;133949;65814.149173
system_commands{name="forgia_viewmodel::attach::update_viewmodel_on_switch"};C:\Users\Antoi\.cargo\registry\src\index.crates.io-1949cf8c6b5b557f\bevy_ecs-0.18.1\src\system\function_system.rs;54;2806888;0.001543;33826;82;50;55451;432.867719
system{name="bevy_render::extract_component::extract_components<bevy_anti_alias::fxaa::Fxaa>"};C:\Users\Antoi\.cargo\registry\src\index.crates.io-1949cf8c6b5b557f\bevy_ecs-0.18.1\src\system\function_system.rs;52;17305691;0.009511;37525;461;144;12919;243.503036
plugin cleanup{plugin="bevy_anti_alias::smaa::SmaaPlugin"};C:\Users\Antoi\.cargo\registry\src\index.crates.io-1949cf8c6b5b557f\bevy_app-0.18.1\src\app.rs;292;55;0.000000;1;55;55;55;0.000000
system_commands{name="(bevy_ecs::system::commands::Commands<'_, '_>, bevy_ecs::change_detection::params::ResMut<'_, bevy_winit::winit_monitors::WinitMonitors>)"};C:\Users\Antoi\.cargo\registry\src\index.crates.io-1949cf8c6b5b557f\bevy_ecs-0.18.1\src\system\function_system.rs;54;16950332;0.009316;37708;449;94;88480;699.745213
schedule{name=Main};C:\Users\Antoi\.cargo\registry\src\index.crates.io-1949cf8c6b5b557f\bevy_ecs-0.18.1\src\schedule\schedule.rs;532;117002525091;64.305002;37525;3117988;1394094;186407860;1817441.546774
system{name="bevy_state::state_scoped::despawn_entities_on_enter_state<forgia_mode_roguelite::run::RunState>"};C:\Users\Antoi\.cargo\registry\src\index.crates.io-1949cf8c6b5b557f\bevy_ecs-0.18.1\src\system\function_system.rs;52;12695137;0.006977;37526;338;109;118085;689.378308
system_commands{name="bevy_pbr::light_probe::upload_light_probes"};C:\Users\Antoi\.cargo\registry\src\index.crates.io-1949cf8c6b5b557f\bevy_ecs-0.18.1\src\system\function_system.rs;54;100294913;0.055122;37525;2672;1352;135262;1542.472213
system{name="forgia_ui::sys_force_lobby_cursor_free"};C:\Users\Antoi\.cargo\registry\src\index.crates.io-1949cf8c6b5b557f\bevy_ecs-0.18.1\src\system\function_system.rs;52;63797;0.000035;91;701;320;1889;309.896434
system{name="forgia_mode_roguelite::stations::sys_reset_stations_on_stage_change"};C:\Users\Antoi\.cargo\registry\src\index.crates.io-1949cf8c6b5b557f\bevy_ecs-0.18.1\src\system\function_system.rs;52;13275030;0.007296;33826;392;112;114740;665.089197
system{name="bevy_state::state::freely_mutable_state::apply_state_transition<forgia_core::states::AppMode>"};C:\Users\Antoi\.cargo\registry\src\index.crates.io-1949cf8c6b5b557f\bevy_ecs-0.18.1\src\system\function_system.rs;52;5713409;0.003140;37526;152;71;30196;170.837085
plugin finish{plugin="forgia_mode_roguelite::trempe::RogueliteTrempePlugin"};C:\Users\Antoi\.cargo\registry\src\index.crates.io-1949cf8c6b5b557f\bevy_app-0.18.1\src\app.rs;272;55;0.000000;1;55;55;55;0.000000
system{name="forgia_mode_roguelite::hud::draw_enemy_archetype_labels"};C:\Users\Antoi\.cargo\registry\src\index.crates.io-1949cf8c6b5b557f\bevy_ecs-0.18.1\src\system\function_system.rs;52;298553925;0.164086;33735;8849;471;3808065;40147.787867
system_commands{name="forgia_effects::damage_numbers::setup_damage_number_pool"};C:\Users\Antoi\.cargo\registry\src\index.crates.io-1949cf8c6b5b557f\bevy_ecs-0.18.1\src\system\function_system.rs;54;3537957;0.001944;1;3537957;3537957;3537957;0.000000
system{name="forgia_stage::authored::sys_collide_authored_pieces"};C:\Users\Antoi\.cargo\registry\src\index.crates.io-1949cf8c6b5b557f\bevy_ecs-0.18.1\src\system\function_system.rs;52;29406372;0.016162;37525;783;138;5359114;29232.073166
plugin build{plugin="bevy_pbr::prepass::PrepassPipelinePlugin"};C:\Users\Antoi\.cargo\registry\src\index.crates.io-1949cf8c6b5b557f\bevy_app-0.18.1\src\app.rs;529;226827;0.000125;1;226827;226827;226827;0.000000
system{name="forgia_mode_roguelite::render_quality::sys_apply_ssao"};C:\Users\Antoi\.cargo\registry\src\index.crates.io-1949cf8c6b5b557f\bevy_ecs-0.18.1\src\system\function_system.rs;52;18254468;0.010033;33826;539;183;89153;777.856346
plugin build{plugin="bevy_sprite_render::mesh2d::material::Material2dPlugin<bevy_sprite_render::tilemap_chunk::tilemap_chunk_material::TilemapChunkMaterial>"};C:\Users\Antoi\.cargo\registry\src\index.crates.io-1949cf8c6b5b557f\bevy_app-0.18.1\src\app.rs;529;148811;0.000082;1;148811;148811;148811;0.000000
system{name="bevy_asset::assets::Assets<bevy_asset::folder::LoadedFolder>::track_assets"};C:\Users\Antoi\.cargo\registry\src\index.crates.io-1949cf8c6b5b557f\bevy_ecs-0.18.1\src\system\function_system.rs;52;77693943;0.042701;37525;2070;98;1553413;19972.328810
system{name="bevy_asset::assets::Assets<bevy_mesh::mesh::Mesh>::track_assets"};C:\Users\Antoi\.cargo\registry\src\index.crates.io-1949cf8c6b5b557f\bevy_ecs-0.18.1\src\system\function_system.rs;52;71905704;0.039520;37525;1916;134;1160322;20220.812513
system{name="forgia_stage::load_stage_genomes"};C:\Users\Antoi\.cargo\registry\src\index.crates.io-1949cf8c6b5b557f\bevy_ecs-0.18.1\src\system\function_system.rs;52;1196403;0.000658;1;1196403;1196403;1196403;0.000000
asset loading{loader="bevy_image::image_loader::ImageLoader" asset="ui/menu_video/frame_0037.webp"};C:\Users\Antoi\.cargo\registry\src\index.crates.io-1949cf8c6b5b557f\bevy_asset-0.18.1\src\server\loaders.rs;332;17746549;0.009754;8;2218318;103;17711171;6260059.097634
system{name="leafwing_input_manager::user_input::updating::input_is_enabled<leafwing_input_manager::user_input::mouse::MouseMove>"};C:\Users\Antoi\.cargo\registry\src\index.crates.io-1949cf8c6b5b557f\bevy_ecs-0.18.1\src\system\function_system.rs;52;3036140;0.001669;37525;80;53;7218;57.910370
system_commands{name="forgia_ai_arena_bot::tick_respawns"};C:\Users\Antoi\.cargo\registry\src\index.crates.io-1949cf8c6b5b557f\bevy_ecs-0.18.1\src\system\function_system.rs;54;3293218;0.001810;37525;87;51;146292;916.239900
system_commands{name="forgia_mode_roguelite::render_quality::sys_force_apply_bloom"};C:\Users\Antoi\.cargo\registry\src\index.crates.io-1949cf8c6b5b557f\bevy_ecs-0.18.1\src\system\function_system.rs;54;64;0.000000;1;64;64;64;0.000000
plugin build{plugin="forgia_mode_roguelite::mushrooms::ForgiaRogueliteMushroomsPlugin"};C:\Users\Antoi\.cargo\registry\src\index.crates.io-1949cf8c6b5b557f\bevy_app-0.18.1\src\app.rs;529;37798;0.000021;1;37798;37798;37798;0.000000
asset loading{loader="bevy_image::image_loader::ImageLoader" asset="ui/menu_video/frame_0043.webp"};C:\Users\Antoi\.cargo\registry\src\index.crates.io-1949cf8c6b5b557f\bevy_asset-0.18.1\src\server\loaders.rs;332;16986750;0.009336;6;2831125;162;16944432;6914084.567736
asset loading{loader="bevy_gltf::loader::GltfLoader" asset="models/kaykit/dungeon/pillar_deco.glb"};C:\Users\Antoi\.cargo\registry\src\index.crates.io-1949cf8c6b5b557f\bevy_asset-0.18.1\src\server\loaders.rs;332;10423306;0.005729;14;744521;241;6401437;1933152.701251
system{name="bevy_egui::end_pass_system"};C:\Users\Antoi\.cargo\registry\src\index.crates.io-1949cf8c6b5b557f\bevy_ecs-0.18.1\src\system\function_system.rs;52;18566025;0.010204;37525;494;167;115753;932.226980
{shadow_directional_light_1_cascade_2};C:\Users\Antoi\.cargo\registry\src\index.crates.io-1949cf8c6b5b557f\bevy_pbr-0.18.1\src\render\light.rs;2326;2618250039;1.438999;33824;77408;22608;7994977;49213.223124
plugin build{plugin="bevy_pbr::PbrPlugin"};C:\Users\Antoi\.cargo\registry\src\index.crates.io-1949cf8c6b5b557f\bevy_app-0.18.1\src\app.rs;529;24969652;0.013723;1;24969652;24969652;24969652;0.000000
plugin finish{plugin="bevy_render::erased_render_asset::ErasedRenderAssetPlugin<bevy_pbr::mesh_material::MeshMaterial3d<bevy_pbr::extended_material::ExtendedMaterial<bevy_pbr::pbr_material::StandardMaterial, bevy_pbr::decal::forward::ForwardDecalMaterialExt>>>"};C:\Users\Antoi\.cargo\registry\src\index.crates.io-1949cf8c6b5b557f\bevy_app-0.18.1\src\app.rs;272;14711;0.000008;1;14711;14711;14711;0.000000
system_commands{name="bevy_core_pipeline::core_3d::extract_camera_prepass_phase"};C:\Users\Antoi\.cargo\registry\src\index.crates.io-1949cf8c6b5b557f\bevy_ecs-0.18.1\src\system\function_system.rs;54;91309192;0.050184;37525;2433;1018;82372;1029.640701
node{name="bevy_render::render_graph::node::ViewNodeRunner<bevy_core_pipeline::core_3d::main_transmissive_pass_3d_node::MainTransmissivePass3dNode>"};C:\Users\Antoi\.cargo\registry\src\index.crates.io-1949cf8c6b5b557f\bevy_render-0.18.1\src\renderer\graph_runner.rs;240;109210916;0.060023;75050;1455;662;114527;981.855507
asset loading{loader="bevy_shader::shader::ShaderLoader" asset="embedded://bevy_post_process\\motion_blur\\motion_blur.wgsl"};C:\Users\Antoi\.cargo\registry\src\index.crates.io-1949cf8c6b5b557f\bevy_asset-0.18.1\src\server\loaders.rs;332;264040;0.000145;2;132020;64;263976;186613.964837
system_commands{name="bevy_pbr::material::init_material_pipeline"};C:\Users\Antoi\.cargo\registry\src\index.crates.io-1949cf8c6b5b557f\bevy_ecs-0.18.1\src\system\function_system.rs;54;2221;0.000001;1;2221;2221;2221;0.000000
plugin finish{plugin="bevy_light::LightPlugin"};C:\Users\Antoi\.cargo\registry\src\index.crates.io-1949cf8c6b5b557f\bevy_app-0.18.1\src\app.rs;272;54;0.000000;1;54;54;54;0.000000
plugin build{plugin="forgia_ui::weapon_preview::WeaponPreviewPlugin"};C:\Users\Antoi\.cargo\registry\src\index.crates.io-1949cf8c6b5b557f\bevy_app-0.18.1\src\app.rs;529;385242;0.000212;1;385242;385242;385242;0.000000
system{name="forgia_stage::floor_merge::sys_build_merged_static"};C:\Users\Antoi\.cargo\registry\src\index.crates.io-1949cf8c6b5b557f\bevy_ecs-0.18.1\src\system\function_system.rs;52;61631140;0.033873;37525;1642;209;20926533;125880.545581
node{name="bevy_pbr::light_probe::generate::DownsamplingNode"};C:\Users\Antoi\.cargo\registry\src\index.crates.io-1949cf8c6b5b557f\bevy_render-0.18.1\src\renderer\graph_runner.rs;240;28898878;0.015883;75050;385;95;89254;424.213082
asset loading{loader="bevy_image::image_loader::ImageLoader" asset="ui/menu_video/frame_0263.webp"};C:\Users\Antoi\.cargo\registry\src\index.crates.io-1949cf8c6b5b557f\bevy_asset-0.18.1\src\server\loaders.rs;332;21069362;0.011580;6;3511560;143;21008216;8571580.912491
system{name="forgia_ui_lib::damage_direction::ingest_damage_for_player"};C:\Users\Antoi\.cargo\registry\src\index.crates.io-1949cf8c6b5b557f\bevy_ecs-0.18.1\src\system\function_system.rs;52;29786289;0.016371;37525;793;198;154239;1090.754575
plugin finish{plugin="forgia_ui::weapon_preview::WeaponPreviewPlugin"};C:\Users\Antoi\.cargo\registry\src\index.crates.io-1949cf8c6b5b557f\bevy_app-0.18.1\src\app.rs;272;55;0.000000;1;55;55;55;0.000000
system{name="bevy_app::propagate::propagate_inherited<bevy_ui::ui_node::ComputedUiRenderTargetInfo, (), bevy_ecs::hierarchy::ChildOf>"};C:\Users\Antoi\.cargo\registry\src\index.crates.io-1949cf8c6b5b557f\bevy_ecs-0.18.1\src\system\function_system.rs;52;25536655;0.014035;37525;680;165;117103;689.793079
function_scope{egui::interaction::interact};C:\Users\Antoi\.cargo\registry\src\index.crates.io-1949cf8c6b5b557f\egui-0.33.3\src\interaction.rs;116;24011090;0.013197;37525;639;204;119344;1371.863617
asset loading{loader="bevy_shader::shader::ShaderLoader" asset="embedded://bevy_pbr\\decal\\clustered.wgsl"};C:\Users\Antoi\.cargo\registry\src\index.crates.io-1949cf8c6b5b557f\bevy_asset-0.18.1\src\server\loaders.rs;332;405592;0.000223;2;202796;75;405517;286690.787578
plugin finish{plugin="forgia_mode_roguelite::head_hitbox::RogueliteHeadHitboxPlugin"};C:\Users\Antoi\.cargo\registry\src\index.crates.io-1949cf8c6b5b557f\bevy_app-0.18.1\src\app.rs;272;57;0.000000;1;57;57;57;0.000000
plugin finish{plugin="bevy_render::sync_component::SyncComponentPlugin<bevy_post_process::effect_stack::ChromaticAberration>"};C:\Users\Antoi\.cargo\registry\src\index.crates.io-1949cf8c6b5b557f\bevy_app-0.18.1\src\app.rs;272;55;0.000000;1;55;55;55;0.000000
plugin cleanup{plugin="forgia_ui_lib::hud::player_hp::PlayerHpPlugin"};C:\Users\Antoi\.cargo\registry\src\index.crates.io-1949cf8c6b5b557f\bevy_app-0.18.1\src\app.rs;292;55;0.000000;1;55;55;55;0.000000
system{name="bevy_asset::assets::Assets<forgia_genome_core::Genome<forgia_ui_lib::hud_ammo::tuning::AmmoHudTuning>>::track_assets"};C:\Users\Antoi\.cargo\registry\src\index.crates.io-1949cf8c6b5b557f\bevy_ecs-0.18.1\src\system\function_system.rs;52;49531017;0.027222;37525;1319;132;1337567;13421.830960
asset loading{loader="bevy_image::image_loader::ImageLoader" asset="ui/menu_video/frame_0068.webp"};C:\Users\Antoi\.cargo\registry\src\index.crates.io-1949cf8c6b5b557f\bevy_asset-0.18.1\src\server\loaders.rs;332;15657711;0.008606;6;2609618;79;15600973;6364443.911676
asset loading{loader="bevy_image::image_loader::ImageLoader" asset="ui/menu_video/frame_0232.webp"};C:\Users\Antoi\.cargo\registry\src\index.crates.io-1949cf8c6b5b557f\bevy_asset-0.18.1\src\server\loaders.rs;332;20635711;0.011341;7;2947958;73;20594333;7781321.600454
system_commands{name="bevy_render::render_asset::extract_render_asset<bevy_pbr::medium::GpuScatteringMedium>"};C:\Users\Antoi\.cargo\registry\src\index.crates.io-1949cf8c6b5b557f\bevy_ecs-0.18.1\src\system\function_system.rs;54;26882530;0.014775;37525;716;315;15188;229.656691
system_commands{name="bevy_render::extract_component::extract_components<bevy_post_process::bloom::settings::Bloom>"};C:\Users\Antoi\.cargo\registry\src\index.crates.io-1949cf8c6b5b557f\bevy_ecs-0.18.1\src\system\function_system.rs;54;17494319;0.009615;37525;466;231;34090;219.006892
asset loading{loader="bevy_image::image_loader::ImageLoader" asset="ui/menu_video/frame_0340.webp"};C:\Users\Antoi\.cargo\registry\src\index.crates.io-1949cf8c6b5b557f\bevy_asset-0.18.1\src\server\loaders.rs;332;14513308;0.007977;5;2902661;552;14454406;6457632.867856
system{name="bevy_ui_render::extract_ui_camera_view"};C:\Users\Antoi\.cargo\registry\src\index.crates.io-1949cf8c6b5b557f\bevy_ecs-0.18.1\src\system\function_system.rs;52;57805165;0.031770;37525;1540;585;83851;966.944077
system_commands{name="bevy_ui_render::extract_viewport_nodes"};C:\Users\Antoi\.cargo\registry\src\index.crates.io-1949cf8c6b5b557f\bevy_ecs-0.18.1\src\system\function_system.rs;54;5252668;0.002887;37525;139;56;47867;257.362389
system{name="forgia_mode_roguelite::enemies::sys_init_enemy_genome"};C:\Users\Antoi\.cargo\registry\src\index.crates.io-1949cf8c6b5b557f\bevy_ecs-0.18.1\src\system\function_system.rs;52;1940004;0.001066;1;1940004;1940004;1940004;0.000000
system{name="forgia_effects::weapon_vfx::tracer::setup_tracer_resources"};C:\Users\Antoi\.cargo\registry\src\index.crates.io-1949cf8c6b5b557f\bevy_ecs-0.18.1\src\system\function_system.rs;52;250020;0.000137;1;250020;250020;250020;0.000000
system{name="forgia_auto_rig::write_auto_rig_sensor"};C:\Users\Antoi\.cargo\registry\src\index.crates.io-1949cf8c6b5b557f\bevy_ecs-0.18.1\src\system\function_system.rs;52;84386282;0.046379;37525;2248;162;2046322;28646.184678
system_commands{name="bevy_render::extract_component::extract_components<bevy_core_pipeline::skybox::Skybox>"};C:\Users\Antoi\.cargo\registry\src\index.crates.io-1949cf8c6b5b557f\bevy_ecs-0.18.1\src\system\function_system.rs;54;56642669;0.031131;37525;1509;664;55979;599.450160
plugin finish{plugin="bevy_app::panic_handler::PanicHandlerPlugin"};C:\Users\Antoi\.cargo\registry\src\index.crates.io-1949cf8c6b5b557f\bevy_app-0.18.1\src\app.rs;272;79;0.000000;1;79;79;79;0.000000
plugin cleanup{plugin="bevy_render::sync_component::SyncComponentPlugin<bevy_light::point_light::PointLight>"};C:\Users\Antoi\.cargo\registry\src\index.crates.io-1949cf8c6b5b557f\bevy_app-0.18.1\src\app.rs;292;57;0.000000;1;57;57;57;0.000000
asset loading{loader="bevy_image::image_loader::ImageLoader" asset="ui/menu_video/frame_0145.webp"};C:\Users\Antoi\.cargo\registry\src\index.crates.io-1949cf8c6b5b557f\bevy_asset-0.18.1\src\server\loaders.rs;332;15790923;0.008679;6;2631820;144;15745587;6424413.367322
system{name="forgia_mode_roguelite::render_quality::sys_force_apply_ssao"};C:\Users\Antoi\.cargo\registry\src\index.crates.io-1949cf8c6b5b557f\bevy_ecs-0.18.1\src\system\function_system.rs;52;123338;0.000068;1;123338;123338;123338;0.000000
system_commands{name="forgia_mode_roguelite::ultimate_vfx::sys_spawn_ultimate_vfx"};C:\Users\Antoi\.cargo\registry\src\index.crates.io-1949cf8c6b5b557f\bevy_ecs-0.18.1\src\system\function_system.rs;54;4508618;0.002478;33826;133;62;573717;3226.062769
system{name="forgia_mode_roguelite::audio::sys_ding_on_currency"};C:\Users\Antoi\.cargo\registry\src\index.crates.io-1949cf8c6b5b557f\bevy_ecs-0.18.1\src\system\function_system.rs;52;6711508;0.003689;33826;198;78;79325;489.925658
asset loading{loader="bevy_image::image_loader::ImageLoader" asset="ui/menu_video/frame_0290.webp"};C:\Users\Antoi\.cargo\registry\src\index.crates.io-1949cf8c6b5b557f\bevy_asset-0.18.1\src\server\loaders.rs;332;14782675;0.008125;7;2111810;166;14738454;5567831.670938
system{name="forgia_mode_roguelite::status_vfx::sys_attach_shock_vfx"};C:\Users\Antoi\.cargo\registry\src\index.crates.io-1949cf8c6b5b557f\bevy_ecs-0.18.1\src\system\function_system.rs;52;14714368;0.008087;33826;435;139;80875;519.948736
system{name="bevy_pbr::deferred::init_deferred_lighting_layout"};C:\Users\Antoi\.cargo\registry\src\index.crates.io-1949cf8c6b5b557f\bevy_ecs-0.18.1\src\system\function_system.rs;52;26825;0.000015;1;26825;26825;26825;0.000000
plugin cleanup{plugin="forgia_postprocess::toon::ForgiaPpToonPlugin"};C:\Users\Antoi\.cargo\registry\src\index.crates.io-1949cf8c6b5b557f\bevy_app-0.18.1\src\app.rs;292;55;0.000000;1;55;55;55;0.000000
system{name="forgia_rpg_data::dialogue::end_sessions"};C:\Users\Antoi\.cargo\registry\src\index.crates.io-1949cf8c6b5b557f\bevy_ecs-0.18.1\src\system\function_system.rs;52;9365372;0.005147;37525;249;86;20824;158.839100
plugin build{plugin="bevy_camera::CameraPlugin"};C:\Users\Antoi\.cargo\registry\src\index.crates.io-1949cf8c6b5b557f\bevy_app-0.18.1\src\app.rs;529;2312981;0.001271;1;2312981;2312981;2312981;0.000000
asset loading{loader="bevy_image::image_loader::ImageLoader" asset="ui/menu_video/frame_0025.webp"};C:\Users\Antoi\.cargo\registry\src\index.crates.io-1949cf8c6b5b557f\bevy_asset-0.18.1\src\server\loaders.rs;332;30310859;0.016659;12;2525904;74;15577010;5884727.704361
asset loading{loader="bevy_image::image_loader::ImageLoader" asset="ui/menu_video/frame_0139.webp"};C:\Users\Antoi\.cargo\registry\src\index.crates.io-1949cf8c6b5b557f\bevy_asset-0.18.1\src\server\loaders.rs;332;14889465;0.008183;6;2481577;120;14849312;6058930.715876
system{name="forgia_ui::sys_regrab_cursor_on_focus"};C:\Users\Antoi\.cargo\registry\src\index.crates.io-1949cf8c6b5b557f\bevy_ecs-0.18.1\src\system\function_system.rs;52;20456031;0.011243;37525;545;129;26319;351.045746
plugin cleanup{plugin="forgia_auto_rig::ForgiaAutoRigPlugin"};C:\Users\Antoi\.cargo\registry\src\index.crates.io-1949cf8c6b5b557f\bevy_app-0.18.1\src\app.rs;292;57;0.000000;1;57;57;57;0.000000
plugin cleanup{plugin="bevy_render::mesh::MorphPlugin"};C:\Users\Antoi\.cargo\registry\src\index.crates.io-1949cf8c6b5b557f\bevy_app-0.18.1\src\app.rs;292;55;0.000000;1;55;55;55;0.000000
node{name="bevy_render::render_graph::node::ViewNodeRunner<bevy_anti_alias::fxaa::node::FxaaNode>"};C:\Users\Antoi\.cargo\registry\src\index.crates.io-1949cf8c6b5b557f\bevy_render-0.18.1\src\renderer\graph_runner.rs;240;20472698;0.011252;112575;181;54;20050;130.036945
plugin build{plugin="forgia_player::skybox_genome::SkyboxGenomePlugin"};C:\Users\Antoi\.cargo\registry\src\index.crates.io-1949cf8c6b5b557f\bevy_app-0.18.1\src\app.rs;529;494830;0.000272;1;494830;494830;494830;0.000000
system_commands{name="bevy_render::render_asset::extract_render_asset<bevy_sprite_render::mesh2d::material::PreparedMaterial2d<bevy_sprite_render::tilemap_chunk::tilemap_chunk_material::TilemapChunkMaterial>>"};C:\Users\Antoi\.cargo\registry\src\index.crates.io-1949cf8c6b5b557f\bevy_ecs-0.18.1\src\system\function_system.rs;54;43938463;0.024149;37525;1170;431;269077;1471.625111
system{name="bevy_hanabi::render::on_remove_cached_draw_indirect_args"};C:\Users\Antoi\.cargo\registry\src\index.crates.io-1949cf8c6b5b557f\bevy_ecs-0.18.1\src\system\function_system.rs;52;705;0.000000;4;176;68;459;189.211522
asset loading{loader="bevy_gltf::loader::GltfLoader" asset="models/kaykit/medieval_hexagon/walls/wall_straight.gltf"};C:\Users\Antoi\.cargo\registry\src\index.crates.io-1949cf8c6b5b557f\bevy_asset-0.18.1\src\server\loaders.rs;332;275442;0.000151;10;27544;73;156721;47728.943916
plugin cleanup{plugin="bevy_render::render_phase::BinnedRenderPhasePlugin<bevy_pbr::render::light::Shadow, bevy_pbr::render::mesh::MeshPipeline>"};C:\Users\Antoi\.cargo\registry\src\index.crates.io-1949cf8c6b5b557f\bevy_app-0.18.1\src\app.rs;292;55;0.000000;1;55;55;55;0.000000
plugin cleanup{plugin="bevy_render::extract_component::UniformComponentPlugin<forgia_postprocess::toon::ToonSettings>"};C:\Users\Antoi\.cargo\registry\src\index.crates.io-1949cf8c6b5b557f\bevy_app-0.18.1\src\app.rs;292;56;0.000000;1;56;56;56;0.000000
system{name="bevy_sprite_render::mesh2d::mesh::extract_mesh2d"};C:\Users\Antoi\.cargo\registry\src\index.crates.io-1949cf8c6b5b557f\bevy_ecs-0.18.1\src\system\function_system.rs;52;19541385;0.010740;37525;520;168;31498;341.722707
asset loading{loader="bevy_gltf::loader::GltfLoader" asset="models/environment/platformer/platformer_underworld.glb"};C:\Users\Antoi\.cargo\registry\src\index.crates.io-1949cf8c6b5b557f\bevy_asset-0.18.1\src\server\loaders.rs;332;30603826;0.016820;8;3825478;170;30497248;10777031.693347
system{name="bevy_asset::assets::Assets<bevy_hanabi::asset::EffectAsset>::track_assets"};C:\Users\Antoi\.cargo\registry\src\index.crates.io-1949cf8c6b5b557f\bevy_ecs-0.18.1\src\system\function_system.rs;52;52853746;0.029049;37525;1408;156;1122635;13570.004269
plugin build{plugin="bevy_render::render_asset::RenderAssetPlugin<bevy_render::texture::gpu_image::GpuImage>"};C:\Users\Antoi\.cargo\registry\src\index.crates.io-1949cf8c6b5b557f\bevy_app-0.18.1\src\app.rs;529;24053;0.000013;1;24053;24053;24053;0.000000
system{name="forgia_observability::watchdog_sensor::sys_write_watchdog_sensor"};C:\Users\Antoi\.cargo\registry\src\index.crates.io-1949cf8c6b5b557f\bevy_ecs-0.18.1\src\system\function_system.rs;52;7768732;0.004270;37525;207;72;31550;241.883292
plugin finish{plugin="bevy_input::InputPlugin"};C:\Users\Antoi\.cargo\registry\src\index.crates.io-1949cf8c6b5b557f\bevy_app-0.18.1\src\app.rs;272;52;0.000000;1;52;52;52;0.000000
asset loading{loader="bevy_image::image_loader::ImageLoader" asset="ui/menu_video/frame_0172.webp"};C:\Users\Antoi\.cargo\registry\src\index.crates.io-1949cf8c6b5b557f\bevy_asset-0.18.1\src\server\loaders.rs;332;16552365;0.009097;5;3310473;81;16508709;7378043.659233
plugin build{plugin="bevy_post_process::dof::DepthOfFieldPlugin"};C:\Users\Antoi\.cargo\registry\src\index.crates.io-1949cf8c6b5b557f\bevy_app-0.18.1\src\app.rs;529;76870;0.000042;1;76870;76870;76870;0.000000
system{name="bevy_pbr::atmosphere::environment::prepare_probe_textures"};C:\Users\Antoi\.cargo\registry\src\index.crates.io-1949cf8c6b5b557f\bevy_ecs-0.18.1\src\system\function_system.rs;52;18775738;0.010319;37525;500;190;40384;338.702873
system{name="bevy_render::extract_component::prepare_uniform_components<bevy_pbr::atmosphere::resources::GpuAtmosphere>"};C:\Users\Antoi\.cargo\registry\src\index.crates.io-1949cf8c6b5b557f\bevy_ecs-0.18.1\src\system\function_system.rs;52;15775210;0.008670;37525;420;113;149619;1075.316014
plugin cleanup{plugin="bevy_render::camera::CameraPlugin"};C:\Users\Antoi\.cargo\registry\src\index.crates.io-1949cf8c6b5b557f\bevy_app-0.18.1\src\app.rs;292;58;0.000000;1;58;58;58;0.000000
plugin cleanup{plugin="bevy_render::gpu_readback::GpuReadbackPlugin"};C:\Users\Antoi\.cargo\registry\src\index.crates.io-1949cf8c6b5b557f\bevy_app-0.18.1\src\app.rs;292;56;0.000000;1;56;56;56;0.000000
system{name="bevy_pbr::render::gpu_preprocess::prepare_preprocess_pipelines"};C:\Users\Antoi\.cargo\registry\src\index.crates.io-1949cf8c6b5b557f\bevy_ecs-0.18.1\src\system\function_system.rs;52;35241956;0.019369;37525;939;241;104066;1001.672236
system{name="forgia_fps::lenoir::sys_update_stats"};C:\Users\Antoi\.cargo\registry\src\index.crates.io-1949cf8c6b5b557f\bevy_ecs-0.18.1\src\system\function_system.rs;52;7241272;0.003980;37525;192;83;76335;438.390542
asset loading{loader="bevy_image::image_loader::ImageLoader" asset="ui/menu_video/frame_0090.webp"};C:\Users\Antoi\.cargo\registry\src\index.crates.io-1949cf8c6b5b557f\bevy_asset-0.18.1\src\server\loaders.rs;332;16396045;0.009011;5;3279209;107;16353368;7308682.138679
system{name="bevy_asset::assets::Assets<bevy_image::image::Image>::track_assets"};C:\Users\Antoi\.cargo\registry\src\index.crates.io-1949cf8c6b5b557f\bevy_ecs-0.18.1\src\system\function_system.rs;52;94661167;0.052026;37525;2522;96;1310351;23334.084570
system{name="bevy_post_process::msaa_writeback::prepare_msaa_writeback_pipelines"};C:\Users\Antoi\.cargo\registry\src\index.crates.io-1949cf8c6b5b557f\bevy_ecs-0.18.1\src\system\function_system.rs;52;40919391;0.022489;37525;1090;270;130755;1172.833764
asset loading{loader="bevy_image::image_loader::ImageLoader" asset="ui/menu_video/frame_0224.webp"};C:\Users\Antoi\.cargo\registry\src\index.crates.io-1949cf8c6b5b557f\bevy_asset-0.18.1\src\server\loaders.rs;332;16554181;0.009098;6;2759030;103;16509166;6736165.932254
system_commands{name="forgia_mode_roguelite::toon_config::sys_force_apply_toon_settings"};C:\Users\Antoi\.cargo\registry\src\index.crates.io-1949cf8c6b5b557f\bevy_ecs-0.18.1\src\system\function_system.rs;54;73;0.000000;1;73;73;73;0.000000
system{name="bevy_asset::assets::Assets<forgia_genome_core::Genome<forgia_level_presets::LevelModulesGenome>>::asset_events"};C:\Users\Antoi\.cargo\registry\src\index.crates.io-1949cf8c6b5b557f\bevy_ecs-0.18.1\src\system\function_system.rs;52;340;0.000000;1;340;340;340;0.000000
plugin cleanup{plugin="forgia_fps::ForgiaFpsPlugin"};C:\Users\Antoi\.cargo\registry\src\index.crates.io-1949cf8c6b5b557f\bevy_app-0.18.1\src\app.rs;292;56;0.000000;1;56;56;56;0.000000
plugin finish{plugin="bevy_render::sync_component::SyncComponentPlugin<bevy_pbr::ssao::ScreenSpaceAmbientOcclusion>"};C:\Users\Antoi\.cargo\registry\src\index.crates.io-1949cf8c6b5b557f\bevy_app-0.18.1\src\app.rs;272;168;0.000000;1;168;168;168;0.000000
plugin finish{plugin="bevy_render::extract_component::ExtractComponentPlugin<bevy_post_process::effect_stack::ChromaticAberration>"};C:\Users\Antoi\.cargo\registry\src\index.crates.io-1949cf8c6b5b557f\bevy_app-0.18.1\src\app.rs;272;58;0.000000;1;58;58;58;0.000000
system{name="forgia_mode_roguelite::trempe::sys_apply_temper"};C:\Users\Antoi\.cargo\registry\src\index.crates.io-1949cf8c6b5b557f\bevy_ecs-0.18.1\src\system\function_system.rs;52;7641503;0.004200;33826;225;80;29939;300.340851
system_commands{name="bevy_ui_render::pipeline::init_ui_pipeline"};C:\Users\Antoi\.cargo\registry\src\index.crates.io-1949cf8c6b5b557f\bevy_ecs-0.18.1\src\system\function_system.rs;54;2744;0.000002;1;2744;2744;2744;0.000000
tessellate;C:\Users\Antoi\.cargo\registry\src\index.crates.io-1949cf8c6b5b557f\epaint-0.33.3\src\tessellator.rs;2221;5000434336;2.748256;37525;133256;8138;1081844;42889.550815
system{name="bevy_asset::assets::Assets<bevy_pbr::medium::ScatteringMedium>::track_assets"};C:\Users\Antoi\.cargo\registry\src\index.crates.io-1949cf8c6b5b557f\bevy_ecs-0.18.1\src\system\function_system.rs;52;47981840;0.026371;37525;1278;115;1165759;15398.534939
asset loading{loader="bevy_image::image_loader::ImageLoader" asset="ui/menu_video/frame_0300.webp"};C:\Users\Antoi\.cargo\registry\src\index.crates.io-1949cf8c6b5b557f\bevy_asset-0.18.1\src\server\loaders.rs;332;16075205;0.008835;6;2679200;158;16035662;6543305.615227
system{name="forgia_viewmodel::arms_sensor::write_arms_sensor"};C:\Users\Antoi\.cargo\registry\src\index.crates.io-1949cf8c6b5b557f\bevy_ecs-0.18.1\src\system\function_system.rs;52;13757232;0.007561;33826;406;126;327726;1837.300899
system{name="forgia_observability::perf_sensor::sys_write_perf_sensor"};C:\Users\Antoi\.cargo\registry\src\index.crates.io-1949cf8c6b5b557f\bevy_ecs-0.18.1\src\system\function_system.rs;52;16660293;0.009157;37525;443;86;82058;1638.055250
system_commands{name="forgia_fps::pepin::load_pepin_tuning"};C:\Users\Antoi\.cargo\registry\src\index.crates.io-1949cf8c6b5b557f\bevy_ecs-0.18.1\src\system\function_system.rs;54;1172;0.000001;1;1172;1172;1172;0.000000
schedule{name=FixedFirst};C:\Users\Antoi\.cargo\registry\src\index.crates.io-1949cf8c6b5b557f\bevy_ecs-0.18.1\src\schedule\schedule.rs;532;155961219;0.085717;11501;13560;3858;2150854;25046.732590
plugin build{plugin="bevy_app::task_pool_plugin::TaskPoolPlugin"};C:\Users\Antoi\.cargo\registry\src\index.crates.io-1949cf8c6b5b557f\bevy_app-0.18.1\src\app.rs;529;1335402;0.000734;1;1335402;1335402;1335402;0.000000
plugin build{plugin="bevy_render::extract_component::UniformComponentPlugin<forgia_postprocess::toon::ToonSettings>"};C:\Users\Antoi\.cargo\registry\src\index.crates.io-1949cf8c6b5b557f\bevy_app-0.18.1\src\app.rs;529;10404;0.000006;1;10404;10404;10404;0.000000
system{name="forgia_crosshair::draw_crosshair"};C:\Users\Antoi\.cargo\registry\src\index.crates.io-1949cf8c6b5b557f\bevy_ecs-0.18.1\src\system\function_system.rs;52;47923981;0.026339;37525;1277;70;76459;818.885683
system{name="forgia_viewmodel::arms::apply_arms_motion"};C:\Users\Antoi\.cargo\registry\src\index.crates.io-1949cf8c6b5b557f\bevy_ecs-0.18.1\src\system\function_system.rs;52;14603681;0.008026;33826;431;145;84749;698.302475
system{name="bevy_render::render_phase::sweep_old_entities<bevy_core_pipeline::prepass::Opaque3dPrepass>"};C:\Users\Antoi\.cargo\registry\src\index.crates.io-1949cf8c6b5b557f\bevy_ecs-0.18.1\src\system\function_system.rs;52;6876967;0.003780;37525;183;56;60707;419.343136
system{name="leafwing_input_manager::systems::release_on_input_map_removed<forgia_input::PlayerAction>"};C:\Users\Antoi\.cargo\registry\src\index.crates.io-1949cf8c6b5b557f\bevy_ecs-0.18.1\src\system\function_system.rs;52;16680855;0.009168;49026;340;83;82422;488.257112
system{name="forgia_juice_screen_flash::write_screen_flash_sensor"};C:\Users\Antoi\.cargo\registry\src\index.crates.io-1949cf8c6b5b557f\bevy_ecs-0.18.1\src\system\function_system.rs;52;8736577;0.004802;37525;232;87;91942;711.076231
system{name="forgia_viewmodel::pose::apply_ads_camera_fov"};C:\Users\Antoi\.cargo\registry\src\index.crates.io-1949cf8c6b5b557f\bevy_ecs-0.18.1\src\system\function_system.rs;52;24820982;0.013642;33826;733;232;124805;895.097839
system{name="bevy_state::state_scoped::despawn_entities_on_enter_state<forgia_core::states::AppMode>"};C:\Users\Antoi\.cargo\registry\src\index.crates.io-1949cf8c6b5b557f\bevy_ecs-0.18.1\src\system\function_system.rs;52;10994662;0.006043;37526;292;79;153490;803.245634
asset loading{loader="bevy_shader::shader::ShaderLoader" asset="embedded://bevy_anti_alias\\smaa\\smaa.wgsl"};C:\Users\Antoi\.cargo\registry\src\index.crates.io-1949cf8c6b5b557f\bevy_asset-0.18.1\src\server\loaders.rs;332;1972611;0.001084;2;986305;83;1972528;1394729.235018
asset loading{loader="forgia_genome_core::GenomeLoader<forgia_juice_screen_flash::ScreenFlashTuning>" asset="genomes/screen_flash_tuning.toml"};C:\Users\Antoi\.cargo\registry\src\index.crates.io-1949cf8c6b5b557f\bevy_asset-0.18.1\src\server\loaders.rs;332;208071;0.000114;4;52017;78;147936;69561.592676
system{name="bevy_pbr::render::light::prepare_lights"};C:\Users\Antoi\.cargo\registry\src\index.crates.io-1949cf8c6b5b557f\bevy_ecs-0.18.1\src\system\function_system.rs;52;1815953990;0.998055;37525;48393;17541;2637249;21980.108440
system_commands{name="forgia_viewmodel::attach::attach_viewmodel_to_camera"};C:\Users\Antoi\.cargo\registry\src\index.crates.io-1949cf8c6b5b557f\bevy_ecs-0.18.1\src\system\function_system.rs;54;3391668;0.001864;33826;100;50;91615;575.902208
system{name="bevy_text::text::detect_text_needs_rerender<bevy_sprite::text2d::Text2d>"};C:\Users\Antoi\.cargo\registry\src\index.crates.io-1949cf8c6b5b557f\bevy_ecs-0.18.1\src\system\function_system.rs;52;46797868;0.025720;37525;1247;367;98721;891.885237
plugin finish{plugin="bevy_render::render_asset::RenderAssetPlugin<bevy_sprite_render::mesh2d::material::PreparedMaterial2d<bevy_sprite_render::tilemap_chunk::tilemap_chunk_material::TilemapChunkMaterial>>"};C:\Users\Antoi\.cargo\registry\src\index.crates.io-1949cf8c6b5b557f\bevy_app-0.18.1\src\app.rs;272;54;0.000000;1;54;54;54;0.000000
plugin finish{plugin="forgia_rpg_data::dialogue::ForgiaDialoguePlugin"};C:\Users\Antoi\.cargo\registry\src\index.crates.io-1949cf8c6b5b557f\bevy_app-0.18.1\src\app.rs;272;58;0.000000;1;58;58;58;0.000000
system{name="bevy_render::batching::gpu_preprocessing::batch_and_prepare_binned_render_phase<bevy_core_pipeline::core_3d::AlphaMask3d, bevy_pbr::render::mesh::MeshPipeline>"};C:\Users\Antoi\.cargo\registry\src\index.crates.io-1949cf8c6b5b557f\bevy_ecs-0.18.1\src\system\function_system.rs;52;69853972;0.038392;37525;1861;536;200406;1705.799247
system{name="forgia_mode_roguelite::weapon_select::sys_load_weapon_cards"};C:\Users\Antoi\.cargo\registry\src\index.crates.io-1949cf8c6b5b557f\bevy_ecs-0.18.1\src\system\function_system.rs;52;2006076;0.001103;1;2006076;2006076;2006076;0.000000
system{name="bevy_pbr::prepass::prepare_previous_view_uniforms"};C:\Users\Antoi\.cargo\registry\src\index.crates.io-1949cf8c6b5b557f\bevy_ecs-0.18.1\src\system\function_system.rs;52;454174741;0.249616;37525;12103;2081;3088368;22371.688932
plugin cleanup{plugin="bevy_post_process::msaa_writeback::MsaaWritebackPlugin"};C:\Users\Antoi\.cargo\registry\src\index.crates.io-1949cf8c6b5b557f\bevy_app-0.18.1\src\app.rs;292;55;0.000000;1;55;55;55;0.000000
system{name="bevy_asset::assets::Assets<forgia_genome_core::Genome<forgia_enemy_nameplate::tuning::EnemyNameplateTuning>>::track_assets"};C:\Users\Antoi\.cargo\registry\src\index.crates.io-1949cf8c6b5b557f\bevy_ecs-0.18.1\src\system\function_system.rs;52;56303637;0.030945;37525;1500;171;952130;13756.169846
plugin finish{plugin="bevy_pbr::PbrPlugin"};C:\Users\Antoi\.cargo\registry\src\index.crates.io-1949cf8c6b5b557f\bevy_app-0.18.1\src\app.rs;272;419206;0.000230;1;419206;419206;419206;0.000000
init_and_solve;C:\Users\Antoi\.cargo\registry\src\index.crates.io-1949cf8c6b5b557f\rapier3d-0.31.0\src\dynamics\solver\island_solver.rs;31;200159058;0.110008;11501;17403;12386;860636;8845.672693
system{name="forgia_mode_roguelite::merchant::sys_spawn_merchant"};C:\Users\Antoi\.cargo\registry\src\index.crates.io-1949cf8c6b5b557f\bevy_ecs-0.18.1\src\system\function_system.rs;52;980358;0.000539;1;980358;980358;980358;0.000000
asset loading{loader="bevy_image::image_loader::ImageLoader" asset="ui/menu_video/frame_0256.webp"};C:\Users\Antoi\.cargo\registry\src\index.crates.io-1949cf8c6b5b557f\bevy_asset-0.18.1\src\server\loaders.rs;332;15364426;0.008444;7;2194918;161;15324004;5789385.372765
system{name="bevy_app::propagate::on_r_inserted<bevy_ui::ui_node::ComputedUiTargetCamera, (), bevy_ecs::hierarchy::ChildOf>"};C:\Users\Antoi\.cargo\registry\src\index.crates.io-1949cf8c6b5b557f\bevy_ecs-0.18.1\src\system\function_system.rs;52;403767;0.000222;4446;90;58;2468;114.490580
asset loading{loader="bevy_shader::shader::ShaderLoader" asset="embedded://bevy_sprite_render\\mesh2d\\mesh2d_view_bindings.wgsl"};C:\Users\Antoi\.cargo\registry\src\index.crates.io-1949cf8c6b5b557f\bevy_asset-0.18.1\src\server\loaders.rs;332;134917;0.000074;2;67458;145;134772;95195.664633
plugin finish{plugin="forgia_qa_replay::plugin::ForgiaQaReplayPlugin"};C:\Users\Antoi\.cargo\registry\src\index.crates.io-1949cf8c6b5b557f\bevy_app-0.18.1\src\app.rs;272;57;0.000000;1;57;57;57;0.000000
system_commands{name="bevy_hanabi::render::update_mesh_locations"};C:\Users\Antoi\.cargo\registry\src\index.crates.io-1949cf8c6b5b557f\bevy_ecs-0.18.1\src\system\function_system.rs;54;3321815;0.001826;37525;88;50;37341;195.737076
system{name="bevy_state::state::transitions::run_enter<forgia_core::states::WorldMode>"};C:\Users\Antoi\.cargo\registry\src\index.crates.io-1949cf8c6b5b557f\bevy_ecs-0.18.1\src\system\function_system.rs;52;3131028;0.001721;37526;83;58;70264;405.230064
system{name="bevy_render::batching::gpu_preprocessing::batch_and_prepare_binned_render_phase<bevy_pbr::render::light::Shadow, bevy_pbr::render::mesh::MeshPipeline>"};C:\Users\Antoi\.cargo\registry\src\index.crates.io-1949cf8c6b5b557f\bevy_ecs-0.18.1\src\system\function_system.rs;52;580316227;0.318944;37525;15464;252;639101;9459.394581
system{name="forgia_player::spawn_player"};C:\Users\Antoi\.cargo\registry\src\index.crates.io-1949cf8c6b5b557f\bevy_ecs-0.18.1\src\system\function_system.rs;52;265628;0.000146;1;265628;265628;265628;0.000000
asset loading{loader="bevy_image::image_loader::ImageLoader" asset="ui/menu_video/frame_0015.webp"};C:\Users\Antoi\.cargo\registry\src\index.crates.io-1949cf8c6b5b557f\bevy_asset-0.18.1\src\server\loaders.rs;332;32311711;0.017759;11;2937428;146;17734758;6559940.214556
system{name="bevy_asset::assets::Assets<forgia_genome_core::Genome<forgia_stage::RoguelitePoisGenome>>::asset_events"};C:\Users\Antoi\.cargo\registry\src\index.crates.io-1949cf8c6b5b557f\bevy_ecs-0.18.1\src\system\function_system.rs;52;347;0.000000;1;347;347;347;0.000000
system{name="forgia_fps::track_left_mouse_state"};C:\Users\Antoi\.cargo\registry\src\index.crates.io-1949cf8c6b5b557f\bevy_ecs-0.18.1\src\system\function_system.rs;52;3360470;0.001847;33826;99;69;1445;26.145428
system{name="bevy_post_process::effect_stack::prepare_post_processing_uniforms"};C:\Users\Antoi\.cargo\registry\src\index.crates.io-1949cf8c6b5b557f\bevy_ecs-0.18.1\src\system\function_system.rs;52;15819868;0.008695;37525;421;146;18430;285.444249
asset loading{loader="bevy_shader::shader::ShaderLoader" asset="embedded://bevy_pbr\\render\\mesh_types.wgsl"};C:\Users\Antoi\.cargo\registry\src\index.crates.io-1949cf8c6b5b557f\bevy_asset-0.18.1\src\server\loaders.rs;332;250700;0.000138;2;125350;57;250643;177191.059870
asset loading{loader="bevy_image::image_loader::ImageLoader" asset="ui/menu_video/frame_0305.webp"};C:\Users\Antoi\.cargo\registry\src\index.crates.io-1949cf8c6b5b557f\bevy_asset-0.18.1\src\server\loaders.rs;332;17290404;0.009503;6;2881734;124;17251778;7039856.967486
plugin build{plugin="bevy_pbr::decal::clustered::ClusteredDecalPlugin"};C:\Users\Antoi\.cargo\registry\src\index.crates.io-1949cf8c6b5b557f\bevy_app-0.18.1\src\app.rs;529;427657;0.000235;1;427657;427657;427657;0.000000
plugin finish{plugin="bevy_render::view::visibility::range::RenderVisibilityRangePlugin"};C:\Users\Antoi\.cargo\registry\src\index.crates.io-1949cf8c6b5b557f\bevy_app-0.18.1\src\app.rs;272;53;0.000000;1;53;53;53;0.000000
system{name="bevy_core_pipeline::oit::configure_depth_texture_usages"};C:\Users\Antoi\.cargo\registry\src\index.crates.io-1949cf8c6b5b557f\bevy_ecs-0.18.1\src\system\function_system.rs;52;29207788;0.016053;37525;778;317;116405;769.400528
system{name="bevy_anti_alias::taa::prepare_taa_history_textures"};C:\Users\Antoi\.cargo\registry\src\index.crates.io-1949cf8c6b5b557f\bevy_ecs-0.18.1\src\system\function_system.rs;52;12187303;0.006698;37525;324;75;126676;907.369844
system{name="forgia_fps::pepin::sys_write_pepin_sensor"};C:\Users\Antoi\.cargo\registry\src\index.crates.io-1949cf8c6b5b557f\bevy_ecs-0.18.1\src\system\function_system.rs;52;7244432;0.003982;37525;193;77;32416;280.909271
pass{tag="0"};C:\Users\Antoi\.cargo\registry\src\index.crates.io-1949cf8c6b5b557f\egui-0.33.3\src\context.rs;800;14952573263;8.217987;37525;398469;180315;12944232;146621.873330
plugin build{plugin="forgia_debug::ForgiaDebugPlugin"};C:\Users\Antoi\.cargo\registry\src\index.crates.io-1949cf8c6b5b557f\bevy_app-0.18.1\src\app.rs;529;46090;0.000025;1;46090;46090;46090;0.000000
asset loading{loader="bevy_image::image_loader::ImageLoader" asset="ui/menu_video/frame_0345.webp"};C:\Users\Antoi\.cargo\registry\src\index.crates.io-1949cf8c6b5b557f\bevy_asset-0.18.1\src\server\loaders.rs;332;14529022;0.007985;6;2421503;176;14474688;5904836.065805
asset loading{loader="bevy_gltf::loader::GltfLoader" asset="models/kaykit/hexagon/red/building_barracks_red.gltf"};C:\Users\Antoi\.cargo\registry\src\index.crates.io-1949cf8c6b5b557f\bevy_asset-0.18.1\src\server\loaders.rs;332;479557;0.000264;7;68508;134;329713;118647.519170
asset loading{loader="bevy_gltf::loader::GltfLoader" asset="models/kaykit/dungeon/wall_corner.glb"};C:\Users\Antoi\.cargo\registry\src\index.crates.io-1949cf8c6b5b557f\bevy_asset-0.18.1\src\server\loaders.rs;332;4181360;0.002298;4;1045340;118;4153988;2072452.433508
plugin finish{plugin="bevy_diagnostic::entity_count_diagnostics_plugin::EntityCountDiagnosticsPlugin"};C:\Users\Antoi\.cargo\registry\src\index.crates.io-1949cf8c6b5b557f\bevy_app-0.18.1\src\app.rs;272;61;0.000000;1;61;61;61;0.000000
system{name="forgia_mode_roguelite::element_vfx::sys_spawn_element_impact"};C:\Users\Antoi\.cargo\registry\src\index.crates.io-1949cf8c6b5b557f\bevy_ecs-0.18.1\src\system\function_system.rs;52;23050484;0.012669;33826;681;223;115613;914.336632
system{name="bevy_sprite_render::render::prepare_sprite_image_bind_groups"};C:\Users\Antoi\.cargo\registry\src\index.crates.io-1949cf8c6b5b557f\bevy_ecs-0.18.1\src\system\function_system.rs;52;74754836;0.041086;37525;1992;299;123929;2877.685852
system_commands{name="bevy_render::view::prepare_view_uniforms"};C:\Users\Antoi\.cargo\registry\src\index.crates.io-1949cf8c6b5b557f\bevy_ecs-0.18.1\src\system\function_system.rs;54;108016640;0.059366;37525;2878;1445;136801;1720.818891
plugin cleanup{plugin="bevy_render::extract_component::UniformComponentPlugin<bevy_pbr::atmosphere::GpuAtmosphereSettings>"};C:\Users\Antoi\.cargo\registry\src\index.crates.io-1949cf8c6b5b557f\bevy_app-0.18.1\src\app.rs;292;945;0.000001;1;945;945;945;0.000000
plugin cleanup{plugin="bevy_render::extract_resource::ExtractResourcePlugin<bevy_egui::EguiUserTextures>"};C:\Users\Antoi\.cargo\registry\src\index.crates.io-1949cf8c6b5b557f\bevy_app-0.18.1\src\app.rs;292;122;0.000000;1;122;122;122;0.000000
system_commands{name="bevy_picking::hover::update_interactions"};C:\Users\Antoi\.cargo\registry\src\index.crates.io-1949cf8c6b5b557f\bevy_ecs-0.18.1\src\system\function_system.rs;54;6148703;0.003379;37525;163;59;25619;199.953364
system_commands{name="bevy_post_process::motion_blur::pipeline::init_motion_blur_pipeline"};C:\Users\Antoi\.cargo\registry\src\index.crates.io-1949cf8c6b5b557f\bevy_ecs-0.18.1\src\system\function_system.rs;54;1687;0.000001;1;1687;1687;1687;0.000000
plugin build{plugin="bevy_pbr::material::MaterialPlugin<bevy_pbr::extended_material::ExtendedMaterial<bevy_pbr::pbr_material::StandardMaterial, bevy_water::water::material::WaterMaterial>>"};C:\Users\Antoi\.cargo\registry\src\index.crates.io-1949cf8c6b5b557f\bevy_app-0.18.1\src\app.rs;529;252493;0.000139;1;252493;252493;252493;0.000000
system_commands{name="bevy_post_process::bloom::upsampling_pipeline::prepare_upsampling_pipeline"};C:\Users\Antoi\.cargo\registry\src\index.crates.io-1949cf8c6b5b557f\bevy_ecs-0.18.1\src\system\function_system.rs;54;2779749;0.001528;37525;74;50;4366;36.295048
system{name="forgia_mode_roguelite::audio::sys_hot_reload_audio_genome"};C:\Users\Antoi\.cargo\registry\src\index.crates.io-1949cf8c6b5b557f\bevy_ecs-0.18.1\src\system\function_system.rs;52;13478160;0.007408;33826;398;88;137138;2589.540619
system{name="bevy_light::cascade::build_directional_light_cascades"};C:\Users\Antoi\.cargo\registry\src\index.crates.io-1949cf8c6b5b557f\bevy_ecs-0.18.1\src\system\function_system.rs;52;155976379;0.085725;37525;4156;529;148583;2413.262097
asset loading{loader="bevy_gltf::loader::GltfLoader" asset="models/environment/inferno/Mound_005.glb"};C:\Users\Antoi\.cargo\registry\src\index.crates.io-1949cf8c6b5b557f\bevy_asset-0.18.1\src\server\loaders.rs;332;7084867;0.003894;5;1416973;157;7053425;3150878.346147
indexed_data;C:\Users\Antoi\.cargo\registry\src\index.crates.io-1949cf8c6b5b557f\bevy_render-0.18.1\src\batching\gpu_preprocessing.rs;2109;48356625;0.026577;337725;143;47;154558;464.675922
system{name="bevy_render::batching::sort_binned_render_phase<bevy_core_pipeline::prepass::AlphaMask3dPrepass>"};C:\Users\Antoi\.cargo\registry\src\index.crates.io-1949cf8c6b5b557f\bevy_ecs-0.18.1\src\system\function_system.rs;52;6487873;0.003566;37525;172;63;11215;112.018016
plugin finish{plugin="bevy_render::render_asset::RenderAssetPlugin<bevy_pbr::medium::GpuScatteringMedium>"};C:\Users\Antoi\.cargo\registry\src\index.crates.io-1949cf8c6b5b557f\bevy_app-0.18.1\src\app.rs;272;125;0.000000;1;125;125;125;0.000000
system{name="bevy_hanabi::render::propagate_ready_state"};C:\Users\Antoi\.cargo\registry\src\index.crates.io-1949cf8c6b5b557f\bevy_ecs-0.18.1\src\system\function_system.rs;52;759737233;0.417554;37525;20246;8994;3074897;21892.707572
system{name="forgia_mode_roguelite::parcours_obstacles::sys_init_obstacle_genome"};C:\Users\Antoi\.cargo\registry\src\index.crates.io-1949cf8c6b5b557f\bevy_ecs-0.18.1\src\system\function_system.rs;52;1526087;0.000839;1;1526087;1526087;1526087;0.000000
system{name="forgia_observability::watchdog_sensor::sys_update_tick_counter"};C:\Users\Antoi\.cargo\registry\src\index.crates.io-1949cf8c6b5b557f\bevy_ecs-0.18.1\src\system\function_system.rs;52;12279364;0.006749;37525;327;87;53220;394.161543
asset loading{loader="bevy_image::image_loader::ImageLoader" asset="ui/menu_video/frame_0016.webp"};C:\Users\Antoi\.cargo\registry\src\index.crates.io-1949cf8c6b5b557f\bevy_asset-0.18.1\src\server\loaders.rs;332;30350717;0.016681;12;2529226;75;15545940;5890780.047575
system{name="forgia_mode_roguelite::element_vfx::sys_tick_element_sparks"};C:\Users\Antoi\.cargo\registry\src\index.crates.io-1949cf8c6b5b557f\bevy_ecs-0.18.1\src\system\function_system.rs;52;20939545;0.011508;33826;619;260;126958;1071.940824
system{name="bevy_ui_render::ui_texture_slice_pipeline::extract_ui_texture_slices"};C:\Users\Antoi\.cargo\registry\src\index.crates.io-1949cf8c6b5b557f\bevy_ecs-0.18.1\src\system\function_system.rs;52;24050165;0.013218;37525;640;134;29520;384.720396
plugin build{plugin="bevy_render::sync_component::SyncComponentPlugin<bevy_light::ambient_light::AmbientLight>"};C:\Users\Antoi\.cargo\registry\src\index.crates.io-1949cf8c6b5b557f\bevy_app-0.18.1\src\app.rs;529;5623;0.000003;1;5623;5623;5623;0.000000
system_commands{name="forgia_mode_roguelite::element_vfx::sys_spawn_reaction_vfx"};C:\Users\Antoi\.cargo\registry\src\index.crates.io-1949cf8c6b5b557f\bevy_ecs-0.18.1\src\system\function_system.rs;54;2560208;0.001407;33826;75;50;129235;1079.702813
system{name="bevy_pbr::material::mark_meshes_as_changed_if_their_materials_changed<bevy_pbr::pbr_material::StandardMaterial>"};C:\Users\Antoi\.cargo\registry\src\index.crates.io-1949cf8c6b5b557f\bevy_ecs-0.18.1\src\system\function_system.rs;52;187843877;0.103240;37525;5005;271;3482624;19352.675034
plugin finish{plugin="forgia_effects::arena_feedback::ArenaFeedbackPlugin"};C:\Users\Antoi\.cargo\registry\src\index.crates.io-1949cf8c6b5b557f\bevy_app-0.18.1\src\app.rs;272;56;0.000000;1;56;56;56;0.000000
system{name="bevy_pbr::light_probe::prepare_environment_uniform_buffer"};C:\Users\Antoi\.cargo\registry\src\index.crates.io-1949cf8c6b5b557f\bevy_ecs-0.18.1\src\system\function_system.rs;52;484855474;0.266478;37525;12920;1637;862563;14729.025758
system{name="bevy_gilrs::gilrs_system::gilrs_event_startup_system"};C:\Users\Antoi\.cargo\registry\src\index.crates.io-1949cf8c6b5b557f\bevy_ecs-0.18.1\src\system\function_system.rs;52;561;0.000000;1;561;561;561;0.000000
system{name="bevy_core_pipeline::tonemapping::init_tonemapping_pipeline"};C:\Users\Antoi\.cargo\registry\src\index.crates.io-1949cf8c6b5b557f\bevy_ecs-0.18.1\src\system\function_system.rs;52;8645;0.000005;1;8645;8645;8645;0.000000
plugin finish{plugin="bevy_render::extract_component::ExtractComponentPlugin<forgia_postprocess::toon::ToonSettings>"};C:\Users\Antoi\.cargo\registry\src\index.crates.io-1949cf8c6b5b557f\bevy_app-0.18.1\src\app.rs;272;62;0.000000;1;62;62;62;0.000000
system_commands{name="bevy_light::cluster::add_clusters"};C:\Users\Antoi\.cargo\registry\src\index.crates.io-1949cf8c6b5b557f\bevy_ecs-0.18.1\src\system\function_system.rs;54;3617296;0.001988;37525;96;50;534025;2783.049828
system{name="bevy_render::batching::gpu_preprocessing::clear_indirect_parameters_buffers"};C:\Users\Antoi\.cargo\registry\src\index.crates.io-1949cf8c6b5b557f\bevy_ecs-0.18.1\src\system\function_system.rs;52;19996026;0.010990;37525;532;219;121739;797.487416
system{name="bevy_asset::assets::Assets<forgia_genome_core::Genome<forgia_player::skybox_genome::SkyPaletteGenome>>::track_assets"};C:\Users\Antoi\.cargo\registry\src\index.crates.io-1949cf8c6b5b557f\bevy_ecs-0.18.1\src\system\function_system.rs;52;52322964;0.028757;37525;1394;157;1050286;12624.188897
system_commands{name="bevy_core_pipeline::skybox::prepass::prepare_skybox_prepass_bind_groups"};C:\Users\Antoi\.cargo\registry\src\index.crates.io-1949cf8c6b5b557f\bevy_ecs-0.18.1\src\system\function_system.rs;54;3715978;0.002042;37525;99;51;11280;88.795320
asset loading{loader="bevy_image::image_loader::ImageLoader" asset="ui/menu_video/frame_0039.webp"};C:\Users\Antoi\.cargo\registry\src\index.crates.io-1949cf8c6b5b557f\bevy_asset-0.18.1\src\server\loaders.rs;332;16710216;0.009184;7;2387173;95;16660188;6293811.389500
asset loading{loader="bevy_image::image_loader::ImageLoader" asset="ui/menu_video/frame_0059.webp"};C:\Users\Antoi\.cargo\registry\src\index.crates.io-1949cf8c6b5b557f\bevy_asset-0.18.1\src\server\loaders.rs;332;15309532;0.008414;5;3061906;117;15269098;6824032.558588
plugin build{plugin="bevy_ui_render::box_shadow::BoxShadowPlugin"};C:\Users\Antoi\.cargo\registry\src\index.crates.io-1949cf8c6b5b557f\bevy_app-0.18.1\src\app.rs;529;19558;0.000011;1;19558;19558;19558;0.000000
system{name="bevy_rapier3d::plugin::systems::collider::apply_collider_user_changes"};C:\Users\Antoi\.cargo\registry\src\index.crates.io-1949cf8c6b5b557f\bevy_ecs-0.18.1\src\system\function_system.rs;52;62784819;0.034507;11501;5459;174;90801;2996.810622
asset loading{loader="bevy_image::image_loader::ImageLoader" asset="ui/menu_video/frame_0193.webp"};C:\Users\Antoi\.cargo\registry\src\index.crates.io-1949cf8c6b5b557f\bevy_asset-0.18.1\src\server\loaders.rs;332;14771438;0.008118;5;2954287;99;14728861;6582191.841058
system_commands{name="forgia_mode_roguelite::defense::sys_attach_player_defense"};C:\Users\Antoi\.cargo\registry\src\index.crates.io-1949cf8c6b5b557f\bevy_ecs-0.18.1\src\system\function_system.rs;54;2512785;0.001381;33826;74;50;275045;1496.102880
system{name="bevy_asset::server::publish_asset_server_diagnostics"};C:\Users\Antoi\.cargo\registry\src\index.crates.io-1949cf8c6b5b557f\bevy_ecs-0.18.1\src\system\function_system.rs;52;66043071;0.036298;37525;1759;297;1156181;14802.364013
asset loading{loader="bevy_image::image_loader::ImageLoader" asset="ui/menu_video/frame_0013.webp"};C:\Users\Antoi\.cargo\registry\src\index.crates.io-1949cf8c6b5b557f\bevy_asset-0.18.1\src\server\loaders.rs;332;33850555;0.018604;13;2603888;92;19181599;6407621.393250
system{name="bevy_kira_audio::audio_output::update_instance_states<forgia_audio::biome::BiomeAmbientChannel>"};C:\Users\Antoi\.cargo\registry\src\index.crates.io-1949cf8c6b5b557f\bevy_ecs-0.18.1\src\system\function_system.rs;52;27687188;0.015217;37525;737;147;105616;623.834873
system{name="bevy_render::sync_world::despawn_temporary_render_entities"};C:\Users\Antoi\.cargo\registry\src\index.crates.io-1949cf8c6b5b557f\bevy_ecs-0.18.1\src\system\function_system.rs;52;328790560;0.180704;37525;8761;3452;1005412;12299.198056
main_transmissive_pass_3d;C:\Users\Antoi\.cargo\registry\src\index.crates.io-1949cf8c6b5b557f\bevy_core_pipeline-0.18.1\src\core_3d\main_transmissive_pass_3d_node.rs;72;6598146;0.003626;75050;87;47;106739;443.495454
system{name="bevy_app::propagate::on_r_removed<bevy_ui::ui_node::ComputedUiRenderTargetInfo, (), bevy_ecs::hierarchy::ChildOf>"};C:\Users\Antoi\.cargo\registry\src\index.crates.io-1949cf8c6b5b557f\bevy_ecs-0.18.1\src\system\function_system.rs;52;223071;0.000123;3243;68;53;542;35.937969
asset loading{loader="bevy_image::image_loader::ImageLoader" asset="ui/menu_video/frame_0032.webp"};C:\Users\Antoi\.cargo\registry\src\index.crates.io-1949cf8c6b5b557f\bevy_asset-0.18.1\src\server\loaders.rs;332;17278937;0.009497;6;2879822;76;17227985;7029138.683200
plugin build{plugin="forgia_rpg_data::loot_tables::ForgiaLootTablesPlugin"};C:\Users\Antoi\.cargo\registry\src\index.crates.io-1949cf8c6b5b557f\bevy_app-0.18.1\src\app.rs;529;18381;0.000010;1;18381;18381;18381;0.000000
system_commands{name="bevy_ui_render::box_shadow::extract_shadows"};C:\Users\Antoi\.cargo\registry\src\index.crates.io-1949cf8c6b5b557f\bevy_ecs-0.18.1\src\system\function_system.rs;54;3302194;0.001815;37525;87;50;842;24.564052
plugin cleanup{plugin="forgia_ui_lib::hud_ammo::ForgiaUiHudAmmoPlugin"};C:\Users\Antoi\.cargo\registry\src\index.crates.io-1949cf8c6b5b557f\bevy_app-0.18.1\src\app.rs;292;56;0.000000;1;56;56;56;0.000000
asset loading{loader="bevy_image::image_loader::ImageLoader" asset="ui/menu_video/frame_0123.webp"};C:\Users\Antoi\.cargo\registry\src\index.crates.io-1949cf8c6b5b557f\bevy_asset-0.18.1\src\server\loaders.rs;332;15268940;0.008392;7;2181277;185;15232656;5755119.575703
asset loading{loader="bevy_shader::shader::ShaderLoader" asset="embedded://bevy_sprite_render\\mesh2d\\mesh2d.wgsl"};C:\Users\Antoi\.cargo\registry\src\index.crates.io-1949cf8c6b5b557f\bevy_asset-0.18.1\src\server\loaders.rs;332;85365;0.000047;2;42682;84;85281;60243.376441
system{name="bevy_asset::assets::Assets<bevy_sprite_render::mesh2d::color_material::ColorMaterial>::asset_events"};C:\Users\Antoi\.cargo\registry\src\index.crates.io-1949cf8c6b5b557f\bevy_ecs-0.18.1\src\system\function_system.rs;52;3602;0.000002;1;3602;3602;3602;0.000000
system_commands{name="bevy_anti_alias::smaa::prepare_smaa_pipelines"};C:\Users\Antoi\.cargo\registry\src\index.crates.io-1949cf8c6b5b557f\bevy_ecs-0.18.1\src\system\function_system.rs;54;3249315;0.001786;37525;86;50;2196;29.335376
plugin build{plugin="bevy_pbr::render::gpu_preprocess::GpuMeshPreprocessPlugin"};C:\Users\Antoi\.cargo\registry\src\index.crates.io-1949cf8c6b5b557f\bevy_app-0.18.1\src\app.rs;529;9657;0.000005;1;9657;9657;9657;0.000000
system{name="bevy_render::render_asset::prepare_assets<bevy_pbr::medium::GpuScatteringMedium>"};C:\Users\Antoi\.cargo\registry\src\index.crates.io-1949cf8c6b5b557f\bevy_ecs-0.18.1\src\system\function_system.rs;52;30780491;0.016917;37525;820;294;126623;966.892823
plugin finish{plugin="bevy_gizmos_render::pipeline_3d::LineGizmo3dPlugin"};C:\Users\Antoi\.cargo\registry\src\index.crates.io-1949cf8c6b5b557f\bevy_app-0.18.1\src\app.rs;272;57;0.000000;1;57;57;57;0.000000
plugin build{plugin="leafwing_input_manager::plugin::InputManagerPlugin<forgia_input::PlayerAction>"};C:\Users\Antoi\.cargo\registry\src\index.crates.io-1949cf8c6b5b557f\bevy_app-0.18.1\src\app.rs;529;3418968;0.001879;1;3418968;3418968;3418968;0.000000
system{name="bevy_asset::assets::Assets<bevy_scene::scene::Scene>::asset_events"};C:\Users\Antoi\.cargo\registry\src\index.crates.io-1949cf8c6b5b557f\bevy_ecs-0.18.1\src\system\function_system.rs;52;18659;0.000010;20;932;440;2844;618.029083
system{name="forgia_rpg_data::shop::process_buy"};C:\Users\Antoi\.cargo\registry\src\index.crates.io-1949cf8c6b5b557f\bevy_ecs-0.18.1\src\system\function_system.rs;52;15688464;0.008622;37525;418;106;12200;178.920177
check_conditions{name="bevy_gizmos::end_gizmo_context<bevy_gizmos::light::LightGizmoConfigGroup, bevy_time::fixed::Fixed>"};C:\Users\Antoi\.cargo\registry\src\index.crates.io-1949cf8c6b5b557f\bevy_ecs-0.18.1\src\schedule\executor\single_threaded.rs;83;25686862;0.014118;37525;684;57;118259;1517.026699
system{name="bevy_render::view::cleanup_view_targets_for_resize"};C:\Users\Antoi\.cargo\registry\src\index.crates.io-1949cf8c6b5b557f\bevy_ecs-0.18.1\src\system\function_system.rs;52;34089837;0.018736;37525;908;371;83432;898.701514
system_commands{name="bevy_pbr::render::morph::no_automatic_morph_batching"};C:\Users\Antoi\.cargo\registry\src\index.crates.io-1949cf8c6b5b557f\bevy_ecs-0.18.1\src\system\function_system.rs;54;3002369;0.001650;37525;80;50;22798;138.609325
system{name="forgia_observability::qa_bridge::sys_crash_bridge_startup"};C:\Users\Antoi\.cargo\registry\src\index.crates.io-1949cf8c6b5b557f\bevy_ecs-0.18.1\src\system\function_system.rs;52;20884;0.000011;1;20884;20884;20884;0.000000
asset loading{loader="bevy_image::image_loader::ImageLoader" asset="ui/menu_video/frame_0344.webp"};C:\Users\Antoi\.cargo\registry\src\index.crates.io-1949cf8c6b5b557f\bevy_asset-0.18.1\src\server\loaders.rs;332;15918970;0.008749;7;2274138;218;15877954;5998720.934662
system_commands{name="bevy_ui_render::gradient::prepare_gradient"};C:\Users\Antoi\.cargo\registry\src\index.crates.io-1949cf8c6b5b557f\bevy_ecs-0.18.1\src\system\function_system.rs;54;18278160;0.010046;37525;487;210;369134;1960.300809
system{name="bevy_render::batching::sort_binned_render_phase<bevy_core_pipeline::core_2d::AlphaMask2d>"};C:\Users\Antoi\.cargo\registry\src\index.crates.io-1949cf8c6b5b557f\bevy_ecs-0.18.1\src\system\function_system.rs;52;12119689;0.006661;37525;322;107;44625;295.569358
plugin cleanup{plugin="bevy_water::water::material::WaterMaterialPlugin"};C:\Users\Antoi\.cargo\registry\src\index.crates.io-1949cf8c6b5b557f\bevy_app-0.18.1\src\app.rs;292;55;0.000000;1;55;55;55;0.000000
system{name="forgia_ai_arena_bot::tactical::bot_los_check"};C:\Users\Antoi\.cargo\registry\src\index.crates.io-1949cf8c6b5b557f\bevy_ecs-0.18.1\src\system\function_system.rs;52;65136379;0.035799;37525;1735;197;285301;1986.286593
plugin cleanup{plugin="bevy_diagnostic::DiagnosticsPlugin"};C:\Users\Antoi\.cargo\registry\src\index.crates.io-1949cf8c6b5b557f\bevy_app-0.18.1\src\app.rs;292;55;0.000000;1;55;55;55;0.000000
system_commands{name="forgia_fps::load_fps_tuning"};C:\Users\Antoi\.cargo\registry\src\index.crates.io-1949cf8c6b5b557f\bevy_ecs-0.18.1\src\system\function_system.rs;54;3125;0.000002;1;3125;3125;3125;0.000000
system{name="forgia_mode_roguelite::run::sys_stage_dispatch"};C:\Users\Antoi\.cargo\registry\src\index.crates.io-1949cf8c6b5b557f\bevy_ecs-0.18.1\src\system\function_system.rs;52;10141155;0.005574;33826;299;121;466544;2668.756468
system{name="bevy_pbr::deferred::insert_deferred_lighting_pass_id_component"};C:\Users\Antoi\.cargo\registry\src\index.crates.io-1949cf8c6b5b557f\bevy_ecs-0.18.1\src\system\function_system.rs;52;10934931;0.006010;37525;291;85;49944;366.461194
system{name="forgia_viewmodel::arms::position_hands"};C:\Users\Antoi\.cargo\registry\src\index.crates.io-1949cf8c6b5b557f\bevy_ecs-0.18.1\src\system\function_system.rs;52;40685605;0.022361;33826;1202;543;50984;594.222161
system{name="bevy_asset::assets::Assets<forgia_genome_core::Genome<forgia_fps::pepin::PepinTuning>>::track_assets"};C:\Users\Antoi\.cargo\registry\src\index.crates.io-1949cf8c6b5b557f\bevy_ecs-0.18.1\src\system\function_system.rs;52;51511070;0.028311;37525;1372;129;839616;12139.188175
plugin cleanup{plugin="bevy_render::sync_component::SyncComponentPlugin<bevy_anti_alias::smaa::Smaa>"};C:\Users\Antoi\.cargo\registry\src\index.crates.io-1949cf8c6b5b557f\bevy_app-0.18.1\src\app.rs;292;58;0.000000;1;58;58;58;0.000000
plugin finish{plugin="forgia_mode_roguelite::identity::IdentityPlugin"};C:\Users\Antoi\.cargo\registry\src\index.crates.io-1949cf8c6b5b557f\bevy_app-0.18.1\src\app.rs;272;55;0.000000;1;55;55;55;0.000000
system{name="forgia_mode_roguelite::hub::lobby_show_gameplay_hud"};C:\Users\Antoi\.cargo\registry\src\index.crates.io-1949cf8c6b5b557f\bevy_ecs-0.18.1\src\system\function_system.rs;52;348;0.000000;1;348;348;348;0.000000
system{name="bevy_sprite_render::mesh2d::material::init_material_2d_pipeline<bevy_sprite_render::mesh2d::color_material::ColorMaterial>"};C:\Users\Antoi\.cargo\registry\src\index.crates.io-1949cf8c6b5b557f\bevy_ecs-0.18.1\src\system\function_system.rs;52;268043;0.000147;1;268043;268043;268043;0.000000
asset loading{loader="bevy_image::image_loader::ImageLoader" asset="ui/menu_video/frame_0238.webp"};C:\Users\Antoi\.cargo\registry\src\index.crates.io-1949cf8c6b5b557f\bevy_asset-0.18.1\src\server\loaders.rs;332;14782009;0.008124;6;2463668;146;14746258;6017217.728735
plugin finish{plugin="bevy_render::extract_instances::ExtractInstancesPlugin<bevy_pbr::light_probe::environment_map::EnvironmentMapIds>"};C:\Users\Antoi\.cargo\registry\src\index.crates.io-1949cf8c6b5b557f\bevy_app-0.18.1\src\app.rs;272;105;0.000000;1;105;105;105;0.000000
plugin cleanup{plugin="bevy_render::sync_component::SyncComponentPlugin<bevy_light::cluster::ClusteredDecal>"};C:\Users\Antoi\.cargo\registry\src\index.crates.io-1949cf8c6b5b557f\bevy_app-0.18.1\src\app.rs;292;56;0.000000;1;56;56;56;0.000000
plugin build{plugin="bevy_render::RenderPlugin"};C:\Users\Antoi\.cargo\registry\src\index.crates.io-1949cf8c6b5b557f\bevy_app-0.18.1\src\app.rs;529;671707486;0.369173;1;671707486;671707486;671707486;0.000000
plugin finish{plugin="bevy_render::sync_component::SyncComponentPlugin<bevy_camera::components::Camera2d>"};C:\Users\Antoi\.cargo\registry\src\index.crates.io-1949cf8c6b5b557f\bevy_app-0.18.1\src\app.rs;272;61;0.000000;1;61;61;61;0.000000
asset loading{loader="bevy_image::image_loader::ImageLoader" asset="ui/menu_video/frame_0268.webp"};C:\Users\Antoi\.cargo\registry\src\index.crates.io-1949cf8c6b5b557f\bevy_asset-0.18.1\src\server\loaders.rs;332;16313850;0.008966;9;1812650;101;16247745;5413164.058141
system_commands{name="bevy_pbr::prepass::update_mesh_previous_global_transforms"};C:\Users\Antoi\.cargo\registry\src\index.crates.io-1949cf8c6b5b557f\bevy_ecs-0.18.1\src\system\function_system.rs;54;5670406;0.003116;37525;151;51;103389;1155.626910
plugin build{plugin="forgia_audio::biome::ForgiaAudioBiomePlugin"};C:\Users\Antoi\.cargo\registry\src\index.crates.io-1949cf8c6b5b557f\bevy_app-0.18.1\src\app.rs;529;191198;0.000105;1;191198;191198;191198;0.000000
asset loading{loader="bevy_image::image_loader::ImageLoader" asset="ui/menu_video/frame_0021.webp"};C:\Users\Antoi\.cargo\registry\src\index.crates.io-1949cf8c6b5b557f\bevy_asset-0.18.1\src\server\loaders.rs;332;28538741;0.015685;13;2195287;65;14788344;5345102.051777
plugin finish{plugin="bevy_render::view::ViewPlugin"};C:\Users\Antoi\.cargo\registry\src\index.crates.io-1949cf8c6b5b557f\bevy_app-0.18.1\src\app.rs;272;3855;0.000002;1;3855;3855;3855;0.000000
asset loading{loader="bevy_image::image_loader::ImageLoader" asset="ui/menu_video/frame_0182.webp"};C:\Users\Antoi\.cargo\registry\src\index.crates.io-1949cf8c6b5b557f\bevy_asset-0.18.1\src\server\loaders.rs;332;15459193;0.008496;7;2208456;164;15413659;5822950.577898
plugin build{plugin="forgia_ui_lib::quest_journal::ForgiaUiQuestPlugin"};C:\Users\Antoi\.cargo\registry\src\index.crates.io-1949cf8c6b5b557f\bevy_app-0.18.1\src\app.rs;529;17648;0.000010;1;17648;17648;17648;0.000000
plugin cleanup{plugin="bevy_render::sync_component::SyncComponentPlugin<bevy_light::volumetric::FogVolume>"};C:\Users\Antoi\.cargo\registry\src\index.crates.io-1949cf8c6b5b557f\bevy_app-0.18.1\src\app.rs;292;122;0.000000;1;122;122;122;0.000000
system{name="bevy_winit::system::check_keyboard_focus_lost"};C:\Users\Antoi\.cargo\registry\src\index.crates.io-1949cf8c6b5b557f\bevy_ecs-0.18.1\src\system\function_system.rs;52;14289969;0.007854;37525;380;127;87244;519.290688
plugin build{plugin="forgia_stage::graph::ForgiaStageGraphPlugin"};C:\Users\Antoi\.cargo\registry\src\index.crates.io-1949cf8c6b5b557f\bevy_app-0.18.1\src\app.rs;529;4928686;0.002709;1;4928686;4928686;4928686;0.000000
system{name="forgia_mode_roguelite::status_vfx::sys_follow_status_vfx"};C:\Users\Antoi\.cargo\registry\src\index.crates.io-1949cf8c6b5b557f\bevy_ecs-0.18.1\src\system\function_system.rs;52;12507305;0.006874;33826;369;105;55297;483.017559
system{name="bevy_ecs::message::update::signal_message_update_system"};C:\Users\Antoi\.cargo\registry\src\index.crates.io-1949cf8c6b5b557f\bevy_ecs-0.18.1\src\system\function_system.rs;52;1697464;0.000933;11501;147;60;1501;64.978808
asset loading{loader="bevy_gltf::loader::GltfLoader" asset="models/environment/inferno/CirclePlatformSmall_001.glb"};C:\Users\Antoi\.cargo\registry\src\index.crates.io-1949cf8c6b5b557f\bevy_asset-0.18.1\src\server\loaders.rs;332;6643564;0.003651;7;949080;214;6547036;2468520.906117
system_commands{name="bevy_app::propagate::update_source<bevy_ui::ui_node::ComputedUiTargetCamera, (), bevy_ecs::hierarchy::ChildOf>"};C:\Users\Antoi\.cargo\registry\src\index.crates.io-1949cf8c6b5b557f\bevy_ecs-0.18.1\src\system\function_system.rs;54;13512373;0.007426;37525;360;73;87272;488.004065
system_commands{name="forgia_ai_arena_bot::bot_shoot_at_target"};C:\Users\Antoi\.cargo\registry\src\index.crates.io-1949cf8c6b5b557f\bevy_ecs-0.18.1\src\system\function_system.rs;54;7620811;0.004188;37525;203;52;2562064;13252.649834
system_commands{name="bevy_core_pipeline::experimental::mip_generation::init_depth_pyramid_dummy_texture"};C:\Users\Antoi\.cargo\registry\src\index.crates.io-1949cf8c6b5b557f\bevy_ecs-0.18.1\src\system\function_system.rs;54;216415;0.000119;1;216415;216415;216415;0.000000
system_commands{name="forgia_enemy_nameplate::spawn_or_refresh_on_hit"};C:\Users\Antoi\.cargo\registry\src\index.crates.io-1949cf8c6b5b557f\bevy_ecs-0.18.1\src\system\function_system.rs;54;4512133;0.002480;37525;120;58;80496;656.853560
asset loading{loader="bevy_image::image_loader::ImageLoader" asset="ui/menu_video/frame_0257.webp"};C:\Users\Antoi\.cargo\registry\src\index.crates.io-1949cf8c6b5b557f\bevy_asset-0.18.1\src\server\loaders.rs;332;21364711;0.011742;6;3560785;157;21316296;8698390.467505
system{name="forgia_observability::lifecycle_sensor::sys_write_lifecycle_sensor"};C:\Users\Antoi\.cargo\registry\src\index.crates.io-1949cf8c6b5b557f\bevy_ecs-0.18.1\src\system\function_system.rs;52;8804762;0.004839;37525;234;78;28201;215.912687
asset loading{loader="bevy_shader::shader::ShaderLoader" asset="embedded://bevy_pbr\\ssao\\ssao_utils.wgsl"};C:\Users\Antoi\.cargo\registry\src\index.crates.io-1949cf8c6b5b557f\bevy_asset-0.18.1\src\server\loaders.rs;332;39066;0.000021;2;19533;94;38972;27490.897439
asset loading{loader="bevy_shader::shader::ShaderLoader" asset="embedded://bevy_sprite_render\\mesh2d\\mesh2d_bindings.wgsl"};C:\Users\Antoi\.cargo\registry\src\index.crates.io-1949cf8c6b5b557f\bevy_asset-0.18.1\src\server\loaders.rs;332;40827;0.000022;2;20413;57;40770;28788.438391
asset loading{loader="bevy_image::image_loader::ImageLoader" asset="ui/menu_video/frame_0134.webp"};C:\Users\Antoi\.cargo\registry\src\index.crates.io-1949cf8c6b5b557f\bevy_asset-0.18.1\src\server\loaders.rs;332;15792997;0.008680;7;2256142;76;15747451;5949111.762483
plugin cleanup{plugin="bevy_render::extract_component::ExtractComponentPlugin<bevy_pbr::deferred::PbrDeferredLightingDepthId>"};C:\Users\Antoi\.cargo\registry\src\index.crates.io-1949cf8c6b5b557f\bevy_app-0.18.1\src\app.rs;292;62;0.000000;1;62;62;62;0.000000
asset loading{loader="bevy_kira_audio::source::ogg_loader::OggLoader" asset="audio/roguelite/sfx/kill.ogg"};C:\Users\Antoi\.cargo\registry\src\index.crates.io-1949cf8c6b5b557f\bevy_asset-0.18.1\src\server\loaders.rs;332;1175047;0.000646;4;293761;153;1164921;580778.841952
system{name="bevy_post_process::dof::extract_depth_of_field_settings"};C:\Users\Antoi\.cargo\registry\src\index.crates.io-1949cf8c6b5b557f\bevy_ecs-0.18.1\src\system\function_system.rs;52;13713213;0.007537;37525;365;107;208702;1129.053348
plugin finish{plugin="bevy_transform::plugins::TransformPlugin"};C:\Users\Antoi\.cargo\registry\src\index.crates.io-1949cf8c6b5b557f\bevy_app-0.18.1\src\app.rs;272;153;0.000000;1;153;153;153;0.000000
plugin finish{plugin="bevy_render::extract_component::ExtractComponentPlugin<bevy_core_pipeline::tonemapping::DebandDither>"};C:\Users\Antoi\.cargo\registry\src\index.crates.io-1949cf8c6b5b557f\bevy_app-0.18.1\src\app.rs;272;51;0.000000;1;51;51;51;0.000000
system{name="forgia_rpg::rex_third_person_active"};C:\Users\Antoi\.cargo\registry\src\index.crates.io-1949cf8c6b5b557f\bevy_ecs-0.18.1\src\system\function_system.rs;52;3280560;0.001803;37525;87;52;88121;505.658491
par_for_each{query="(bevy_ecs::entity::Entity, bevy_ecs::change_detection::params::Ref<'_, bevy_transform::components::transform::Transform>, &mut bevy_transform::components::global_transform::GlobalTransform, &bevy_ecs::hierarchy::Children, bevy_ecs::change_detection::params::Ref<'_, bevy_transform::components::transform::TransformTreeChanged>)" filter="bevy_ecs::query::filter::Without<bevy_ecs::hierarchy::ChildOf>"};C:\Users\Antoi\.cargo\registry\src\index.crates.io-1949cf8c6b5b557f\bevy_ecs-0.18.1\src\query\state.rs;246;763923673;0.419855;2234449;341;57;197682;604.088614
asset loading{loader="bevy_image::image_loader::ImageLoader" asset="ui/menu_video/frame_0105.webp"};C:\Users\Antoi\.cargo\registry\src\index.crates.io-1949cf8c6b5b557f\bevy_asset-0.18.1\src\server\loaders.rs;332;15417002;0.008473;7;2202428;147;15353545;5799100.448879
system_commands{name="forgia_mode_roguelite::pipeline_warmup::sys_tick_warmup"};C:\Users\Antoi\.cargo\registry\src\index.crates.io-1949cf8c6b5b557f\bevy_ecs-0.18.1\src\system\function_system.rs;54;565228;0.000311;91;6211;61;558369;58524.987889
system{name="forgia_mode_roguelite::weapon_select::sys_spin_lobby_preview"};C:\Users\Antoi\.cargo\registry\src\index.crates.io-1949cf8c6b5b557f\bevy_ecs-0.18.1\src\system\function_system.rs;52;45388;0.000025;91;498;209;1978;348.034832
system{name="bevy_egui::update_ui_size_and_scale_system"};C:\Users\Antoi\.cargo\registry\src\index.crates.io-1949cf8c6b5b557f\bevy_ecs-0.18.1\src\system\function_system.rs;52;32606308;0.017921;37526;868;432;412103;2158.548758
system{name="forgia_combat::sensor::sys_write_combat_sensor"};C:\Users\Antoi\.cargo\registry\src\index.crates.io-1949cf8c6b5b557f\bevy_ecs-0.18.1\src\system\function_system.rs;52;23552381;0.012944;37525;627;184;84789;764.691564
plugin finish{plugin="forgia_mode_roguelite::render_quality::ForgiaRogueliteRenderPlugin"};C:\Users\Antoi\.cargo\registry\src\index.crates.io-1949cf8c6b5b557f\bevy_app-0.18.1\src\app.rs;272;55;0.000000;1;55;55;55;0.000000
system{name="forgia_mode_roguelite::identity::draw_identity_panel"};C:\Users\Antoi\.cargo\registry\src\index.crates.io-1949cf8c6b5b557f\bevy_ecs-0.18.1\src\system\function_system.rs;52;12051330;0.006623;37525;321;73;297613;2228.366023
plugin build{plugin="bevy_render::sync_component::SyncComponentPlugin<bevy_anti_alias::smaa::Smaa>"};C:\Users\Antoi\.cargo\registry\src\index.crates.io-1949cf8c6b5b557f\bevy_app-0.18.1\src\app.rs;529;3577;0.000002;1;3577;3577;3577;0.000000
plugin build{plugin="bevy_render::batching::gpu_preprocessing::BatchingPlugin"};C:\Users\Antoi\.cargo\registry\src\index.crates.io-1949cf8c6b5b557f\bevy_app-0.18.1\src\app.rs;529;241320;0.000133;1;241320;241320;241320;0.000000
system_commands{name="forgia_auto_rig::pinocchio_pipeline::auto_rig_pinocchio_v1"};C:\Users\Antoi\.cargo\registry\src\index.crates.io-1949cf8c6b5b557f\bevy_ecs-0.18.1\src\system\function_system.rs;54;4663650;0.002563;37525;124;50;87331;654.166166
system_commands{name="forgia_ui::weapon_preview::sys_clone_arm_materials"};C:\Users\Antoi\.cargo\registry\src\index.crates.io-1949cf8c6b5b557f\bevy_ecs-0.18.1\src\system\function_system.rs;54;735767;0.000404;3699;198;68;39316;832.654521
plugin cleanup{plugin="forgia_mode_roguelite::merchant::MerchantPlugin"};C:\Users\Antoi\.cargo\registry\src\index.crates.io-1949cf8c6b5b557f\bevy_app-0.18.1\src\app.rs;292;55;0.000000;1;55;55;55;0.000000
system{name="bevy_gizmos::light::draw_lights"};C:\Users\Antoi\.cargo\registry\src\index.crates.io-1949cf8c6b5b557f\bevy_ecs-0.18.1\src\system\function_system.rs;52;45546722;0.025033;37525;1213;275;134282;1081.190706
system{name="forgia_viewmodel::vm_camera::manage_viewmodel_camera"};C:\Users\Antoi\.cargo\registry\src\index.crates.io-1949cf8c6b5b557f\bevy_ecs-0.18.1\src\system\function_system.rs;52;14799980;0.008134;33826;437;135;87543;535.612463
system{name="bevy_picking::input::deactivate_touch_pointers"};C:\Users\Antoi\.cargo\registry\src\index.crates.io-1949cf8c6b5b557f\bevy_ecs-0.18.1\src\system\function_system.rs;52;21106814;0.011600;37525;562;177;41122;348.954781
node{name="bevy_render::render_graph::node::ViewNodeRunner<bevy_core_pipeline::deferred::node::LateDeferredGBufferPrepassNode>"};C:\Users\Antoi\.cargo\registry\src\index.crates.io-1949cf8c6b5b557f\bevy_render-0.18.1\src\renderer\graph_runner.rs;240;20368391;0.011195;75050;271;62;52297;306.625328
asset loading{loader="bevy_image::image_loader::ImageLoader" asset="textures/vfx/kenney/smoke_08.png"};C:\Users\Antoi\.cargo\registry\src\index.crates.io-1949cf8c6b5b557f\bevy_asset-0.18.1\src\server\loaders.rs;332;650058;0.000357;4;162514;110;644207;321137.616664
system{name="forgia_mode_roguelite::hud::draw_shockwave_indicator"};C:\Users\Antoi\.cargo\registry\src\index.crates.io-1949cf8c6b5b557f\bevy_ecs-0.18.1\src\system\function_system.rs;52;115996438;0.063752;33735;3438;1650;168584;2031.055697
system{name="forgia_mode_roguelite::loot_room::sys_checkpoint_touch"};C:\Users\Antoi\.cargo\registry\src\index.crates.io-1949cf8c6b5b557f\bevy_ecs-0.18.1\src\system\function_system.rs;52;13855887;0.007615;33826;409;132;102238;617.833162
plugin finish{plugin="bevy_sprite_render::mesh2d::mesh::Mesh2dRenderPlugin"};C:\Users\Antoi\.cargo\registry\src\index.crates.io-1949cf8c6b5b557f\bevy_app-0.18.1\src\app.rs;272;58;0.000000;1;58;58;58;0.000000
system_commands{name="bevy_pbr::cluster::init_global_clusterable_object_meta"};C:\Users\Antoi\.cargo\registry\src\index.crates.io-1949cf8c6b5b557f\bevy_ecs-0.18.1\src\system\function_system.rs;54;2127;0.000001;1;2127;2127;2127;0.000000
system{name="forgia_mode_roguelite::weapon_select::sys_weapon_select_input"};C:\Users\Antoi\.cargo\registry\src\index.crates.io-1949cf8c6b5b557f\bevy_ecs-0.18.1\src\system\function_system.rs;52;13040;0.000007;91;143;63;539;65.854469
system_commands{name="forgia_mode_roguelite::merchant::sys_calibrate_merchant"};C:\Users\Antoi\.cargo\registry\src\index.crates.io-1949cf8c6b5b557f\bevy_ecs-0.18.1\src\system\function_system.rs;54;3989213;0.002192;33826;117;50;292322;1653.969493
system{name="forgia_killfeed::tuning::sync_killfeed_tuning"};C:\Users\Antoi\.cargo\registry\src\index.crates.io-1949cf8c6b5b557f\bevy_ecs-0.18.1\src\system\function_system.rs;52;12931935;0.007107;37525;344;88;334527;2402.653569
system{name="forgia_mode_roguelite::poi::sys_reconcile_poi_anchors"};C:\Users\Antoi\.cargo\registry\src\index.crates.io-1949cf8c6b5b557f\bevy_ecs-0.18.1\src\system\function_system.rs;52;19471568;0.010702;33826;575;171;660401;4904.059763
system{name="bevy_pbr::atmosphere::environment::prepare_atmosphere_probe_bind_groups"};C:\Users\Antoi\.cargo\registry\src\index.crates.io-1949cf8c6b5b557f\bevy_ecs-0.18.1\src\system\function_system.rs;52;17311043;0.009514;37525;461;117;59169;584.715301
system{name="bevy_pbr::light_probe::generate::extract_generated_environment_map_entities"};C:\Users\Antoi\.cargo\registry\src\index.crates.io-1949cf8c6b5b557f\bevy_ecs-0.18.1\src\system\function_system.rs;52;18283289;0.010049;37525;487;97;92642;537.699050
asset loading{loader="bevy_image::image_loader::ImageLoader" asset="ui/menu_video/frame_0135.webp"};C:\Users\Antoi\.cargo\registry\src\index.crates.io-1949cf8c6b5b557f\bevy_asset-0.18.1\src\server\loaders.rs;332;15171560;0.008338;6;2528593;157;15116513;6166803.312698
system{name="bevy_asset::assets::Assets<bevy_shader::shader::Shader>::track_assets"};C:\Users\Antoi\.cargo\registry\src\index.crates.io-1949cf8c6b5b557f\bevy_ecs-0.18.1\src\system\function_system.rs;52;27657027;0.015200;37525;737;136;447229;5366.442651
plugin cleanup{plugin="forgia_fps::lenoir::ForgiaLenoirPlugin"};C:\Users\Antoi\.cargo\registry\src\index.crates.io-1949cf8c6b5b557f\bevy_app-0.18.1\src\app.rs;292;55;0.000000;1;55;55;55;0.000000
system{name="forgia_rpg_data::loot_tables::sys_collect_pickups"};C:\Users\Antoi\.cargo\registry\src\index.crates.io-1949cf8c6b5b557f\bevy_ecs-0.18.1\src\system\function_system.rs;52;28359995;0.015587;37525;755;120;76683;796.231791
plugin build{plugin="bevy_render::extract_component::ExtractComponentPlugin<bevy_core_pipeline::tonemapping::DebandDither>"};C:\Users\Antoi\.cargo\registry\src\index.crates.io-1949cf8c6b5b557f\bevy_app-0.18.1\src\app.rs;529;16087;0.000009;1;16087;16087;16087;0.000000
asset loading{loader="bevy_shader::shader::ShaderLoader" asset="embedded://bevy_pbr\\light_probe\\light_probe.wgsl"};C:\Users\Antoi\.cargo\registry\src\index.crates.io-1949cf8c6b5b557f\bevy_asset-0.18.1\src\server\loaders.rs;332;307219;0.000169;2;153609;90;307129;217109.358990
system{name="forgia_ai_arena_bot::bot_state_machine"};C:\Users\Antoi\.cargo\registry\src\index.crates.io-1949cf8c6b5b557f\bevy_ecs-0.18.1\src\system\function_system.rs;52;33624136;0.018480;37525;896;124;153159;1007.619165
system{name="forgia_fps::despawn_dead_cubes"};C:\Users\Antoi\.cargo\registry\src\index.crates.io-1949cf8c6b5b557f\bevy_ecs-0.18.1\src\system\function_system.rs;52;19660395;0.010805;33826;581;175;79984;749.722246
system_commands{name="bevy_state::state::freely_mutable_state::apply_state_transition<forgia_core::states::GameMode>"};C:\Users\Antoi\.cargo\registry\src\index.crates.io-1949cf8c6b5b557f\bevy_ecs-0.18.1\src\system\function_system.rs;54;16522994;0.009081;37526;440;64;94445;1025.807870
system{name="bevy_render::render_asset::prepare_assets<bevy_sprite_render::mesh2d::material::PreparedMaterial2d<bevy_sprite_render::tilemap_chunk::tilemap_chunk_material::TilemapChunkMaterial>>"};C:\Users\Antoi\.cargo\registry\src\index.crates.io-1949cf8c6b5b557f\bevy_ecs-0.18.1\src\system\function_system.rs;52;30079881;0.016532;37525;801;320;797906;4151.243290
plugin cleanup{plugin="bevy_render::extract_resource::ExtractResourcePlugin<bevy_egui::render::systems::ExtractedEguiManagedTextures>"};C:\Users\Antoi\.cargo\registry\src\index.crates.io-1949cf8c6b5b557f\bevy_app-0.18.1\src\app.rs;292;56;0.000000;1;56;56;56;0.000000
asset loading{loader="bevy_gltf::loader::GltfLoader" asset="models/kaykit/dungeon/floor.glb"};C:\Users\Antoi\.cargo\registry\src\index.crates.io-1949cf8c6b5b557f\bevy_asset-0.18.1\src\server\loaders.rs;332;31033189;0.017056;5;6206637;232;31020366;13871296.156486
plugin build{plugin="bevy_time::TimePlugin"};C:\Users\Antoi\.cargo\registry\src\index.crates.io-1949cf8c6b5b557f\bevy_app-0.18.1\src\app.rs;529;1374906;0.000756;1;1374906;1374906;1374906;0.000000
plugin cleanup{plugin="forgia_fps::bourrasque::ForgiaBourrasquePlugin"};C:\Users\Antoi\.cargo\registry\src\index.crates.io-1949cf8c6b5b557f\bevy_app-0.18.1\src\app.rs;292;59;0.000000;1;59;59;59;0.000000
system{name="bevy_asset::assets::Assets<bevy_audio::pitch::Pitch>::asset_events_condition"};C:\Users\Antoi\.cargo\registry\src\index.crates.io-1949cf8c6b5b557f\bevy_ecs-0.18.1\src\system\function_system.rs;52;4317055;0.002373;37525;115;54;22236;129.894193
asset loading{loader="forgia_genome_core::GenomeLoader<forgia_stage::RogueliteStagesGenome>" asset="genomes/roguelite_stages.toml"};C:\Users\Antoi\.cargo\registry\src\index.crates.io-1949cf8c6b5b557f\bevy_asset-0.18.1\src\server\loaders.rs;332;1749295;0.000961;4;437323;162;1461023;693365.873444
plugin cleanup{plugin="forgia_mode_roguelite::weapon_select::WeaponSelectPlugin"};C:\Users\Antoi\.cargo\registry\src\index.crates.io-1949cf8c6b5b557f\bevy_app-0.18.1\src\app.rs;292;55;0.000000;1;55;55;55;0.000000
plugin cleanup{plugin="bevy_render::sync_component::SyncComponentPlugin<bevy_pbr::atmosphere::environment::AtmosphereEnvironmentMap>"};C:\Users\Antoi\.cargo\registry\src\index.crates.io-1949cf8c6b5b557f\bevy_app-0.18.1\src\app.rs;292;55;0.000000;1;55;55;55;0.000000
system_commands{name="bevy_pbr::render::light::extract_ambient_light"};C:\Users\Antoi\.cargo\registry\src\index.crates.io-1949cf8c6b5b557f\bevy_ecs-0.18.1\src\system\function_system.rs;54;41890082;0.023023;37525;1116;189;80338;667.337422
plugin finish{plugin="forgia_camera_orbit::ForgiaCameraOrbitPlugin"};C:\Users\Antoi\.cargo\registry\src\index.crates.io-1949cf8c6b5b557f\bevy_app-0.18.1\src\app.rs;272;56;0.000000;1;56;56;56;0.000000
plugin build{plugin="bevy_render::sync_component::SyncComponentPlugin<bevy_render::gpu_readback::Readback>"};C:\Users\Antoi\.cargo\registry\src\index.crates.io-1949cf8c6b5b557f\bevy_app-0.18.1\src\app.rs;529;3436;0.000002;1;3436;3436;3436;0.000000
plugin build{plugin="bevy_render::sync_component::SyncComponentPlugin<bevy_light::spot_light::SpotLight>"};C:\Users\Antoi\.cargo\registry\src\index.crates.io-1949cf8c6b5b557f\bevy_app-0.18.1\src\app.rs;529;40220;0.000022;1;40220;40220;40220;0.000000
plugin build{plugin="bevy_render::globals::GlobalsPlugin"};C:\Users\Antoi\.cargo\registry\src\index.crates.io-1949cf8c6b5b557f\bevy_app-0.18.1\src\app.rs;529;36148;0.000020;1;36148;36148;36148;0.000000
system{name="forgia_mode_roguelite::run::sys_animate_soul_wisps"};C:\Users\Antoi\.cargo\registry\src\index.crates.io-1949cf8c6b5b557f\bevy_ecs-0.18.1\src\system\function_system.rs;52;19479051;0.010706;33826;575;79;32652;301.950085
plugin cleanup{plugin="bevy_render::sync_component::SyncComponentPlugin<bevy_render::experimental::occlusion_culling::OcclusionCulling>"};C:\Users\Antoi\.cargo\registry\src\index.crates.io-1949cf8c6b5b557f\bevy_app-0.18.1\src\app.rs;292;52;0.000000;1;52;52;52;0.000000
system_commands{name="bevy_pbr::decal::clustered::extract_clustered_decal"};C:\Users\Antoi\.cargo\registry\src\index.crates.io-1949cf8c6b5b557f\bevy_ecs-0.18.1\src\system\function_system.rs;54;18865595;0.010369;37525;502;203;74022;444.410346
system{name="bevy_asset::assets::Assets<forgia_genome_core::Genome<forgia_player::skybox_genome::SkyPaletteGenome>>::asset_events"};C:\Users\Antoi\.cargo\registry\src\index.crates.io-1949cf8c6b5b557f\bevy_ecs-0.18.1\src\system\function_system.rs;52;4046;0.000002;1;4046;4046;4046;0.000000
plugin finish{plugin="forgia_fps::lenoir::ForgiaLenoirPlugin"};C:\Users\Antoi\.cargo\registry\src\index.crates.io-1949cf8c6b5b557f\bevy_app-0.18.1\src\app.rs;272;56;0.000000;1;56;56;56;0.000000
plugin cleanup{plugin="forgia_mode_fps_arena::wave::ArenaWavesPlugin"};C:\Users\Antoi\.cargo\registry\src\index.crates.io-1949cf8c6b5b557f\bevy_app-0.18.1\src\app.rs;292;59;0.000000;1;59;59;59;0.000000
asset loading{loader="bevy_image::image_loader::ImageLoader" asset="ui/menu_video/frame_0226.webp"};C:\Users\Antoi\.cargo\registry\src\index.crates.io-1949cf8c6b5b557f\bevy_asset-0.18.1\src\server\loaders.rs;332;17656407;0.009704;6;2942734;154;17612181;7186534.409777
system{name="bevy_kira_audio::audio_output::cleanup_stopped_instances"};C:\Users\Antoi\.cargo\registry\src\index.crates.io-1949cf8c6b5b557f\bevy_ecs-0.18.1\src\system\function_system.rs;52;37052414;0.020364;37525;987;125;270542;1714.840304
plugin build{plugin="forgia_juice_lib::recoil::ForgiaJuiceRecoilPlugin"};C:\Users\Antoi\.cargo\registry\src\index.crates.io-1949cf8c6b5b557f\bevy_app-0.18.1\src\app.rs;529;700733;0.000385;1;700733;700733;700733;0.000000
plugin build{plugin="forgia_mode_roguelite::merchant::MerchantPlugin"};C:\Users\Antoi\.cargo\registry\src\index.crates.io-1949cf8c6b5b557f\bevy_app-0.18.1\src\app.rs;529;260657;0.000143;1;260657;260657;260657;0.000000
system{name="bevy_gizmos_render::extract_gizmo_data"};C:\Users\Antoi\.cargo\registry\src\index.crates.io-1949cf8c6b5b557f\bevy_ecs-0.18.1\src\system\function_system.rs;52;27120749;0.014906;37525;722;289;509381;2645.583961
asset loading{loader="bevy_shader::shader::ShaderLoader" asset="embedded://bevy_core_pipeline\\experimental\\mip_generation\\downsample_depth.wgsl"};C:\Users\Antoi\.cargo\registry\src\index.crates.io-1949cf8c6b5b557f\bevy_asset-0.18.1\src\server\loaders.rs;332;566509;0.000311;2;283254;173;566336;400337.696558
plugin finish{plugin="forgia_ui_lib::inventory_panel::ForgiaUiInventoryPlugin"};C:\Users\Antoi\.cargo\registry\src\index.crates.io-1949cf8c6b5b557f\bevy_app-0.18.1\src\app.rs;272;56;0.000000;1;56;56;56;0.000000
system_commands{name="bevy_rapier3d::plugin::systems::rigid_body::init_rigid_bodies"};C:\Users\Antoi\.cargo\registry\src\index.crates.io-1949cf8c6b5b557f\bevy_ecs-0.18.1\src\system\function_system.rs;54;2410897;0.001325;11501;209;56;468303;4496.617628
system_commands{name="bevy_pbr::prepass::extract_camera_previous_view_data"};C:\Users\Antoi\.cargo\registry\src\index.crates.io-1949cf8c6b5b557f\bevy_ecs-0.18.1\src\system\function_system.rs;54;40467331;0.022241;37525;1078;77;145728;1053.165843
system{name="bevy_render::batching::no_gpu_preprocessing::batch_and_prepare_binned_render_phase<bevy_core_pipeline::core_2d::Opaque2d, bevy_sprite_render::mesh2d::mesh::Mesh2dPipeline>"};C:\Users\Antoi\.cargo\registry\src\index.crates.io-1949cf8c6b5b557f\bevy_ecs-0.18.1\src\system\function_system.rs;52;13587782;0.007468;37525;362;104;42939;383.763158
system{name="bevy_asset::assets::Assets<forgia_genome_core::Genome<forgia_enemy_nameplate::tuning::EnemyNameplateTuning>>::asset_events_condition"};C:\Users\Antoi\.cargo\registry\src\index.crates.io-1949cf8c6b5b557f\bevy_ecs-0.18.1\src\system\function_system.rs;52;2900318;0.001594;37525;77;52;19684;111.003803
system{name="bevy_rapier3d::plugin::systems::multiple_rapier_contexts::on_change_context"};C:\Users\Antoi\.cargo\registry\src\index.crates.io-1949cf8c6b5b557f\bevy_ecs-0.18.1\src\system\function_system.rs;52;25601927;0.014071;11501;2226;111;65417;1462.149057
system{name="bevy_render::render_asset::reset_render_asset_bytes_per_frame"};C:\Users\Antoi\.cargo\registry\src\index.crates.io-1949cf8c6b5b557f\bevy_ecs-0.18.1\src\system\function_system.rs;52;7621150;0.004189;37525;203;75;67172;404.169241
plugin cleanup{plugin="bevy_camera::CameraPlugin"};C:\Users\Antoi\.cargo\registry\src\index.crates.io-1949cf8c6b5b557f\bevy_app-0.18.1\src\app.rs;292;55;0.000000;1;55;55;55;0.000000
plugin cleanup{plugin="bevy_app::main_schedule::MainSchedulePlugin"};C:\Users\Antoi\.cargo\registry\src\index.crates.io-1949cf8c6b5b557f\bevy_app-0.18.1\src\app.rs;292;58;0.000000;1;58;58;58;0.000000
plugin finish{plugin="bevy_render::extract_component::UniformComponentPlugin<bevy_pbr::deferred::PbrDeferredLightingDepthId>"};C:\Users\Antoi\.cargo\registry\src\index.crates.io-1949cf8c6b5b557f\bevy_app-0.18.1\src\app.rs;272;54;0.000000;1;54;54;54;0.000000
system{name="forgia_mode_roguelite::boons_apply::sys_apply_knockback_on_hit"};C:\Users\Antoi\.cargo\registry\src\index.crates.io-1949cf8c6b5b557f\bevy_ecs-0.18.1\src\system\function_system.rs;52;10472282;0.005756;33826;309;92;130840;834.369329
system_commands{name="forgia_mode_roguelite::waves::sys_boss_enrage"};C:\Users\Antoi\.cargo\registry\src\index.crates.io-1949cf8c6b5b557f\bevy_ecs-0.18.1\src\system\function_system.rs;54;3032176;0.001666;33826;89;50;50430;406.647797
system{name="bevy_hanabi::render::extract_effect_events"};C:\Users\Antoi\.cargo\registry\src\index.crates.io-1949cf8c6b5b557f\bevy_ecs-0.18.1\src\system\function_system.rs;52;21382699;0.011752;37525;569;153;15230;441.509616
plugin build{plugin="bevy_render::extract_component::UniformComponentPlugin<bevy_pbr::deferred::PbrDeferredLightingDepthId>"};C:\Users\Antoi\.cargo\registry\src\index.crates.io-1949cf8c6b5b557f\bevy_app-0.18.1\src\app.rs;529;2735;0.000002;1;2735;2735;2735;0.000000
system{name="forgia_mode_roguelite::decor::sys_calibrate_decor"};C:\Users\Antoi\.cargo\registry\src\index.crates.io-1949cf8c6b5b557f\bevy_ecs-0.18.1\src\system\function_system.rs;52;10677800;0.005869;33826;315;111;63528;404.124046
system{name="forgia_rpg_data::boons::sys_handle_coffre_pick"};C:\Users\Antoi\.cargo\registry\src\index.crates.io-1949cf8c6b5b557f\bevy_ecs-0.18.1\src\system\function_system.rs;52;15096014;0.008297;37525;402;125;259693;2266.313877
plugin build{plugin="bevy_picking::input::PointerInputPlugin"};C:\Users\Antoi\.cargo\registry\src\index.crates.io-1949cf8c6b5b557f\bevy_app-0.18.1\src\app.rs;529;993011;0.000546;1;993011;993011;993011;0.000000
plugin build{plugin="bevy_pbr::material::MaterialPlugin<bevy_pbr::pbr_material::StandardMaterial>"};C:\Users\Antoi\.cargo\registry\src\index.crates.io-1949cf8c6b5b557f\bevy_app-0.18.1\src\app.rs;529;1196825;0.000658;1;1196825;1196825;1196825;0.000000
system_commands{name="forgia_ui_lib::hud_ammo::tuning::load_ammo_hud_tuning"};C:\Users\Antoi\.cargo\registry\src\index.crates.io-1949cf8c6b5b557f\bevy_ecs-0.18.1\src\system\function_system.rs;54;1480;0.000001;1;1480;1480;1480;0.000000
asset loading{loader="bevy_image::image_loader::ImageLoader" asset="ui/menu_video/frame_0234.webp"};C:\Users\Antoi\.cargo\registry\src\index.crates.io-1949cf8c6b5b557f\bevy_asset-0.18.1\src\server\loaders.rs;332;14944094;0.008213;6;2490682;138;14908862;6083643.221771
system{name="bevy_picking::pointer::update_pointer_map"};C:\Users\Antoi\.cargo\registry\src\index.crates.io-1949cf8c6b5b557f\bevy_ecs-0.18.1\src\system\function_system.rs;52;24791829;0.013626;37525;660;192;57263;418.584590
system{name="forgia_player::dash::dash_input_system"};C:\Users\Antoi\.cargo\registry\src\index.crates.io-1949cf8c6b5b557f\bevy_ecs-0.18.1\src\system\function_system.rs;52;11317861;0.006220;10455;1082;149;187281;4782.832536
plugin build{plugin="bevy_render::diagnostic::RenderDiagnosticsPlugin"};C:\Users\Antoi\.cargo\registry\src\index.crates.io-1949cf8c6b5b557f\bevy_app-0.18.1\src\app.rs;529;9358;0.000005;1;9358;9358;9358;0.000000
plugins{tag="on_output"};C:\Users\Antoi\.cargo\registry\src\index.crates.io-1949cf8c6b5b557f\egui-0.33.3\src\plugin.rs;172;232073242;0.127548;37525;6184;3333;202723;3935.828311
system_commands{name="forgia_effects::mesh_fader::clone_material_on_fader_add"};C:\Users\Antoi\.cargo\registry\src\index.crates.io-1949cf8c6b5b557f\bevy_ecs-0.18.1\src\system\function_system.rs;54;3116575;0.001713;37525;83;50;89302;463.920607
plugin finish{plugin="bevy_pbr::deferred::DeferredPbrLightingPlugin"};C:\Users\Antoi\.cargo\registry\src\index.crates.io-1949cf8c6b5b557f\bevy_app-0.18.1\src\app.rs;272;61;0.000000;1;61;61;61;0.000000
schedule{name=RunFixedMainLoop};C:\Users\Antoi\.cargo\registry\src\index.crates.io-1949cf8c6b5b557f\bevy_ecs-0.18.1\src\schedule\schedule.rs;532;7066491527;3.883769;37525;188314;23694;54523594;438050.349923
asset loading{loader="bevy_image::image_loader::ImageLoader" asset="ui/menu_video/frame_0152.webp"};C:\Users\Antoi\.cargo\registry\src\index.crates.io-1949cf8c6b5b557f\bevy_asset-0.18.1\src\server\loaders.rs;332;15992123;0.008789;9;1776902;231;15946319;5313533.196847
plugin build{plugin="forgia_skeleton_template::SkeletonTemplatePlugin"};C:\Users\Antoi\.cargo\registry\src\index.crates.io-1949cf8c6b5b557f\bevy_app-0.18.1\src\app.rs;529;346616;0.000191;1;346616;346616;346616;0.000000
plugin finish{plugin="bevy_render::extract_resource::ExtractResourcePlugin<bevy_core_pipeline::tonemapping::TonemappingLuts>"};C:\Users\Antoi\.cargo\registry\src\index.crates.io-1949cf8c6b5b557f\bevy_app-0.18.1\src\app.rs;272;100;0.000000;1;100;100;100;0.000000
system{name="bevy_winit::accessibility::window_closed"};C:\Users\Antoi\.cargo\registry\src\index.crates.io-1949cf8c6b5b557f\bevy_ecs-0.18.1\src\system\function_system.rs;52;17461983;0.009597;37525;465;182;133789;1546.135022
function_scope{egui::context::Context::run};C:\Users\Antoi\.cargo\registry\src\index.crates.io-1949cf8c6b5b557f\egui-0.33.3\src\context.rs;788;15015969535;8.252830;37525;400159;181528;12946991;146729.110613
plugin build{plugin="bevy_pbr::volumetric_fog::VolumetricFogPlugin"};C:\Users\Antoi\.cargo\registry\src\index.crates.io-1949cf8c6b5b557f\bevy_app-0.18.1\src\app.rs;529;1518691;0.000835;1;1518691;1518691;1518691;0.000000
plugins{tag="add"};C:\Users\Antoi\.cargo\registry\src\index.crates.io-1949cf8c6b5b557f\egui-0.33.3\src\plugin.rs;197;4426;0.000002;4;1106;106;3554;1636.883624
system{name="bevy_hanabi::update_properties_from_asset"};C:\Users\Antoi\.cargo\registry\src\index.crates.io-1949cf8c6b5b557f\bevy_ecs-0.18.1\src\system\function_system.rs;52;22263351;0.012236;37525;593;187;136460;935.286286
asset loading{loader="bevy_image::image_loader::ImageLoader" asset="ui/menu_video/frame_0215.webp"};C:\Users\Antoi\.cargo\registry\src\index.crates.io-1949cf8c6b5b557f\bevy_asset-0.18.1\src\server\loaders.rs;332;22592288;0.012417;5;4518457;86;22523112;10064915.913373
system{name="forgia_mode_roguelite::head_hitbox::sys_track_head_proxies"};C:\Users\Antoi\.cargo\registry\src\index.crates.io-1949cf8c6b5b557f\bevy_ecs-0.18.1\src\system\function_system.rs;52;17394048;0.009560;33826;514;98;27237;321.956419
system_commands{name="forgia_mode_roguelite::ultimate_vfx::sys_init_ultimate_vfx_assets"};C:\Users\Antoi\.cargo\registry\src\index.crates.io-1949cf8c6b5b557f\bevy_ecs-0.18.1\src\system\function_system.rs;54;1082;0.000001;1;1082;1082;1082;0.000000
system_commands{name="bevy_ui_render::extract_ui_camera_view"};C:\Users\Antoi\.cargo\registry\src\index.crates.io-1949cf8c6b5b557f\bevy_ecs-0.18.1\src\system\function_system.rs;54;110348670;0.060648;37525;2940;1266;1715772;9514.068823
asset loading{loader="bevy_image::image_loader::ImageLoader" asset="ui/menu_video/frame_0042.webp"};C:\Users\Antoi\.cargo\registry\src\index.crates.io-1949cf8c6b5b557f\bevy_asset-0.18.1\src\server\loaders.rs;332;16682707;0.009169;6;2780451;178;16650102;6794715.163299
system{name="forgia_mode_roguelite::ultimate_apply::sys_apply_ultimate_technique"};C:\Users\Antoi\.cargo\registry\src\index.crates.io-1949cf8c6b5b557f\bevy_ecs-0.18.1\src\system\function_system.rs;52;16186240;0.008896;33826;478;182;29063;309.938294
asset loading{loader="bevy_gltf::loader::GltfLoader" asset="models/kaykit/hexagon/neutral/building_grain.gltf"};C:\Users\Antoi\.cargo\registry\src\index.crates.io-1949cf8c6b5b557f\bevy_asset-0.18.1\src\server\loaders.rs;332;312920;0.000172;7;44702;60;176827;69208.545534
system{name="bevy_sprite_render::mesh2d::material::extract_entities_needs_specialization<bevy_sprite_render::tilemap_chunk::tilemap_chunk_material::TilemapChunkMaterial>"};C:\Users\Antoi\.cargo\registry\src\index.crates.io-1949cf8c6b5b557f\bevy_ecs-0.18.1\src\system\function_system.rs;52;22177850;0.012189;37525;591;106;96486;658.331451
asset loading{loader="bevy_image::image_loader::ImageLoader" asset="ui/menu_video/frame_0236.webp"};C:\Users\Antoi\.cargo\registry\src\index.crates.io-1949cf8c6b5b557f\bevy_asset-0.18.1\src\server\loaders.rs;332;14733435;0.008098;6;2455572;84;14697670;5997381.092464
system{name="forgia_mode_roguelite::parcours_obstacles::sys_write_obstacles_sensor"};C:\Users\Antoi\.cargo\registry\src\index.crates.io-1949cf8c6b5b557f\bevy_ecs-0.18.1\src\system\function_system.rs;52;9213044;0.005064;33826;272;80;160000;933.403144
system{name="forgia_mode_roguelite::mushrooms::sys_hot_reload_mushroom_genome"};C:\Users\Antoi\.cargo\registry\src\index.crates.io-1949cf8c6b5b557f\bevy_ecs-0.18.1\src\system\function_system.rs;52;13428845;0.007381;33826;396;72;183507;2749.388732
handle_user_changes;C:\Users\Antoi\.cargo\registry\src\index.crates.io-1949cf8c6b5b557f\rapier3d-0.31.0\src\geometry\narrow_phase.rs;282;19310964;0.010613;11501;1679;661;122371;1599.652245
plugin build{plugin="bevy_winit::cursor::WinitCursorPlugin"};C:\Users\Antoi\.cargo\registry\src\index.crates.io-1949cf8c6b5b557f\bevy_app-0.18.1\src\app.rs;529;1449841;0.000797;1;1449841;1449841;1449841;0.000000
system{name="bevy_render::view::clear_view_attachments"};C:\Users\Antoi\.cargo\registry\src\index.crates.io-1949cf8c6b5b557f\bevy_ecs-0.18.1\src\system\function_system.rs;52;28940119;0.015906;37525;771;281;53540;462.792175
asset loading{loader="bevy_gltf::loader::GltfLoader" asset="models/environment/inferno/Crag_003.glb"};C:\Users\Antoi\.cargo\registry\src\index.crates.io-1949cf8c6b5b557f\bevy_asset-0.18.1\src\server\loaders.rs;332;7746368;0.004257;4;1936592;105;7733512;3864617.439339
non_indexed_batch_sets;C:\Users\Antoi\.cargo\registry\src\index.crates.io-1949cf8c6b5b557f\bevy_render-0.18.1\src\batching\gpu_preprocessing.rs;2161;44743918;0.024591;337725;132;46;134745;423.054376
system{name="bevy_rapier3d::plugin::systems::collider::init_async_scene_colliders"};C:\Users\Antoi\.cargo\registry\src\index.crates.io-1949cf8c6b5b557f\bevy_ecs-0.18.1\src\system\function_system.rs;52;6031104;0.003315;11501;524;109;162262;1550.703386
main_transparent_pass_3d;C:\Users\Antoi\.cargo\registry\src\index.crates.io-1949cf8c6b5b557f\bevy_core_pipeline-0.18.1\src\core_3d\main_transparent_pass_3d_node.rs;53;1078366557;0.592674;33826;31879;8060;1116709;13419.157189
system{name="bevy_asset::assets::Assets<()>::track_assets"};C:\Users\Antoi\.cargo\registry\src\index.crates.io-1949cf8c6b5b557f\bevy_ecs-0.18.1\src\system\function_system.rs;52;58979747;0.032415;37525;1571;95;813185;13252.350391
system{name="bevy_asset::assets::Assets<forgia_genome_core::Genome<forgia_stage::authored::ArenaLayoutsGenome>>::asset_events_condition"};C:\Users\Antoi\.cargo\registry\src\index.crates.io-1949cf8c6b5b557f\bevy_ecs-0.18.1\src\system\function_system.rs;52;4145808;0.002279;37525;110;54;10714;101.664382
system{name="bevy_gizmos_render::init_line_gizmo_uniform_bind_group_layout"};C:\Users\Antoi\.cargo\registry\src\index.crates.io-1949cf8c6b5b557f\bevy_ecs-0.18.1\src\system\function_system.rs;52;835;0.000000;1;835;835;835;0.000000
system_commands{name="forgia_mode_roguelite::weapon_select::sys_lobby_weapon_preview"};C:\Users\Antoi\.cargo\registry\src\index.crates.io-1949cf8c6b5b557f\bevy_ecs-0.18.1\src\system\function_system.rs;54;69759;0.000038;91;766;66;62003;6490.677449
system_commands{name="forgia_stage::authored::sys_collide_authored_pieces"};C:\Users\Antoi\.cargo\registry\src\index.crates.io-1949cf8c6b5b557f\bevy_ecs-0.18.1\src\system\function_system.rs;54;3597917;0.001977;37525;95;51;97771;698.247005
asset loading{loader="bevy_shader::shader::ShaderLoader" asset="embedded://bevy_pbr\\atmosphere\\functions.wgsl"};C:\Users\Antoi\.cargo\registry\src\index.crates.io-1949cf8c6b5b557f\bevy_asset-0.18.1\src\server\loaders.rs;332;1358806;0.000747;2;679403;250;1358556;960467.383526
plugin cleanup{plugin="bevy_render::extract_component::ExtractComponentPlugin<bevy_render::view::Msaa>"};C:\Users\Antoi\.cargo\registry\src\index.crates.io-1949cf8c6b5b557f\bevy_app-0.18.1\src\app.rs;292;60;0.000000;1;60;60;60;0.000000
plugin cleanup{plugin="forgia_mode_roguelite::render_quality::ForgiaRogueliteRenderPlugin"};C:\Users\Antoi\.cargo\registry\src\index.crates.io-1949cf8c6b5b557f\bevy_app-0.18.1\src\app.rs;292;107;0.000000;1;107;107;107;0.000000
plugin finish{plugin="bevy_render::camera::CameraPlugin"};C:\Users\Antoi\.cargo\registry\src\index.crates.io-1949cf8c6b5b557f\bevy_app-0.18.1\src\app.rs;272;61;0.000000;1;61;61;61;0.000000
system{name="forgia_ui_lib::hud_ammo::tuning::sync_ammo_hud_tuning"};C:\Users\Antoi\.cargo\registry\src\index.crates.io-1949cf8c6b5b557f\bevy_ecs-0.18.1\src\system\function_system.rs;52;11551196;0.006349;37525;307;101;432605;2963.068530
system_commands{name="bevy_ui_render::extract_text_decorations"};C:\Users\Antoi\.cargo\registry\src\index.crates.io-1949cf8c6b5b557f\bevy_ecs-0.18.1\src\system\function_system.rs;54;4475730;0.002460;37525;119;51;7018;52.173479
plugin finish{plugin="bevy_render::sync_component::SyncComponentPlugin<bevy_light::ambient_light::AmbientLight>"};C:\Users\Antoi\.cargo\registry\src\index.crates.io-1949cf8c6b5b557f\bevy_app-0.18.1\src\app.rs;272;53;0.000000;1;53;53;53;0.000000
asset loading{loader="bevy_shader::shader::ShaderLoader" asset="embedded://bevy_pbr\\render\\fog.wgsl"};C:\Users\Antoi\.cargo\registry\src\index.crates.io-1949cf8c6b5b557f\bevy_asset-0.18.1\src\server\loaders.rs;332;177343;0.000097;2;88671;85;177258;125280.229745
system{name="bevy_sprite_render::mesh2d::material::queue_material2d_meshes<bevy_sprite_render::tilemap_chunk::tilemap_chunk_material::TilemapChunkMaterial>"};C:\Users\Antoi\.cargo\registry\src\index.crates.io-1949cf8c6b5b557f\bevy_ecs-0.18.1\src\system\function_system.rs;52;15996022;0.008791;37525;426;117;70940;498.590865
node{name="bevy_render::render_graph::node::ViewNodeRunner<bevy_post_process::effect_stack::PostProcessingNode>"};C:\Users\Antoi\.cargo\registry\src\index.crates.io-1949cf8c6b5b557f\bevy_render-0.18.1\src\renderer\graph_runner.rs;240;15226488;0.008369;112575;135;55;33561;175.467972
system_commands{name="bevy_core_pipeline::blit::init_blit_pipeline"};C:\Users\Antoi\.cargo\registry\src\index.crates.io-1949cf8c6b5b557f\bevy_ecs-0.18.1\src\system\function_system.rs;54;1617;0.000001;1;1617;1617;1617;0.000000
system{name="leafwing_input_manager::user_input::updating::input_is_enabled<leafwing_input_manager::user_input::mouse::MouseScroll>"};C:\Users\Antoi\.cargo\registry\src\index.crates.io-1949cf8c6b5b557f\bevy_ecs-0.18.1\src\system\function_system.rs;52;3058985;0.001681;37525;81;53;1067;36.866332
asset loading{loader="bevy_shader::shader::ShaderLoader" asset="embedded://bevy_pbr\\light_probe\\downsample.wgsl"};C:\Users\Antoi\.cargo\registry\src\index.crates.io-1949cf8c6b5b557f\bevy_asset-0.18.1\src\server\loaders.rs;332;653526;0.000359;2;326763;83;653443;461995.286556
plugin finish{plugin="forgia_assets::ForgiaAssetsPlugin"};C:\Users\Antoi\.cargo\registry\src\index.crates.io-1949cf8c6b5b557f\bevy_app-0.18.1\src\app.rs;272;62;0.000000;1;62;62;62;0.000000
system{name="bevy_egui::input::WindowToEguiContextMap::on_egui_context_removed_system"};C:\Users\Antoi\.cargo\registry\src\index.crates.io-1949cf8c6b5b557f\bevy_ecs-0.18.1\src\system\function_system.rs;52;14027648;0.007710;37525;373;121;77147;453.739260
plugin build{plugin="bevy_render::mesh::MorphPlugin"};C:\Users\Antoi\.cargo\registry\src\index.crates.io-1949cf8c6b5b557f\bevy_app-0.18.1\src\app.rs;529;212603;0.000117;1;212603;212603;212603;0.000000
plugin finish{plugin="bevy_render::extract_component::UniformComponentPlugin<bevy_post_process::motion_blur::MotionBlurUniform>"};C:\Users\Antoi\.cargo\registry\src\index.crates.io-1949cf8c6b5b557f\bevy_app-0.18.1\src\app.rs;272;52;0.000000;1;52;52;52;0.000000
node{name="bevy_render::render_graph::node::ViewNodeRunner<bevy_core_pipeline::tonemapping::node::TonemappingNode>"};C:\Users\Antoi\.cargo\registry\src\index.crates.io-1949cf8c6b5b557f\bevy_render-0.18.1\src\renderer\graph_runner.rs;240;48998742;0.026930;112575;435;91;82901;487.211654
main app;C:\Users\Antoi\.cargo\registry\src\index.crates.io-1949cf8c6b5b557f\bevy_app-0.18.1\src\sub_app.rs;516;117089384327;64.352740;37525;3120303;1397165;186414346;1817549.116852
asset loading{loader="bevy_image::image_loader::ImageLoader" asset="ui/menu_video/frame_0170.webp"};C:\Users\Antoi\.cargo\registry\src\index.crates.io-1949cf8c6b5b557f\bevy_asset-0.18.1\src\server\loaders.rs;332;15391935;0.008459;6;2565322;160;15350506;6263438.150865
system{name="forgia_worldgen::sys_load_kit"};C:\Users\Antoi\.cargo\registry\src\index.crates.io-1949cf8c6b5b557f\bevy_ecs-0.18.1\src\system\function_system.rs;52;12378;0.000007;1;12378;12378;12378;0.000000
asset loading{loader="bevy_image::image_loader::ImageLoader" asset="ui/menu_video/frame_0084.webp"};C:\Users\Antoi\.cargo\registry\src\index.crates.io-1949cf8c6b5b557f\bevy_asset-0.18.1\src\server\loaders.rs;332;14693636;0.008076;6;2448939;124;14635992;5970426.987558
plugin cleanup{plugin="bevy_sprite_render::tilemap_chunk::tilemap_chunk_material::TilemapChunkMaterialPlugin"};C:\Users\Antoi\.cargo\registry\src\index.crates.io-1949cf8c6b5b557f\bevy_app-0.18.1\src\app.rs;292;59;0.000000;1;59;59;59;0.000000
system{name="bevy_kira_audio::audio_output::play_dynamic_channels"};C:\Users\Antoi\.cargo\registry\src\index.crates.io-1949cf8c6b5b557f\bevy_ecs-0.18.1\src\system\function_system.rs;52;11661151;0.006409;37525;310;95;88419;839.615973
system{name="bevy_picking::events::pointer_events"};C:\Users\Antoi\.cargo\registry\src\index.crates.io-1949cf8c6b5b557f\bevy_ecs-0.18.1\src\system\function_system.rs;52;84591219;0.046492;37525;2254;694;198019;1709.561899
plugin build{plugin="forgia_mode_roguelite::pipeline_warmup::PipelineWarmupPlugin"};C:\Users\Antoi\.cargo\registry\src\index.crates.io-1949cf8c6b5b557f\bevy_app-0.18.1\src\app.rs;529;24881;0.000014;1;24881;24881;24881;0.000000
plugin build{plugin="bevy_pbr::material::MaterialPlugin<bevy_pbr::extended_material::ExtendedMaterial<bevy_pbr::pbr_material::StandardMaterial, bevy_pbr::decal::forward::ForwardDecalMaterialExt>>"};C:\Users\Antoi\.cargo\registry\src\index.crates.io-1949cf8c6b5b557f\bevy_app-0.18.1\src\app.rs;529;276612;0.000152;1;276612;276612;276612;0.000000
plugin build{plugin="forgia_mode_roguelite::meta_shop::MetaShopPlugin"};C:\Users\Antoi\.cargo\registry\src\index.crates.io-1949cf8c6b5b557f\bevy_app-0.18.1\src\app.rs;529;259987;0.000143;1;259987;259987;259987;0.000000
system{name="bevy_pbr::material::check_entities_needing_specialization<bevy_pbr::extended_material::ExtendedMaterial<bevy_pbr::pbr_material::StandardMaterial, bevy_pbr::decal::forward::ForwardDecalMaterialExt>>"};C:\Users\Antoi\.cargo\registry\src\index.crates.io-1949cf8c6b5b557f\bevy_ecs-0.18.1\src\system\function_system.rs;52;51907075;0.028528;37525;1383;566;230006;1806.830230
system{name="forgia_observability::lifecycle_sensor::obs_target_cube_removed"};C:\Users\Antoi\.cargo\registry\src\index.crates.io-1949cf8c6b5b557f\bevy_ecs-0.18.1\src\system\function_system.rs;52;4955;0.000003;40;123;77;288;47.457673
plugin finish{plugin="bevy_gizmos::aabb::AabbGizmoPlugin"};C:\Users\Antoi\.cargo\registry\src\index.crates.io-1949cf8c6b5b557f\bevy_app-0.18.1\src\app.rs;272;60;0.000000;1;60;60;60;0.000000
system{name="forgia_observability::npcs_sensor::sys_write_npcs_sensor"};C:\Users\Antoi\.cargo\registry\src\index.crates.io-1949cf8c6b5b557f\bevy_ecs-0.18.1\src\system\function_system.rs;52;27414577;0.015067;37525;730;189;118551;1141.411586
system{name="forgia_effects::lifetime_tick"};C:\Users\Antoi\.cargo\registry\src\index.crates.io-1949cf8c6b5b557f\bevy_ecs-0.18.1\src\system\function_system.rs;52;12456024;0.006846;37525;331;126;65058;457.853454
system_commands{name="bevy_core_pipeline::skybox::prepare_skybox_pipelines"};C:\Users\Antoi\.cargo\registry\src\index.crates.io-1949cf8c6b5b557f\bevy_ecs-0.18.1\src\system\function_system.rs;54;30478021;0.016751;37525;812;318;232696;1309.944581
system{name="forgia_game::color_grading::sys_write_sensor"};C:\Users\Antoi\.cargo\registry\src\index.crates.io-1949cf8c6b5b557f\bevy_ecs-0.18.1\src\system\function_system.rs;52;11834773;0.006504;37525;315;93;63513;443.993164
plugin finish{plugin="bevy_log::LogPlugin"};C:\Users\Antoi\.cargo\registry\src\index.crates.io-1949cf8c6b5b557f\bevy_app-0.18.1\src\app.rs;272;83;0.000000;1;83;83;83;0.000000
plugin build{plugin="bevy_render::sync_component::SyncComponentPlugin<bevy_anti_alias::contrast_adaptive_sharpening::ContrastAdaptiveSharpening>"};C:\Users\Antoi\.cargo\registry\src\index.crates.io-1949cf8c6b5b557f\bevy_app-0.18.1\src\app.rs;529;2291;0.000001;1;2291;2291;2291;0.000000
system{name="forgia_observability::migration_baseline::sys_load_previous_baseline"};C:\Users\Antoi\.cargo\registry\src\index.crates.io-1949cf8c6b5b557f\bevy_ecs-0.18.1\src\system\function_system.rs;52;15267124;0.008391;1;15267124;15267124;15267124;0.000000
plugin build{plugin="bevy_core_pipeline::skybox::SkyboxPlugin"};C:\Users\Antoi\.cargo\registry\src\index.crates.io-1949cf8c6b5b557f\bevy_app-0.18.1\src\app.rs;529;921900;0.000507;1;921900;921900;921900;0.000000
plugin build{plugin="forgia_effects::ForgiaEffectsPlugin"};C:\Users\Antoi\.cargo\registry\src\index.crates.io-1949cf8c6b5b557f\bevy_app-0.18.1\src\app.rs;529;3404907;0.001871;1;3404907;3404907;3404907;0.000000
system{name="forgia_mode_roguelite::waves::sys_boss_enrage"};C:\Users\Antoi\.cargo\registry\src\index.crates.io-1949cf8c6b5b557f\bevy_ecs-0.18.1\src\system\function_system.rs;52;23362792;0.012840;33826;690;164;78859;707.591075
plugin finish{plugin="bevy_diagnostic::frame_time_diagnostics_plugin::FrameTimeDiagnosticsPlugin"};C:\Users\Antoi\.cargo\registry\src\index.crates.io-1949cf8c6b5b557f\bevy_app-0.18.1\src\app.rs;272;105;0.000000;1;105;105;105;0.000000
{shadow_directional_light_1_cascade_1};C:\Users\Antoi\.cargo\registry\src\index.crates.io-1949cf8c6b5b557f\bevy_pbr-0.18.1\src\render\light.rs;2326;2548658687;1.400752;33824;75350;21210;707718;22263.740631
system{name="bevy_state::state::transitions::last_transition<forgia_mode_roguelite::run::RunState>"};C:\Users\Antoi\.cargo\registry\src\index.crates.io-1949cf8c6b5b557f\bevy_ecs-0.18.1\src\system\function_system.rs;52;10441439;0.005739;112578;92;60;98672;650.598377
system{name="bevy_state::state_scoped::despawn_entities_on_exit_state<forgia_core::states::GameMode>"};C:\Users\Antoi\.cargo\registry\src\index.crates.io-1949cf8c6b5b557f\bevy_ecs-0.18.1\src\system\function_system.rs;52;11374877;0.006252;37526;303;93;109125;625.824296
asset loading{loader="bevy_image::image_loader::ImageLoader" asset="ui/menu_video/frame_0195.webp"};C:\Users\Antoi\.cargo\registry\src\index.crates.io-1949cf8c6b5b557f\bevy_asset-0.18.1\src\server\loaders.rs;332;14996014;0.008242;6;2499335;142;14957974;6103463.643754
system{name="forgia_ui_lib::hud::barks::sys_trigger_combat_barks"};C:\Users\Antoi\.cargo\registry\src\index.crates.io-1949cf8c6b5b557f\bevy_ecs-0.18.1\src\system\function_system.rs;52;15334769;0.008428;37525;408;147;77465;575.117206
system{name="forgia_mode_roguelite::meta_shop::sys_sync_unlocked_boon_tiers"};C:\Users\Antoi\.cargo\registry\src\index.crates.io-1949cf8c6b5b557f\bevy_ecs-0.18.1\src\system\function_system.rs;52;12289749;0.006754;33826;363;108;99404;597.019172
system{name="bevy_core_pipeline::oit::resolve::queue_oit_resolve_pipeline"};C:\Users\Antoi\.cargo\registry\src\index.crates.io-1949cf8c6b5b557f\bevy_ecs-0.18.1\src\system\function_system.rs;52;27887213;0.015327;37525;743;253;45193;451.341497
system_commands{name="forgia_juice_screen_flash::load_screen_flash_tuning"};C:\Users\Antoi\.cargo\registry\src\index.crates.io-1949cf8c6b5b557f\bevy_ecs-0.18.1\src\system\function_system.rs;54;1382;0.000001;1;1382;1382;1382;0.000000
asset loading{loader="bevy_gltf::loader::GltfLoader" asset="models/kaykit/dungeon/wall.glb"};C:\Users\Antoi\.cargo\registry\src\index.crates.io-1949cf8c6b5b557f\bevy_asset-0.18.1\src\server\loaders.rs;332;4555968;0.002504;4;1138992;196;4546533;2271697.536199
asset loading{loader="bevy_image::image_loader::ImageLoader" asset="ui/menu_video/frame_0079.webp"};C:\Users\Antoi\.cargo\registry\src\index.crates.io-1949cf8c6b5b557f\bevy_asset-0.18.1\src\server\loaders.rs;332;14685387;0.008071;6;2447564;123;14643420;5974726.732736
system{name="bevy_pbr::material::mark_meshes_as_changed_if_their_materials_changed<bevy_pbr::extended_material::ExtendedMaterial<bevy_pbr::pbr_material::StandardMaterial, bevy_pbr::decal::forward::ForwardDecalMaterialExt>>"};C:\Users\Antoi\.cargo\registry\src\index.crates.io-1949cf8c6b5b557f\bevy_ecs-0.18.1\src\system\function_system.rs;52;17669591;0.009711;37525;470;108;39153;354.010140
system{name="forgia_mode_roguelite::meta_shop::sys_meta_shop_input"};C:\Users\Antoi\.cargo\registry\src\index.crates.io-1949cf8c6b5b557f\bevy_ecs-0.18.1\src\system\function_system.rs;52;34969;0.000019;91;384;260;564;64.153202
system{name="bevy_app::propagate::update_removed_limit<bevy_ui::ui_node::ComputedUiRenderTargetInfo, (), bevy_ecs::hierarchy::ChildOf>"};C:\Users\Antoi\.cargo\registry\src\index.crates.io-1949cf8c6b5b557f\bevy_ecs-0.18.1\src\system\function_system.rs;52;10446529;0.005741;37525;278;60;21102;223.086092
asset loading{loader="bevy_shader::shader::ShaderLoader" asset="embedded://bevy_pbr\\light_probe\\environment_map.wgsl"};C:\Users\Antoi\.cargo\registry\src\index.crates.io-1949cf8c6b5b557f\bevy_asset-0.18.1\src\server\loaders.rs;332;436753;0.000240;2;218376;97;436656;308693.829289
plugin cleanup{plugin="forgia_mode_roguelite::intro_dialogue::IntroDialoguePlugin"};C:\Users\Antoi\.cargo\registry\src\index.crates.io-1949cf8c6b5b557f\bevy_app-0.18.1\src\app.rs;292;56;0.000000;1;56;56;56;0.000000
asset loading{loader="bevy_image::image_loader::ImageLoader" asset="ui/menu_video/frame_0189.webp"};C:\Users\Antoi\.cargo\registry\src\index.crates.io-1949cf8c6b5b557f\bevy_asset-0.18.1\src\server\loaders.rs;332;15296060;0.008407;6;2549343;87;15261366;6227596.229550
asset loading{loader="bevy_image::image_loader::ImageLoader" asset="ui/menu_video/frame_0088.webp"};C:\Users\Antoi\.cargo\registry\src\index.crates.io-1949cf8c6b5b557f\bevy_asset-0.18.1\src\server\loaders.rs;332;15226152;0.008368;6;2537692;128;15174645;6190823.411978
system{name="bevy_sprite_render::mesh2d::material::init_material_2d_pipeline<bevy_sprite_render::tilemap_chunk::tilemap_chunk_material::TilemapChunkMaterial>"};C:\Users\Antoi\.cargo\registry\src\index.crates.io-1949cf8c6b5b557f\bevy_ecs-0.18.1\src\system\function_system.rs;52;16327;0.000009;1;16327;16327;16327;0.000000
system{name="forgia_mode_roguelite::poi::sys_reset_poi_stats"};C:\Users\Antoi\.cargo\registry\src\index.crates.io-1949cf8c6b5b557f\bevy_ecs-0.18.1\src\system\function_system.rs;52;93;0.000000;1;93;93;93;0.000000
system{name="forgia_qa_core::plugin::drain_bug_messages_to_bus"};C:\Users\Antoi\.cargo\registry\src\index.crates.io-1949cf8c6b5b557f\bevy_ecs-0.18.1\src\system\function_system.rs;52;14506769;0.007973;37525;386;135;473762;2471.251502
plugin finish{plugin="forgia_ui_lib::dialogue::ForgiaUiDialoguePlugin"};C:\Users\Antoi\.cargo\registry\src\index.crates.io-1949cf8c6b5b557f\bevy_app-0.18.1\src\app.rs;272;56;0.000000;1;56;56;56;0.000000
plugin finish{plugin="bevy_camera::visibility::range::VisibilityRangePlugin"};C:\Users\Antoi\.cargo\registry\src\index.crates.io-1949cf8c6b5b557f\bevy_app-0.18.1\src\app.rs;272;58;0.000000;1;58;58;58;0.000000
system{name="bevy_asset::assets::Assets<forgia_genome_core::Genome<forgia_damage::HitFeedbackTuning>>::asset_events_condition"};C:\Users\Antoi\.cargo\registry\src\index.crates.io-1949cf8c6b5b557f\bevy_ecs-0.18.1\src\system\function_system.rs;52;4340431;0.002386;37525;115;53;722664;3730.759798
plugin cleanup{plugin="bevy_render::render_phase::BinnedRenderPhasePlugin<bevy_core_pipeline::core_3d::Opaque3d, bevy_pbr::render::mesh::MeshPipeline>"};C:\Users\Antoi\.cargo\registry\src\index.crates.io-1949cf8c6b5b557f\bevy_app-0.18.1\src\app.rs;292;56;0.000000;1;56;56;56;0.000000
system{name="bevy_picking::PickingSettings::input_should_run"};C:\Users\Antoi\.cargo\registry\src\index.crates.io-1949cf8c6b5b557f\bevy_ecs-0.18.1\src\system\function_system.rs;52;23667394;0.013008;37525;630;53;135946;1612.434347
asset loading{loader="bevy_gltf::loader::GltfLoader" asset="models/kaykit/skeletons/Skeleton_Warrior.glb"};C:\Users\Antoi\.cargo\registry\src\index.crates.io-1949cf8c6b5b557f\bevy_asset-0.18.1\src\server\loaders.rs;332;52841067;0.029042;9;5871229;399;26448293;11636003.459472
asset loading{loader="bevy_gltf::loader::GltfLoader" asset="models/environment/inferno/ColumnBig_001.glb"};C:\Users\Antoi\.cargo\registry\src\index.crates.io-1949cf8c6b5b557f\bevy_asset-0.18.1\src\server\loaders.rs;332;392934012;0.215958;4;98233503;160;392923505;196460001.377031
asset loading{loader="bevy_image::image_loader::ImageLoader" asset="textures/vfx/kenney/flare_01.png"};C:\Users\Antoi\.cargo\registry\src\index.crates.io-1949cf8c6b5b557f\bevy_asset-0.18.1\src\server\loaders.rs;332;586110;0.000322;4;146527;85;568368;281329.141395
system_commands{name="bevy_pbr::light_probe::generate::generate_environment_map_light"};C:\Users\Antoi\.cargo\registry\src\index.crates.io-1949cf8c6b5b557f\bevy_ecs-0.18.1\src\system\function_system.rs;54;2959155;0.001626;37525;78;50;101544;733.295291
system{name="bevy_asset::assets::Assets<bevy_scene::dynamic_scene::DynamicScene>::track_assets"};C:\Users\Antoi\.cargo\registry\src\index.crates.io-1949cf8c6b5b557f\bevy_ecs-0.18.1\src\system\function_system.rs;52;33125630;0.018206;37525;882;234;506697;3546.856050
system{name="forgia_mode_roguelite::loot_room::combat_running"};C:\Users\Antoi\.cargo\registry\src\index.crates.io-1949cf8c6b5b557f\bevy_ecs-0.18.1\src\system\function_system.rs;52;6332697;0.003480;37525;168;61;82186;477.501890
system{name="forgia_mode_roguelite::enemy_anim::sys_init_enemy_anim_genome"};C:\Users\Antoi\.cargo\registry\src\index.crates.io-1949cf8c6b5b557f\bevy_ecs-0.18.1\src\system\function_system.rs;52;116148;0.000064;1;116148;116148;116148;0.000000
system{name="forgia_fps::bourrasque::sys_write_bourrasque_sensor"};C:\Users\Antoi\.cargo\registry\src\index.crates.io-1949cf8c6b5b557f\bevy_ecs-0.18.1\src\system\function_system.rs;52;9322134;0.005123;37525;248;84;58256;357.273535
plugin cleanup{plugin="forgia_crosshair::ForgiaCrosshairPlugin"};C:\Users\Antoi\.cargo\registry\src\index.crates.io-1949cf8c6b5b557f\bevy_app-0.18.1\src\app.rs;292;55;0.000000;1;55;55;55;0.000000
system{name="bevy_pbr::render::light::queue_shadows"};C:\Users\Antoi\.cargo\registry\src\index.crates.io-1949cf8c6b5b557f\bevy_ecs-0.18.1\src\system\function_system.rs;52;2121414772;1.165937;37525;56533;416;388526;41618.907776
handle_stairs;C:\Users\Antoi\.cargo\registry\src\index.crates.io-1949cf8c6b5b557f\rapier3d-0.31.0\src\control\character_controller.rs;676;4558420;0.002505;282;16164;47;207942;27039.340584
plugin cleanup{plugin="forgia_effects::ForgiaEffectsPlugin"};C:\Users\Antoi\.cargo\registry\src\index.crates.io-1949cf8c6b5b557f\bevy_app-0.18.1\src\app.rs;292;61;0.000000;1;61;61;61;0.000000
asset loading{loader="bevy_shader::shader::ShaderLoader" asset="embedded://bevy_pbr\\render\\mesh_view_types.wgsl"};C:\Users\Antoi\.cargo\registry\src\index.crates.io-1949cf8c6b5b557f\bevy_asset-0.18.1\src\server\loaders.rs;332;268074;0.000147;2;134037;78;267996;189446.634602
plugin build{plugin="bevy_anti_alias::AntiAliasPlugin"};C:\Users\Antoi\.cargo\registry\src\index.crates.io-1949cf8c6b5b557f\bevy_app-0.18.1\src\app.rs;529;4941280;0.002716;1;4941280;4941280;4941280;0.000000
system{name="forgia_mode_roguelite::loot_room::sys_player_shrink"};C:\Users\Antoi\.cargo\registry\src\index.crates.io-1949cf8c6b5b557f\bevy_ecs-0.18.1\src\system\function_system.rs;52;26788235;0.014723;33826;791;300;129048;1020.125359
system{name="bevy_asset::assets::Assets<forgia_genome_core::Genome<forgia_player::PlayerMovementTuning>>::asset_events_condition"};C:\Users\Antoi\.cargo\registry\src\index.crates.io-1949cf8c6b5b557f\bevy_ecs-0.18.1\src\system\function_system.rs;52;3014934;0.001657;37525;80;53;9621;92.735675
asset loading{loader="bevy_gltf::loader::GltfLoader" asset="models/kaykit/hexagon/red/building_tower_A_red.gltf"};C:\Users\Antoi\.cargo\registry\src\index.crates.io-1949cf8c6b5b557f\bevy_asset-0.18.1\src\server\loaders.rs;332;684186;0.000376;7;97740;91;512143;187975.347374
asset loading{loader="bevy_image::image_loader::ImageLoader" asset="ui/menu_video/frame_0007.webp"};C:\Users\Antoi\.cargo\registry\src\index.crates.io-1949cf8c6b5b557f\bevy_asset-0.18.1\src\server\loaders.rs;332;32069781;0.017626;13;2466906;131;17317886;6032526.214204
system{name="bevy_anti_alias::smaa::prepare_smaa_uniforms"};C:\Users\Antoi\.cargo\registry\src\index.crates.io-1949cf8c6b5b557f\bevy_ecs-0.18.1\src\system\function_system.rs;52;17595933;0.009671;37525;468;177;275509;1514.541753
system{name="bevy_pbr::material::extract_mesh_materials<bevy_pbr::extended_material::ExtendedMaterial<bevy_pbr::pbr_material::StandardMaterial, bevy_pbr::decal::forward::ForwardDecalMaterialExt>>"};C:\Users\Antoi\.cargo\registry\src\index.crates.io-1949cf8c6b5b557f\bevy_ecs-0.18.1\src\system\function_system.rs;52;18718158;0.010288;37525;498;114;22981;345.154744
plugin build{plugin="bevy_anti_alias::contrast_adaptive_sharpening::CasPlugin"};C:\Users\Antoi\.cargo\registry\src\index.crates.io-1949cf8c6b5b557f\bevy_app-0.18.1\src\app.rs;529;433391;0.000238;1;433391;433391;433391;0.000000
plugin build{plugin="forgia_mode_roguelite::enemy_anim::ForgiaRogueliteEnemyAnimPlugin"};C:\Users\Antoi\.cargo\registry\src\index.crates.io-1949cf8c6b5b557f\bevy_app-0.18.1\src\app.rs;529;49176;0.000027;1;49176;49176;49176;0.000000
system_commands{name="bevy_pbr::prepass::update_previous_view_data"};C:\Users\Antoi\.cargo\registry\src\index.crates.io-1949cf8c6b5b557f\bevy_ecs-0.18.1\src\system\function_system.rs;54;72129493;0.039643;37525;1922;358;244681;2039.839830
system{name="forgia_observability::lag_events_sensor::sys_write_lag_events_sensor"};C:\Users\Antoi\.cargo\registry\src\index.crates.io-1949cf8c6b5b557f\bevy_ecs-0.18.1\src\system\function_system.rs;52;13461365;0.007398;37525;358;91;66094;931.461947
plugin build{plugin="bevy_camera::visibility::range::VisibilityRangePlugin"};C:\Users\Antoi\.cargo\registry\src\index.crates.io-1949cf8c6b5b557f\bevy_app-0.18.1\src\app.rs;529;5828;0.000003;1;5828;5828;5828;0.000000
system{name="forgia_mode_roguelite::intro_dialogue::sys_start_intro"};C:\Users\Antoi\.cargo\registry\src\index.crates.io-1949cf8c6b5b557f\bevy_ecs-0.18.1\src\system\function_system.rs;52;340;0.000000;1;340;340;340;0.000000
system_commands{name="forgia_mode_roguelite::pipeline_warmup::sys_clear_warmup"};C:\Users\Antoi\.cargo\registry\src\index.crates.io-1949cf8c6b5b557f\bevy_ecs-0.18.1\src\system\function_system.rs;54;253;0.000000;1;253;253;253;0.000000
system{name="bevy_hanabi::render::queue_init_fill_dispatch_ops"};C:\Users\Antoi\.cargo\registry\src\index.crates.io-1949cf8c6b5b557f\bevy_ecs-0.18.1\src\system\function_system.rs;52;20835314;0.011451;37525;555;182;112025;744.309036
plugin cleanup{plugin="bevy_pbr::PbrPlugin"};C:\Users\Antoi\.cargo\registry\src\index.crates.io-1949cf8c6b5b557f\bevy_app-0.18.1\src\app.rs;292;56;0.000000;1;56;56;56;0.000000
system{name="forgia_mode_roguelite::status_vfx::sys_detach_shock_vfx"};C:\Users\Antoi\.cargo\registry\src\index.crates.io-1949cf8c6b5b557f\bevy_ecs-0.18.1\src\system\function_system.rs;52;14920095;0.008200;33826;441;124;83328;489.028307
plugin finish{plugin="forgia_qa_core::plugin::ForgiaQaCorePlugin"};C:\Users\Antoi\.cargo\registry\src\index.crates.io-1949cf8c6b5b557f\bevy_app-0.18.1\src\app.rs;272;113;0.000000;1;113;113;113;0.000000
plugin finish{plugin="forgia_mode_roguelite::parcours_obstacles::ParcoursObstaclesPlugin"};C:\Users\Antoi\.cargo\registry\src\index.crates.io-1949cf8c6b5b557f\bevy_app-0.18.1\src\app.rs;272;55;0.000000;1;55;55;55;0.000000
system{name="forgia_mode_roguelite::run::obs_roguelite_player_death"};C:\Users\Antoi\.cargo\registry\src\index.crates.io-1949cf8c6b5b557f\bevy_ecs-0.18.1\src\system\function_system.rs;52;22252;0.000012;40;556;228;5572;823.693744
asset loading{loader="bevy_image::image_loader::ImageLoader" asset="ui/menu_video/frame_0144.webp"};C:\Users\Antoi\.cargo\registry\src\index.crates.io-1949cf8c6b5b557f\bevy_asset-0.18.1\src\server\loaders.rs;332;15697068;0.008627;6;2616178;267;15656831;6388592.647202
system{name="bevy_mesh::components::mark_3d_meshes_as_changed_if_their_assets_changed"};C:\Users\Antoi\.cargo\registry\src\index.crates.io-1949cf8c6b5b557f\bevy_ecs-0.18.1\src\system\function_system.rs;52;25307431;0.013909;37525;674;176;35876;319.736732
plugin build{plugin="forgia_qa_core::plugin::ForgiaQaCorePlugin"};C:\Users\Antoi\.cargo\registry\src\index.crates.io-1949cf8c6b5b557f\bevy_app-0.18.1\src\app.rs;529;22953;0.000013;1;22953;22953;22953;0.000000
system{name="forgia_mode_roguelite::enemy_anim::sys_write_enemy_anim_sensor"};C:\Users\Antoi\.cargo\registry\src\index.crates.io-1949cf8c6b5b557f\bevy_ecs-0.18.1\src\system\function_system.rs;52;11365396;0.006246;33826;335;115;80308;517.623530
system{name="bevy_render::view::window::screenshot::extract_screenshots"};C:\Users\Antoi\.cargo\registry\src\index.crates.io-1949cf8c6b5b557f\bevy_ecs-0.18.1\src\system\function_system.rs;52;69667906;0.038290;37525;1856;846;82074;1040.813467
par_for_each{query="(bevy_ecs::entity::Entity, &bevy_camera::visibility::ViewVisibility, &bevy_transform::components::global_transform::GlobalTransform, core::option::Option<&bevy_pbr::prepass::PreviousGlobalTransform>, core::option::Option<&bevy_pbr::lightmap::Lightmap>, core::option::Option<&bevy_camera::primitives::Aabb>, &bevy_mesh::components::Mesh3d, core::option::Option<&bevy_mesh::components::MeshTag>, bevy_ecs::query::fetch::Has<bevy_camera::visibility::NoFrustumCulling>, bevy_ecs::query::fetch::Has<bevy_light::NotShadowReceiver>, bevy_ecs::query::fetch::Has<bevy_light::TransmittedShadowReceiver>, bevy_ecs::query::fetch::Has<bevy_light::NotShadowCaster>, bevy_ecs::query::fetch::Has<bevy_render::batching::NoAutomaticBatching>, bevy_ecs::query::fetch::Has<bevy_camera::visibility::range::VisibilityRange>, core::option::Option<&bevy_camera::visibility::render_layers::RenderLayers>)" filter="bevy_ecs::query::filter::Or<(bevy_ecs::query::filter::Changed<bevy_camera::visibility::ViewVisibility>, bevy_ecs::query::filter::Changed<bevy_transform::components::global_transform::GlobalTransform>, bevy_ecs::query::filter::Changed<bevy_pbr::prepass::PreviousGlobalTransform>, bevy_ecs::query::filter::Changed<bevy_pbr::lightmap::Lightmap>, bevy_ecs::query::filter::Changed<bevy_camera::primitives::Aabb>, bevy_ecs::query::filter::Changed<bevy_mesh::components::Mesh3d>, bevy_ecs::query::filter::Changed<bevy_mesh::components::MeshTag>, bevy_ecs::query::filter::Changed<bevy_camera::visibility::NoFrustumCulling>, bevy_ecs::query::filter::Changed<bevy_light::NotShadowReceiver>, bevy_ecs::query::filter::Changed<bevy_light::TransmittedShadowReceiver>, bevy_ecs::query::filter::Changed<bevy_light::NotShadowCaster>, bevy_ecs::query::filter::Changed<bevy_render::batching::NoAutomaticBatching>, bevy_ecs::query::filter::Changed<bevy_camera::visibility::range::VisibilityRange>, bevy_ecs::query::filter::Changed<bevy_mesh::skinning::SkinnedMesh>)>"};C:\Users\Antoi\.cargo\registry\src\index.crates.io-1949cf8c6b5b557f\bevy_ecs-0.18.1\src\query\state.rs;246;1179836848;0.648443;2205707;534;91;793126;978.252274
system{name="forgia_anim_debug::reset_stats_each_frame"};C:\Users\Antoi\.cargo\registry\src\index.crates.io-1949cf8c6b5b557f\bevy_ecs-0.18.1\src\system\function_system.rs;52;4539818;0.002495;37525;120;55;7660;80.619627
plugin cleanup{plugin="bevy_render::render_phase::BinnedRenderPhasePlugin<bevy_core_pipeline::prepass::Opaque3dPrepass, bevy_pbr::render::mesh::MeshPipeline>"};C:\Users\Antoi\.cargo\registry\src\index.crates.io-1949cf8c6b5b557f\bevy_app-0.18.1\src\app.rs;292;128;0.000000;1;128;128;128;0.000000
plugin build{plugin="forgia_input::ForgiaInputPlugin"};C:\Users\Antoi\.cargo\registry\src\index.crates.io-1949cf8c6b5b557f\bevy_app-0.18.1\src\app.rs;529;3646881;0.002004;1;3646881;3646881;3646881;0.000000
system{name="forgia_enemy_nameplate::cleanup_registry_on_target_removed"};C:\Users\Antoi\.cargo\registry\src\index.crates.io-1949cf8c6b5b557f\bevy_ecs-0.18.1\src\system\function_system.rs;52;17918247;0.009848;37525;477;111;26598;295.959540
asset loading{loader="forgia_genome_core::GenomeLoader<forgia_level_presets::LevelModulesGenome>" asset="genomes/level_modules.toml"};C:\Users\Antoi\.cargo\registry\src\index.crates.io-1949cf8c6b5b557f\bevy_asset-0.18.1\src\server\loaders.rs;332;851016;0.000468;4;212754;168;835367;415130.317222
system_commands{name="bevy_rapier3d::plugin::systems::multiple_rapier_contexts::on_add_entity_with_parent"};C:\Users\Antoi\.cargo\registry\src\index.crates.io-1949cf8c6b5b557f\bevy_ecs-0.18.1\src\system\function_system.rs;54;3114082;0.001712;11501;270;62;34433;497.181207
system{name="bevy_render::extract_component::extract_components<bevy_pbr::atmosphere::GpuAtmosphereSettings>"};C:\Users\Antoi\.cargo\registry\src\index.crates.io-1949cf8c6b5b557f\bevy_ecs-0.18.1\src\system\function_system.rs;52;11456713;0.006297;37525;305;114;304538;1612.852716
asset loading{loader="bevy_image::image_loader::ImageLoader" asset="models\\kaykit\\hexagon\\neutral\\hexagons_medieval.png"};C:\Users\Antoi\.cargo\registry\src\index.crates.io-1949cf8c6b5b557f\bevy_asset-0.18.1\src\server\loaders.rs;332;4475719;0.002460;5;895143;259;4455428;1990264.041904
system_commands{name="forgia_ui::weapon_preview::sys_spawn_arm_preview"};C:\Users\Antoi\.cargo\registry\src\index.crates.io-1949cf8c6b5b557f\bevy_ecs-0.18.1\src\system\function_system.rs;54;463444;0.000255;1;463444;463444;463444;0.000000
plugin finish{plugin="bevy_pbr::material::MaterialPlugin<bevy_pbr::extended_material::ExtendedMaterial<bevy_pbr::pbr_material::StandardMaterial, bevy_water::water::material::WaterMaterial>>"};C:\Users\Antoi\.cargo\registry\src\index.crates.io-1949cf8c6b5b557f\bevy_app-0.18.1\src\app.rs;272;156;0.000000;1;156;156;156;0.000000
system{name="bevy_core_pipeline::core_3d::configure_occlusion_culling_view_targets"};C:\Users\Antoi\.cargo\registry\src\index.crates.io-1949cf8c6b5b557f\bevy_ecs-0.18.1\src\system\function_system.rs;52;16789190;0.009227;37525;447;97;89839;528.851557
asset loading{loader="bevy_image::image_loader::ImageLoader" asset="ui/menu_video/frame_0293.webp"};C:\Users\Antoi\.cargo\registry\src\index.crates.io-1949cf8c6b5b557f\bevy_asset-0.18.1\src\server\loaders.rs;332;18882127;0.010378;5;3776425;103;18825876;8412907.326603
plugin cleanup{plugin="bevy_pbr::medium::ScatteringMediumPlugin"};C:\Users\Antoi\.cargo\registry\src\index.crates.io-1949cf8c6b5b557f\bevy_app-0.18.1\src\app.rs;292;56;0.000000;1;56;56;56;0.000000
system{name="bevy_input::mouse::accumulate_mouse_scroll_system"};C:\Users\Antoi\.cargo\registry\src\index.crates.io-1949cf8c6b5b557f\bevy_ecs-0.18.1\src\system\function_system.rs;52;7240780;0.003980;37525;192;69;62323;329.933018
plugin cleanup{plugin="forgia_juice_lib::camera_shake::ForgiaJuiceCameraShakePlugin"};C:\Users\Antoi\.cargo\registry\src\index.crates.io-1949cf8c6b5b557f\bevy_app-0.18.1\src\app.rs;292;56;0.000000;1;56;56;56;0.000000
system{name="forgia_mode_roguelite::loot_room::sys_portal_walkover"};C:\Users\Antoi\.cargo\registry\src\index.crates.io-1949cf8c6b5b557f\bevy_ecs-0.18.1\src\system\function_system.rs;52;27876953;0.015321;33826;824;349;41718;457.827985
system{name="forgia_mode_roguelite::mushrooms::sys_reconcile_mushrooms"};C:\Users\Antoi\.cargo\registry\src\index.crates.io-1949cf8c6b5b557f\bevy_ecs-0.18.1\src\system\function_system.rs;52;25430876;0.013977;33826;751;327;109827;1078.031267
system{name="forgia_mode_roguelite::render_quality::sys_apply_bloom"};C:\Users\Antoi\.cargo\registry\src\index.crates.io-1949cf8c6b5b557f\bevy_ecs-0.18.1\src\system\function_system.rs;52;13630352;0.007491;33826;402;93;21611;201.699450
run_graph{name="Core3d" debug_group="Camera 0 (61v2703)"};C:\Users\Antoi\.cargo\registry\src\index.crates.io-1949cf8c6b5b557f\bevy_render-0.18.1\src\renderer\graph_runner.rs;119;15618545204;8.584008;33826;461731;215191;4568765;130576.680776
system{name="forgia_mode_roguelite::forge_shop::draw_forge_shop_window"};C:\Users\Antoi\.cargo\registry\src\index.crates.io-1949cf8c6b5b557f\bevy_ecs-0.18.1\src\system\function_system.rs;52;10734599;0.005900;33826;317;105;82849;494.764448
plugin cleanup{plugin="forgia_mode_roguelite::meta_shop::MetaShopPlugin"};C:\Users\Antoi\.cargo\registry\src\index.crates.io-1949cf8c6b5b557f\bevy_app-0.18.1\src\app.rs;292;59;0.000000;1;59;59;59;0.000000
plugin build{plugin="bevy_render::erased_render_asset::ErasedRenderAssetPlugin<bevy_pbr::mesh_material::MeshMaterial3d<bevy_pbr::extended_material::ExtendedMaterial<bevy_pbr::pbr_material::StandardMaterial, bevy_water::water::material::WaterMaterial>>>"};C:\Users\Antoi\.cargo\registry\src\index.crates.io-1949cf8c6b5b557f\bevy_app-0.18.1\src\app.rs;529;6176;0.000003;1;6176;6176;6176;0.000000
system_commands{name="bevy_state::state_scoped::despawn_entities_on_enter_state<forgia_core::states::WorldMode>"};C:\Users\Antoi\.cargo\registry\src\index.crates.io-1949cf8c6b5b557f\bevy_ecs-0.18.1\src\system\function_system.rs;54;2945252;0.001619;37526;78;52;90294;801.466940
asset loading{loader="bevy_image::image_loader::ImageLoader" asset="ui/menu_video/frame_0076.webp"};C:\Users\Antoi\.cargo\registry\src\index.crates.io-1949cf8c6b5b557f\bevy_asset-0.18.1\src\server\loaders.rs;332;17541588;0.009641;4;4385397;115;17509209;8749214.097443
system{name="bevy_pbr::decal::clustered::extract_decals"};C:\Users\Antoi\.cargo\registry\src\index.crates.io-1949cf8c6b5b557f\bevy_ecs-0.18.1\src\system\function_system.rs;52;42527441;0.023373;37525;1133;411;88706;616.666994
run_graph{name="HanabiSimulateGraph" debug_group="hanabi"};C:\Users\Antoi\.cargo\registry\src\index.crates.io-1949cf8c6b5b557f\bevy_render-0.18.1\src\renderer\graph_runner.rs;119;869995689;0.478153;37525;23184;4515;1940106;12926.265400
system{name="forgia_mode_roguelite::merchant::sys_reset_revive_tokens"};C:\Users\Antoi\.cargo\registry\src\index.crates.io-1949cf8c6b5b557f\bevy_ecs-0.18.1\src\system\function_system.rs;52;202;0.000000;1;202;202;202;0.000000
plugin cleanup{plugin="bevy_pbr::ssao::ScreenSpaceAmbientOcclusionPlugin"};C:\Users\Antoi\.cargo\registry\src\index.crates.io-1949cf8c6b5b557f\bevy_app-0.18.1\src\app.rs;292;60;0.000000;1;60;60;60;0.000000
system{name="forgia_debug::console::console_history_navigation_system"};C:\Users\Antoi\.cargo\registry\src\index.crates.io-1949cf8c6b5b557f\bevy_ecs-0.18.1\src\system\function_system.rs;52;12146861;0.006676;37525;323;88;33833;269.650801
plugin build{plugin="bevy_sprite_render::tilemap_chunk::tilemap_chunk_material::TilemapChunkMaterialPlugin"};C:\Users\Antoi\.cargo\registry\src\index.crates.io-1949cf8c6b5b557f\bevy_app-0.18.1\src\app.rs;529;165345;0.000091;1;165345;165345;165345;0.000000
system{name="bevy_state::state::transitions::run_transition<forgia_core::states::GameMode>"};C:\Users\Antoi\.cargo\registry\src\index.crates.io-1949cf8c6b5b557f\bevy_ecs-0.18.1\src\system\function_system.rs;52;3439375;0.001890;37526;91;53;9781;70.731139
plugin build{plugin="forgia_mode_roguelite::progress::PlayerProgressPlugin"};C:\Users\Antoi\.cargo\registry\src\index.crates.io-1949cf8c6b5b557f\bevy_app-0.18.1\src\app.rs;529;5617;0.000003;1;5617;5617;5617;0.000000
plugin cleanup{plugin="bevy_pbr::prepass::PrepassPlugin"};C:\Users\Antoi\.cargo\registry\src\index.crates.io-1949cf8c6b5b557f\bevy_app-0.18.1\src\app.rs;292;57;0.000000;1;57;57;57;0.000000
plugin finish{plugin="forgia_combat::ForgiaCombatPlugin"};C:\Users\Antoi\.cargo\registry\src\index.crates.io-1949cf8c6b5b557f\bevy_app-0.18.1\src\app.rs;272;59;0.000000;1;59;59;59;0.000000
plugin build{plugin="forgia_enemy_nameplate::ForgiaEnemyNameplatePlugin"};C:\Users\Antoi\.cargo\registry\src\index.crates.io-1949cf8c6b5b557f\bevy_app-0.18.1\src\app.rs;529;3505313;0.001927;1;3505313;3505313;3505313;0.000000
system{name="forgia_stage::spawn_stage_arena_on_request"};C:\Users\Antoi\.cargo\registry\src\index.crates.io-1949cf8c6b5b557f\bevy_ecs-0.18.1\src\system\function_system.rs;52;31391747;0.017253;37525;836;207;755574;5476.473430
plugin finish{plugin="bevy_ui_render::ui_texture_slice_pipeline::UiTextureSlicerPlugin"};C:\Users\Antoi\.cargo\registry\src\index.crates.io-1949cf8c6b5b557f\bevy_app-0.18.1\src\app.rs;272;122;0.000000;1;122;122;122;0.000000
system_commands{name="bevy_render::extract_component::extract_components<bevy_post_process::effect_stack::ChromaticAberration>"};C:\Users\Antoi\.cargo\registry\src\index.crates.io-1949cf8c6b5b557f\bevy_ecs-0.18.1\src\system\function_system.rs;54;29175154;0.016035;37525;777;255;43289;374.527321
asset loading{loader="bevy_shader::shader::ShaderLoader" asset="embedded://bevy_core_pipeline\\tonemapping\\lut_bindings.wgsl"};C:\Users\Antoi\.cargo\registry\src\index.crates.io-1949cf8c6b5b557f\bevy_asset-0.18.1\src\server\loaders.rs;332;77319;0.000042;2;38659;111;77208;54515.811514
system{name="forgia_juice_lib::fov_punch::consume_fov_impulses"};C:\Users\Antoi\.cargo\registry\src\index.crates.io-1949cf8c6b5b557f\bevy_ecs-0.18.1\src\system\function_system.rs;52;9550240;0.005249;37525;254;73;77960;460.548202
system{name="bevy_egui::render::systems::prepare_egui_render_target_data_system"};C:\Users\Antoi\.cargo\registry\src\index.crates.io-1949cf8c6b5b557f\bevy_ecs-0.18.1\src\system\function_system.rs;52;2901286582;1.594557;37525;77316;7476;29475733;185857.187940
solve;C:\Users\Antoi\.cargo\registry\src\index.crates.io-1949cf8c6b5b557f\rapier3d-0.31.0\src\dynamics\solver\contact_constraint\contact_constraints_set.rs;537;2691172;0.001479;46004;58;46;44892;267.433570
system{name="forgia_mode_roguelite::boss_portal::sys_ground_portal"};C:\Users\Antoi\.cargo\registry\src\index.crates.io-1949cf8c6b5b557f\bevy_ecs-0.18.1\src\system\function_system.rs;52;16297590;0.008957;33826;481;151;81444;737.517692
plugin build{plugin="bevy_a11y::AccessibilityPlugin"};C:\Users\Antoi\.cargo\registry\src\index.crates.io-1949cf8c6b5b557f\bevy_app-0.18.1\src\app.rs;529;7636;0.000004;1;7636;7636;7636;0.000000
system_commands{name="forgia_viewmodel::genome::load_viewmodel_genome"};C:\Users\Antoi\.cargo\registry\src\index.crates.io-1949cf8c6b5b557f\bevy_ecs-0.18.1\src\system\function_system.rs;54;1523;0.000001;1;1523;1523;1523;0.000000
system_commands{name="forgia_streaming::load_streaming_genome"};C:\Users\Antoi\.cargo\registry\src\index.crates.io-1949cf8c6b5b557f\bevy_ecs-0.18.1\src\system\function_system.rs;54;2388;0.000001;1;2388;2388;2388;0.000000
system{name="forgia_mode_roguelite::toon_config::sys_init_toon_genome"};C:\Users\Antoi\.cargo\registry\src\index.crates.io-1949cf8c6b5b557f\bevy_ecs-0.18.1\src\system\function_system.rs;52;442921;0.000243;1;442921;442921;442921;0.000000
system_commands{name="bevy_audio::audio_output::cleanup_finished_audio<bevy_audio::pitch::Pitch>"};C:\Users\Antoi\.cargo\registry\src\index.crates.io-1949cf8c6b5b557f\bevy_ecs-0.18.1\src\system\function_system.rs;54;3740611;0.002056;37525;99;50;7671;57.755699
asset loading{loader="bevy_image::image_loader::ImageLoader" asset="ui/menu_video/frame_0022.webp"};C:\Users\Antoi\.cargo\registry\src\index.crates.io-1949cf8c6b5b557f\bevy_asset-0.18.1\src\server\loaders.rs;332;32833439;0.018045;12;2736119;87;16451482;6371321.077254
system_commands{name="forgia_mode_roguelite::defense::sys_init_defense_genome"};C:\Users\Antoi\.cargo\registry\src\index.crates.io-1949cf8c6b5b557f\bevy_ecs-0.18.1\src\system\function_system.rs;54;1570;0.000001;1;1570;1570;1570;0.000000
system{name="bevy_state::state::transitions::last_transition<forgia_core::states::AppMode>"};C:\Users\Antoi\.cargo\registry\src\index.crates.io-1949cf8c6b5b557f\bevy_ecs-0.18.1\src\system\function_system.rs;52;10106361;0.005554;112578;89;53;98778;466.263075
plugin cleanup{plugin="bevy_render::extract_component::ExtractComponentPlugin<bevy_render::experimental::occlusion_culling::OcclusionCulling>"};C:\Users\Antoi\.cargo\registry\src\index.crates.io-1949cf8c6b5b557f\bevy_app-0.18.1\src\app.rs;292;57;0.000000;1;57;57;57;0.000000
plugin cleanup{plugin="forgia_assets::ForgiaAssetsPlugin"};C:\Users\Antoi\.cargo\registry\src\index.crates.io-1949cf8c6b5b557f\bevy_app-0.18.1\src\app.rs;292;55;0.000000;1;55;55;55;0.000000
asset loading{loader="bevy_image::image_loader::ImageLoader" asset="ui/menu_video/frame_0332.webp"};C:\Users\Antoi\.cargo\registry\src\index.crates.io-1949cf8c6b5b557f\bevy_asset-0.18.1\src\server\loaders.rs;332;14738643;0.008100;5;2947728;143;14687824;6562921.239779
system{name="bevy_render::batching::no_gpu_preprocessing::write_batched_instance_buffer<bevy_sprite_render::mesh2d::mesh::Mesh2dPipeline>"};C:\Users\Antoi\.cargo\registry\src\index.crates.io-1949cf8c6b5b557f\bevy_ecs-0.18.1\src\system\function_system.rs;52;9545223;0.005246;37525;254;94;148946;894.054205
system_commands{name="bevy_pbr::atmosphere::environment::init_atmosphere_probe_layout"};C:\Users\Antoi\.cargo\registry\src\index.crates.io-1949cf8c6b5b557f\bevy_ecs-0.18.1\src\system\function_system.rs;54;1871;0.000001;1;1871;1871;1871;0.000000
plugin build{plugin="bevy_render::camera::CameraPlugin"};C:\Users\Antoi\.cargo\registry\src\index.crates.io-1949cf8c6b5b557f\bevy_app-0.18.1\src\app.rs;529;1927351;0.001059;1;1927351;1927351;1927351;0.000000
plugin finish{plugin="forgia_mode_fps_arena::ForgiaModeFpsArenaPlugin"};C:\Users\Antoi\.cargo\registry\src\index.crates.io-1949cf8c6b5b557f\bevy_app-0.18.1\src\app.rs;272;57;0.000000;1;57;57;57;0.000000
system{name="bevy_ui_render::pipeline::init_ui_pipeline"};C:\Users\Antoi\.cargo\registry\src\index.crates.io-1949cf8c6b5b557f\bevy_ecs-0.18.1\src\system\function_system.rs;52;22163;0.000012;1;22163;22163;22163;0.000000
system{name="forgia_debug::handle_bindings_system"};C:\Users\Antoi\.cargo\registry\src\index.crates.io-1949cf8c6b5b557f\bevy_ecs-0.18.1\src\system\function_system.rs;52;11581279;0.006365;37525;308;86;47233;282.806201
node{name="bevy_render::render_graph::node::ViewNodeRunner<bevy_core_pipeline::oit::resolve::node::OitResolveNode>"};C:\Users\Antoi\.cargo\registry\src\index.crates.io-1949cf8c6b5b557f\bevy_render-0.18.1\src\renderer\graph_runner.rs;240;9344684;0.005136;75050;124;59;18359;92.754546
system{name="bevy_pbr::light_probe::generate::prepare_generated_environment_map_bind_groups"};C:\Users\Antoi\.cargo\registry\src\index.crates.io-1949cf8c6b5b557f\bevy_ecs-0.18.1\src\system\function_system.rs;52;26440296;0.014532;37525;704;251;76784;757.149911
plugin cleanup{plugin="forgia_game::color_grading::ColorGradingPlugin"};C:\Users\Antoi\.cargo\registry\src\index.crates.io-1949cf8c6b5b557f\bevy_app-0.18.1\src\app.rs;292;55;0.000000;1;55;55;55;0.000000
system_commands{name="forgia_mode_fps_arena::load_arena_bots_genome"};C:\Users\Antoi\.cargo\registry\src\index.crates.io-1949cf8c6b5b557f\bevy_ecs-0.18.1\src\system\function_system.rs;54;405435;0.000223;1;405435;405435;405435;0.000000
system_commands{name="forgia_player::skybox_genome::load_sky_palette_genome"};C:\Users\Antoi\.cargo\registry\src\index.crates.io-1949cf8c6b5b557f\bevy_ecs-0.18.1\src\system\function_system.rs;54;3076;0.000002;1;3076;3076;3076;0.000000
plugin build{plugin="bevy_render::extract_component::ExtractComponentPlugin<bevy_post_process::bloom::settings::Bloom>"};C:\Users\Antoi\.cargo\registry\src\index.crates.io-1949cf8c6b5b557f\bevy_app-0.18.1\src\app.rs;529;392905;0.000216;1;392905;392905;392905;0.000000
system{name="bevy_render::view::window::extract_windows"};C:\Users\Antoi\.cargo\registry\src\index.crates.io-1949cf8c6b5b557f\bevy_ecs-0.18.1\src\system\function_system.rs;52;46964728;0.025812;37525;1251;519;72161;669.129413
multithreaded executor;C:\Users\Antoi\.cargo\registry\src\index.crates.io-1949cf8c6b5b557f\bevy_ecs-0.18.1\src\schedule\executor\multi_threaded.rs;400;42957524982;23.609608;23727304;1810;64;23323470;7944.052993
system{name="bevy_pbr::render::mesh::extract_meshes_for_gpu_building"};C:\Users\Antoi\.cargo\registry\src\index.crates.io-1949cf8c6b5b557f\bevy_ecs-0.18.1\src\system\function_system.rs;52;1529734813;0.840748;37525;40765;15467;1792258;16199.962280
system{name="bevy_gizmos_render::pipeline_2d::init_line_gizmo_pipelines"};C:\Users\Antoi\.cargo\registry\src\index.crates.io-1949cf8c6b5b557f\bevy_ecs-0.18.1\src\system\function_system.rs;52;294054;0.000162;1;294054;294054;294054;0.000000
plugin cleanup{plugin="bevy_render::extract_component::ExtractComponentPlugin<bevy_core_pipeline::skybox::Skybox>"};C:\Users\Antoi\.cargo\registry\src\index.crates.io-1949cf8c6b5b557f\bevy_app-0.18.1\src\app.rs;292;103;0.000000;1;103;103;103;0.000000
system{name="forgia_mode_roguelite::weapon_select::sys_weapon_unlock_input"};C:\Users\Antoi\.cargo\registry\src\index.crates.io-1949cf8c6b5b557f\bevy_ecs-0.18.1\src\system\function_system.rs;52;27159;0.000015;91;298;99;4484;462.606156
system{name="forgia_fps::fire_weapon_minimal"};C:\Users\Antoi\.cargo\registry\src\index.crates.io-1949cf8c6b5b557f\bevy_ecs-0.18.1\src\system\function_system.rs;52;31243302;0.017171;10080;3099;293;1019598;14097.107325
plugin finish{plugin="forgia_mode_roguelite::weapon_select::WeaponSelectPlugin"};C:\Users\Antoi\.cargo\registry\src\index.crates.io-1949cf8c6b5b557f\bevy_app-0.18.1\src\app.rs;272;54;0.000000;1;54;54;54;0.000000
system{name="bevy_render::mesh::inherit_weights"};C:\Users\Antoi\.cargo\registry\src\index.crates.io-1949cf8c6b5b557f\bevy_ecs-0.18.1\src\system\function_system.rs;52;15205521;0.008357;37525;405;87;84137;466.752454
plugin build{plugin="bevy_render::extract_instances::ExtractInstancesPlugin<bevy_pbr::light_probe::environment_map::EnvironmentMapIds>"};C:\Users\Antoi\.cargo\registry\src\index.crates.io-1949cf8c6b5b557f\bevy_app-0.18.1\src\app.rs;529;197955;0.000109;1;197955;197955;197955;0.000000
system_commands{name="bevy_post_process::dof::prepare_auxiliary_depth_of_field_textures"};C:\Users\Antoi\.cargo\registry\src\index.crates.io-1949cf8c6b5b557f\bevy_ecs-0.18.1\src\system\function_system.rs;54;6067935;0.003335;37525;161;61;47694;265.121285
asset loading{loader="bevy_shader::shader::ShaderLoader" asset="embedded://bevy_pbr\\ssr\\ssr.wgsl"};C:\Users\Antoi\.cargo\registry\src\index.crates.io-1949cf8c6b5b557f\bevy_asset-0.18.1\src\server\loaders.rs;332;256129;0.000141;2;128064;57;256072;181029.942587
asset loading{loader="bevy_gltf::loader::GltfLoader" asset="models/environment/inferno/StatueKnight_002.glb"};C:\Users\Antoi\.cargo\registry\src\index.crates.io-1949cf8c6b5b557f\bevy_asset-0.18.1\src\server\loaders.rs;332;7376733;0.004054;6;1229455;259;7325535;2986472.223324
system{name="forgia_enemy_nameplate::keep_permanent_nameplates_alive"};C:\Users\Antoi\.cargo\registry\src\index.crates.io-1949cf8c6b5b557f\bevy_ecs-0.18.1\src\system\function_system.rs;52;22580605;0.012410;37525;601;91;149616;859.603623
system_commands{name="bevy_pbr::render::light::init_shadow_samplers"};C:\Users\Antoi\.cargo\registry\src\index.crates.io-1949cf8c6b5b557f\bevy_ecs-0.18.1\src\system\function_system.rs;54;720;0.000000;1;720;720;720;0.000000
system{name="bevy_asset::assets::Assets<bevy_mesh::skinning::SkinnedMeshInverseBindposes>::track_assets"};C:\Users\Antoi\.cargo\registry\src\index.crates.io-1949cf8c6b5b557f\bevy_ecs-0.18.1\src\system\function_system.rs;52;45955370;0.025257;37525;1224;81;806417;14385.521226
plugin build{plugin="bevy_render::extract_component::UniformComponentPlugin<bevy_anti_alias::contrast_adaptive_sharpening::CasUniform>"};C:\Users\Antoi\.cargo\registry\src\index.crates.io-1949cf8c6b5b557f\bevy_app-0.18.1\src\app.rs;529;4898;0.000003;1;4898;4898;4898;0.000000
system{name="forgia_ui_lib::hud::barks::sync_bark_library"};C:\Users\Antoi\.cargo\registry\src\index.crates.io-1949cf8c6b5b557f\bevy_ecs-0.18.1\src\system\function_system.rs;52;10807132;0.005940;37525;287;98;86681;465.457526
plugin finish{plugin="bevy_winit::WinitPlugin"};C:\Users\Antoi\.cargo\registry\src\index.crates.io-1949cf8c6b5b557f\bevy_app-0.18.1\src\app.rs;272;55;0.000000;1;55;55;55;0.000000
system{name="forgia_observability::rpg_player_sensor::sys_write_rpg_player_sensor"};C:\Users\Antoi\.cargo\registry\src\index.crates.io-1949cf8c6b5b557f\bevy_ecs-0.18.1\src\system\function_system.rs;52;13793254;0.007581;37525;367;110;74974;505.814817
system{name="forgia_combat::ultimate::sys_write_ultimate_sensor"};C:\Users\Antoi\.cargo\registry\src\index.crates.io-1949cf8c6b5b557f\bevy_ecs-0.18.1\src\system\function_system.rs;52;9210352;0.005062;37525;245;66;79575;548.074731
system{name="forgia_mode_roguelite::boucherie_rocket::sys_fly_rockets"};C:\Users\Antoi\.cargo\registry\src\index.crates.io-1949cf8c6b5b557f\bevy_ecs-0.18.1\src\system\function_system.rs;52;14956990;0.008220;33826;442;123;124521;714.944349
function_scope{egui::input_state::InputState::begin_pass};C:\Users\Antoi\.cargo\registry\src\index.crates.io-1949cf8c6b5b557f\egui-0.33.3\src\input_state\mod.rs;394;57150019;0.031410;37525;1522;603;406650;3096.764719
plugin finish{plugin="forgia_mode_roguelite::enemy_scaling::RogueliteEnemyScalingPlugin"};C:\Users\Antoi\.cargo\registry\src\index.crates.io-1949cf8c6b5b557f\bevy_app-0.18.1\src\app.rs;272;55;0.000000;1;55;55;55;0.000000
system{name="forgia_mode_roguelite::enemy_scaling::sys_reset_enemy_scaling"};C:\Users\Antoi\.cargo\registry\src\index.crates.io-1949cf8c6b5b557f\bevy_ecs-0.18.1\src\system\function_system.rs;52;200;0.000000;1;200;200;200;0.000000
asset loading{loader="bevy_image::image_loader::ImageLoader" asset="ui/menu_video/frame_0101.webp"};C:\Users\Antoi\.cargo\registry\src\index.crates.io-1949cf8c6b5b557f\bevy_asset-0.18.1\src\server\loaders.rs;332;14959599;0.008222;6;2493266;124;14917714;6086714.230015
plugin build{plugin="bevy_ui::accessibility::AccessibilityPlugin"};C:\Users\Antoi\.cargo\registry\src\index.crates.io-1949cf8c6b5b557f\bevy_app-0.18.1\src\app.rs;529;12664;0.000007;1;12664;12664;12664;0.000000
plugin finish{plugin="bevy_pbr::volumetric_fog::VolumetricFogPlugin"};C:\Users\Antoi\.cargo\registry\src\index.crates.io-1949cf8c6b5b557f\bevy_app-0.18.1\src\app.rs;272;73;0.000000;1;73;73;73;0.000000
asset loading{loader="bevy_image::image_loader::ImageLoader" asset="ui/menu_video/frame_0031.webp"};C:\Users\Antoi\.cargo\registry\src\index.crates.io-1949cf8c6b5b557f\bevy_asset-0.18.1\src\server\loaders.rs;332;16650260;0.009151;5;3330052;102;16578539;7406154.984582
system{name="bevy_pbr::material::extract_entities_needs_specialization<bevy_pbr::extended_material::ExtendedMaterial<bevy_pbr::pbr_material::StandardMaterial, bevy_water::water::material::WaterMaterial>>"};C:\Users\Antoi\.cargo\registry\src\index.crates.io-1949cf8c6b5b557f\bevy_ecs-0.18.1\src\system\function_system.rs;52;29198729;0.016048;37525;778;274;50053;531.345417
asset loading{loader="bevy_image::image_loader::ImageLoader" asset="textures/vfx/kenney/light_01.png"};C:\Users\Antoi\.cargo\registry\src\index.crates.io-1949cf8c6b5b557f\bevy_asset-0.18.1\src\server\loaders.rs;332;947143;0.000521;7;135306;145;915163;343916.750724
system{name="bevy_hanabi::render::allocate_parent_child_infos"};C:\Users\Antoi\.cargo\registry\src\index.crates.io-1949cf8c6b5b557f\bevy_ecs-0.18.1\src\system\function_system.rs;52;24745978;0.013600;37525;659;222;76632;513.842028
system{name="forgia_mode_roguelite::enemy_anim::sys_hot_reload_enemy_anim_genome"};C:\Users\Antoi\.cargo\registry\src\index.crates.io-1949cf8c6b5b557f\bevy_ecs-0.18.1\src\system\function_system.rs;52;18184788;0.009994;33826;537;85;179706;4306.675715
plugin cleanup{plugin="leafwing_input_manager::plugin::CentralInputStorePlugin"};C:\Users\Antoi\.cargo\registry\src\index.crates.io-1949cf8c6b5b557f\bevy_app-0.18.1\src\app.rs;292;58;0.000000;1;58;58;58;0.000000
system{name="bevy_asset::assets::Assets<bevy_text::font::Font>::asset_events_condition"};C:\Users\Antoi\.cargo\registry\src\index.crates.io-1949cf8c6b5b557f\bevy_ecs-0.18.1\src\system\function_system.rs;52;3721869;0.002046;37525;99;53;4834;69.281204
plugin cleanup{plugin="forgia_rpg_data::ForgiaRpgDataPlugin"};C:\Users\Antoi\.cargo\registry\src\index.crates.io-1949cf8c6b5b557f\bevy_app-0.18.1\src\app.rs;292;56;0.000000;1;56;56;56;0.000000
asset loading{loader="bevy_gltf::loader::GltfLoader" asset="models-v1/nature/rock_medium_2.gltf"};C:\Users\Antoi\.cargo\registry\src\index.crates.io-1949cf8c6b5b557f\bevy_asset-0.18.1\src\server\loaders.rs;332;319118;0.000175;10;31911;139;205200;62235.967843
system{name="leafwing_input_manager::systems::swap_to_fixed_update<forgia_input::PlayerAction>"};C:\Users\Antoi\.cargo\registry\src\index.crates.io-1949cf8c6b5b557f\bevy_ecs-0.18.1\src\system\function_system.rs;52;22971026;0.012625;37525;612;87;94797;1068.467379
plugin finish{plugin="bevy_picking::PickingPlugin"};C:\Users\Antoi\.cargo\registry\src\index.crates.io-1949cf8c6b5b557f\bevy_app-0.18.1\src\app.rs;272;57;0.000000;1;57;57;57;0.000000
system{name="bevy_gizmos::end_gizmo_context<bevy_gizmos::config::DefaultGizmoConfigGroup, bevy_time::fixed::Fixed>"};C:\Users\Antoi\.cargo\registry\src\index.crates.io-1949cf8c6b5b557f\bevy_ecs-0.18.1\src\system\function_system.rs;52;4143319;0.002277;37525;110;61;43749;363.890262
plugin cleanup{plugin="bevy_render::extract_component::ExtractComponentPlugin<bevy_pbr::ssr::ScreenSpaceReflections>"};C:\Users\Antoi\.cargo\registry\src\index.crates.io-1949cf8c6b5b557f\bevy_app-0.18.1\src\app.rs;292;104;0.000000;1;104;104;104;0.000000
asset loading{loader="bevy_shader::shader::ShaderLoader" asset="embedded://bevy_pbr\\render/pbr_lighting.wgsl"};C:\Users\Antoi\.cargo\registry\src\index.crates.io-1949cf8c6b5b557f\bevy_asset-0.18.1\src\server\loaders.rs;332;1929539;0.001060;2;964769;81;1929458;1364275.560166
system{name="forgia_crosshair::draw_sniper_scope_overlay"};C:\Users\Antoi\.cargo\registry\src\index.crates.io-1949cf8c6b5b557f\bevy_ecs-0.18.1\src\system\function_system.rs;52;18099541;0.009948;37525;482;110;56245;393.082054
plugin cleanup{plugin="bevy_render::diagnostic::RenderDiagnosticsPlugin"};C:\Users\Antoi\.cargo\registry\src\index.crates.io-1949cf8c6b5b557f\bevy_app-0.18.1\src\app.rs;292;56;0.000000;1;56;56;56;0.000000
system{name="bevy_pbr::render::morph::prepare_morphs"};C:\Users\Antoi\.cargo\registry\src\index.crates.io-1949cf8c6b5b557f\bevy_ecs-0.18.1\src\system\function_system.rs;52;8334620;0.004581;37525;222;80;62544;345.543682
system{name="bevy_render::erased_render_asset::prepare_erased_assets<bevy_pbr::mesh_material::MeshMaterial3d<bevy_pbr::pbr_material::StandardMaterial>>"};C:\Users\Antoi\.cargo\registry\src\index.crates.io-1949cf8c6b5b557f\bevy_ecs-0.18.1\src\system\function_system.rs;52;2275874009;1.250828;37525;60649;393;2789502;74319.067755
asset loading{loader="bevy_image::image_loader::ImageLoader" asset="ui/menu_video/frame_0121.webp"};C:\Users\Antoi\.cargo\registry\src\index.crates.io-1949cf8c6b5b557f\bevy_asset-0.18.1\src\server\loaders.rs;332;15655714;0.008604;8;1956964;219;15609263;5516364.533576
plugin cleanup{plugin="forgia_rpg_data::shop::ForgiaShopPlugin"};C:\Users\Antoi\.cargo\registry\src\index.crates.io-1949cf8c6b5b557f\bevy_app-0.18.1\src\app.rs;292;56;0.000000;1;56;56;56;0.000000
plugin cleanup{plugin="bevy_render::render_asset::RenderAssetPlugin<bevy_pbr::medium::GpuScatteringMedium>"};C:\Users\Antoi\.cargo\registry\src\index.crates.io-1949cf8c6b5b557f\bevy_app-0.18.1\src\app.rs;292;56;0.000000;1;56;56;56;0.000000
asset loading{loader="bevy_image::image_loader::ImageLoader" asset="ui/menu_video/frame_0301.webp"};C:\Users\Antoi\.cargo\registry\src\index.crates.io-1949cf8c6b5b557f\bevy_asset-0.18.1\src\server\loaders.rs;332;16306294;0.008962;6;2717715;193;16267959;6638239.258787
system{name="bevy_render::batching::sort_binned_render_phase<bevy_pbr::render::light::Shadow>"};C:\Users\Antoi\.cargo\registry\src\index.crates.io-1949cf8c6b5b557f\bevy_ecs-0.18.1\src\system\function_system.rs;52;44661249;0.024546;37525;1190;74;130811;1134.280806
asset loading{loader="bevy_image::image_loader::ImageLoader" asset="ui/menu_video/frame_0287.webp"};C:\Users\Antoi\.cargo\registry\src\index.crates.io-1949cf8c6b5b557f\bevy_asset-0.18.1\src\server\loaders.rs;332;18842701;0.010356;5;3768540;200;18779228;8391238.814444
plugin finish{plugin="forgia_anim_debug::ForgiaAnimDebugPlugin"};C:\Users\Antoi\.cargo\registry\src\index.crates.io-1949cf8c6b5b557f\bevy_app-0.18.1\src\app.rs;272;55;0.000000;1;55;55;55;0.000000
asset loading{loader="bevy_image::image_loader::ImageLoader" asset="ui/menu_video/frame_0140.webp"};C:\Users\Antoi\.cargo\registry\src\index.crates.io-1949cf8c6b5b557f\bevy_asset-0.18.1\src\server\loaders.rs;332;15827202;0.008699;6;2637867;115;15783247;6439899.050436
system{name="forgia_mode_roguelite::atmosphere::sys_ensure_atmosphere"};C:\Users\Antoi\.cargo\registry\src\index.crates.io-1949cf8c6b5b557f\bevy_ecs-0.18.1\src\system\function_system.rs;52;16483989;0.009060;33826;487;181;44692;412.498694
system_commands{name="bevy_ui_render::ui_texture_slice_pipeline::init_ui_texture_slice_pipeline"};C:\Users\Antoi\.cargo\registry\src\index.crates.io-1949cf8c6b5b557f\bevy_ecs-0.18.1\src\system\function_system.rs;54;3481;0.000002;1;3481;3481;3481;0.000000
system{name="bevy_ecs::schedule::condition::common_conditions::resource_exists<forgia_combat::melee::MeleeCooldown>"};C:\Users\Antoi\.cargo\registry\src\index.crates.io-1949cf8c6b5b557f\bevy_ecs-0.18.1\src\system\function_system.rs;52;1349119;0.000741;11501;117;55;2256;93.015401
plugin cleanup{plugin="bevy_render::extract_component::ExtractComponentPlugin<bevy_post_process::motion_blur::MotionBlur>"};C:\Users\Antoi\.cargo\registry\src\index.crates.io-1949cf8c6b5b557f\bevy_app-0.18.1\src\app.rs;292;60;0.000000;1;60;60;60;0.000000
indexed_batch_sets;C:\Users\Antoi\.cargo\registry\src\index.crates.io-1949cf8c6b5b557f\bevy_render-0.18.1\src\batching\gpu_preprocessing.rs;2154;1035821824;0.569291;337725;3067;47;2096703;10215.434925
asset loading{loader="bevy_image::image_loader::ImageLoader" asset="ui/menu_video/frame_0004.webp"};C:\Users\Antoi\.cargo\registry\src\index.crates.io-1949cf8c6b5b557f\bevy_asset-0.18.1\src\server\loaders.rs;332;31586615;0.017360;15;2105774;164;16040355;5541079.531526
plugin finish{plugin="bevy_render::render_asset::RenderAssetPlugin<bevy_render::storage::GpuShaderStorageBuffer>"};C:\Users\Antoi\.cargo\registry\src\index.crates.io-1949cf8c6b5b557f\bevy_app-0.18.1\src\app.rs;272;113;0.000000;1;113;113;113;0.000000
system{name="bevy_light::cluster::add_clusters"};C:\Users\Antoi\.cargo\registry\src\index.crates.io-1949cf8c6b5b557f\bevy_ecs-0.18.1\src\system\function_system.rs;52;22903453;0.012588;37525;610;142;78699;712.370673
system_commands{name="forgia_mode_roguelite::waves::sys_wave_orchestrator"};C:\Users\Antoi\.cargo\registry\src\index.crates.io-1949cf8c6b5b557f\bevy_ecs-0.18.1\src\system\function_system.rs;54;4109217;0.002258;33826;121;50;156214;1539.920088
system{name="bevy_pbr::prepass::check_prepass_views_need_specialization"};C:\Users\Antoi\.cargo\registry\src\index.crates.io-1949cf8c6b5b557f\bevy_ecs-0.18.1\src\system\function_system.rs;52;38367032;0.021087;37525;1022;342;41937;443.231752
asset loading{loader="bevy_gltf::loader::GltfLoader" asset="models/environment/inferno/Crag_001.glb"};C:\Users\Antoi\.cargo\registry\src\index.crates.io-1949cf8c6b5b557f\bevy_asset-0.18.1\src\server\loaders.rs;332;7654132;0.004207;6;1275688;251;7567968;3082702.409521
system{name="bevy_pbr::volumetric_fog::render::prepare_view_depth_textures_for_volumetric_fog"};C:\Users\Antoi\.cargo\registry\src\index.crates.io-1949cf8c6b5b557f\bevy_ecs-0.18.1\src\system\function_system.rs;52;10339485;0.005683;37525;275;78;120666;681.996652
plugin finish{plugin="forgia_terrain::ForgiaTerrainPlugin"};C:\Users\Antoi\.cargo\registry\src\index.crates.io-1949cf8c6b5b557f\bevy_app-0.18.1\src\app.rs;272;57;0.000000;1;57;57;57;0.000000
plugin finish{plugin="bevy_pbr::render::gpu_preprocess::GpuMeshPreprocessPlugin"};C:\Users\Antoi\.cargo\registry\src\index.crates.io-1949cf8c6b5b557f\bevy_app-0.18.1\src\app.rs;272;629363;0.000346;1;629363;629363;629363;0.000000
system{name="forgia_combat::combat_juice::hit_flash_tick_system"};C:\Users\Antoi\.cargo\registry\src\index.crates.io-1949cf8c6b5b557f\bevy_ecs-0.18.1\src\system\function_system.rs;52;10402495;0.005717;37525;277;86;14914;140.957370
node{name="bevy_render::render_graph::node::ViewNodeRunner<bevy_core_pipeline::core_3d::main_opaque_pass_3d_node::MainOpaquePass3dNode>"};C:\Users\Antoi\.cargo\registry\src\index.crates.io-1949cf8c6b5b557f\bevy_render-0.18.1\src\renderer\graph_runner.rs;240;8161754295;4.485729;75050;108750;15298;8250315;100359.939296
asset loading{loader="bevy_image::image_loader::ImageLoader" asset="ui/menu_video/frame_0243.webp"};C:\Users\Antoi\.cargo\registry\src\index.crates.io-1949cf8c6b5b557f\bevy_asset-0.18.1\src\server\loaders.rs;332;14840707;0.008157;6;2473451;120;14808406;6042871.586378
asset loading{loader="bevy_image::image_loader::ImageLoader" asset="ui/menu_video/frame_0138.webp"};C:\Users\Antoi\.cargo\registry\src\index.crates.io-1949cf8c6b5b557f\bevy_asset-0.18.1\src\server\loaders.rs;332;15253554;0.008383;7;2179079;117;15204159;5743525.785222
asset loading{loader="bevy_gltf::loader::GltfLoader" asset="models/kaykit/medieval_hexagon/buildings/red/building_home_B_red.gltf"};C:\Users\Antoi\.cargo\registry\src\index.crates.io-1949cf8c6b5b557f\bevy_asset-0.18.1\src\server\loaders.rs;332;367554;0.000202;11;33414;127;233041;68160.105566
system{name="bevy_pbr::material::mark_meshes_as_changed_if_their_materials_changed<bevy_pbr::extended_material::ExtendedMaterial<bevy_pbr::pbr_material::StandardMaterial, bevy_water::water::material::WaterMaterial>>"};C:\Users\Antoi\.cargo\registry\src\index.crates.io-1949cf8c6b5b557f\bevy_ecs-0.18.1\src\system\function_system.rs;52;56524824;0.031066;37525;1506;554;87339;846.300159
system{name="bevy_rapier3d::plugin::systems::joint::apply_joint_user_changes"};C:\Users\Antoi\.cargo\registry\src\index.crates.io-1949cf8c6b5b557f\bevy_ecs-0.18.1\src\system\function_system.rs;52;5859779;0.003221;11501;509;97;10201;200.629126
system{name="forgia_mode_roguelite::status_vfx::sys_detach_burn_vfx"};C:\Users\Antoi\.cargo\registry\src\index.crates.io-1949cf8c6b5b557f\bevy_ecs-0.18.1\src\system\function_system.rs;52;17844821;0.009808;33826;527;188;82221;777.319471
asset loading{loader="bevy_image::image_loader::ImageLoader" asset="ui/menu_video/frame_0001.webp"};C:\Users\Antoi\.cargo\registry\src\index.crates.io-1949cf8c6b5b557f\bevy_asset-0.18.1\src\server\loaders.rs;332;35529620;0.019527;10;3552962;78;18724808;7483779.434515
system{name="bevy_render::mesh::allocator::allocate_and_free_meshes"};C:\Users\Antoi\.cargo\registry\src\index.crates.io-1949cf8c6b5b557f\bevy_ecs-0.18.1\src\system\function_system.rs;52;93134233;0.051187;37525;2481;278;20475933;140815.266392
system{name="<forgia_combat::ForgiaCombatPlugin as bevy_app::plugin::Plugin>::build::{{closure}}"};C:\Users\Antoi\.cargo\registry\src\index.crates.io-1949cf8c6b5b557f\bevy_ecs-0.18.1\src\system\function_system.rs;52;2508270;0.001379;11501;218;54;66263;620.943189
asset loading{loader="bevy_image::image_loader::ImageLoader" asset="ui/menu_video/frame_0092.webp"};C:\Users\Antoi\.cargo\registry\src\index.crates.io-1949cf8c6b5b557f\bevy_asset-0.18.1\src\server\loaders.rs;332;15154421;0.008329;7;2164917;143;15121249;5713207.668898
plugin build{plugin="bevy_render::extract_resource::ExtractResourcePlugin<bevy_egui::EguiUserTextures>"};C:\Users\Antoi\.cargo\registry\src\index.crates.io-1949cf8c6b5b557f\bevy_app-0.18.1\src\app.rs;529;359098;0.000197;1;359098;359098;359098;0.000000
plugin finish{plugin="bevy_gizmos::global::GlobalGizmosPlugin"};C:\Users\Antoi\.cargo\registry\src\index.crates.io-1949cf8c6b5b557f\bevy_app-0.18.1\src\app.rs;272;53;0.000000;1;53;53;53;0.000000
system{name="bevy_gizmos::end_gizmo_context<bevy_gizmos::light::LightGizmoConfigGroup, bevy_time::fixed::Fixed>"};C:\Users\Antoi\.cargo\registry\src\index.crates.io-1949cf8c6b5b557f\bevy_ecs-0.18.1\src\system\function_system.rs;52;5622928;0.003090;37525;149;60;78410;576.993805
plugin finish{plugin="bevy_pbr::ssao::ScreenSpaceAmbientOcclusionPlugin"};C:\Users\Antoi\.cargo\registry\src\index.crates.io-1949cf8c6b5b557f\bevy_app-0.18.1\src\app.rs;272;624064;0.000343;1;624064;624064;624064;0.000000
system_commands{name="forgia_viewmodel::fade::identify_viewmodel_faders"};C:\Users\Antoi\.cargo\registry\src\index.crates.io-1949cf8c6b5b557f\bevy_ecs-0.18.1\src\system\function_system.rs;54;3860246;0.002122;33826;114;51;85821;577.571791
system_commands{name="bevy_rapier3d::plugin::systems::joint::init_joints"};C:\Users\Antoi\.cargo\registry\src\index.crates.io-1949cf8c6b5b557f\bevy_ecs-0.18.1\src\system\function_system.rs;54;1264636;0.000695;11501;109;53;4440;65.343234
plugin build{plugin="forgia_game::color_grading::ColorGradingPlugin"};C:\Users\Antoi\.cargo\registry\src\index.crates.io-1949cf8c6b5b557f\bevy_app-0.18.1\src\app.rs;529;9271;0.000005;1;9271;9271;9271;0.000000
plugin build{plugin="bevy_diagnostic::DiagnosticsPlugin"};C:\Users\Antoi\.cargo\registry\src\index.crates.io-1949cf8c6b5b557f\bevy_app-0.18.1\src\app.rs;529;151612330;0.083327;1;151612330;151612330;151612330;0.000000
plugin finish{plugin="forgia_stage::ForgiaStageArenaPlugin"};C:\Users\Antoi\.cargo\registry\src\index.crates.io-1949cf8c6b5b557f\bevy_app-0.18.1\src\app.rs;272;56;0.000000;1;56;56;56;0.000000
system_commands{name="bevy_render::view::prepare_view_targets"};C:\Users\Antoi\.cargo\registry\src\index.crates.io-1949cf8c6b5b557f\bevy_ecs-0.18.1\src\system\function_system.rs;54;192591351;0.105849;37525;5132;2465;497256;3770.386463
system{name="forgia_enemy_nameplate::spawn_nameplate_for_targets"};C:\Users\Antoi\.cargo\registry\src\index.crates.io-1949cf8c6b5b557f\bevy_ecs-0.18.1\src\system\function_system.rs;52;44533492;0.024476;37525;1186;185;138227;1336.528659
plugin build{plugin="bevy_render::texture::TexturePlugin"};C:\Users\Antoi\.cargo\registry\src\index.crates.io-1949cf8c6b5b557f\bevy_app-0.18.1\src\app.rs;529;47444;0.000026;1;47444;47444;47444;0.000000
system{name="bevy_render::gpu_readback::map_buffers"};C:\Users\Antoi\.cargo\registry\src\index.crates.io-1949cf8c6b5b557f\bevy_ecs-0.18.1\src\system\function_system.rs;52;23839576;0.013102;37525;635;312;28971;298.315616
system_commands{name="bevy_ui::update::propagate_ui_target_cameras"};C:\Users\Antoi\.cargo\registry\src\index.crates.io-1949cf8c6b5b557f\bevy_ecs-0.18.1\src\system\function_system.rs;54;4973100;0.002733;37525;132;54;8742;121.242983
check_conditions{name="bevy_gizmos::end_gizmo_context<bevy_gizmos::aabb::AabbGizmoConfigGroup, bevy_time::fixed::Fixed>"};C:\Users\Antoi\.cargo\registry\src\index.crates.io-1949cf8c6b5b557f\bevy_ecs-0.18.1\src\schedule\executor\single_threaded.rs;83;2765900;0.001520;37525;73;56;141600;754.192195
plugin cleanup{plugin="bevy_render::sync_component::SyncComponentPlugin<bevy_render::gpu_readback::Readback>"};C:\Users\Antoi\.cargo\registry\src\index.crates.io-1949cf8c6b5b557f\bevy_app-0.18.1\src\app.rs;292;61;0.000000;1;61;61;61;0.000000
system{name="bevy_diagnostic::frame_count_diagnostics_plugin::update_frame_count"};C:\Users\Antoi\.cargo\registry\src\index.crates.io-1949cf8c6b5b557f\bevy_ecs-0.18.1\src\system\function_system.rs;52;6323335;0.003475;37525;168;62;15125;128.424873
system{name="bevy_render::render_asset::prepare_assets<bevy_render::mesh::RenderMesh>"};C:\Users\Antoi\.cargo\registry\src\index.crates.io-1949cf8c6b5b557f\bevy_ecs-0.18.1\src\system\function_system.rs;52;22590839;0.012416;37525;602;184;2041621;10814.112608
system{name="forgia_player::attach_skybox_to_camera"};C:\Users\Antoi\.cargo\registry\src\index.crates.io-1949cf8c6b5b557f\bevy_ecs-0.18.1\src\system\function_system.rs;52;21790933;0.011976;37525;580;177;623338;3940.691748
plugin build{plugin="bevy_camera::visibility::VisibilityPlugin"};C:\Users\Antoi\.cargo\registry\src\index.crates.io-1949cf8c6b5b557f\bevy_app-0.18.1\src\app.rs;529;627254;0.000345;1;627254;627254;627254;0.000000
system{name="bevy_pbr::cluster::extract_clusters"};C:\Users\Antoi\.cargo\registry\src\index.crates.io-1949cf8c6b5b557f\bevy_ecs-0.18.1\src\system\function_system.rs;52;2378877868;1.307440;37525;63394;23938;2651386;26503.441955
system{name="bevy_ui_render::extract_text_sections"};C:\Users\Antoi\.cargo\registry\src\index.crates.io-1949cf8c6b5b557f\bevy_ecs-0.18.1\src\system\function_system.rs;52;23546985;0.012942;37525;627;161;85803;652.917002
detect_grounded_status_and_apply_friction;C:\Users\Antoi\.cargo\registry\src\index.crates.io-1949cf8c6b5b557f\rapier3d-0.31.0\src\control\character_controller.rs;457;126840772;0.069712;21189;5986;543;625243;7625.250441
asset loading{loader="bevy_image::image_loader::ImageLoader" asset="ui/menu_video/frame_0217.webp"};C:\Users\Antoi\.cargo\registry\src\index.crates.io-1949cf8c6b5b557f\bevy_asset-0.18.1\src\server\loaders.rs;332;15517609;0.008529;6;2586268;151;15469197;6311323.310893
system{name="bevy_hanabi::render::queue_init_indirect_workgroup_update"};C:\Users\Antoi\.cargo\registry\src\index.crates.io-1949cf8c6b5b557f\bevy_ecs-0.18.1\src\system\function_system.rs;52;9288661;0.005105;37525;247;74;69226;483.326002
system{name="forgia_player::sync_player_movement_tuning"};C:\Users\Antoi\.cargo\registry\src\index.crates.io-1949cf8c6b5b557f\bevy_ecs-0.18.1\src\system\function_system.rs;52;15810984;0.008690;33826;467;124;80797;691.266754
asset loading{loader="bevy_image::image_loader::ImageLoader" asset="ui/menu_video/frame_0218.webp"};C:\Users\Antoi\.cargo\registry\src\index.crates.io-1949cf8c6b5b557f\bevy_asset-0.18.1\src\server\loaders.rs;332;15475513;0.008505;7;2210787;212;15391303;5812068.048735
system_commands{name="forgia_mode_roguelite::boucherie_rocket::sys_spawn_rockets"};C:\Users\Antoi\.cargo\registry\src\index.crates.io-1949cf8c6b5b557f\bevy_ecs-0.18.1\src\system\function_system.rs;54;2323965;0.001277;33826;68;50;32567;177.853395
system_commands{name="bevy_sprite::text2d::calculate_bounds_text2d"};C:\Users\Antoi\.cargo\registry\src\index.crates.io-1949cf8c6b5b557f\bevy_ecs-0.18.1\src\system\function_system.rs;54;3034161;0.001668;37525;80;50;231653;1196.765486
plugin cleanup{plugin="bevy_sprite_render::tilemap_chunk::TilemapChunkPlugin"};C:\Users\Antoi\.cargo\registry\src\index.crates.io-1949cf8c6b5b557f\bevy_app-0.18.1\src\app.rs;292;60;0.000000;1;60;60;60;0.000000
system_commands{name="bevy_post_process::motion_blur::pipeline::prepare_motion_blur_pipelines"};C:\Users\Antoi\.cargo\registry\src\index.crates.io-1949cf8c6b5b557f\bevy_ecs-0.18.1\src\system\function_system.rs;54;3389828;0.001863;37525;90;51;43242;309.856009
asset loading{loader="bevy_image::image_loader::ImageLoader" asset="ui/menu_video/frame_0339.webp"};C:\Users\Antoi\.cargo\registry\src\index.crates.io-1949cf8c6b5b557f\bevy_asset-0.18.1\src\server\loaders.rs;332;14557436;0.008001;6;2426239;149;14519560;5924495.808603
system_commands{name="bevy_hanabi::render::batch_effects"};C:\Users\Antoi\.cargo\registry\src\index.crates.io-1949cf8c6b5b557f\bevy_ecs-0.18.1\src\system\function_system.rs;54;173553183;0.095385;37525;4625;74;588544;4060.757671
system{name="bevy_ui_render::gradient::prepare_gradient"};C:\Users\Antoi\.cargo\registry\src\index.crates.io-1949cf8c6b5b557f\bevy_ecs-0.18.1\src\system\function_system.rs;52;365272165;0.200755;37525;9734;2090;812023;10648.692629
system{name="bevy_ui_render::box_shadow::queue_shadows"};C:\Users\Antoi\.cargo\registry\src\index.crates.io-1949cf8c6b5b557f\bevy_ecs-0.18.1\src\system\function_system.rs;52;19336715;0.010628;37525;515;152;37787;327.406971
plugin finish{plugin="forgia_rpg_data::inventory::ForgiaInventoryPlugin"};C:\Users\Antoi\.cargo\registry\src\index.crates.io-1949cf8c6b5b557f\bevy_app-0.18.1\src\app.rs;272;56;0.000000;1;56;56;56;0.000000
system{name="bevy_render::render_phase::sort_phase_system<bevy_core_pipeline::core_3d::Transmissive3d>"};C:\Users\Antoi\.cargo\registry\src\index.crates.io-1949cf8c6b5b557f\bevy_ecs-0.18.1\src\system\function_system.rs;52;11163824;0.006136;37525;297;109;12604;149.070186
system{name="forgia_mode_roguelite::hud::draw_defeat_overlay"};C:\Users\Antoi\.cargo\registry\src\index.crates.io-1949cf8c6b5b557f\bevy_ecs-0.18.1\src\system\function_system.rs;52;15691033;0.008624;37525;418;117;83009;614.472889
plugin build{plugin="forgia_village_loader::ForgiaVillageLoaderPlugin"};C:\Users\Antoi\.cargo\registry\src\index.crates.io-1949cf8c6b5b557f\bevy_app-0.18.1\src\app.rs;529;299802;0.000165;1;299802;299802;299802;0.000000
system{name="bevy_pbr::ssr::prepare_ssr_settings"};C:\Users\Antoi\.cargo\registry\src\index.crates.io-1949cf8c6b5b557f\bevy_ecs-0.18.1\src\system\function_system.rs;52;547932311;0.301146;37525;14601;1583;19488343;102428.921248
plugin cleanup{plugin="forgia_anchor::ForgiaAnchorPlugin"};C:\Users\Antoi\.cargo\registry\src\index.crates.io-1949cf8c6b5b557f\bevy_app-0.18.1\src\app.rs;292;57;0.000000;1;57;57;57;0.000000
opaque_main_pass_3d;C:\Users\Antoi\.cargo\registry\src\index.crates.io-1949cf8c6b5b557f\bevy_core_pipeline-0.18.1\src\core_3d\main_opaque_pass_3d_node.rs;104;730913445;0.401713;75044;9739;1598;512213;5763.301932
system{name="<bevy_input::gamepad::GamepadButton as leafwing_input_manager::user_input::updating::UpdatableInput>::compute"};C:\Users\Antoi\.cargo\registry\src\index.crates.io-1949cf8c6b5b557f\bevy_ecs-0.18.1\src\system\function_system.rs;52;19038697;0.010464;37525;507;150;86719;628.045862
system_commands{name="bevy_egui::render::extract_egui_camera_view_system"};C:\Users\Antoi\.cargo\registry\src\index.crates.io-1949cf8c6b5b557f\bevy_ecs-0.18.1\src\system\function_system.rs;54;87947756;0.048336;37525;2343;1099;1965339;10207.294155
asset loading{loader="bevy_image::image_loader::ImageLoader" asset="ui/menu_video/frame_0072.webp"};C:\Users\Antoi\.cargo\registry\src\index.crates.io-1949cf8c6b5b557f\bevy_asset-0.18.1\src\server\loaders.rs;332;15394385;0.008461;5;3078877;207;15350545;6860077.235529
asset loading{loader="bevy_image::image_loader::ImageLoader" asset="ui/menu_video/frame_0165.webp"};C:\Users\Antoi\.cargo\registry\src\index.crates.io-1949cf8c6b5b557f\bevy_asset-0.18.1\src\server\loaders.rs;332;16337895;0.008979;6;2722982;155;16273843;6638544.524965
system{name="bevy_render::extract_component::prepare_uniform_components<bevy_post_process::bloom::downsampling_pipeline::BloomUniforms>"};C:\Users\Antoi\.cargo\registry\src\index.crates.io-1949cf8c6b5b557f\bevy_ecs-0.18.1\src\system\function_system.rs;52;19093264;0.010494;37525;508;146;60408;434.803006
plugin finish{plugin="bevy_gizmos::light::LightGizmoPlugin"};C:\Users\Antoi\.cargo\registry\src\index.crates.io-1949cf8c6b5b557f\bevy_app-0.18.1\src\app.rs;272;53;0.000000;1;53;53;53;0.000000
plugin build{plugin="bevy_core_pipeline::blit::BlitPlugin"};C:\Users\Antoi\.cargo\registry\src\index.crates.io-1949cf8c6b5b557f\bevy_app-0.18.1\src\app.rs;529;10360;0.000006;1;10360;10360;10360;0.000000
system{name="forgia_worldgen::debug_viz::sys_layout_gizmos"};C:\Users\Antoi\.cargo\registry\src\index.crates.io-1949cf8c6b5b557f\bevy_ecs-0.18.1\src\system\function_system.rs;52;17519787;0.009629;33826;517;124;20867;263.721916
system{name="forgia_fps::pepin::sys_update_confidence"};C:\Users\Antoi\.cargo\registry\src\index.crates.io-1949cf8c6b5b557f\bevy_ecs-0.18.1\src\system\function_system.rs;52;14060727;0.007728;37525;374;77;102970;586.947519
system{name="forgia_mode_roguelite::ultimate_config::sys_init_ultimate_genome"};C:\Users\Antoi\.cargo\registry\src\index.crates.io-1949cf8c6b5b557f\bevy_ecs-0.18.1\src\system\function_system.rs;52;497626;0.000273;1;497626;497626;497626;0.000000
system{name="<bevy_gizmos::aabb::AabbGizmoPlugin as bevy_app::plugin::Plugin>::build::{{closure}}"};C:\Users\Antoi\.cargo\registry\src\index.crates.io-1949cf8c6b5b557f\bevy_ecs-0.18.1\src\system\function_system.rs;52;20832444;0.011450;37525;555;204;29418;265.008496
system{name="bevy_state::state::freely_mutable_state::apply_state_transition<forgia_core::states::WorldMode>"};C:\Users\Antoi\.cargo\registry\src\index.crates.io-1949cf8c6b5b557f\bevy_ecs-0.18.1\src\system\function_system.rs;52;10412392;0.005723;37526;277;63;3015095;15606.358181
asset loading{loader="bevy_image::image_loader::ImageLoader" asset="ui/menu_video/frame_0006.webp"};C:\Users\Antoi\.cargo\registry\src\index.crates.io-1949cf8c6b5b557f\bevy_asset-0.18.1\src\server\loaders.rs;332;30891052;0.016978;13;2376234;147;16135138;5795464.057740
asset loading{loader="forgia_genome_core::GenomeLoader<forgia_mode_fps_arena::wave::ArenaWavesGenome>" asset="genomes/arena_waves.toml"};C:\Users\Antoi\.cargo\registry\src\index.crates.io-1949cf8c6b5b557f\bevy_asset-0.18.1\src\server\loaders.rs;332;1523739;0.000837;4;380934;430;1516852;757280.656855
system_commands{name="bevy_hanabi::render::allocate_parent_child_infos"};C:\Users\Antoi\.cargo\registry\src\index.crates.io-1949cf8c6b5b557f\bevy_ecs-0.18.1\src\system\function_system.rs;54;5250529;0.002886;37525;139;68;47937;290.332666
asset loading{loader="bevy_kira_audio::source::ogg_loader::OggLoader" asset="audio/roguelite/sfx/impact.ogg"};C:\Users\Antoi\.cargo\registry\src\index.crates.io-1949cf8c6b5b557f\bevy_asset-0.18.1\src\server\loaders.rs;332;775589;0.000426;4;193897;65;764696;380544.746616
system{name="forgia_worldgen::streaming::sys_stream_city"};C:\Users\Antoi\.cargo\registry\src\index.crates.io-1949cf8c6b5b557f\bevy_ecs-0.18.1\src\system\function_system.rs;52;13984389;0.007686;33826;413;150;74991;441.493437
system_commands{name="bevy_window::system::close_when_requested"};C:\Users\Antoi\.cargo\registry\src\index.crates.io-1949cf8c6b5b557f\bevy_ecs-0.18.1\src\system\function_system.rs;54;2443838;0.001343;37525;65;50;84517;553.716326
schedule{name=OnExit(Lobby)};C:\Users\Antoi\.cargo\registry\src\index.crates.io-1949cf8c6b5b557f\bevy_ecs-0.18.1\src\schedule\schedule.rs;532;464811;0.000255;1;464811;464811;464811;0.000000
plugin cleanup{plugin="bevy_water::water::WaterPlugin"};C:\Users\Antoi\.cargo\registry\src\index.crates.io-1949cf8c6b5b557f\bevy_app-0.18.1\src\app.rs;292;55;0.000000;1;55;55;55;0.000000
system{name="bevy_camera::visibility::mark_newly_hidden_entities_invisible"};C:\Users\Antoi\.cargo\registry\src\index.crates.io-1949cf8c6b5b557f\bevy_ecs-0.18.1\src\system\function_system.rs;52;2262820395;1.243654;37525;60301;36293;3581796;37516.028426
system{name="bevy_render::extract_component::extract_components<bevy_post_process::effect_stack::ChromaticAberration>"};C:\Users\Antoi\.cargo\registry\src\index.crates.io-1949cf8c6b5b557f\bevy_ecs-0.18.1\src\system\function_system.rs;52;13870527;0.007623;37525;369;124;110318;619.927333
system{name="forgia_mode_roguelite::boucherie_rocket::sys_count_kills"};C:\Users\Antoi\.cargo\registry\src\index.crates.io-1949cf8c6b5b557f\bevy_ecs-0.18.1\src\system\function_system.rs;52;6094989;0.003350;33826;180;69;35912;222.327459
system_commands{name="forgia_mode_roguelite::status_vfx::sys_detach_shock_vfx"};C:\Users\Antoi\.cargo\registry\src\index.crates.io-1949cf8c6b5b557f\bevy_ecs-0.18.1\src\system\function_system.rs;54;2434077;0.001338;33826;71;50;34681;241.847471
system_commands{name="bevy_render::extract_component::extract_components<bevy_core_pipeline::oit::OrderIndependentTransparencySettings>"};C:\Users\Antoi\.cargo\registry\src\index.crates.io-1949cf8c6b5b557f\bevy_ecs-0.18.1\src\system\function_system.rs;54;17223131;0.009466;37525;458;186;194672;1024.684899
system{name="forgia_mode_roguelite::pipeline_warmup::sys_spawn_warmup_diorama"};C:\Users\Antoi\.cargo\registry\src\index.crates.io-1949cf8c6b5b557f\bevy_ecs-0.18.1\src\system\function_system.rs;52;157016;0.000086;92;1706;128;132691;13807.022879
system{name="bevy_egui::capture_pointer_input_system"};C:\Users\Antoi\.cargo\registry\src\index.crates.io-1949cf8c6b5b557f\bevy_ecs-0.18.1\src\system\function_system.rs;52;135251152;0.074335;37525;3604;228;147641;2213.311692
asset loading{loader="bevy_image::image_loader::ImageLoader" asset="ui/menu_video/frame_0044.webp"};C:\Users\Antoi\.cargo\registry\src\index.crates.io-1949cf8c6b5b557f\bevy_asset-0.18.1\src\server\loaders.rs;332;16905760;0.009291;6;2817626;174;16856606;6877669.344554
system{name="bevy_pbr::atmosphere::resources::prepare_atmosphere_transforms"};C:\Users\Antoi\.cargo\registry\src\index.crates.io-1949cf8c6b5b557f\bevy_ecs-0.18.1\src\system\function_system.rs;52;25911355;0.014241;37525;690;207;197590;1276.372557
system{name="bevy_render::batching::gpu_preprocessing::batch_and_prepare_binned_render_phase<bevy_core_pipeline::core_3d::Opaque3d, bevy_pbr::render::mesh::MeshPipeline>"};C:\Users\Antoi\.cargo\registry\src\index.crates.io-1949cf8c6b5b557f\bevy_ecs-0.18.1\src\system\function_system.rs;52;190572673;0.104739;37525;5078;856;607494;4169.027544
system{name="bevy_diagnostic::frame_time_diagnostics_plugin::FrameTimeDiagnosticsPlugin::diagnostic_system"};C:\Users\Antoi\.cargo\registry\src\index.crates.io-1949cf8c6b5b557f\bevy_ecs-0.18.1\src\system\function_system.rs;52;32525564;0.017876;37525;866;285;46887;499.529643
asset loading{loader="bevy_image::image_loader::ImageLoader" asset="ui/menu_video/frame_0259.webp"};C:\Users\Antoi\.cargo\registry\src\index.crates.io-1949cf8c6b5b557f\bevy_asset-0.18.1\src\server\loaders.rs;332;15227159;0.008369;7;2175308;107;15182317;5735555.292374
system_commands{name="bevy_pbr::light_probe::gather_environment_map_uniform"};C:\Users\Antoi\.cargo\registry\src\index.crates.io-1949cf8c6b5b557f\bevy_ecs-0.18.1\src\system\function_system.rs;54;42360267;0.023281;37525;1128;490;196682;1428.333095
plugin finish{plugin="bevy_render::render_phase::SortedRenderPhasePlugin<bevy_core_pipeline::core_3d::Transparent3d, bevy_pbr::render::mesh::MeshPipeline>"};C:\Users\Antoi\.cargo\registry\src\index.crates.io-1949cf8c6b5b557f\bevy_app-0.18.1\src\app.rs;272;61;0.000000;1;61;61;61;0.000000
node{name="bevy_render::render_graph::node::ViewNodeRunner<bevy_pbr::atmosphere::node::RenderSkyNode>"};C:\Users\Antoi\.cargo\registry\src\index.crates.io-1949cf8c6b5b557f\bevy_render-0.18.1\src\renderer\graph_runner.rs;240;16302047;0.008960;75050;217;67;59592;259.387797
asset loading{loader="bevy_image::image_loader::ImageLoader" asset="ui/menu_video/frame_0106.webp"};C:\Users\Antoi\.cargo\registry\src\index.crates.io-1949cf8c6b5b557f\bevy_asset-0.18.1\src\server\loaders.rs;332;16992111;0.009339;6;2832018;156;16955681;6919155.750120
system_commands{name="forgia_mode_roguelite::atmosphere::sys_ensure_atmosphere"};C:\Users\Antoi\.cargo\registry\src\index.crates.io-1949cf8c6b5b557f\bevy_ecs-0.18.1\src\system\function_system.rs;54;3032797;0.001667;33826;89;51;31117;198.127395
system{name="bevy_sprite_render::texture_slice::computed_slices::compute_slices_on_sprite_change"};C:\Users\Antoi\.cargo\registry\src\index.crates.io-1949cf8c6b5b557f\bevy_ecs-0.18.1\src\system\function_system.rs;52;8596896;0.004725;37525;229;99;9688;126.512904
plugin cleanup{plugin="forgia_juice_lib::fov_punch::ForgiaJuiceFovPunchPlugin"};C:\Users\Antoi\.cargo\registry\src\index.crates.io-1949cf8c6b5b557f\bevy_app-0.18.1\src\app.rs;292;58;0.000000;1;58;58;58;0.000000
asset loading{loader="bevy_shader::shader::ShaderLoader" asset="embedded://bevy_render\\view\\window\\screenshot.wgsl"};C:\Users\Antoi\.cargo\registry\src\index.crates.io-1949cf8c6b5b557f\bevy_asset-0.18.1\src\server\loaders.rs;332;33705;0.000019;2;16852;61;33644;23746.767043
plugin cleanup{plugin="bevy_render::extract_component::UniformComponentPlugin<bevy_core_pipeline::skybox::SkyboxUniforms>"};C:\Users\Antoi\.cargo\registry\src\index.crates.io-1949cf8c6b5b557f\bevy_app-0.18.1\src\app.rs;292;55;0.000000;1;55;55;55;0.000000
plugin build{plugin="bevy_render::erased_render_asset::ErasedRenderAssetPlugin<bevy_pbr::mesh_material::MeshMaterial3d<bevy_pbr::pbr_material::StandardMaterial>>"};C:\Users\Antoi\.cargo\registry\src\index.crates.io-1949cf8c6b5b557f\bevy_app-0.18.1\src\app.rs;529;333578;0.000183;1;333578;333578;333578;0.000000
plugin finish{plugin="bevy_render::sync_component::SyncComponentPlugin<bevy_render::view::Msaa>"};C:\Users\Antoi\.cargo\registry\src\index.crates.io-1949cf8c6b5b557f\bevy_app-0.18.1\src\app.rs;272;55;0.000000;1;55;55;55;0.000000
system{name="forgia_fps::lenoir::sys_write_lenoir_sensor"};C:\Users\Antoi\.cargo\registry\src\index.crates.io-1949cf8c6b5b557f\bevy_ecs-0.18.1\src\system\function_system.rs;52;6582440;0.003618;37525;175;68;27506;229.143850
system_commands{name="bevy_post_process::bloom::prepare_bloom_textures"};C:\Users\Antoi\.cargo\registry\src\index.crates.io-1949cf8c6b5b557f\bevy_ecs-0.18.1\src\system\function_system.rs;54;3219461;0.001769;37525;85;50;13459;76.136485
system{name="bevy_picking::input::PointerInputSettings::is_touch_enabled"};C:\Users\Antoi\.cargo\registry\src\index.crates.io-1949cf8c6b5b557f\bevy_ecs-0.18.1\src\system\function_system.rs;52;10915471;0.005999;75050;145;53;64184;257.764437
asset loading{loader="bevy_gltf::loader::GltfLoader" asset="models/kaykit/skeletons/Skeleton_Minion.glb"};C:\Users\Antoi\.cargo\registry\src\index.crates.io-1949cf8c6b5b557f\bevy_asset-0.18.1\src\server\loaders.rs;332;55896082;0.030721;10;5589608;389;28763334;11765867.059034
asset loading{loader="bevy_image::image_loader::ImageLoader" asset="ui/menu_video/frame_0102.webp"};C:\Users\Antoi\.cargo\registry\src\index.crates.io-1949cf8c6b5b557f\bevy_asset-0.18.1\src\server\loaders.rs;332;15512841;0.008526;7;2216120;112;15476092;5847100.596240
system{name="forgia_ui_lib::pause_menu::apply_fov_to_camera"};C:\Users\Antoi\.cargo\registry\src\index.crates.io-1949cf8c6b5b557f\bevy_ecs-0.18.1\src\system\function_system.rs;52;7514629;0.004130;37525;200;63;25229;210.138540
system_commands{name="forgia_mode_roguelite::decor::sys_drain_decor_queue"};C:\Users\Antoi\.cargo\registry\src\index.crates.io-1949cf8c6b5b557f\bevy_ecs-0.18.1\src\system\function_system.rs;54;3172571;0.001744;33826;93;50;80612;927.697566
system_commands{name="bevy_render::render_asset::extract_render_asset<bevy_sprite_render::mesh2d::material::PreparedMaterial2d<bevy_sprite_render::mesh2d::color_material::ColorMaterial>>"};C:\Users\Antoi\.cargo\registry\src\index.crates.io-1949cf8c6b5b557f\bevy_ecs-0.18.1\src\system\function_system.rs;54;27053247;0.014869;37525;720;324;77111;498.310388
plugin build{plugin="forgia_fps::bourrasque::ForgiaBourrasquePlugin"};C:\Users\Antoi\.cargo\registry\src\index.crates.io-1949cf8c6b5b557f\bevy_app-0.18.1\src\app.rs;529;8776;0.000005;1;8776;8776;8776;0.000000
system{name="bevy_render::extract_component::extract_components<bevy_core_pipeline::skybox::Skybox>"};C:\Users\Antoi\.cargo\registry\src\index.crates.io-1949cf8c6b5b557f\bevy_ecs-0.18.1\src\system\function_system.rs;52;41510759;0.022814;37525;1106;377;89525;805.714047
system_commands{name="forgia_player::attach_skybox_to_camera"};C:\Users\Antoi\.cargo\registry\src\index.crates.io-1949cf8c6b5b557f\bevy_ecs-0.18.1\src\system\function_system.rs;54;2393653;0.001316;37525;63;50;33408;297.931585
system{name="forgia_mode_roguelite::load_timing::sys_load_timing"};C:\Users\Antoi\.cargo\registry\src\index.crates.io-1949cf8c6b5b557f\bevy_ecs-0.18.1\src\system\function_system.rs;52;148264870;0.081487;33826;4383;2300;167876;3243.170522
plugin finish{plugin="bevy_render::render_phase::BinnedRenderPhasePlugin<bevy_core_pipeline::deferred::AlphaMask3dDeferred, bevy_pbr::render::mesh::MeshPipeline>"};C:\Users\Antoi\.cargo\registry\src\index.crates.io-1949cf8c6b5b557f\bevy_app-0.18.1\src\app.rs;272;67;0.000000;1;67;67;67;0.000000
plugin finish{plugin="bevy_sprite_render::tilemap_chunk::tilemap_chunk_material::TilemapChunkMaterialPlugin"};C:\Users\Antoi\.cargo\registry\src\index.crates.io-1949cf8c6b5b557f\bevy_app-0.18.1\src\app.rs;272;62;0.000000;1;62;62;62;0.000000
system{name="forgia_mode_roguelite::pipeline_warmup::sys_clear_warmup"};C:\Users\Antoi\.cargo\registry\src\index.crates.io-1949cf8c6b5b557f\bevy_ecs-0.18.1\src\system\function_system.rs;52;1507;0.000001;1;1507;1507;1507;0.000000
plugin cleanup{plugin="forgia_game::cyber_city::CyberCityDemoPlugin"};C:\Users\Antoi\.cargo\registry\src\index.crates.io-1949cf8c6b5b557f\bevy_app-0.18.1\src\app.rs;292;55;0.000000;1;55;55;55;0.000000
system{name="<bevy_input::keyboard::KeyCode as leafwing_input_manager::user_input::updating::UpdatableInput>::compute"};C:\Users\Antoi\.cargo\registry\src\index.crates.io-1949cf8c6b5b557f\bevy_ecs-0.18.1\src\system\function_system.rs;52;31765753;0.017459;37525;846;93;84414;572.339812
plugin cleanup{plugin="bevy_pbr::ssr::ScreenSpaceReflectionsPlugin"};C:\Users\Antoi\.cargo\registry\src\index.crates.io-1949cf8c6b5b557f\bevy_app-0.18.1\src\app.rs;292;54;0.000000;1;54;54;54;0.000000
plugin cleanup{plugin="bevy_render::sync_component::SyncComponentPlugin<bevy_post_process::dof::DepthOfField>"};C:\Users\Antoi\.cargo\registry\src\index.crates.io-1949cf8c6b5b557f\bevy_app-0.18.1\src\app.rs;292;58;0.000000;1;58;58;58;0.000000
function_scope{egui::context::ContextImpl::update_fonts_mut};C:\Users\Antoi\.cargo\registry\src\index.crates.io-1949cf8c6b5b557f\egui-0.33.3\src\context.rs;535;158852472;0.087306;37525;4233;933;3431753;21658.744552
system_commands{name="forgia_mode_roguelite::merchant::sys_ground_merchant"};C:\Users\Antoi\.cargo\registry\src\index.crates.io-1949cf8c6b5b557f\bevy_ecs-0.18.1\src\system\function_system.rs;54;3797429;0.002087;33826;112;51;82983;798.078565
system_commands{name="bevy_hanabi::render::allocate_effects"};C:\Users\Antoi\.cargo\registry\src\index.crates.io-1949cf8c6b5b557f\bevy_ecs-0.18.1\src\system\function_system.rs;54;6908453;0.003797;37525;184;74;91355;488.217145
system{name="bevy_asset::assets::Assets<bevy_animation::graph::AnimationGraph>::asset_events_condition"};C:\Users\Antoi\.cargo\registry\src\index.crates.io-1949cf8c6b5b557f\bevy_ecs-0.18.1\src\system\function_system.rs;52;3494599;0.001921;37525;93;53;8021;75.542185
plugin finish{plugin="bevy_ui_render::gradient::GradientPlugin"};C:\Users\Antoi\.cargo\registry\src\index.crates.io-1949cf8c6b5b557f\bevy_app-0.18.1\src\app.rs;272;53;0.000000;1;53;53;53;0.000000
plugin cleanup{plugin="bevy_render::extract_component::ExtractComponentPlugin<bevy_pbr::atmosphere::GpuAtmosphereSettings>"};C:\Users\Antoi\.cargo\registry\src\index.crates.io-1949cf8c6b5b557f\bevy_app-0.18.1\src\app.rs;292;55;0.000000;1;55;55;55;0.000000
system_commands{name="forgia_mode_roguelite::run::sys_spawn_roguelite_scene"};C:\Users\Antoi\.cargo\registry\src\index.crates.io-1949cf8c6b5b557f\bevy_ecs-0.18.1\src\system\function_system.rs;54;31590;0.000017;1;31590;31590;31590;0.000000
system{name="forgia_rpg_data::quests::advance_quests"};C:\Users\Antoi\.cargo\registry\src\index.crates.io-1949cf8c6b5b557f\bevy_ecs-0.18.1\src\system\function_system.rs;52;9408560;0.005171;37525;250;89;168628;981.319175
system_commands{name="bevy_render::render_asset::extract_render_asset<bevy_render::texture::gpu_image::GpuImage>"};C:\Users\Antoi\.cargo\registry\src\index.crates.io-1949cf8c6b5b557f\bevy_ecs-0.18.1\src\system\function_system.rs;54;29697550;0.016322;37525;791;248;111722;662.710416
plugin build{plugin="bevy_render::sync_component::SyncComponentPlugin<bevy_post_process::motion_blur::MotionBlur>"};C:\Users\Antoi\.cargo\registry\src\index.crates.io-1949cf8c6b5b557f\bevy_app-0.18.1\src\app.rs;529;3497;0.000002;1;3497;3497;3497;0.000000
system{name="forgia_mode_roguelite::enemy_scaling::sys_write_enemy_scaling_sensor"};C:\Users\Antoi\.cargo\registry\src\index.crates.io-1949cf8c6b5b557f\bevy_ecs-0.18.1\src\system\function_system.rs;52;8307363;0.004566;37525;221;84;97634;570.907458
plugin finish{plugin="forgia_observability::ForgiaObservabilityPlugin"};C:\Users\Antoi\.cargo\registry\src\index.crates.io-1949cf8c6b5b557f\bevy_app-0.18.1\src\app.rs;272;57;0.000000;1;57;57;57;0.000000
system_commands{name="forgia_player::weapon_recoil_apply"};C:\Users\Antoi\.cargo\registry\src\index.crates.io-1949cf8c6b5b557f\bevy_ecs-0.18.1\src\system\function_system.rs;54;3599546;0.001978;33826;106;51;44696;274.262662
asset loading{loader="bevy_image::image_loader::ImageLoader" asset="ui/menu_video/frame_0019.webp"};C:\Users\Antoi\.cargo\registry\src\index.crates.io-1949cf8c6b5b557f\bevy_asset-0.18.1\src\server\loaders.rs;332;29454109;0.016188;13;2265700;143;15471343;5521609.852382
plugin build{plugin="forgia_mode_roguelite::hud::RogueliteHudPlugin"};C:\Users\Antoi\.cargo\registry\src\index.crates.io-1949cf8c6b5b557f\bevy_app-0.18.1\src\app.rs;529;87934;0.000048;1;87934;87934;87934;0.000000
plugin build{plugin="bevy_anti_alias::fxaa::FxaaPlugin"};C:\Users\Antoi\.cargo\registry\src\index.crates.io-1949cf8c6b5b557f\bevy_app-0.18.1\src\app.rs;529;2645099;0.001454;1;2645099;2645099;2645099;0.000000
system{name="bevy_ui::accessibility::button_changed"};C:\Users\Antoi\.cargo\registry\src\index.crates.io-1949cf8c6b5b557f\bevy_ecs-0.18.1\src\system\function_system.rs;52;19326053;0.010622;37525;515;132;76016;535.511908
Fonts::begin_pass;C:\Users\Antoi\.cargo\registry\src\index.crates.io-1949cf8c6b5b557f\egui-0.33.3\src\context.rs;587;107556601;0.059113;37525;2866;130;1409803;12296.890251
node{name="bevy_render::render_graph::node::ViewNodeRunner<bevy_core_pipeline::prepass::node::EarlyPrepassNode>"};C:\Users\Antoi\.cargo\registry\src\index.crates.io-1949cf8c6b5b557f\bevy_render-0.18.1\src\renderer\graph_runner.rs;240;30697377;0.016871;75050;409;67;45069;373.104273
system_commands{name="bevy_rapier3d::plugin::systems::collider::init_colliders"};C:\Users\Antoi\.cargo\registry\src\index.crates.io-1949cf8c6b5b557f\bevy_ecs-0.18.1\src\system\function_system.rs;54;2164313;0.001190;11501;188;61;93834;1500.249098
system_commands{name="bevy_pbr::light_probe::generate::prepare_generated_environment_map_intermediate_textures"};C:\Users\Antoi\.cargo\registry\src\index.crates.io-1949cf8c6b5b557f\bevy_ecs-0.18.1\src\system\function_system.rs;54;3684120;0.002025;37525;98;50;57748;309.916727
system_commands{name="bevy_pbr::atmosphere::resources::queue_render_sky_pipelines"};C:\Users\Antoi\.cargo\registry\src\index.crates.io-1949cf8c6b5b557f\bevy_ecs-0.18.1\src\system\function_system.rs;54;3870482;0.002127;37525;103;50;78270;409.912502
system{name="bevy_pbr::material::sweep_entities_needing_specialization<bevy_pbr::extended_material::ExtendedMaterial<bevy_pbr::pbr_material::StandardMaterial, bevy_water::water::material::WaterMaterial>>"};C:\Users\Antoi\.cargo\registry\src\index.crates.io-1949cf8c6b5b557f\bevy_ecs-0.18.1\src\system\function_system.rs;52;14258630;0.007837;37525;379;105;13045;277.606532
plugin finish{plugin="bevy_app::propagate::HierarchyPropagatePlugin<bevy_ui::ui_node::ComputedUiTargetCamera>"};C:\Users\Antoi\.cargo\registry\src\index.crates.io-1949cf8c6b5b557f\bevy_app-0.18.1\src\app.rs;272;122;0.000000;1;122;122;122;0.000000
system_commands{name="bevy_egui::setup_primary_egui_context_system"};C:\Users\Antoi\.cargo\registry\src\index.crates.io-1949cf8c6b5b557f\bevy_ecs-0.18.1\src\system\function_system.rs;54;4803470;0.002640;37526;128;54;278204;1563.256945
system{name="bevy_asset::assets::Assets<bevy_pbr::pbr_material::StandardMaterial>::asset_events_condition"};C:\Users\Antoi\.cargo\registry\src\index.crates.io-1949cf8c6b5b557f\bevy_ecs-0.18.1\src\system\function_system.rs;52;3673881;0.002019;37525;97;53;3972;56.212881
system{name="forgia_ai_arena_bot::bot_tracer_lifetime"};C:\Users\Antoi\.cargo\registry\src\index.crates.io-1949cf8c6b5b557f\bevy_ecs-0.18.1\src\system\function_system.rs;52;10834806;0.005955;37525;288;97;114671;640.635003
system{name="bevy_render::extract_component::extract_components<bevy_core_pipeline::tonemapping::Tonemapping>"};C:\Users\Antoi\.cargo\registry\src\index.crates.io-1949cf8c6b5b557f\bevy_ecs-0.18.1\src\system\function_system.rs;52;17210326;0.009459;37525;458;199;61846;481.669450
asset loading{loader="forgia_genome_core::GenomeLoader<forgia_player::skybox_genome::SkyPaletteGenome>" asset="genomes/biome_sky.toml"};C:\Users\Antoi\.cargo\registry\src\index.crates.io-1949cf8c6b5b557f\bevy_asset-0.18.1\src\server\loaders.rs;332;532457;0.000293;4;133114;80;517648;256396.702348
system{name="bevy_pbr::prepass::queue_prepass_material_meshes"};C:\Users\Antoi\.cargo\registry\src\index.crates.io-1949cf8c6b5b557f\bevy_ecs-0.18.1\src\system\function_system.rs;52;31765430;0.017458;37525;846;397;44361;572.880347
system{name="bevy_gizmos::propagate_gizmos<bevy_gizmos::light::LightGizmoConfigGroup, bevy_time::fixed::Fixed>"};C:\Users\Antoi\.cargo\registry\src\index.crates.io-1949cf8c6b5b557f\bevy_ecs-0.18.1\src\system\function_system.rs;52;7677384;0.004220;37525;204;63;15746;143.313765
system{name="bevy_pbr::atmosphere::configure_camera_depth_usages"};C:\Users\Antoi\.cargo\registry\src\index.crates.io-1949cf8c6b5b557f\bevy_ecs-0.18.1\src\system\function_system.rs;52;10380541;0.005705;37525;276;89;82766;604.999175
system{name="bevy_pbr::render::light::extract_shadow_filtering_method"};C:\Users\Antoi\.cargo\registry\src\index.crates.io-1949cf8c6b5b557f\bevy_ecs-0.18.1\src\system\function_system.rs;52;18719607;0.010288;37525;498;138;1377083;7109.538110
plugin finish{plugin="forgia_viewmodel::pose::ForgiaViewmodelPosePlugin"};C:\Users\Antoi\.cargo\registry\src\index.crates.io-1949cf8c6b5b557f\bevy_app-0.18.1\src\app.rs;272;962;0.000001;1;962;962;962;0.000000
system{name="forgia_skeleton_template::sys_write_skeleton_template_registry_sensor"};C:\Users\Antoi\.cargo\registry\src\index.crates.io-1949cf8c6b5b557f\bevy_ecs-0.18.1\src\system\function_system.rs;52;78763749;0.043289;37525;2098;80;965459;28213.330712
asset loading{loader="bevy_image::image_loader::ImageLoader" asset="ui/menu_video/frame_0051.webp"};C:\Users\Antoi\.cargo\registry\src\index.crates.io-1949cf8c6b5b557f\bevy_asset-0.18.1\src\server\loaders.rs;332;15844078;0.008708;6;2640679;165;15793318;6443453.702508
asset loading{loader="bevy_image::image_loader::ImageLoader" asset="ui/menu_video/frame_0063.webp"};C:\Users\Antoi\.cargo\registry\src\index.crates.io-1949cf8c6b5b557f\bevy_asset-0.18.1\src\server\loaders.rs;332;15392417;0.008460;8;1924052;117;15348658;5424361.562972
system{name="bevy_asset::assets::Assets<forgia_genome_core::Genome<forgia_viewmodel::genome::ViewmodelGenome>>::track_assets"};C:\Users\Antoi\.cargo\registry\src\index.crates.io-1949cf8c6b5b557f\bevy_ecs-0.18.1\src\system\function_system.rs;52;54475988;0.029940;37525;1451;182;1567222;14292.132872
system_commands{name="bevy_sprite_render::mesh2d::material::init_material_2d_pipeline<bevy_sprite_render::mesh2d::color_material::ColorMaterial>"};C:\Users\Antoi\.cargo\registry\src\index.crates.io-1949cf8c6b5b557f\bevy_ecs-0.18.1\src\system\function_system.rs;54;6514;0.000004;1;6514;6514;6514;0.000000
plugin build{plugin="forgia_ai_arena_bot::ForgiaAiArenaBotPlugin"};C:\Users\Antoi\.cargo\registry\src\index.crates.io-1949cf8c6b5b557f\bevy_app-0.18.1\src\app.rs;529;2204893;0.001212;1;2204893;2204893;2204893;0.000000
system{name="forgia_ui::weapon_preview::sys_swap_weapon_preview"};C:\Users\Antoi\.cargo\registry\src\index.crates.io-1949cf8c6b5b557f\bevy_ecs-0.18.1\src\system\function_system.rs;52;1994675;0.001096;3699;539;156;17169;358.174021
par_for_each{query="bevy_ecs::entity::Entity" filter="(bevy_ecs::query::filter::Or<(bevy_ecs::query::filter::Changed<bevy_mesh::components::Mesh3d>, bevy_asset::asset_changed::AssetChanged<bevy_mesh::components::Mesh3d>, bevy_ecs::query::filter::Changed<bevy_pbr::mesh_material::MeshMaterial3d<bevy_pbr::pbr_material::StandardMaterial>>, bevy_asset::asset_changed::AssetChanged<bevy_pbr::mesh_material::MeshMaterial3d<bevy_pbr::pbr_material::StandardMaterial>>)>, bevy_ecs::query::filter::With<bevy_pbr::mesh_material::MeshMaterial3d<bevy_pbr::pbr_material::StandardMaterial>>)"};C:\Users\Antoi\.cargo\registry\src\index.crates.io-1949cf8c6b5b557f\bevy_ecs-0.18.1\src\query\state.rs;246;947376870;0.520682;2024537;467;62;3361222;2452.186550
system{name="<bevy_input::gamepad::GamepadAxis as leafwing_input_manager::user_input::updating::UpdatableInput>::compute"};C:\Users\Antoi\.cargo\registry\src\index.crates.io-1949cf8c6b5b557f\bevy_ecs-0.18.1\src\system\function_system.rs;52;14876269;0.008176;37525;396;100;85157;687.170902
system{name="forgia_juice_screen_flash::tick_flash_layers"};C:\Users\Antoi\.cargo\registry\src\index.crates.io-1949cf8c6b5b557f\bevy_ecs-0.18.1\src\system\function_system.rs;52;6988835;0.003841;37525;186;74;90158;492.084248
asset loading{loader="bevy_shader::shader::ShaderLoader" asset="embedded://bevy_pbr\\render/clustered_forward.wgsl"};C:\Users\Antoi\.cargo\registry\src\index.crates.io-1949cf8c6b5b557f\bevy_asset-0.18.1\src\server\loaders.rs;332;414882;0.000228;2;207441;138;414744;293170.714121
plugin cleanup{plugin="forgia_viewmodel::calibration_sensor::ForgiaViewmodelCalibrationPlugin"};C:\Users\Antoi\.cargo\registry\src\index.crates.io-1949cf8c6b5b557f\bevy_app-0.18.1\src\app.rs;292;121;0.000000;1;121;121;121;0.000000
plugin finish{plugin="bevy_anti_alias::fxaa::FxaaPlugin"};C:\Users\Antoi\.cargo\registry\src\index.crates.io-1949cf8c6b5b557f\bevy_app-0.18.1\src\app.rs;272;93;0.000000;1;93;93;93;0.000000
system_commands{name="forgia_rpg_data::shop::close_shop_sessions"};C:\Users\Antoi\.cargo\registry\src\index.crates.io-1949cf8c6b5b557f\bevy_ecs-0.18.1\src\system\function_system.rs;54;2823549;0.001552;37525;75;51;15070;91.554866
plugin build{plugin="bevy_render::sync_component::SyncComponentPlugin<bevy_pbr::ssao::ScreenSpaceAmbientOcclusion>"};C:\Users\Antoi\.cargo\registry\src\index.crates.io-1949cf8c6b5b557f\bevy_app-0.18.1\src\app.rs;529;157121;0.000086;1;157121;157121;157121;0.000000
system{name="bevy_core_pipeline::core_2d::prepare_core_2d_depth_textures"};C:\Users\Antoi\.cargo\registry\src\index.crates.io-1949cf8c6b5b557f\bevy_ecs-0.18.1\src\system\function_system.rs;52;124729174;0.068552;37525;3323;1469;2390309;12435.212905
system{name="forgia_mode_roguelite::enemies::sys_hot_reload_enemy_genome"};C:\Users\Antoi\.cargo\registry\src\index.crates.io-1949cf8c6b5b557f\bevy_ecs-0.18.1\src\system\function_system.rs;52;15617058;0.008583;33826;461;79;96993;3289.579388
system{name="bevy_hanabi::render::allocate_metadata"};C:\Users\Antoi\.cargo\registry\src\index.crates.io-1949cf8c6b5b557f\bevy_ecs-0.18.1\src\system\function_system.rs;52;23338740;0.012827;37525;621;238;50377;339.604831
par_for_each{query="(&bevy_transform::components::global_transform::GlobalTransform, &mut bevy_pbr::prepass::PreviousGlobalTransform)" filter="bevy_ecs::query::filter::With<bevy_mesh::components::Mesh3d>"};C:\Users\Antoi\.cargo\registry\src\index.crates.io-1949cf8c6b5b557f\bevy_ecs-0.18.1\src\query\state.rs;246;690796991;0.379664;2210104;312;54;150687;390.677661
asset loading{loader="bevy_image::image_loader::ImageLoader" asset="ui/menu_video/frame_0313.webp"};C:\Users\Antoi\.cargo\registry\src\index.crates.io-1949cf8c6b5b557f\bevy_asset-0.18.1\src\server\loaders.rs;332;16679191;0.009167;6;2779865;168;16631501;6785890.826027
asset loading{loader="bevy_image::image_loader::ImageLoader" asset="ui/menu_video/frame_0151.webp"};C:\Users\Antoi\.cargo\registry\src\index.crates.io-1949cf8c6b5b557f\bevy_asset-0.18.1\src\server\loaders.rs;332;15627113;0.008589;6;2604518;135;15590535;6361825.198666
plugin finish{plugin="bevy_render::sync_component::SyncComponentPlugin<bevy_pbr::atmosphere::Atmosphere>"};C:\Users\Antoi\.cargo\registry\src\index.crates.io-1949cf8c6b5b557f\bevy_app-0.18.1\src\app.rs;272;59;0.000000;1;59;59;59;0.000000
plugin cleanup{plugin="forgia_ui_lib::quest_journal::ForgiaUiQuestPlugin"};C:\Users\Antoi\.cargo\registry\src\index.crates.io-1949cf8c6b5b557f\bevy_app-0.18.1\src\app.rs;292;55;0.000000;1;55;55;55;0.000000
system{name="bevy_app::propagate::propagate_output<bevy_ui::ui_node::ComputedUiRenderTargetInfo, ()>"};C:\Users\Antoi\.cargo\registry\src\index.crates.io-1949cf8c6b5b557f\bevy_ecs-0.18.1\src\system\function_system.rs;52;17354706;0.009538;37525;462;133;121495;699.270209
system_commands{name="forgia_mode_roguelite::enemies::sys_init_enemy_genome"};C:\Users\Antoi\.cargo\registry\src\index.crates.io-1949cf8c6b5b557f\bevy_ecs-0.18.1\src\system\function_system.rs;54;1818;0.000001;1;1818;1818;1818;0.000000
system{name="forgia_rpg_data::quests::grant_quest_rewards"};C:\Users\Antoi\.cargo\registry\src\index.crates.io-1949cf8c6b5b557f\bevy_ecs-0.18.1\src\system\function_system.rs;52;13243689;0.007279;37525;352;117;129243;739.069597
system{name="bevy_asset::assets::Assets<bevy_pbr::extended_material::ExtendedMaterial<bevy_pbr::pbr_material::StandardMaterial, bevy_water::water::material::WaterMaterial>>::asset_events_condition"};C:\Users\Antoi\.cargo\registry\src\index.crates.io-1949cf8c6b5b557f\bevy_ecs-0.18.1\src\system\function_system.rs;52;3735226;0.002053;37525;99;54;9381;74.612582
system{name="bevy_ui_render::gradient::init_gradient_pipeline"};C:\Users\Antoi\.cargo\registry\src\index.crates.io-1949cf8c6b5b557f\bevy_ecs-0.18.1\src\system\function_system.rs;52;7968;0.000004;1;7968;7968;7968;0.000000
plugin build{plugin="bevy_sprite_render::SpriteRenderPlugin"};C:\Users\Antoi\.cargo\registry\src\index.crates.io-1949cf8c6b5b557f\bevy_app-0.18.1\src\app.rs;529;7724858;0.004246;1;7724858;7724858;7724858;0.000000
system{name="bevy_asset::assets::Assets<bevy_scene::scene::Scene>::track_assets"};C:\Users\Antoi\.cargo\registry\src\index.crates.io-1949cf8c6b5b557f\bevy_ecs-0.18.1\src\system\function_system.rs;52;15945972;0.008764;37525;424;96;305649;3218.406010
node{name="bevy_render::render_graph::node::ViewNodeRunner<bevy_post_process::bloom::BloomNode>"};C:\Users\Antoi\.cargo\registry\src\index.crates.io-1949cf8c6b5b557f\bevy_render-0.18.1\src\renderer\graph_runner.rs;240;22093036;0.012142;112575;196;55;83336;292.581758
system{name="bevy_asset::assets::Assets<bevy_mesh::skinning::SkinnedMeshInverseBindposes>::asset_events"};C:\Users\Antoi\.cargo\registry\src\index.crates.io-1949cf8c6b5b557f\bevy_ecs-0.18.1\src\system\function_system.rs;52;7818;0.000004;4;1954;724;3336;1306.333546
plugin finish{plugin="forgia_ui_lib::shop_panel::ForgiaUiShopPlugin"};C:\Users\Antoi\.cargo\registry\src\index.crates.io-1949cf8c6b5b557f\bevy_app-0.18.1\src\app.rs;272;56;0.000000;1;56;56;56;0.000000
system_commands{name="bevy_render::extract_component::extract_components<bevy_hanabi::EffectVisibilityClass>"};C:\Users\Antoi\.cargo\registry\src\index.crates.io-1949cf8c6b5b557f\bevy_ecs-0.18.1\src\system\function_system.rs;54;22266391;0.012238;37525;593;223;109980;812.236955
asset loading{loader="bevy_shader::shader::ShaderLoader" asset="embedded://bevy_sprite_render\\mesh2d\\mesh2d_vertex_output.wgsl"};C:\Users\Antoi\.cargo\registry\src\index.crates.io-1949cf8c6b5b557f\bevy_asset-0.18.1\src\server\loaders.rs;332;28530;0.000016;2;14265;80;28450;20060.619382
system_commands{name="forgia_effects::emissive_fade_tick"};C:\Users\Antoi\.cargo\registry\src\index.crates.io-1949cf8c6b5b557f\bevy_ecs-0.18.1\src\system\function_system.rs;54;5595658;0.003075;37525;149;59;93042;634.541644
plugin build{plugin="forgia_worldgen::ForgiaWorldgenPlugin"};C:\Users\Antoi\.cargo\registry\src\index.crates.io-1949cf8c6b5b557f\bevy_app-0.18.1\src\app.rs;529;257312;0.000141;1;257312;257312;257312;0.000000
system{name="forgia_worldgen::sys_load_registry"};C:\Users\Antoi\.cargo\registry\src\index.crates.io-1949cf8c6b5b557f\bevy_ecs-0.18.1\src\system\function_system.rs;52;831292;0.000457;1;831292;831292;831292;0.000000
asset loading{loader="bevy_image::image_loader::ImageLoader" asset="ui/menu_video/frame_0261.webp"};C:\Users\Antoi\.cargo\registry\src\index.crates.io-1949cf8c6b5b557f\bevy_asset-0.18.1\src\server\loaders.rs;332;14749376;0.008106;7;2107053;107;14716430;5560214.677958
plugin cleanup{plugin="bevy_anti_alias::AntiAliasPlugin"};C:\Users\Antoi\.cargo\registry\src\index.crates.io-1949cf8c6b5b557f\bevy_app-0.18.1\src\app.rs;292;56;0.000000;1;56;56;56;0.000000
system{name="bevy_render::render_phase::sweep_old_entities<bevy_core_pipeline::prepass::AlphaMask3dPrepass>"};C:\Users\Antoi\.cargo\registry\src\index.crates.io-1949cf8c6b5b557f\bevy_ecs-0.18.1\src\system\function_system.rs;52;6374022;0.003503;37525;169;57;37225;297.961192
asset loading{loader="bevy_shader::shader::ShaderLoader" asset="embedded://bevy_sprite_render\\mesh2d\\color_material.wgsl"};C:\Users\Antoi\.cargo\registry\src\index.crates.io-1949cf8c6b5b557f\bevy_asset-0.18.1\src\server\loaders.rs;332;89868;0.000049;2;44934;55;89813;63468.490466
system{name="forgia_mode_roguelite::enemy_rig_debug::on_enemy_scene_ready"};C:\Users\Antoi\.cargo\registry\src\index.crates.io-1949cf8c6b5b557f\bevy_ecs-0.18.1\src\system\function_system.rs;52;37884;0.000021;16;2367;1026;6444;1552.421678
system{name="bevy_pbr::render::skin::prepare_skins"};C:\Users\Antoi\.cargo\registry\src\index.crates.io-1949cf8c6b5b557f\bevy_ecs-0.18.1\src\system\function_system.rs;52;666323658;0.366214;37525;17756;1544;326748;13622.820189
asset loading{loader="bevy_shader::shader::ShaderLoader" asset="embedded://bevy_gizmos_render\\lines.wgsl"};C:\Users\Antoi\.cargo\registry\src\index.crates.io-1949cf8c6b5b557f\bevy_asset-0.18.1\src\server\loaders.rs;332;241393;0.000133;2;120696;64;241329;170600.117564
system{name="bevy_core_pipeline::fullscreen_material::init_pipeline<forgia_postprocess::toon::ToonSettings>"};C:\Users\Antoi\.cargo\registry\src\index.crates.io-1949cf8c6b5b557f\bevy_ecs-0.18.1\src\system\function_system.rs;52;22002;0.000012;1;22002;22002;22002;0.000000
asset loading{loader="bevy_image::image_loader::ImageLoader" asset="ui/menu_video/frame_0308.webp"};C:\Users\Antoi\.cargo\registry\src\index.crates.io-1949cf8c6b5b557f\bevy_asset-0.18.1\src\server\loaders.rs;332;15222882;0.008367;6;2537147;98;15169261;6188454.473647
plugin cleanup{plugin="bevy_log::LogPlugin"};C:\Users\Antoi\.cargo\registry\src\index.crates.io-1949cf8c6b5b557f\bevy_app-0.18.1\src\app.rs;292;55;0.000000;1;55;55;55;0.000000
system{name="forgia_mode_roguelite::weapon_select::sys_enforce_unlocked_loadout"};C:\Users\Antoi\.cargo\registry\src\index.crates.io-1949cf8c6b5b557f\bevy_ecs-0.18.1\src\system\function_system.rs;52;9962412;0.005475;33826;294;93;86683;500.393363
system_commands{name="bevy_ui_render::ui_texture_slice_pipeline::extract_ui_texture_slices"};C:\Users\Antoi\.cargo\registry\src\index.crates.io-1949cf8c6b5b557f\bevy_ecs-0.18.1\src\system\function_system.rs;54;3682198;0.002024;37525;98;51;1154;23.947515
schedule{name=FixedLast};C:\Users\Antoi\.cargo\registry\src\index.crates.io-1949cf8c6b5b557f\bevy_ecs-0.18.1\src\schedule\schedule.rs;532;118262977;0.064998;11501;10282;4077;1461482;19219.884903
plugin finish{plugin="forgia_mode_roguelite::pipeline_warmup::PipelineWarmupPlugin"};C:\Users\Antoi\.cargo\registry\src\index.crates.io-1949cf8c6b5b557f\bevy_app-0.18.1\src\app.rs;272;54;0.000000;1;54;54;54;0.000000
asset loading{loader="bevy_image::image_loader::ImageLoader" asset="ui/menu_video/frame_0171.webp"};C:\Users\Antoi\.cargo\registry\src\index.crates.io-1949cf8c6b5b557f\bevy_asset-0.18.1\src\server\loaders.rs;332;15263129;0.008389;7;2180447;201;15219667;5749757.460416
system{name="forgia_fps::drain_left_click_edge"};C:\Users\Antoi\.cargo\registry\src\index.crates.io-1949cf8c6b5b557f\bevy_ecs-0.18.1\src\system\function_system.rs;52;2164326;0.001190;10455;207;87;2742;86.364363
asset loading{loader="forgia_genome_core::GenomeLoader<forgia_skeleton_template::SkeletonTemplate>" asset="genomes/skeleton_biped_lizard.toml"};C:\Users\Antoi\.cargo\registry\src\index.crates.io-1949cf8c6b5b557f\bevy_asset-0.18.1\src\server\loaders.rs;332;237052;0.000130;4;59263;134;200224;95474.300336
plugin build{plugin="bevy_ui_render::color_space::ColorSpacePlugin"};C:\Users\Antoi\.cargo\registry\src\index.crates.io-1949cf8c6b5b557f\bevy_app-0.18.1\src\app.rs;529;12318;0.000007;1;12318;12318;12318;0.000000
system_commands{name="forgia_mode_roguelite::status_vfx::sys_attach_shock_vfx"};C:\Users\Antoi\.cargo\registry\src\index.crates.io-1949cf8c6b5b557f\bevy_ecs-0.18.1\src\system\function_system.rs;54;4662028;0.002562;33826;137;50;137525;1077.630865
plugin build{plugin="bevy_sprite_render::mesh2d::material::Material2dPlugin<bevy_sprite_render::mesh2d::color_material::ColorMaterial>"};C:\Users\Antoi\.cargo\registry\src\index.crates.io-1949cf8c6b5b557f\bevy_app-0.18.1\src\app.rs;529;2287059;0.001257;1;2287059;2287059;2287059;0.000000
system{name="forgia_ui_lib::hud::confidence::draw_confidence_hearts"};C:\Users\Antoi\.cargo\registry\src\index.crates.io-1949cf8c6b5b557f\bevy_ecs-0.18.1\src\system\function_system.rs;52;62964078;0.034605;37434;1682;76;122462;1381.652463
plugin cleanup{plugin="forgia_qa_core::plugin::ForgiaQaCorePlugin"};C:\Users\Antoi\.cargo\registry\src\index.crates.io-1949cf8c6b5b557f\bevy_app-0.18.1\src\app.rs;292;55;0.000000;1;55;55;55;0.000000
system{name="bevy_anti_alias::taa::prepare_taa_jitter"};C:\Users\Antoi\.cargo\registry\src\index.crates.io-1949cf8c6b5b557f\bevy_ecs-0.18.1\src\system\function_system.rs;52;11807215;0.006489;37525;314;75;107858;851.979462
system{name="bevy_hanabi::render::event::allocate_events"};C:\Users\Antoi\.cargo\registry\src\index.crates.io-1949cf8c6b5b557f\bevy_ecs-0.18.1\src\system\function_system.rs;52;30147692;0.016569;37525;803;218;58965;641.558106
asset loading{loader="bevy_image::image_loader::ImageLoader" asset="ui/menu_video/frame_0348.webp"};C:\Users\Antoi\.cargo\registry\src\index.crates.io-1949cf8c6b5b557f\bevy_asset-0.18.1\src\server\loaders.rs;332;15039052;0.008266;7;2148436;92;14980958;5658616.075602
system_commands{name="bevy_render::extract_component::extract_components<bevy_core_pipeline::tonemapping::DebandDither>"};C:\Users\Antoi\.cargo\registry\src\index.crates.io-1949cf8c6b5b557f\bevy_ecs-0.18.1\src\system\function_system.rs;54;60998891;0.033525;37525;1625;747;394232;2111.730899
system{name="bevy_ui::accessibility::label_changed"};C:\Users\Antoi\.cargo\registry\src\index.crates.io-1949cf8c6b5b557f\bevy_ecs-0.18.1\src\system\function_system.rs;52;18218089;0.010013;37525;485;105;44294;440.870559
plugin cleanup{plugin="bevy_gizmos::aabb::AabbGizmoPlugin"};C:\Users\Antoi\.cargo\registry\src\index.crates.io-1949cf8c6b5b557f\bevy_app-0.18.1\src\app.rs;292;59;0.000000;1;59;59;59;0.000000
asset loading{loader="bevy_image::image_loader::ImageLoader" asset="ui/menu_video/frame_0136.webp"};C:\Users\Antoi\.cargo\registry\src\index.crates.io-1949cf8c6b5b557f\bevy_asset-0.18.1\src\server\loaders.rs;332;15494576;0.008516;6;2582429;150;15453955;6305736.634642
plugin build{plugin="forgia_rpg_data::quests::ForgiaQuestsPlugin"};C:\Users\Antoi\.cargo\registry\src\index.crates.io-1949cf8c6b5b557f\bevy_app-0.18.1\src\app.rs;529;1780115;0.000978;1;1780115;1780115;1780115;0.000000
node{name="bevy_pbr::render::gpu_preprocess::EarlyPrepassBuildIndirectParametersNode"};C:\Users\Antoi\.cargo\registry\src\index.crates.io-1949cf8c6b5b557f\bevy_render-0.18.1\src\renderer\graph_runner.rs;240;131481137;0.072262;75050;1751;71;130118;1145.367039
asset loading{loader="bevy_shader::shader::ShaderLoader" asset="embedded://bevy_pbr\\atmosphere\\transmittance_lut.wgsl"};C:\Users\Antoi\.cargo\registry\src\index.crates.io-1949cf8c6b5b557f\bevy_asset-0.18.1\src\server\loaders.rs;332;93550;0.000051;2;46775;86;93464;66028.217014
plugin cleanup{plugin="forgia_input::ForgiaInputPlugin"};C:\Users\Antoi\.cargo\registry\src\index.crates.io-1949cf8c6b5b557f\bevy_app-0.18.1\src\app.rs;292;55;0.000000;1;55;55;55;0.000000
asset loading{loader="bevy_image::image_loader::ImageLoader" asset="ui/menu_video/frame_0214.webp"};C:\Users\Antoi\.cargo\registry\src\index.crates.io-1949cf8c6b5b557f\bevy_asset-0.18.1\src\server\loaders.rs;332;15019738;0.008255;6;2503289;98;14976105;6110409.934087
system{name="forgia_mode_roguelite::forge_shop::sys_toggle_forge_shop"};C:\Users\Antoi\.cargo\registry\src\index.crates.io-1949cf8c6b5b557f\bevy_ecs-0.18.1\src\system\function_system.rs;52;7705543;0.004235;33826;227;83;37232;306.856256
plugin build{plugin="forgia_stage::ForgiaStageArenaPlugin"};C:\Users\Antoi\.cargo\registry\src\index.crates.io-1949cf8c6b5b557f\bevy_app-0.18.1\src\app.rs;529;5226778;0.002873;1;5226778;5226778;5226778;0.000000
asset loading{loader="bevy_image::image_loader::ImageLoader" asset="ui/menu_video/frame_0041.webp"};C:\Users\Antoi\.cargo\registry\src\index.crates.io-1949cf8c6b5b557f\bevy_asset-0.18.1\src\server\loaders.rs;332;16447219;0.009039;7;2349602;123;16396893;6194276.049963
function_scope{egui::context::Context::tessellate};C:\Users\Antoi\.cargo\registry\src\index.crates.io-1949cf8c6b5b557f\egui-0.33.3\src\context.rs;2658;5529332775;3.038941;37525;147350;13951;1103131;46126.298900
system{name="bevy_egui::input::write_non_window_touch_messages_system"};C:\Users\Antoi\.cargo\registry\src\index.crates.io-1949cf8c6b5b557f\bevy_ecs-0.18.1\src\system\function_system.rs;52;13691831;0.007525;37525;364;120;31414;215.790774
system_commands{name="forgia_mode_roguelite::meta_shop::sys_lobby_cleanup"};C:\Users\Antoi\.cargo\registry\src\index.crates.io-1949cf8c6b5b557f\bevy_ecs-0.18.1\src\system\function_system.rs;54;12371;0.000007;1;12371;12371;12371;0.000000
asset loading{loader="bevy_image::image_loader::ImageLoader" asset="ui/menu_video/frame_0356.webp"};C:\Users\Antoi\.cargo\registry\src\index.crates.io-1949cf8c6b5b557f\bevy_asset-0.18.1\src\server\loaders.rs;332;14772157;0.008119;6;2462026;108;14737483;6013723.296778
system{name="bevy_sprite_render::mesh2d::mesh::prepare_mesh2d_bind_group"};C:\Users\Antoi\.cargo\registry\src\index.crates.io-1949cf8c6b5b557f\bevy_ecs-0.18.1\src\system\function_system.rs;52;9181126;0.005046;37525;244;81;54216;320.554218
schedule{name=Last};C:\Users\Antoi\.cargo\registry\src\index.crates.io-1949cf8c6b5b557f\bevy_ecs-0.18.1\src\schedule\schedule.rs;532;1614000222;0.887060;37525;43011;21155;7786354;77571.683446
plugin cleanup{plugin="bevy_state::app::StatesPlugin"};C:\Users\Antoi\.cargo\registry\src\index.crates.io-1949cf8c6b5b557f\bevy_app-0.18.1\src\app.rs;292;55;0.000000;1;55;55;55;0.000000
system{name="bevy_egui::input::write_pointer_button_messages_system"};C:\Users\Antoi\.cargo\registry\src\index.crates.io-1949cf8c6b5b557f\bevy_ecs-0.18.1\src\system\function_system.rs;52;22811788;0.012537;37525;607;188;84236;501.750768
asset loading{loader="bevy_kira_audio::source::ogg_loader::OggLoader" asset="audio/roguelite/weapons/boucherie.ogg"};C:\Users\Antoi\.cargo\registry\src\index.crates.io-1949cf8c6b5b557f\bevy_asset-0.18.1\src\server\loaders.rs;332;1058330;0.000582;4;264582;171;1029690;510140.968059
system{name="bevy_core_pipeline::oit::resolve::prepare_oit_resolve_bind_group"};C:\Users\Antoi\.cargo\registry\src\index.crates.io-1949cf8c6b5b557f\bevy_ecs-0.18.1\src\system\function_system.rs;52;479116301;0.263324;37525;12767;3158;1289723;15208.052453
plugin cleanup{plugin="bevy_sprite::picking_backend::SpritePickingPlugin"};C:\Users\Antoi\.cargo\registry\src\index.crates.io-1949cf8c6b5b557f\bevy_app-0.18.1\src\app.rs;292;509;0.000000;1;509;509;509;0.000000
system{name="leafwing_input_manager::systems::tick_action_state<forgia_input::PlayerAction>"};C:\Users\Antoi\.cargo\registry\src\index.crates.io-1949cf8c6b5b557f\bevy_ecs-0.18.1\src\system\function_system.rs;52;38241026;0.021017;49026;780;70;49697;425.139872
asset loading{loader="bevy_image::image_loader::ImageLoader" asset="ui/menu_video/frame_0342.webp"};C:\Users\Antoi\.cargo\registry\src\index.crates.io-1949cf8c6b5b557f\bevy_asset-0.18.1\src\server\loaders.rs;332;20247448;0.011128;6;3374574;211;20184597;8235198.776225
asset loading{loader="bevy_image::image_loader::ImageLoader" asset="ui/menu_video/frame_0249.webp"};C:\Users\Antoi\.cargo\registry\src\index.crates.io-1949cf8c6b5b557f\bevy_asset-0.18.1\src\server\loaders.rs;332;16280325;0.008948;5;3256065;182;16237955;7257101.822829
system{name="forgia_game::color_grading::sys_init"};C:\Users\Antoi\.cargo\registry\src\index.crates.io-1949cf8c6b5b557f\bevy_ecs-0.18.1\src\system\function_system.rs;52;769692;0.000423;1;769692;769692;769692;0.000000
system{name="bevy_pbr::light_probe::generate::initialize_generated_environment_map_resources"};C:\Users\Antoi\.cargo\registry\src\index.crates.io-1949cf8c6b5b557f\bevy_ecs-0.18.1\src\system\function_system.rs;52;74712;0.000041;1;74712;74712;74712;0.000000
asset loading{loader="bevy_shader::shader::ShaderLoader" asset="embedded://bevy_pbr\\render\\build_indirect_params.wgsl"};C:\Users\Antoi\.cargo\registry\src\index.crates.io-1949cf8c6b5b557f\bevy_asset-0.18.1\src\server\loaders.rs;332;285706;0.000157;2;142853;59;285647;201941.211426
plugin cleanup{plugin="forgia_enemy_nameplate::ForgiaEnemyNameplatePlugin"};C:\Users\Antoi\.cargo\registry\src\index.crates.io-1949cf8c6b5b557f\bevy_app-0.18.1\src\app.rs;292;55;0.000000;1;55;55;55;0.000000
system_commands{name="bevy_picking::events::pointer_events"};C:\Users\Antoi\.cargo\registry\src\index.crates.io-1949cf8c6b5b557f\bevy_ecs-0.18.1\src\system\function_system.rs;54;4965907;0.002729;37525;132;56;293872;1544.099623
system{name="forgia_juice_screen_flash::draw_screen_flash"};C:\Users\Antoi\.cargo\registry\src\index.crates.io-1949cf8c6b5b557f\bevy_ecs-0.18.1\src\system\function_system.rs;52;34473410;0.018947;37525;918;175;67732;683.097201
system{name="forgia_mode_roguelite::audio::sys_load_audio_handles"};C:\Users\Antoi\.cargo\registry\src\index.crates.io-1949cf8c6b5b557f\bevy_ecs-0.18.1\src\system\function_system.rs;52;33235;0.000018;1;33235;33235;33235;0.000000
system_commands{name="bevy_render::extract_resource::extract_resource<bevy_camera::clear_color::ClearColor>"};C:\Users\Antoi\.cargo\registry\src\index.crates.io-1949cf8c6b5b557f\bevy_ecs-0.18.1\src\system\function_system.rs;54;3396004;0.001866;37525;90;53;41740;218.490613
system{name="bevy_asset::assets::Assets<bevy_gltf::assets::GltfPrimitive>::track_assets"};C:\Users\Antoi\.cargo\registry\src\index.crates.io-1949cf8c6b5b557f\bevy_ecs-0.18.1\src\system\function_system.rs;52;43172433;0.023728;37525;1150;98;1050255;12732.391186
system{name="forgia_viewmodel::attach::auto_scale_viewmodel"};C:\Users\Antoi\.cargo\registry\src\index.crates.io-1949cf8c6b5b557f\bevy_ecs-0.18.1\src\system\function_system.rs;52;20439805;0.011234;33826;604;172;180656;2540.727947
system{name="forgia_mode_roguelite::elements::sys_write_elements_sensor"};C:\Users\Antoi\.cargo\registry\src\index.crates.io-1949cf8c6b5b557f\bevy_ecs-0.18.1\src\system\function_system.rs;52;14545594;0.007994;37525;387;132;93789;931.493030
plugin build{plugin="forgia_anim_debug::bone_trace::BoneTracePlugin"};C:\Users\Antoi\.cargo\registry\src\index.crates.io-1949cf8c6b5b557f\bevy_app-0.18.1\src\app.rs;529;5078;0.000003;1;5078;5078;5078;0.000000
function_scope{epaint::text::fonts::GalleyCache::layout_each_paragraph_individually};C:\Users\Antoi\.cargo\registry\src\index.crates.io-1949cf8c6b5b557f\epaint-0.33.3\src\text\fonts.rs;963;206017;0.000113;12;17168;7583;46515;13254.555310
system{name="forgia_mode_roguelite::poi::sys_write_poi_sensor"};C:\Users\Antoi\.cargo\registry\src\index.crates.io-1949cf8c6b5b557f\bevy_ecs-0.18.1\src\system\function_system.rs;52;14455134;0.007945;37525;385;99;82783;734.672376
plugin cleanup{plugin="forgia_mode_roguelite::mushrooms::ForgiaRogueliteMushroomsPlugin"};C:\Users\Antoi\.cargo\registry\src\index.crates.io-1949cf8c6b5b557f\bevy_app-0.18.1\src\app.rs;292;60;0.000000;1;60;60;60;0.000000
plugin finish{plugin="bevy_pbr::material::MaterialsPlugin"};C:\Users\Antoi\.cargo\registry\src\index.crates.io-1949cf8c6b5b557f\bevy_app-0.18.1\src\app.rs;272;63;0.000000;1;63;63;63;0.000000
asset loading{loader="bevy_image::image_loader::ImageLoader" asset="ui/menu_video/frame_0273.webp"};C:\Users\Antoi\.cargo\registry\src\index.crates.io-1949cf8c6b5b557f\bevy_asset-0.18.1\src\server\loaders.rs;332;15428481;0.008480;6;2571413;71;15393869;6281697.143891
system{name="bevy_render::view::prepare_view_targets"};C:\Users\Antoi\.cargo\registry\src\index.crates.io-1949cf8c6b5b557f\bevy_ecs-0.18.1\src\system\function_system.rs;52;203921150;0.112076;37525;5434;2704;470347;3262.981017
system{name="forgia_rpg_data::shop::process_sell"};C:\Users\Antoi\.cargo\registry\src\index.crates.io-1949cf8c6b5b557f\bevy_ecs-0.18.1\src\system\function_system.rs;52;26999170;0.014839;37525;719;209;23905;298.889128
collect_screenshots;C:\Users\Antoi\.cargo\registry\src\index.crates.io-1949cf8c6b5b557f\bevy_render-0.18.1\src\view\window\screenshot.rs;626;24101414;0.013246;37525;642;255;23047;220.306989
system{name="bevy_pbr::render::fog::prepare_fog"};C:\Users\Antoi\.cargo\registry\src\index.crates.io-1949cf8c6b5b557f\bevy_ecs-0.18.1\src\system\function_system.rs;52;489153175;0.268840;37525;13035;2055;739630;13845.827157
system_commands{name="bevy_ui_render::extract_text_sections"};C:\Users\Antoi\.cargo\registry\src\index.crates.io-1949cf8c6b5b557f\bevy_ecs-0.18.1\src\system\function_system.rs;54;3493177;0.001920;37525;93;50;40236;209.920923
plugin cleanup{plugin="bevy_gilrs::GilrsPlugin"};C:\Users\Antoi\.cargo\registry\src\index.crates.io-1949cf8c6b5b557f\bevy_app-0.18.1\src\app.rs;292;113;0.000000;1;113;113;113;0.000000
plugin finish{plugin="bevy_render::extract_component::ExtractComponentPlugin<bevy_anti_alias::contrast_adaptive_sharpening::ContrastAdaptiveSharpening>"};C:\Users\Antoi\.cargo\registry\src\index.crates.io-1949cf8c6b5b557f\bevy_app-0.18.1\src\app.rs;272;128;0.000000;1;128;128;128;0.000000
plugin cleanup{plugin="bevy_ui::accessibility::AccessibilityPlugin"};C:\Users\Antoi\.cargo\registry\src\index.crates.io-1949cf8c6b5b557f\bevy_app-0.18.1\src\app.rs;292;67;0.000000;1;67;67;67;0.000000
bodies_attached_with_enabled_joint;C:\Users\Antoi\.cargo\registry\src\index.crates.io-1949cf8c6b5b557f\rapier3d-0.31.0\src\dynamics\joint\multibody_joint\multibody_joint_set.rs;447;2347136;0.001290;41735;56;46;5712;38.405725
system{name="forgia_enemy_nameplate::sensor_write"};C:\Users\Antoi\.cargo\registry\src\index.crates.io-1949cf8c6b5b557f\bevy_ecs-0.18.1\src\system\function_system.rs;52;12084442;0.006642;37525;322;94;38490;560.541317
system{name="bevy_asset::assets::Assets<bevy_shader::shader::Shader>::asset_events_condition"};C:\Users\Antoi\.cargo\registry\src\index.crates.io-1949cf8c6b5b557f\bevy_ecs-0.18.1\src\system\function_system.rs;52;3499631;0.001923;37525;93;55;48071;253.804229
system_commands{name="bevy_sprite_render::texture_slice::computed_slices::compute_slices_on_sprite_change"};C:\Users\Antoi\.cargo\registry\src\index.crates.io-1949cf8c6b5b557f\bevy_ecs-0.18.1\src\system\function_system.rs;54;13733135;0.007548;37525;365;53;107121;781.723819
system_commands{name="bevy_pbr::atmosphere::resources::init_atmosphere_buffer"};C:\Users\Antoi\.cargo\registry\src\index.crates.io-1949cf8c6b5b557f\bevy_ecs-0.18.1\src\system\function_system.rs;54;1115;0.000001;1;1115;1115;1115;0.000000
system{name="bevy_render::batching::sort_binned_render_phase<bevy_core_pipeline::core_3d::AlphaMask3d>"};C:\Users\Antoi\.cargo\registry\src\index.crates.io-1949cf8c6b5b557f\bevy_ecs-0.18.1\src\system\function_system.rs;52;14518742;0.007980;37525;386;182;16372;196.446910
plugin finish{plugin="bevy_post_process::PostProcessPlugin"};C:\Users\Antoi\.cargo\registry\src\index.crates.io-1949cf8c6b5b557f\bevy_app-0.18.1\src\app.rs;272;55;0.000000;1;55;55;55;0.000000
system_commands{name="bevy_render::extract_component::extract_components<bevy_pbr::atmosphere::environment::AtmosphereEnvironmentMap>"};C:\Users\Antoi\.cargo\registry\src\index.crates.io-1949cf8c6b5b557f\bevy_ecs-0.18.1\src\system\function_system.rs;54;26993927;0.014836;37525;719;282;185979;995.244079
plugin build{plugin="forgia_water::ForgiaWaterPlugin"};C:\Users\Antoi\.cargo\registry\src\index.crates.io-1949cf8c6b5b557f\bevy_app-0.18.1\src\app.rs;529;1246290;0.000685;1;1246290;1246290;1246290;0.000000
plugin finish{plugin="bevy_picking::InteractionPlugin"};C:\Users\Antoi\.cargo\registry\src\index.crates.io-1949cf8c6b5b557f\bevy_app-0.18.1\src\app.rs;272;66;0.000000;1;66;66;66;0.000000
asset loading{loader="bevy_image::image_loader::ImageLoader" asset="ui/menu_video/frame_0329.webp"};C:\Users\Antoi\.cargo\registry\src\index.crates.io-1949cf8c6b5b557f\bevy_asset-0.18.1\src\server\loaders.rs;332;15308965;0.008414;6;2551494;106;15274533;6232993.010769
system{name="forgia_mode_roguelite::perf_diag::sys_perf_diag"};C:\Users\Antoi\.cargo\registry\src\index.crates.io-1949cf8c6b5b557f\bevy_ecs-0.18.1\src\system\function_system.rs;52;25298503;0.013904;33826;747;257;96861;1198.304985
schedule{name=OnEnter(InGame)};C:\Users\Antoi\.cargo\registry\src\index.crates.io-1949cf8c6b5b557f\bevy_ecs-0.18.1\src\schedule\schedule.rs;532;379954;0.000209;1;379954;379954;379954;0.000000
asset loading{loader="bevy_image::image_loader::ImageLoader" asset="ui/menu_video/frame_0169.webp"};C:\Users\Antoi\.cargo\registry\src\index.crates.io-1949cf8c6b5b557f\bevy_asset-0.18.1\src\server\loaders.rs;332;15829695;0.008700;6;2638282;125;15786501;6441287.733594
system{name="bevy_post_process::dof::prepare_depth_of_field_pipelines"};C:\Users\Antoi\.cargo\registry\src\index.crates.io-1949cf8c6b5b557f\bevy_ecs-0.18.1\src\system\function_system.rs;52;21840129;0.012003;37525;582;177;59777;495.133531
solve_wo_bias;C:\Users\Antoi\.cargo\registry\src\index.crates.io-1949cf8c6b5b557f\rapier3d-0.31.0\src\dynamics\solver\contact_constraint\contact_constraints_set.rs;549;2689425;0.001478;46004;58;46;60329;295.822742
system{name="bevy_asset::assets::Assets<bevy_gizmos::GizmoAsset>::track_assets"};C:\Users\Antoi\.cargo\registry\src\index.crates.io-1949cf8c6b5b557f\bevy_ecs-0.18.1\src\system\function_system.rs;52;50272040;0.027630;37525;1339;167;1188236;13773.528648
plugin finish{plugin="bevy_render::sync_component::SyncComponentPlugin<bevy_anti_alias::smaa::Smaa>"};C:\Users\Antoi\.cargo\registry\src\index.crates.io-1949cf8c6b5b557f\bevy_app-0.18.1\src\app.rs;272;59;0.000000;1;59;59;59;0.000000
plugin build{plugin="forgia_streaming::ForgiaStreamingPlugin"};C:\Users\Antoi\.cargo\registry\src\index.crates.io-1949cf8c6b5b557f\bevy_app-0.18.1\src\app.rs;529;11255;0.000006;1;11255;11255;11255;0.000000
system_commands{name="(bevy_ecs::system::commands::Commands<'_, '_>, bevy_ecs::system::query::Query<'_, '_, bevy_ecs::entity::Entity, bevy_ecs::query::filter::With<bevy_window::window::PrimaryWindow>>, bevy_ecs::system::query::Query<'_, '_, (bevy_ecs::entity::Entity, &bevy_render::view::window::screenshot::Screenshot), bevy_ecs::query::filter::Without<bevy_render::view::window::screenshot::Capturing>>)"};C:\Users\Antoi\.cargo\registry\src\index.crates.io-1949cf8c6b5b557f\bevy_ecs-0.18.1\src\system\function_system.rs;54;7918180;0.004352;37525;211;56;32500;271.765706
system{name="bevy_render::texture::texture_cache::update_texture_cache_system"};C:\Users\Antoi\.cargo\registry\src\index.crates.io-1949cf8c6b5b557f\bevy_ecs-0.18.1\src\system\function_system.rs;52;21806899;0.011985;37525;581;190;554738;3724.024568
asset loading{loader="bevy_shader::shader::ShaderLoader" asset="embedded://bevy_render\\color_operations.wgsl"};C:\Users\Antoi\.cargo\registry\src\index.crates.io-1949cf8c6b5b557f\bevy_asset-0.18.1\src\server\loaders.rs;332;102978;0.000057;2;51489;136;102842;72624.109069
system{name="bevy_hanabi::render::prepare_batch_inputs"};C:\Users\Antoi\.cargo\registry\src\index.crates.io-1949cf8c6b5b557f\bevy_ecs-0.18.1\src\system\function_system.rs;52;528357952;0.290387;37525;14080;1001;1438435;10775.099276
plugin build{plugin="bevy_transform::plugins::TransformPlugin"};C:\Users\Antoi\.cargo\registry\src\index.crates.io-1949cf8c6b5b557f\bevy_app-0.18.1\src\app.rs;529;1316318;0.000723;1;1316318;1316318;1316318;0.000000
system{name="forgia_mode_roguelite::sensor::sys_write_roguelite_state"};C:\Users\Antoi\.cargo\registry\src\index.crates.io-1949cf8c6b5b557f\bevy_ecs-0.18.1\src\system\function_system.rs;52;19627763;0.010787;37525;523;138;112840;750.750940
plugin build{plugin="bevy_pbr::atmosphere::AtmospherePlugin"};C:\Users\Antoi\.cargo\registry\src\index.crates.io-1949cf8c6b5b557f\bevy_app-0.18.1\src\app.rs;529;504644;0.000277;1;504644;504644;504644;0.000000
system_commands{name="forgia_ui::weapon_preview::sys_despawn_previews"};C:\Users\Antoi\.cargo\registry\src\index.crates.io-1949cf8c6b5b557f\bevy_ecs-0.18.1\src\system\function_system.rs;54;2588366;0.001423;1;2588366;2588366;2588366;0.000000
remove;C:\Users\Antoi\.cargo\registry\src\index.crates.io-1949cf8c6b5b557f\rapier3d-0.31.0\src\dynamics\rigid_body_set.rs;200;258116;0.000142;127;2032;958;6671;1291.067714
system{name="forgia_stage::graph::write_stage_graph_sensor"};C:\Users\Antoi\.cargo\registry\src\index.crates.io-1949cf8c6b5b557f\bevy_ecs-0.18.1\src\system\function_system.rs;52;19190295;0.010547;37525;511;139;49001;579.626074
system{name="forgia_observability::lifecycle_sensor::obs_target_cube_added"};C:\Users\Antoi\.cargo\registry\src\index.crates.io-1949cf8c6b5b557f\bevy_ecs-0.18.1\src\system\function_system.rs;52;2786;0.000002;40;69;60;153;19.003374
system{name="forgia_enemy_nameplate::promote_anchored_to_permanent"};C:\Users\Antoi\.cargo\registry\src\index.crates.io-1949cf8c6b5b557f\bevy_ecs-0.18.1\src\system\function_system.rs;52;17548378;0.009645;37525;467;116;95003;771.645455
asset loading{loader="forgia_genome_core::GenomeLoader<forgia_stage::authored::ArenaLayoutsGenome>" asset="genomes/arena_layouts.toml"};C:\Users\Antoi\.cargo\registry\src\index.crates.io-1949cf8c6b5b557f\bevy_asset-0.18.1\src\server\loaders.rs;332;1303756;0.000717;4;325939;226;1293779;645240.479716
system{name="bevy_egui::input::write_mouse_wheel_messages_system"};C:\Users\Antoi\.cargo\registry\src\index.crates.io-1949cf8c6b5b557f\bevy_ecs-0.18.1\src\system\function_system.rs;52;11146067;0.006126;37525;297;117;81522;474.336362
plugin finish{plugin="bevy_render::sync_component::SyncComponentPlugin<bevy_hanabi::EffectVisibilityClass>"};C:\Users\Antoi\.cargo\registry\src\index.crates.io-1949cf8c6b5b557f\bevy_app-0.18.1\src\app.rs;272;75;0.000000;1;75;75;75;0.000000
check_conditions{name="leafwing_input_manager::systems::swap_to_fixed_update<forgia_input::PlayerAction>"};C:\Users\Antoi\.cargo\registry\src\index.crates.io-1949cf8c6b5b557f\bevy_ecs-0.18.1\src\schedule\executor\single_threaded.rs;83;2587721;0.001422;37525;68;56;31518;190.768328
system{name="forgia_effects::hitmarker::draw_cartoon_stars"};C:\Users\Antoi\.cargo\registry\src\index.crates.io-1949cf8c6b5b557f\bevy_ecs-0.18.1\src\system\function_system.rs;52;11576461;0.006362;37525;308;61;29478;397.107214
plugin{tag="CallbackPlugins"};C:\Users\Antoi\.cargo\registry\src\index.crates.io-1949cf8c6b5b557f\egui-0.33.3\src\plugin.rs;145;197638192;0.108623;150100;1316;57;147420;2176.153069
plugin build{plugin="bevy_render::pipelined_rendering::PipelinedRenderingPlugin"};C:\Users\Antoi\.cargo\registry\src\index.crates.io-1949cf8c6b5b557f\bevy_app-0.18.1\src\app.rs;529;174613;0.000096;1;174613;174613;174613;0.000000
system{name="bevy_render::extract_component::prepare_uniform_components<bevy_pbr::atmosphere::GpuAtmosphereSettings>"};C:\Users\Antoi\.cargo\registry\src\index.crates.io-1949cf8c6b5b557f\bevy_ecs-0.18.1\src\system\function_system.rs;52;14434237;0.007933;37525;384;108;170148;952.791611
plugin finish{plugin="bevy_gizmos::GizmoPlugin"};C:\Users\Antoi\.cargo\registry\src\index.crates.io-1949cf8c6b5b557f\bevy_app-0.18.1\src\app.rs;272;55;0.000000;1;55;55;55;0.000000
system{name="bevy_render::render_phase::sweep_old_entities<bevy_core_pipeline::core_2d::Opaque2d>"};C:\Users\Antoi\.cargo\registry\src\index.crates.io-1949cf8c6b5b557f\bevy_ecs-0.18.1\src\system\function_system.rs;52;12533004;0.006888;37525;333;98;15750;179.499013
plugin finish{plugin="bevy_camera::projection::CameraProjectionPlugin"};C:\Users\Antoi\.cargo\registry\src\index.crates.io-1949cf8c6b5b557f\bevy_app-0.18.1\src\app.rs;272;147;0.000000;1;147;147;147;0.000000
system{name="bevy_asset::assets::Assets<forgia_genome_core::Genome<forgia_rpg_data::boons::BoonsCatalogue>>::track_assets"};C:\Users\Antoi\.cargo\registry\src\index.crates.io-1949cf8c6b5b557f\bevy_ecs-0.18.1\src\system\function_system.rs;52;63987731;0.035168;37525;1705;220;1176176;14103.079217
system{name="bevy_camera::visibility::visibility_propagate_system"};C:\Users\Antoi\.cargo\registry\src\index.crates.io-1949cf8c6b5b557f\bevy_ecs-0.18.1\src\system\function_system.rs;52;321807443;0.176867;37525;8575;1282;319779;4339.648460
sub app{name=RenderExtractApp};C:\Users\Antoi\.cargo\registry\src\index.crates.io-1949cf8c6b5b557f\bevy_app-0.18.1\src\sub_app.rs;521;55857336316;30.699390;37525;1488536;211661;293647333;2068032.297462
plugin cleanup{plugin="bevy_sprite_render::mesh2d::color_material::ColorMaterialPlugin"};C:\Users\Antoi\.cargo\registry\src\index.crates.io-1949cf8c6b5b557f\bevy_app-0.18.1\src\app.rs;292;77;0.000000;1;77;77;77;0.000000
non_indexed_data;C:\Users\Antoi\.cargo\registry\src\index.crates.io-1949cf8c6b5b557f\bevy_render-0.18.1\src\batching\gpu_preprocessing.rs;2116;43767885;0.024055;337725;129;47;110662;348.336831
system{name="forgia_mode_roguelite::weapon_select::sys_clear_lobby_preview"};C:\Users\Antoi\.cargo\registry\src\index.crates.io-1949cf8c6b5b557f\bevy_ecs-0.18.1\src\system\function_system.rs;52;2383;0.000001;1;2383;2383;2383;0.000000
plugin cleanup{plugin="bevy_render::batching::gpu_preprocessing::BatchingPlugin"};C:\Users\Antoi\.cargo\registry\src\index.crates.io-1949cf8c6b5b557f\bevy_app-0.18.1\src\app.rs;292;57;0.000000;1;57;57;57;0.000000
system{name="bevy_picking::hover::update_interactions"};C:\Users\Antoi\.cargo\registry\src\index.crates.io-1949cf8c6b5b557f\bevy_ecs-0.18.1\src\system\function_system.rs;52;109485982;0.060174;37525;2917;628;99626;1001.425459
system_commands{name="forgia_mode_roguelite::status_vfx::sys_detach_poison_vfx"};C:\Users\Antoi\.cargo\registry\src\index.crates.io-1949cf8c6b5b557f\bevy_ecs-0.18.1\src\system\function_system.rs;54;3186256;0.001751;33826;94;50;117039;886.000794
system{name="bevy_hanabi::render::prepare_bind_groups"};C:\Users\Antoi\.cargo\registry\src\index.crates.io-1949cf8c6b5b557f\bevy_ecs-0.18.1\src\system\function_system.rs;52;1839602756;1.011052;37525;49023;159;4365151;34195.864058
asset loading{loader="bevy_gltf::loader::GltfLoader" asset="models/kaykit/hexagon/red/building_tower_B_red.gltf"};C:\Users\Antoi\.cargo\registry\src\index.crates.io-1949cf8c6b5b557f\bevy_asset-0.18.1\src\server\loaders.rs;332;517608;0.000284;7;73944;165;368247;133720.325241
asset loading{loader="bevy_image::image_loader::ImageLoader" asset="ui/menu_video/frame_0295.webp"};C:\Users\Antoi\.cargo\registry\src\index.crates.io-1949cf8c6b5b557f\bevy_asset-0.18.1\src\server\loaders.rs;332;21160449;0.011630;6;3526741;185;21122149;8619956.004483
plugin finish{plugin="bevy_render::sync_component::SyncComponentPlugin<bevy_camera::camera::CameraMainTextureUsages>"};C:\Users\Antoi\.cargo\registry\src\index.crates.io-1949cf8c6b5b557f\bevy_app-0.18.1\src\app.rs;272;56;0.000000;1;56;56;56;0.000000
system{name="bevy_core_pipeline::experimental::mip_generation::prepare_view_depth_pyramids"};C:\Users\Antoi\.cargo\registry\src\index.crates.io-1949cf8c6b5b557f\bevy_ecs-0.18.1\src\system\function_system.rs;52;19214435;0.010560;37525;512;149;75063;615.998304
asset loading{loader="bevy_shader::shader::ShaderLoader" asset="embedded://bevy_pbr\\ssao\\preprocess_depth.wgsl"};C:\Users\Antoi\.cargo\registry\src\index.crates.io-1949cf8c6b5b557f\bevy_asset-0.18.1\src\server\loaders.rs;332;189705;0.000104;2;94852;102;189603;133997.442143
system{name="bevy_hanabi::compile_effects"};C:\Users\Antoi\.cargo\registry\src\index.crates.io-1949cf8c6b5b557f\bevy_ecs-0.18.1\src\system\function_system.rs;52;1455788776;0.800107;37525;38795;25999;18766676;97420.575514
plugin finish{plugin="bevy_ui_render::UiRenderPlugin"};C:\Users\Antoi\.cargo\registry\src\index.crates.io-1949cf8c6b5b557f\bevy_app-0.18.1\src\app.rs;272;55;0.000000;1;55;55;55;0.000000
system{name="bevy_picking::input::touch_pick_events"};C:\Users\Antoi\.cargo\registry\src\index.crates.io-1949cf8c6b5b557f\bevy_ecs-0.18.1\src\system\function_system.rs;52;15046450;0.008270;37525;400;74;181743;1205.518138
system{name="forgia_mode_roguelite::enemy_anim::sys_sample_enemy_speed"};C:\Users\Antoi\.cargo\registry\src\index.crates.io-1949cf8c6b5b557f\bevy_ecs-0.18.1\src\system\function_system.rs;52;17253310;0.009482;33826;510;110;78398;665.323342
schedule{name=FixedPostUpdate};C:\Users\Antoi\.cargo\registry\src\index.crates.io-1949cf8c6b5b557f\bevy_ecs-0.18.1\src\schedule\schedule.rs;532;163808023;0.090029;11501;14242;5030;908197;14549.183339
system{name="bevy_asset::assets::Assets<forgia_genome_core::Genome<forgia_mode_fps_arena::wave::ArenaWavesGenome>>::asset_events"};C:\Users\Antoi\.cargo\registry\src\index.crates.io-1949cf8c6b5b557f\bevy_ecs-0.18.1\src\system\function_system.rs;52;5803;0.000003;1;5803;5803;5803;0.000000
system{name="bevy_render::extract_component::prepare_uniform_components<bevy_post_process::motion_blur::MotionBlurUniform>"};C:\Users\Antoi\.cargo\registry\src\index.crates.io-1949cf8c6b5b557f\bevy_ecs-0.18.1\src\system\function_system.rs;52;17041482;0.009366;37525;454;127;281847;1616.318662
system{name="bevy_pbr::render::light::remove_light_view_entities"};C:\Users\Antoi\.cargo\registry\src\index.crates.io-1949cf8c6b5b557f\bevy_ecs-0.18.1\src\system\function_system.rs;52;7795;0.000004;32;243;58;2307;512.626098
plugin build{plugin="forgia_mode_roguelite::ForgiaModeRoguelitePlugin"};C:\Users\Antoi\.cargo\registry\src\index.crates.io-1949cf8c6b5b557f\bevy_app-0.18.1\src\app.rs;529;49020184;0.026942;1;49020184;49020184;49020184;0.000000
system_commands{name="forgia_effects::prespawn_hanabi_dummies"};C:\Users\Antoi\.cargo\registry\src\index.crates.io-1949cf8c6b5b557f\bevy_ecs-0.18.1\src\system\function_system.rs;54;29492;0.000016;1;29492;29492;29492;0.000000
plugin build{plugin="leafwing_input_manager::plugin::CentralInputStorePlugin"};C:\Users\Antoi\.cargo\registry\src\index.crates.io-1949cf8c6b5b557f\bevy_app-0.18.1\src\app.rs;529;1423634;0.000782;1;1423634;1423634;1423634;0.000000
system_commands{name="forgia_mode_roguelite::audio::sys_init_audio_genome"};C:\Users\Antoi\.cargo\registry\src\index.crates.io-1949cf8c6b5b557f\bevy_ecs-0.18.1\src\system\function_system.rs;54;4792;0.000003;1;4792;4792;4792;0.000000
system_commands{name="bevy_render::erased_render_asset::extract_erased_render_asset<bevy_pbr::mesh_material::MeshMaterial3d<bevy_pbr::extended_material::ExtendedMaterial<bevy_pbr::pbr_material::StandardMaterial, bevy_water::water::material::WaterMaterial>>>"};C:\Users\Antoi\.cargo\registry\src\index.crates.io-1949cf8c6b5b557f\bevy_ecs-0.18.1\src\system\function_system.rs;54;61754929;0.033941;37525;1645;720;164293;1089.820315
plugin finish{plugin="forgia_prefab::ForgiaPrefabPlugin"};C:\Users\Antoi\.cargo\registry\src\index.crates.io-1949cf8c6b5b557f\bevy_app-0.18.1\src\app.rs;272;53;0.000000;1;53;53;53;0.000000
asset loading{loader="bevy_image::image_loader::ImageLoader" asset="ui/menu_video/frame_0323.webp"};C:\Users\Antoi\.cargo\registry\src\index.crates.io-1949cf8c6b5b557f\bevy_asset-0.18.1\src\server\loaders.rs;332;16261131;0.008937;7;2323018;132;16220328;6128139.689494
plugin finish{plugin="bevy_time::TimePlugin"};C:\Users\Antoi\.cargo\registry\src\index.crates.io-1949cf8c6b5b557f\bevy_app-0.18.1\src\app.rs;272;52;0.000000;1;52;52;52;0.000000
system{name="bevy_render::render_phase::sort_phase_system<bevy_ui_render::render_pass::TransparentUi>"};C:\Users\Antoi\.cargo\registry\src\index.crates.io-1949cf8c6b5b557f\bevy_ecs-0.18.1\src\system\function_system.rs;52;8927742;0.004907;37525;237;85;11373;128.057734
system_commands{name="bevy_ui::accessibility::label_changed"};C:\Users\Antoi\.cargo\registry\src\index.crates.io-1949cf8c6b5b557f\bevy_ecs-0.18.1\src\system\function_system.rs;54;3512988;0.001931;37525;93;51;10301;81.800486
system{name="bevy_rapier3d::plugin::plugin::setup_rapier_configuration"};C:\Users\Antoi\.cargo\registry\src\index.crates.io-1949cf8c6b5b557f\bevy_ecs-0.18.1\src\system\function_system.rs;52;5352875;0.002942;11502;465;77;29323;318.269896
system{name="forgia_effects::damage_numbers::setup_damage_number_pool"};C:\Users\Antoi\.cargo\registry\src\index.crates.io-1949cf8c6b5b557f\bevy_ecs-0.18.1\src\system\function_system.rs;52;18192;0.000010;1;18192;18192;18192;0.000000
plugin cleanup{plugin="bevy_render::sync_component::SyncComponentPlugin<bevy_core_pipeline::oit::OrderIndependentTransparencySettings>"};C:\Users\Antoi\.cargo\registry\src\index.crates.io-1949cf8c6b5b557f\bevy_app-0.18.1\src\app.rs;292;67;0.000000;1;67;67;67;0.000000
system{name="bevy_water::water::update_wave_direction"};C:\Users\Antoi\.cargo\registry\src\index.crates.io-1949cf8c6b5b557f\bevy_ecs-0.18.1\src\system\function_system.rs;52;31322025;0.017215;37525;834;331;174375;1102.765438
system_commands{name="bevy_anti_alias::smaa::prepare_smaa_uniforms"};C:\Users\Antoi\.cargo\registry\src\index.crates.io-1949cf8c6b5b557f\bevy_ecs-0.18.1\src\system\function_system.rs;54;3296540;0.001812;37525;87;50;10648;78.851996
system_commands{name="forgia_mode_roguelite::render_quality::sys_init_render_genome"};C:\Users\Antoi\.cargo\registry\src\index.crates.io-1949cf8c6b5b557f\bevy_ecs-0.18.1\src\system\function_system.rs;54;1582;0.000001;1;1582;1582;1582;0.000000
system_commands{name="forgia_mode_roguelite::enemy_scaling::sys_init_enemy_scaling"};C:\Users\Antoi\.cargo\registry\src\index.crates.io-1949cf8c6b5b557f\bevy_ecs-0.18.1\src\system\function_system.rs;54;6296;0.000003;1;6296;6296;6296;0.000000
Fonts::new;C:\Users\Antoi\.cargo\registry\src\index.crates.io-1949cf8c6b5b557f\egui-0.33.3\src\context.rs;578;3416633;0.001878;1;3416633;3416633;3416633;0.000000
system{name="forgia_mode_roguelite::run::sys_apply_stage_toggles"};C:\Users\Antoi\.cargo\registry\src\index.crates.io-1949cf8c6b5b557f\bevy_ecs-0.18.1\src\system\function_system.rs;52;13969608;0.007678;33826;412;131;130824;1197.464247
plugin build{plugin="forgia_mode_roguelite::boucherie_rocket::BoucherieRocketPlugin"};C:\Users\Antoi\.cargo\registry\src\index.crates.io-1949cf8c6b5b557f\bevy_app-0.18.1\src\app.rs;529;184504;0.000101;1;184504;184504;184504;0.000000
system_commands{name="bevy_core_pipeline::tonemapping::init_tonemapping_pipeline"};C:\Users\Antoi\.cargo\registry\src\index.crates.io-1949cf8c6b5b557f\bevy_ecs-0.18.1\src\system\function_system.rs;54;3446;0.000002;1;3446;3446;3446;0.000000
system{name="forgia_observability::lifecycle_sensor::obs_player_added"};C:\Users\Antoi\.cargo\registry\src\index.crates.io-1949cf8c6b5b557f\bevy_ecs-0.18.1\src\system\function_system.rs;52;136;0.000000;1;136;136;136;0.000000
plugin cleanup{plugin="bevy_render::extract_component::ExtractComponentPlugin<forgia_postprocess::toon::ToonSettings>"};C:\Users\Antoi\.cargo\registry\src\index.crates.io-1949cf8c6b5b557f\bevy_app-0.18.1\src\app.rs;292;60;0.000000;1;60;60;60;0.000000
system_commands{name="bevy_pbr::deferred::insert_deferred_lighting_pass_id_component"};C:\Users\Antoi\.cargo\registry\src\index.crates.io-1949cf8c6b5b557f\bevy_ecs-0.18.1\src\system\function_system.rs;54;3092824;0.001700;37525;82;50;94972;566.656467
system_commands{name="bevy_pbr::volumetric_fog::render::prepare_volumetric_fog_pipelines"};C:\Users\Antoi\.cargo\registry\src\index.crates.io-1949cf8c6b5b557f\bevy_ecs-0.18.1\src\system\function_system.rs;54;3260322;0.001792;37525;86;50;84458;436.347836
system{name="forgia_mode_roguelite::ultimate_apply::sys_tick_ultimate_freeze"};C:\Users\Antoi\.cargo\registry\src\index.crates.io-1949cf8c6b5b557f\bevy_ecs-0.18.1\src\system\function_system.rs;52;8118205;0.004462;33826;239;75;79913;528.580936
system{name="forgia_ui::sys_menu_armes"};C:\Users\Antoi\.cargo\registry\src\index.crates.io-1949cf8c6b5b557f\bevy_ecs-0.18.1\src\system\function_system.rs;52;20954687;0.011517;37525;558;101;693571;5382.508160
plugin finish{plugin="bevy_winit::cursor::WinitCursorPlugin"};C:\Users\Antoi\.cargo\registry\src\index.crates.io-1949cf8c6b5b557f\bevy_app-0.18.1\src\app.rs;272;51;0.000000;1;51;51;51;0.000000
plugin finish{plugin="bevy_rapier3d::plugin::plugin::RapierPhysicsPlugin"};C:\Users\Antoi\.cargo\registry\src\index.crates.io-1949cf8c6b5b557f\bevy_app-0.18.1\src\app.rs;272;1010;0.000001;1;1010;1010;1010;0.000000
system{name="forgia_observability::exporter::sys_write_rpg_health_json"};C:\Users\Antoi\.cargo\registry\src\index.crates.io-1949cf8c6b5b557f\bevy_ecs-0.18.1\src\system\function_system.rs;52;16300787;0.008959;37525;434;115;97230;891.818432
asset loading{loader="bevy_image::image_loader::ImageLoader" asset="textures/vfx/kenney/muzzle_03.png"};C:\Users\Antoi\.cargo\registry\src\index.crates.io-1949cf8c6b5b557f\bevy_asset-0.18.1\src\server\loaders.rs;332;534738;0.000294;4;133684;88;518819;256859.291264
system{name="bevy_ui_render::ui_texture_slice_pipeline::prepare_ui_slices"};C:\Users\Antoi\.cargo\registry\src\index.crates.io-1949cf8c6b5b557f\bevy_ecs-0.18.1\src\system\function_system.rs;52;538543284;0.295985;37525;14351;2510;29305240;173943.003727
system{name="forgia_ui::weapon_preview::sys_calibrate_previews"};C:\Users\Antoi\.cargo\registry\src\index.crates.io-1949cf8c6b5b557f\bevy_ecs-0.18.1\src\system\function_system.rs;52;1799735;0.000989;3699;486;140;187432;3085.571165
par_for_each{query="(&bevy_mesh::components::Mesh3d, &mut bevy_camera::primitives::Aabb)" filter="(bevy_ecs::query::filter::Or<(bevy_asset::asset_changed::AssetChanged<bevy_mesh::components::Mesh3d>, bevy_ecs::query::filter::Changed<bevy_mesh::components::Mesh3d>)>, bevy_ecs::query::filter::Without<bevy_camera::visibility::NoFrustumCulling>, bevy_ecs::query::filter::Without<bevy_camera::visibility::NoAutoAabb>)"};C:\Users\Antoi\.cargo\registry\src\index.crates.io-1949cf8c6b5b557f\bevy_ecs-0.18.1\src\query\state.rs;246;12546512485;6.895608;2204022;5692;56;3136790;20465.392350
system{name="bevy_gilrs::rumble::play_gilrs_rumble"};C:\Users\Antoi\.cargo\registry\src\index.crates.io-1949cf8c6b5b557f\bevy_ecs-0.18.1\src\system\function_system.rs;52;19515058;0.010726;37525;520;174;194507;1395.932339
system{name="forgia_mode_roguelite::shockwave::sys_apply_knockback"};C:\Users\Antoi\.cargo\registry\src\index.crates.io-1949cf8c6b5b557f\bevy_ecs-0.18.1\src\system\function_system.rs;52;10597821;0.005825;33826;313;80;17699;171.817004
plugin build{plugin="bevy_render::extract_resource::ExtractResourcePlugin<bevy_camera::clear_color::ClearColor>"};C:\Users\Antoi\.cargo\registry\src\index.crates.io-1949cf8c6b5b557f\bevy_app-0.18.1\src\app.rs;529;177098;0.000097;1;177098;177098;177098;0.000000
node{name="bevy_render::render_graph::node::ViewNodeRunner<bevy_pbr::deferred::DeferredOpaquePass3dPbrLightingNode>"};C:\Users\Antoi\.cargo\registry\src\index.crates.io-1949cf8c6b5b557f\bevy_render-0.18.1\src\renderer\graph_runner.rs;240;25872148;0.014219;75050;344;64;31816;224.812805
asset loading{loader="bevy_image::image_loader::ImageLoader" asset="ui/menu_video/frame_0316.webp"};C:\Users\Antoi\.cargo\registry\src\index.crates.io-1949cf8c6b5b557f\bevy_asset-0.18.1\src\server\loaders.rs;332;17265746;0.009489;7;2466535;81;17219733;6505553.092047
plugin cleanup{plugin="forgia_core::ForgiaCorePlugin"};C:\Users\Antoi\.cargo\registry\src\index.crates.io-1949cf8c6b5b557f\bevy_app-0.18.1\src\app.rs;292;54;0.000000;1;54;54;54;0.000000
plugin cleanup{plugin="forgia_rpg_data::loot_tables::ForgiaLootTablesPlugin"};C:\Users\Antoi\.cargo\registry\src\index.crates.io-1949cf8c6b5b557f\bevy_app-0.18.1\src\app.rs;292;59;0.000000;1;59;59;59;0.000000
intersect_aabb_conservative;C:\Users\Antoi\.cargo\registry\src\index.crates.io-1949cf8c6b5b557f\rapier3d-0.31.0\src\pipeline\query_pipeline.rs;421;3738518;0.002055;21471;174;48;33259;348.600748
plugin cleanup{plugin="bevy_render::globals::GlobalsPlugin"};C:\Users\Antoi\.cargo\registry\src\index.crates.io-1949cf8c6b5b557f\bevy_app-0.18.1\src\app.rs;292;56;0.000000;1;56;56;56;0.000000
plugin cleanup{plugin="bevy_render::sync_world::SyncWorldPlugin"};C:\Users\Antoi\.cargo\registry\src\index.crates.io-1949cf8c6b5b557f\bevy_app-0.18.1\src\app.rs;292;55;0.000000;1;55;55;55;0.000000
system{name="bevy_asset::assets::Assets<forgia_genome_core::Genome<forgia_mode_fps_arena::wave::ArenaWavesGenome>>::track_assets"};C:\Users\Antoi\.cargo\registry\src\index.crates.io-1949cf8c6b5b557f\bevy_ecs-0.18.1\src\system\function_system.rs;52;65673932;0.036095;37525;1750;169;1195873;14040.618325
asset loading{loader="bevy_image::image_loader::ImageLoader" asset="ui/menu_video/frame_0017.webp"};C:\Users\Antoi\.cargo\registry\src\index.crates.io-1949cf8c6b5b557f\bevy_asset-0.18.1\src\server\loaders.rs;332;30145725;0.016568;13;2318901;163;15607999;5646920.877062
system_commands{name="bevy_render::view::window::screenshot::clear_screenshots"};C:\Users\Antoi\.cargo\registry\src\index.crates.io-1949cf8c6b5b557f\bevy_ecs-0.18.1\src\system\function_system.rs;54;6298238;0.003462;37525;167;53;72260;429.643140
system{name="forgia_mode_roguelite::parcours_obstacles::sys_reset_obstacle_stats"};C:\Users\Antoi\.cargo\registry\src\index.crates.io-1949cf8c6b5b557f\bevy_ecs-0.18.1\src\system\function_system.rs;52;114;0.000000;1;114;114;114;0.000000
system{name="forgia_mode_roguelite::enemy_rig_debug::sys_apply_rig_debug"};C:\Users\Antoi\.cargo\registry\src\index.crates.io-1949cf8c6b5b557f\bevy_ecs-0.18.1\src\system\function_system.rs;52;5284809;0.002905;33826;156;58;9964;147.434347
asset loading{loader="bevy_shader::shader::ShaderLoader" asset="embedded://bevy_pbr\\render/pbr_ambient.wgsl"};C:\Users\Antoi\.cargo\registry\src\index.crates.io-1949cf8c6b5b557f\bevy_asset-0.18.1\src\server\loaders.rs;332;51296;0.000028;2;25648;52;51244;36198.210343
system_commands{name="bevy_ui_render::extract_text_shadows"};C:\Users\Antoi\.cargo\registry\src\index.crates.io-1949cf8c6b5b557f\bevy_ecs-0.18.1\src\system\function_system.rs;54;4849695;0.002665;37525;129;52;30272;167.408611
system{name="bevy_gizmos::collect_requested_gizmos<bevy_gizmos::aabb::AabbGizmoConfigGroup, bevy_time::fixed::Fixed>"};C:\Users\Antoi\.cargo\registry\src\index.crates.io-1949cf8c6b5b557f\bevy_ecs-0.18.1\src\system\function_system.rs;52;3343527;0.001838;11501;290;81;6547;138.092738
system{name="bevy_asset::assets::Assets<forgia_genome_core::Genome<forgia_level_presets::LevelModulesGenome>>::track_assets"};C:\Users\Antoi\.cargo\registry\src\index.crates.io-1949cf8c6b5b557f\bevy_ecs-0.18.1\src\system\function_system.rs;52;72106245;0.039630;37525;1921;217;1167899;16761.726050
plugin finish{plugin="bevy_render::sync_component::SyncComponentPlugin<bevy_anti_alias::taa::TemporalAntiAliasing>"};C:\Users\Antoi\.cargo\registry\src\index.crates.io-1949cf8c6b5b557f\bevy_app-0.18.1\src\app.rs;272;58;0.000000;1;58;58;58;0.000000
plugin cleanup{plugin="forgia_juice_lib::knockback::ForgiaJuiceKnockbackPlugin"};C:\Users\Antoi\.cargo\registry\src\index.crates.io-1949cf8c6b5b557f\bevy_app-0.18.1\src\app.rs;292;79;0.000000;1;79;79;79;0.000000
plugin finish{plugin="bevy_render::sync_component::SyncComponentPlugin<bevy_light::spot_light::SpotLight>"};C:\Users\Antoi\.cargo\registry\src\index.crates.io-1949cf8c6b5b557f\bevy_app-0.18.1\src\app.rs;272;53;0.000000;1;53;53;53;0.000000
plugin finish{plugin="forgia_mode_roguelite::audio::RogueliteAudioPlugin"};C:\Users\Antoi\.cargo\registry\src\index.crates.io-1949cf8c6b5b557f\bevy_app-0.18.1\src\app.rs;272;57;0.000000;1;57;57;57;0.000000
system{name="forgia_killfeed::draw_multikill_banner"};C:\Users\Antoi\.cargo\registry\src\index.crates.io-1949cf8c6b5b557f\bevy_ecs-0.18.1\src\system\function_system.rs;52;159858890;0.087859;37525;4260;86;3787308;27854.089570
system{name="forgia_player::skybox_genome::track_stage_biome"};C:\Users\Antoi\.cargo\registry\src\index.crates.io-1949cf8c6b5b557f\bevy_ecs-0.18.1\src\system\function_system.rs;52;8168743;0.004490;37525;217;77;231279;1680.275267
plugin cleanup{plugin="forgia_damage::ForgiaDamagePlugin"};C:\Users\Antoi\.cargo\registry\src\index.crates.io-1949cf8c6b5b557f\bevy_app-0.18.1\src\app.rs;292;61;0.000000;1;61;61;61;0.000000
system{name="forgia_mode_roguelite::sys_spin_coins"};C:\Users\Antoi\.cargo\registry\src\index.crates.io-1949cf8c6b5b557f\bevy_ecs-0.18.1\src\system\function_system.rs;52;20349602;0.011184;33826;601;194;136802;948.974199
plugin finish{plugin="bevy_render::extract_component::UniformComponentPlugin<bevy_anti_alias::contrast_adaptive_sharpening::CasUniform>"};C:\Users\Antoi\.cargo\registry\src\index.crates.io-1949cf8c6b5b557f\bevy_app-0.18.1\src\app.rs;272;61;0.000000;1;61;61;61;0.000000
system{name="bevy_anti_alias::smaa::init_smaa_pipelines"};C:\Users\Antoi\.cargo\registry\src\index.crates.io-1949cf8c6b5b557f\bevy_ecs-0.18.1\src\system\function_system.rs;52;33645;0.000018;1;33645;33645;33645;0.000000
plugin build{plugin="forgia_mode_roguelite::atmosphere::RogueliteAtmospherePlugin"};C:\Users\Antoi\.cargo\registry\src\index.crates.io-1949cf8c6b5b557f\bevy_app-0.18.1\src\app.rs;529;12181;0.000007;1;12181;12181;12181;0.000000
system_commands{name="forgia_effects::weapon_vfx::tracer::tick_bullets_in_flight"};C:\Users\Antoi\.cargo\registry\src\index.crates.io-1949cf8c6b5b557f\bevy_ecs-0.18.1\src\system\function_system.rs;54;3942295;0.002167;37525;105;55;79034;471.325488
system_commands{name="bevy_post_process::dof::init_dof_global_bind_group_layout"};C:\Users\Antoi\.cargo\registry\src\index.crates.io-1949cf8c6b5b557f\bevy_ecs-0.18.1\src\system\function_system.rs;54;2684;0.000001;1;2684;2684;2684;0.000000
plugin cleanup{plugin="bevy_pbr::material::MaterialsPlugin"};C:\Users\Antoi\.cargo\registry\src\index.crates.io-1949cf8c6b5b557f\bevy_app-0.18.1\src\app.rs;292;58;0.000000;1;58;58;58;0.000000
system{name="bevy_asset::assets::Assets<bevy_mesh::mesh::Mesh>::asset_events"};C:\Users\Antoi\.cargo\registry\src\index.crates.io-1949cf8c6b5b557f\bevy_ecs-0.18.1\src\system\function_system.rs;52;131402;0.000072;78;1684;443;20491;2833.337127
system_commands{name="forgia_viewmodel::attach::ensure_camera_shake_component"};C:\Users\Antoi\.cargo\registry\src\index.crates.io-1949cf8c6b5b557f\bevy_ecs-0.18.1\src\system\function_system.rs;54;2842162;0.001562;33826;84;50;54723;302.523891
plugin finish{plugin="bevy_render::extract_resource::ExtractResourcePlugin<bevy_egui::render::systems::ExtractedEguiManagedTextures>"};C:\Users\Antoi\.cargo\registry\src\index.crates.io-1949cf8c6b5b557f\bevy_app-0.18.1\src\app.rs;272;56;0.000000;1;56;56;56;0.000000
asset loading{loader="bevy_image::image_loader::ImageLoader" asset="ui/menu_video/frame_0049.webp"};C:\Users\Antoi\.cargo\registry\src\index.crates.io-1949cf8c6b5b557f\bevy_asset-0.18.1\src\server\loaders.rs;332;16172884;0.008889;6;2695480;222;16138281;6585601.970531
plugin cleanup{plugin="forgia_viewmodel::arms::ForgiaViewmodelArmsPlugin"};C:\Users\Antoi\.cargo\registry\src\index.crates.io-1949cf8c6b5b557f\bevy_app-0.18.1\src\app.rs;292;56;0.000000;1;56;56;56;0.000000
asset loading{loader="bevy_image::image_loader::ImageLoader" asset="ui/menu_video/frame_0174.webp"};C:\Users\Antoi\.cargo\registry\src\index.crates.io-1949cf8c6b5b557f\bevy_asset-0.18.1\src\server\loaders.rs;332;15263765;0.008389;6;2543960;172;15213926;6206993.278818
plugin build{plugin="bevy_picking::PickingPlugin"};C:\Users\Antoi\.cargo\registry\src\index.crates.io-1949cf8c6b5b557f\bevy_app-0.18.1\src\app.rs;529;586243;0.000322;1;586243;586243;586243;0.000000
system{name="forgia_observability::physics_sensor::sys_write_physics_sensor"};C:\Users\Antoi\.cargo\registry\src\index.crates.io-1949cf8c6b5b557f\bevy_ecs-0.18.1\src\system\function_system.rs;52;25828644;0.014196;37525;688;220;80208;891.127822
system{name="forgia_player::load_skybox"};C:\Users\Antoi\.cargo\registry\src\index.crates.io-1949cf8c6b5b557f\bevy_ecs-0.18.1\src\system\function_system.rs;52;1292851;0.000711;1;1292851;1292851;1292851;0.000000
system{name="bevy_render::render_asset::prepare_assets<bevy_gizmos_render::GpuLineGizmo>"};C:\Users\Antoi\.cargo\registry\src\index.crates.io-1949cf8c6b5b557f\bevy_ecs-0.18.1\src\system\function_system.rs;52;29852043;0.016407;37525;795;388;311322;1789.106509
plugin build{plugin="forgia_ui_lib::dialogue::ForgiaUiDialoguePlugin"};C:\Users\Antoi\.cargo\registry\src\index.crates.io-1949cf8c6b5b557f\bevy_app-0.18.1\src\app.rs;529;6421;0.000004;1;6421;6421;6421;0.000000
system{name="forgia_juice_lib::camera_shake::consume_impulses"};C:\Users\Antoi\.cargo\registry\src\index.crates.io-1949cf8c6b5b557f\bevy_ecs-0.18.1\src\system\function_system.rs;52;19002582;0.010444;37525;506;124;156645;975.192893
system{name="forgia_viewmodel::pose::track_right_mouse_state"};C:\Users\Antoi\.cargo\registry\src\index.crates.io-1949cf8c6b5b557f\bevy_ecs-0.18.1\src\system\function_system.rs;52;5941371;0.003265;33826;175;80;94531;523.298620
system{name="bevy_pbr::ssr::prepare_ssr_pipelines"};C:\Users\Antoi\.cargo\registry\src\index.crates.io-1949cf8c6b5b557f\bevy_ecs-0.18.1\src\system\function_system.rs;52;18192956;0.009999;37525;484;130;126796;1085.664584
plugin cleanup{plugin="bevy_ui_render::ui_texture_slice_pipeline::UiTextureSlicerPlugin"};C:\Users\Antoi\.cargo\registry\src\index.crates.io-1949cf8c6b5b557f\bevy_app-0.18.1\src\app.rs;292;56;0.000000;1;56;56;56;0.000000
system{name="forgia_killfeed::tuning::load_killfeed_tuning"};C:\Users\Antoi\.cargo\registry\src\index.crates.io-1949cf8c6b5b557f\bevy_ecs-0.18.1\src\system\function_system.rs;52;243780;0.000134;1;243780;243780;243780;0.000000
system{name="forgia_mode_roguelite::element_vfx::sys_init_element_bursts"};C:\Users\Antoi\.cargo\registry\src\index.crates.io-1949cf8c6b5b557f\bevy_ecs-0.18.1\src\system\function_system.rs;52;160599;0.000088;1;160599;160599;160599;0.000000
plugin build{plugin="bevy_render::render_asset::RenderAssetPlugin<bevy_render::mesh::RenderMesh, bevy_render::texture::gpu_image::GpuImage>"};C:\Users\Antoi\.cargo\registry\src\index.crates.io-1949cf8c6b5b557f\bevy_app-0.18.1\src\app.rs;529;602287;0.000331;1;602287;602287;602287;0.000000
system{name="bevy_pbr::deferred::prepare_deferred_lighting_pipelines"};C:\Users\Antoi\.cargo\registry\src\index.crates.io-1949cf8c6b5b557f\bevy_ecs-0.18.1\src\system\function_system.rs;52;53386592;0.029341;37525;1422;403;136564;1567.069800
plugin cleanup{plugin="bevy_render::storage::StoragePlugin"};C:\Users\Antoi\.cargo\registry\src\index.crates.io-1949cf8c6b5b557f\bevy_app-0.18.1\src\app.rs;292;55;0.000000;1;55;55;55;0.000000
system{name="forgia_qa_replay::recorder::capture_keyboard_input_system"};C:\Users\Antoi\.cargo\registry\src\index.crates.io-1949cf8c6b5b557f\bevy_ecs-0.18.1\src\system\function_system.rs;52;9780409;0.005375;37525;260;96;74191;403.021779
plugin finish{plugin="bevy_render::sync_component::SyncComponentPlugin<bevy_camera::components::Camera3d>"};C:\Users\Antoi\.cargo\registry\src\index.crates.io-1949cf8c6b5b557f\bevy_app-0.18.1\src\app.rs;272;53;0.000000;1;53;53;53;0.000000
system{name="bevy_core_pipeline::oit::init_oit_buffers"};C:\Users\Antoi\.cargo\registry\src\index.crates.io-1949cf8c6b5b557f\bevy_ecs-0.18.1\src\system\function_system.rs;52;29542;0.000016;1;29542;29542;29542;0.000000
plugin cleanup{plugin="bevy_render::render_phase::SortedRenderPhasePlugin<bevy_core_pipeline::core_3d::Transparent3d, bevy_pbr::render::mesh::MeshPipeline>"};C:\Users\Antoi\.cargo\registry\src\index.crates.io-1949cf8c6b5b557f\bevy_app-0.18.1\src\app.rs;292;57;0.000000;1;57;57;57;0.000000
system{name="bevy_post_process::motion_blur::pipeline::prepare_motion_blur_pipelines"};C:\Users\Antoi\.cargo\registry\src\index.crates.io-1949cf8c6b5b557f\bevy_ecs-0.18.1\src\system\function_system.rs;52;15555349;0.008549;37525;414;116;93318;674.215845
schedule{name=PreUpdate};C:\Users\Antoi\.cargo\registry\src\index.crates.io-1949cf8c6b5b557f\bevy_ecs-0.18.1\src\schedule\schedule.rs;532;10589281955;5.819907;37525;282192;126614;18865012;185807.374393
asset loading{loader="bevy_image::image_loader::ImageLoader" asset="ui/menu_video/frame_0053.webp"};C:\Users\Antoi\.cargo\registry\src\index.crates.io-1949cf8c6b5b557f\bevy_asset-0.18.1\src\server\loaders.rs;332;16490460;0.009063;8;2061307;93;16433396;5807203.202324
system{name="bevy_anti_alias::taa::prepare_taa_pipelines"};C:\Users\Antoi\.cargo\registry\src\index.crates.io-1949cf8c6b5b557f\bevy_ecs-0.18.1\src\system\function_system.rs;52;9059396;0.004979;37525;241;79;53500;422.976599
system{name="forgia_ui::sys_menu_forgeron"};C:\Users\Antoi\.cargo\registry\src\index.crates.io-1949cf8c6b5b557f\bevy_ecs-0.18.1\src\system\function_system.rs;52;48775364;0.026807;37525;1299;104;1902714;13190.361656
system{name="bevy_pbr::render::light::check_light_entities_needing_specialization<bevy_pbr::extended_material::ExtendedMaterial<bevy_pbr::pbr_material::StandardMaterial, bevy_water::water::material::WaterMaterial>>"};C:\Users\Antoi\.cargo\registry\src\index.crates.io-1949cf8c6b5b557f\bevy_ecs-0.18.1\src\system\function_system.rs;52;27382510;0.015050;37525;729;275;163218;1348.293484
plugin cleanup{plugin="forgia_ui_lib::hud::wave_counter::WaveCounterPlugin"};C:\Users\Antoi\.cargo\registry\src\index.crates.io-1949cf8c6b5b557f\bevy_app-0.18.1\src\app.rs;292;61;0.000000;1;61;61;61;0.000000
system{name="forgia_anim_debug::write_sensor_and_health"};C:\Users\Antoi\.cargo\registry\src\index.crates.io-1949cf8c6b5b557f\bevy_ecs-0.18.1\src\system\function_system.rs;52;10454892;0.005746;37525;278;90;59366;542.135014
asset loading{loader="bevy_shader::shader::ShaderLoader" asset="embedded://bevy_gizmos_render\\line_joints.wgsl"};C:\Users\Antoi\.cargo\registry\src\index.crates.io-1949cf8c6b5b557f\bevy_asset-0.18.1\src\server\loaders.rs;332;336309;0.000185;2;168154;1709;334600;235389.483497
system{name="bevy_hanabi::render::report_ready_state"};C:\Users\Antoi\.cargo\registry\src\index.crates.io-1949cf8c6b5b557f\bevy_ecs-0.18.1\src\system\function_system.rs;52;394581330;0.216863;37525;10515;5410;191898;4468.155335
plugin finish{plugin="bevy_pbr::ssr::ScreenSpaceReflectionsPlugin"};C:\Users\Antoi\.cargo\registry\src\index.crates.io-1949cf8c6b5b557f\bevy_app-0.18.1\src\app.rs;272;56;0.000000;1;56;56;56;0.000000
asset loading{loader="bevy_shader::shader::ShaderLoader" asset="embedded://bevy_pbr\\render/pbr_types.wgsl"};C:\Users\Antoi\.cargo\registry\src\index.crates.io-1949cf8c6b5b557f\bevy_asset-0.18.1\src\server\loaders.rs;332;255841;0.000141;2;127920;79;255762;180795.183136
system{name="bevy_render::gpu_readback::prepare_buffers"};C:\Users\Antoi\.cargo\registry\src\index.crates.io-1949cf8c6b5b557f\bevy_ecs-0.18.1\src\system\function_system.rs;52;18691277;0.010273;37525;498;168;78944;529.579624
system{name="bevy_pbr::volumetric_fog::render::extract_volumetric_fog"};C:\Users\Antoi\.cargo\registry\src\index.crates.io-1949cf8c6b5b557f\bevy_ecs-0.18.1\src\system\function_system.rs;52;26641242;0.014642;37525;709;197;26101;507.630829
system{name="forgia_effects::prespawn_hanabi_dummies"};C:\Users\Antoi\.cargo\registry\src\index.crates.io-1949cf8c6b5b557f\bevy_ecs-0.18.1\src\system\function_system.rs;52;220560;0.000121;1;220560;220560;220560;0.000000
system_commands{name="bevy_pbr::ssao::extract_ssao_settings"};C:\Users\Antoi\.cargo\registry\src\index.crates.io-1949cf8c6b5b557f\bevy_ecs-0.18.1\src\system\function_system.rs;54;2798855;0.001538;37525;74;50;19769;104.838984
system{name="bevy_hanabi::render::prepare_init_update_pipelines"};C:\Users\Antoi\.cargo\registry\src\index.crates.io-1949cf8c6b5b557f\bevy_ecs-0.18.1\src\system\function_system.rs;52;363095508;0.199559;37525;9676;5689;169341;3323.840885
asset loading{loader="bevy_image::image_loader::ImageLoader" asset="ui/menu_video/frame_0075.webp"};C:\Users\Antoi\.cargo\registry\src\index.crates.io-1949cf8c6b5b557f\bevy_asset-0.18.1\src\server\loaders.rs;332;14948774;0.008216;5;2989754;144;14897830;6656824.783322
plugin finish{plugin="bevy_pbr::decal::forward::ForwardDecalPlugin"};C:\Users\Antoi\.cargo\registry\src\index.crates.io-1949cf8c6b5b557f\bevy_app-0.18.1\src\app.rs;272;56;0.000000;1;56;56;56;0.000000
system_commands{name="bevy_post_process::bloom::downsampling_pipeline::init_bloom_downsampling_pipeline"};C:\Users\Antoi\.cargo\registry\src\index.crates.io-1949cf8c6b5b557f\bevy_ecs-0.18.1\src\system\function_system.rs;54;571;0.000000;1;571;571;571;0.000000
plugin finish{plugin="forgia_player::skybox_genome::SkyboxGenomePlugin"};C:\Users\Antoi\.cargo\registry\src\index.crates.io-1949cf8c6b5b557f\bevy_app-0.18.1\src\app.rs;272;54;0.000000;1;54;54;54;0.000000
system{name="bevy_anti_alias::smaa::prepare_smaa_bind_groups"};C:\Users\Antoi\.cargo\registry\src\index.crates.io-1949cf8c6b5b557f\bevy_ecs-0.18.1\src\system\function_system.rs;52;27675188;0.015210;37525;737;242;63105;685.771889
asset loading{loader="bevy_image::image_loader::ImageLoader" asset="ui/menu_video/frame_0203.webp"};C:\Users\Antoi\.cargo\registry\src\index.crates.io-1949cf8c6b5b557f\bevy_asset-0.18.1\src\server\loaders.rs;332;16397713;0.009012;7;2342530;147;16341941;6173165.004918
plugin finish{plugin="bevy_water::water::material::WaterMaterialPlugin"};C:\Users\Antoi\.cargo\registry\src\index.crates.io-1949cf8c6b5b557f\bevy_app-0.18.1\src\app.rs;272;55;0.000000;1;55;55;55;0.000000
system{name="bevy_app::propagate::update_source<bevy_ui::ui_node::ComputedUiRenderTargetInfo, (), bevy_ecs::hierarchy::ChildOf>"};C:\Users\Antoi\.cargo\registry\src\index.crates.io-1949cf8c6b5b557f\bevy_ecs-0.18.1\src\system\function_system.rs;52;26600640;0.014620;37525;708;199;128341;760.619418
system_commands{name="bevy_rapier3d::plugin::systems::remove::sync_removals"};C:\Users\Antoi\.cargo\registry\src\index.crates.io-1949cf8c6b5b557f\bevy_ecs-0.18.1\src\system\function_system.rs;54;5562921;0.003057;49026;113;52;24311;155.060879
system{name="forgia_mode_roguelite::weapon_select::sys_apply_weapon_choice"};C:\Users\Antoi\.cargo\registry\src\index.crates.io-1949cf8c6b5b557f\bevy_ecs-0.18.1\src\system\function_system.rs;52;252984;0.000139;1;252984;252984;252984;0.000000
system{name="bevy_ecs::schedule::condition::common_conditions::resource_exists<bevy_render::batching::gpu_preprocessing::BatchedInstanceBuffers<bevy_pbr::render::mesh::MeshUniform, bevy_pbr::render::mesh::MeshInputUniform>>"};C:\Users\Antoi\.cargo\registry\src\index.crates.io-1949cf8c6b5b557f\bevy_ecs-0.18.1\src\system\function_system.rs;52;65864344;0.036199;712975;92;52;75494;187.312273
system{name="bevy_pbr::render::light::extract_ambient_light"};C:\Users\Antoi\.cargo\registry\src\index.crates.io-1949cf8c6b5b557f\bevy_ecs-0.18.1\src\system\function_system.rs;52;28692480;0.015769;37525;764;145;131638;783.285993
plugin cleanup{plugin="bevy_anti_alias::contrast_adaptive_sharpening::CasPlugin"};C:\Users\Antoi\.cargo\registry\src\index.crates.io-1949cf8c6b5b557f\bevy_app-0.18.1\src\app.rs;292;57;0.000000;1;57;57;57;0.000000
system{name="forgia_mode_roguelite::hud::in_run_or_boss"};C:\Users\Antoi\.cargo\registry\src\index.crates.io-1949cf8c6b5b557f\bevy_ecs-0.18.1\src\system\function_system.rs;52;3832554;0.002106;37525;102;54;44970;279.546554
plugin build{plugin="bevy_render::render_asset::RenderAssetPlugin<bevy_sprite_render::mesh2d::material::PreparedMaterial2d<bevy_sprite_render::tilemap_chunk::tilemap_chunk_material::TilemapChunkMaterial>>"};C:\Users\Antoi\.cargo\registry\src\index.crates.io-1949cf8c6b5b557f\bevy_app-0.18.1\src\app.rs;529;18925;0.000010;1;18925;18925;18925;0.000000
system_commands{name="bevy_render::render_asset::extract_render_asset<bevy_render::storage::GpuShaderStorageBuffer>"};C:\Users\Antoi\.cargo\registry\src\index.crates.io-1949cf8c6b5b557f\bevy_ecs-0.18.1\src\system\function_system.rs;54;29307361;0.016107;37525;781;349;65476;478.327424
system_commands{name="bevy_picking::hover::update_is_hovered"};C:\Users\Antoi\.cargo\registry\src\index.crates.io-1949cf8c6b5b557f\bevy_ecs-0.18.1\src\system\function_system.rs;54;4523165;0.002486;37525;120;57;24582;158.037052
system_commands{name="forgia_mode_fps_arena::wave::load_arena_waves_genome"};C:\Users\Antoi\.cargo\registry\src\index.crates.io-1949cf8c6b5b557f\bevy_ecs-0.18.1\src\system\function_system.rs;54;6972;0.000004;1;6972;6972;6972;0.000000
system_commands{name="bevy_render::extract_component::extract_components<bevy_render::view::Hdr>"};C:\Users\Antoi\.cargo\registry\src\index.crates.io-1949cf8c6b5b557f\bevy_ecs-0.18.1\src\system\function_system.rs;54;20664776;0.011357;37525;550;196;12773;153.624125
system{name="forgia_observability::lifecycle_sensor::obs_arena_bot_removed"};C:\Users\Antoi\.cargo\registry\src\index.crates.io-1949cf8c6b5b557f\bevy_ecs-0.18.1\src\system\function_system.rs;52;2943;0.000002;40;73;57;131;20.237690
par_for_each{query="(bevy_ecs::entity::Entity, core::option::Option<&bevy_hanabi::render::ChildrenEffects>, bevy_ecs::change_detection::params::Ref<'_, bevy_hanabi::render::CachedPipelines>, &mut bevy_hanabi::render::CachedReadyState)" filter="bevy_ecs::query::filter::Without<bevy_hanabi::render::ChildEffectOf>"};C:\Users\Antoi\.cargo\registry\src\index.crates.io-1949cf8c6b5b557f\bevy_ecs-0.18.1\src\query\state.rs;246;158574058;0.087153;564869;280;65;94912;451.048202
plugin cleanup{plugin="forgia_mode_roguelite::parcours_obstacles::ParcoursObstaclesPlugin"};C:\Users\Antoi\.cargo\registry\src\index.crates.io-1949cf8c6b5b557f\bevy_app-0.18.1\src\app.rs;292;58;0.000000;1;58;58;58;0.000000
asset loading{loader="bevy_image::image_loader::ImageLoader" asset="ui/menu_video/frame_0040.webp"};C:\Users\Antoi\.cargo\registry\src\index.crates.io-1949cf8c6b5b557f\bevy_asset-0.18.1\src\server\loaders.rs;332;16019321;0.008804;6;2669886;107;15986370;6523719.308055
system{name="forgia_ui::sys_sync_cursor_with_coffre"};C:\Users\Antoi\.cargo\registry\src\index.crates.io-1949cf8c6b5b557f\bevy_ecs-0.18.1\src\system\function_system.rs;52;14101653;0.007750;37525;375;123;136395;1461.952720
system{name="bevy_render::view::window::screenshot::clear_screenshots"};C:\Users\Antoi\.cargo\registry\src\index.crates.io-1949cf8c6b5b557f\bevy_ecs-0.18.1\src\system\function_system.rs;52;14551085;0.007997;37525;387;78;198430;1165.827329
plugin build{plugin="bevy_render::extract_resource::ExtractResourcePlugin<bevy_egui::render::systems::ExtractedEguiManagedTextures>"};C:\Users\Antoi\.cargo\registry\src\index.crates.io-1949cf8c6b5b557f\bevy_app-0.18.1\src\app.rs;529;166124;0.000091;1;166124;166124;166124;0.000000
system{name="bevy_sprite_render::tilemap_chunk::update_tilemap_chunk_indices"};C:\Users\Antoi\.cargo\registry\src\index.crates.io-1949cf8c6b5b557f\bevy_ecs-0.18.1\src\system\function_system.rs;52;16285585;0.008951;37525;433;123;176912;1058.359918
plugin finish{plugin="forgia_anchor::ForgiaAnchorPlugin"};C:\Users\Antoi\.cargo\registry\src\index.crates.io-1949cf8c6b5b557f\bevy_app-0.18.1\src\app.rs;272;55;0.000000;1;55;55;55;0.000000
plugin build{plugin="forgia_effects::hitmarker::ForgiaHitmarkerPlugin"};C:\Users\Antoi\.cargo\registry\src\index.crates.io-1949cf8c6b5b557f\bevy_app-0.18.1\src\app.rs;529;21014;0.000012;1;21014;21014;21014;0.000000
asset loading{loader="forgia_genome_core::GenomeLoader<forgia_ui_lib::hud::barks::BarkGenome>" asset="genomes/roguelite/roguelite_dialogue.toml"};C:\Users\Antoi\.cargo\registry\src\index.crates.io-1949cf8c6b5b557f\bevy_asset-0.18.1\src\server\loaders.rs;332;655815;0.000360;5;131163;398;639170;284020.305197
system{name="forgia_mode_roguelite::decor::sys_decor_build_hull_colliders"};C:\Users\Antoi\.cargo\registry\src\index.crates.io-1949cf8c6b5b557f\bevy_ecs-0.18.1\src\system\function_system.rs;52;92871150;0.051042;33826;2745;163;11038521;125929.746234
system{name="forgia_mode_roguelite::toon_config::sys_force_apply_toon_settings"};C:\Users\Antoi\.cargo\registry\src\index.crates.io-1949cf8c6b5b557f\bevy_ecs-0.18.1\src\system\function_system.rs;52;205235;0.000113;1;205235;205235;205235;0.000000
system{name="bevy_pbr::ssao::prepare_ssao_textures"};C:\Users\Antoi\.cargo\registry\src\index.crates.io-1949cf8c6b5b557f\bevy_ecs-0.18.1\src\system\function_system.rs;52;19985279;0.010984;37525;532;159;130551;812.663874
plugin cleanup{plugin="bevy_render::sync_component::SyncComponentPlugin<bevy_light::ambient_light::AmbientLight>"};C:\Users\Antoi\.cargo\registry\src\index.crates.io-1949cf8c6b5b557f\bevy_app-0.18.1\src\app.rs;292;56;0.000000;1;56;56;56;0.000000
system{name="bevy_sprite_render::mesh2d::mesh::check_views_need_specialization"};C:\Users\Antoi\.cargo\registry\src\index.crates.io-1949cf8c6b5b557f\bevy_ecs-0.18.1\src\system\function_system.rs;52;37333150;0.020518;37525;994;348;94741;845.557197
system{name="forgia_ai_arena_bot::on_bot_death"};C:\Users\Antoi\.cargo\registry\src\index.crates.io-1949cf8c6b5b557f\bevy_ecs-0.18.1\src\system\function_system.rs;52;77551;0.000043;40;1938;266;34527;5531.631667
asset loading{loader="bevy_image::image_loader::ImageLoader" asset="ui/menu_video/frame_0131.webp"};C:\Users\Antoi\.cargo\registry\src\index.crates.io-1949cf8c6b5b557f\bevy_asset-0.18.1\src\server\loaders.rs;332;15948121;0.008765;6;2658020;144;15904075;6489217.888949
asset loading{loader="bevy_image::image_loader::ImageLoader" asset="ui/menu_video/frame_0245.webp"};C:\Users\Antoi\.cargo\registry\src\index.crates.io-1949cf8c6b5b557f\bevy_asset-0.18.1\src\server\loaders.rs;332;16895816;0.009286;6;2815969;173;16854594;6877495.597772
plugin cleanup{plugin="bevy_render::sync_component::SyncComponentPlugin<forgia_postprocess::toon::ToonSettings>"};C:\Users\Antoi\.cargo\registry\src\index.crates.io-1949cf8c6b5b557f\bevy_app-0.18.1\src\app.rs;292;54;0.000000;1;54;54;54;0.000000
asset loading{loader="bevy_image::image_loader::ImageLoader" asset="ui/menu_video/frame_0080.webp"};C:\Users\Antoi\.cargo\registry\src\index.crates.io-1949cf8c6b5b557f\bevy_asset-0.18.1\src\server\loaders.rs;332;15247092;0.008380;6;2541182;140;15214974;6208866.274773
system{name="forgia_mode_roguelite::hub::lobby_hide_gameplay_hud"};C:\Users\Antoi\.cargo\registry\src\index.crates.io-1949cf8c6b5b557f\bevy_ecs-0.18.1\src\system\function_system.rs;52;237;0.000000;1;237;237;237;0.000000
plugin finish{plugin="forgia_effects::mesh_fader::MeshFaderPlugin"};C:\Users\Antoi\.cargo\registry\src\index.crates.io-1949cf8c6b5b557f\bevy_app-0.18.1\src\app.rs;272;56;0.000000;1;56;56;56;0.000000
asset loading{loader="bevy_shader::shader::ShaderLoader" asset="embedded://bevy_pbr\\render/pbr.wgsl"};C:\Users\Antoi\.cargo\registry\src\index.crates.io-1949cf8c6b5b557f\bevy_asset-0.18.1\src\server\loaders.rs;332;151333;0.000083;2;75666;55;151278;106930.808774
system{name="bevy_render::renderer::render_system"};C:\Users\Antoi\.cargo\registry\src\index.crates.io-1949cf8c6b5b557f\bevy_ecs-0.18.1\src\system\function_system.rs;52;58452577330;32.125743;37525;1557696;714526;70621914;805557.787743
system_commands{name="bevy_render::view::cleanup_view_targets_for_resize"};C:\Users\Antoi\.cargo\registry\src\index.crates.io-1949cf8c6b5b557f\bevy_ecs-0.18.1\src\system\function_system.rs;54;3717236;0.002043;37525;99;54;225845;1166.369307
system_commands{name="bevy_pbr::render::light::prepare_lights"};C:\Users\Antoi\.cargo\registry\src\index.crates.io-1949cf8c6b5b557f\bevy_ecs-0.18.1\src\system\function_system.rs;54;233498210;0.128331;37525;6222;1767;315809;3422.688912
asset loading{loader="bevy_image::image_loader::ImageLoader" asset="models\\kaykit\\medieval_hexagon\\walls\\hexagons_medieval.png"};C:\Users\Antoi\.cargo\registry\src\index.crates.io-1949cf8c6b5b557f\bevy_asset-0.18.1\src\server\loaders.rs;332;4091309;0.002249;6;681884;234;4072853;1661230.286867
system{name="bevy_asset::assets::Assets<bevy_kira_audio::source::AudioSource>::track_assets"};C:\Users\Antoi\.cargo\registry\src\index.crates.io-1949cf8c6b5b557f\bevy_ecs-0.18.1\src\system\function_system.rs;52;60810845;0.033422;37525;1620;123;834700;13838.133455
plugin finish{plugin="bevy_render::batching::gpu_preprocessing::BatchingPlugin"};C:\Users\Antoi\.cargo\registry\src\index.crates.io-1949cf8c6b5b557f\bevy_app-0.18.1\src\app.rs;272;133394;0.000073;1;133394;133394;133394;0.000000
plugin finish{plugin="forgia_damage::ForgiaDamagePlugin"};C:\Users\Antoi\.cargo\registry\src\index.crates.io-1949cf8c6b5b557f\bevy_app-0.18.1\src\app.rs;272;55;0.000000;1;55;55;55;0.000000
plugin build{plugin="bevy_render::sync_component::SyncComponentPlugin<bevy_light::directional_light::DirectionalLight>"};C:\Users\Antoi\.cargo\registry\src\index.crates.io-1949cf8c6b5b557f\bevy_app-0.18.1\src\app.rs;529;16604;0.000009;1;16604;16604;16604;0.000000
plugin build{plugin="bevy_render::sync_component::SyncComponentPlugin<bevy_hanabi::EffectVisibilityClass>"};C:\Users\Antoi\.cargo\registry\src\index.crates.io-1949cf8c6b5b557f\bevy_app-0.18.1\src\app.rs;529;165575;0.000091;1;165575;165575;165575;0.000000
plugin cleanup{plugin="bevy_render::extract_component::ExtractComponentPlugin<bevy_post_process::bloom::settings::Bloom>"};C:\Users\Antoi\.cargo\registry\src\index.crates.io-1949cf8c6b5b557f\bevy_app-0.18.1\src\app.rs;292;104;0.000000;1;104;104;104;0.000000
system{name="bevy_egui::input::write_non_window_pointer_moved_messages_system"};C:\Users\Antoi\.cargo\registry\src\index.crates.io-1949cf8c6b5b557f\bevy_ecs-0.18.1\src\system\function_system.rs;52;8407022;0.004621;37525;224;91;22923;155.422325
system{name="bevy_pbr::material::early_sweep_material_instances<bevy_pbr::extended_material::ExtendedMaterial<bevy_pbr::pbr_material::StandardMaterial, bevy_water::water::material::WaterMaterial>>"};C:\Users\Antoi\.cargo\registry\src\index.crates.io-1949cf8c6b5b557f\bevy_ecs-0.18.1\src\system\function_system.rs;52;9127093;0.005016;37525;243;81;75552;486.625989
system{name="forgia_mode_roguelite::hud::draw_weapon_slots"};C:\Users\Antoi\.cargo\registry\src\index.crates.io-1949cf8c6b5b557f\bevy_ecs-0.18.1\src\system\function_system.rs;52;640412904;0.351973;33735;18983;13579;197154;6175.508783
asset loading{loader="bevy_shader::shader::ShaderLoader" asset="embedded://bevy_pbr\\render\\occlusion_culling.wgsl"};C:\Users\Antoi\.cargo\registry\src\index.crates.io-1949cf8c6b5b557f\bevy_asset-0.18.1\src\server\loaders.rs;332;62786;0.000035;2;31393;60;62726;44311.553550
system{name="bevy_time::fixed::run_fixed_main_schedule"};C:\Users\Antoi\.cargo\registry\src\index.crates.io-1949cf8c6b5b557f\bevy_ecs-0.18.1\src\system\function_system.rs;52;5238579429;2.879142;37525;139602;1022;54471545;435651.457230
system{name="bevy_asset::assets::Assets<bevy_kira_audio::source::AudioSource>::asset_events"};C:\Users\Antoi\.cargo\registry\src\index.crates.io-1949cf8c6b5b557f\bevy_ecs-0.18.1\src\system\function_system.rs;52;5223;0.000003;2;2611;1919;3304;979.343147
plugin cleanup{plugin="bevy_light::LightPlugin"};C:\Users\Antoi\.cargo\registry\src\index.crates.io-1949cf8c6b5b557f\bevy_app-0.18.1\src\app.rs;292;55;0.000000;1;55;55;55;0.000000
system{name="forgia_mode_roguelite::weapon_select::sys_calibrate_preview"};C:\Users\Antoi\.cargo\registry\src\index.crates.io-1949cf8c6b5b557f\bevy_ecs-0.18.1\src\system\function_system.rs;52;64292;0.000035;91;706;163;8773;1217.583883
plugin build{plugin="bevy_pbr::light_probe::LightProbePlugin"};C:\Users\Antoi\.cargo\registry\src\index.crates.io-1949cf8c6b5b557f\bevy_app-0.18.1\src\app.rs;529;255309;0.000140;1;255309;255309;255309;0.000000
plugin cleanup{plugin="forgia_viewmodel::ForgiaViewmodelPlugin"};C:\Users\Antoi\.cargo\registry\src\index.crates.io-1949cf8c6b5b557f\bevy_app-0.18.1\src\app.rs;292;57;0.000000;1;57;57;57;0.000000
system{name="bevy_render::extract_component::extract_components<bevy_core_pipeline::oit::OrderIndependentTransparencySettings>"};C:\Users\Antoi\.cargo\registry\src\index.crates.io-1949cf8c6b5b557f\bevy_ecs-0.18.1\src\system\function_system.rs;52;12107013;0.006654;37525;322;117;245039;1296.803397
plugin finish{plugin="forgia_juice_lib::recoil::ForgiaJuiceRecoilPlugin"};C:\Users\Antoi\.cargo\registry\src\index.crates.io-1949cf8c6b5b557f\bevy_app-0.18.1\src\app.rs;272;52;0.000000;1;52;52;52;0.000000
system{name="bevy_pbr::render::mesh::set_mesh_motion_vector_flags"};C:\Users\Antoi\.cargo\registry\src\index.crates.io-1949cf8c6b5b557f\bevy_ecs-0.18.1\src\system\function_system.rs;52;18021985;0.009905;37525;480;112;76563;603.423593
system{name="bevy_render::extract_component::extract_components<forgia_postprocess::toon::ToonSettings>"};C:\Users\Antoi\.cargo\registry\src\index.crates.io-1949cf8c6b5b557f\bevy_ecs-0.18.1\src\system\function_system.rs;52;31226205;0.017162;37525;832;215;80470;568.477177
system{name="bevy_input::gamepad::gamepad_event_processing_system"};C:\Users\Antoi\.cargo\registry\src\index.crates.io-1949cf8c6b5b557f\bevy_ecs-0.18.1\src\system\function_system.rs;52;23585322;0.012963;37525;628;143;190109;1105.551336
system_commands{name="forgia_mode_roguelite::meta_shop::sys_load_meta_shop"};C:\Users\Antoi\.cargo\registry\src\index.crates.io-1949cf8c6b5b557f\bevy_ecs-0.18.1\src\system\function_system.rs;54;9084;0.000005;1;9084;9084;9084;0.000000
system{name="bevy_egui::input::write_window_pointer_moved_messages_system"};C:\Users\Antoi\.cargo\registry\src\index.crates.io-1949cf8c6b5b557f\bevy_ecs-0.18.1\src\system\function_system.rs;52;18640241;0.010245;37525;496;160;77371;458.388800
system_commands{name="bevy_render::extract_component::extract_components<bevy_pbr::deferred::PbrDeferredLightingDepthId>"};C:\Users\Antoi\.cargo\registry\src\index.crates.io-1949cf8c6b5b557f\bevy_ecs-0.18.1\src\system\function_system.rs;54;30064750;0.016524;37525;801;278;87410;740.960473
system{name="forgia_mode_roguelite::audio::sys_fire_sfx"};C:\Users\Antoi\.cargo\registry\src\index.crates.io-1949cf8c6b5b557f\bevy_ecs-0.18.1\src\system\function_system.rs;52;8711024;0.004788;33826;257;86;47972;382.303244
system{name="bevy_post_process::dof::prepare_depth_of_field_view_bind_group_layouts"};C:\Users\Antoi\.cargo\registry\src\index.crates.io-1949cf8c6b5b557f\bevy_ecs-0.18.1\src\system\function_system.rs;52;12935528;0.007109;37525;344;100;27895;269.271200
system_commands{name="forgia_ui::weapon_preview::sys_spawn_weapon_preview"};C:\Users\Antoi\.cargo\registry\src\index.crates.io-1949cf8c6b5b557f\bevy_ecs-0.18.1\src\system\function_system.rs;54;28903;0.000016;1;28903;28903;28903;0.000000
plugin build{plugin="forgia_secondary_motion::ForgiaSecondaryMotionPlugin"};C:\Users\Antoi\.cargo\registry\src\index.crates.io-1949cf8c6b5b557f\bevy_app-0.18.1\src\app.rs;529;152215;0.000084;1;152215;152215;152215;0.000000
plugin cleanup{plugin="bevy_post_process::motion_blur::MotionBlurPlugin"};C:\Users\Antoi\.cargo\registry\src\index.crates.io-1949cf8c6b5b557f\bevy_app-0.18.1\src\app.rs;292;55;0.000000;1;55;55;55;0.000000
asset loading{loader="bevy_image::image_loader::ImageLoader" asset="ui/menu_video/frame_0347.webp"};C:\Users\Antoi\.cargo\registry\src\index.crates.io-1949cf8c6b5b557f\bevy_asset-0.18.1\src\server\loaders.rs;332;14938512;0.008210;7;2134073;191;14889894;5624792.771746
system{name="forgia_enemy_nameplate::tuning::sync_tuning"};C:\Users\Antoi\.cargo\registry\src\index.crates.io-1949cf8c6b5b557f\bevy_ecs-0.18.1\src\system\function_system.rs;52;16883296;0.009279;37525;449;131;90324;635.973093
node{name="bevy_render::render_graph::node::ViewNodeRunner<bevy_core_pipeline::prepass::node::LatePrepassNode>"};C:\Users\Antoi\.cargo\registry\src\index.crates.io-1949cf8c6b5b557f\bevy_render-0.18.1\src\renderer\graph_runner.rs;240;12849760;0.007062;75050;171;57;43757;196.286453
system{name="bevy_text::font_atlas_set::free_unused_font_atlases_system"};C:\Users\Antoi\.cargo\registry\src\index.crates.io-1949cf8c6b5b557f\bevy_ecs-0.18.1\src\system\function_system.rs;52;10290515;0.005656;37525;274;93;90094;613.694730
system{name="bevy_gizmos::clear_gizmo_context<bevy_gizmos::aabb::AabbGizmoConfigGroup, bevy_time::fixed::Fixed>"};C:\Users\Antoi\.cargo\registry\src\index.crates.io-1949cf8c6b5b557f\bevy_ecs-0.18.1\src\system\function_system.rs;52;2200265;0.001209;11501;191;79;13468;137.828214
system_commands{name="forgia_ui_lib::damage_direction::tuning::load_damage_dir_tuning"};C:\Users\Antoi\.cargo\registry\src\index.crates.io-1949cf8c6b5b557f\bevy_ecs-0.18.1\src\system\function_system.rs;54;1037256;0.000570;1;1037256;1037256;1037256;0.000000
system{name="forgia_mode_roguelite::decor::sys_init_decor_genome"};C:\Users\Antoi\.cargo\registry\src\index.crates.io-1949cf8c6b5b557f\bevy_ecs-0.18.1\src\system\function_system.rs;52;933354;0.000513;1;933354;933354;933354;0.000000
plugin finish{plugin="forgia_rpg_data::loot_tables::ForgiaLootTablesPlugin"};C:\Users\Antoi\.cargo\registry\src\index.crates.io-1949cf8c6b5b557f\bevy_app-0.18.1\src\app.rs;272;55;0.000000;1;55;55;55;0.000000
system{name="bevy_core_pipeline::core_3d::check_msaa"};C:\Users\Antoi\.cargo\registry\src\index.crates.io-1949cf8c6b5b557f\bevy_ecs-0.18.1\src\system\function_system.rs;52;10647103;0.005852;37525;283;89;36971;332.113030
system{name="bevy_rapier3d::plugin::systems::collider::apply_scale"};C:\Users\Antoi\.cargo\registry\src\index.crates.io-1949cf8c6b5b557f\bevy_ecs-0.18.1\src\system\function_system.rs;52;33698491;0.018521;11501;2930;90;2601912;38683.757663
asset loading{loader="bevy_image::image_loader::ImageLoader" asset="ui/menu_video/frame_0204.webp"};C:\Users\Antoi\.cargo\registry\src\index.crates.io-1949cf8c6b5b557f\bevy_asset-0.18.1\src\server\loaders.rs;332;16725064;0.009192;6;2787510;75;16684737;6808224.784903
plugin build{plugin="bevy_render::sync_component::SyncComponentPlugin<bevy_pbr::deferred::PbrDeferredLightingDepthId>"};C:\Users\Antoi\.cargo\registry\src\index.crates.io-1949cf8c6b5b557f\bevy_app-0.18.1\src\app.rs;529;1690;0.000001;1;1690;1690;1690;0.000000
system{name="bevy_render::extract_component::extract_components<bevy_render::experimental::occlusion_culling::OcclusionCulling>"};C:\Users\Antoi\.cargo\registry\src\index.crates.io-1949cf8c6b5b557f\bevy_ecs-0.18.1\src\system\function_system.rs;52;10356695;0.005692;37525;275;97;48952;337.012492
system{name="bevy_kira_audio::audio_output::update_instance_states<forgia_audio::MusicChannel>"};C:\Users\Antoi\.cargo\registry\src\index.crates.io-1949cf8c6b5b557f\bevy_ecs-0.18.1\src\system\function_system.rs;52;32405909;0.017810;37525;863;108;106807;1262.418040
system{name="bevy_input::touch::touch_screen_input_system"};C:\Users\Antoi\.cargo\registry\src\index.crates.io-1949cf8c6b5b557f\bevy_ecs-0.18.1\src\system\function_system.rs;52;18944165;0.010412;37525;504;156;204695;1068.666970
system{name="bevy_render::batching::gpu_preprocessing::clear_batched_gpu_instance_buffers<bevy_pbr::render::mesh::MeshPipeline>"};C:\Users\Antoi\.cargo\registry\src\index.crates.io-1949cf8c6b5b557f\bevy_ecs-0.18.1\src\system\function_system.rs;52;27421830;0.015071;37525;730;289;47404;465.694127
system{name="bevy_rapier3d::plugin::systems::rigid_body::init_rigid_bodies"};C:\Users\Antoi\.cargo\registry\src\index.crates.io-1949cf8c6b5b557f\bevy_ecs-0.18.1\src\system\function_system.rs;52;10115847;0.005560;11501;879;103;61856;855.781323
plugin build{plugin="forgia_rpg_data::ForgiaRpgDataPlugin"};C:\Users\Antoi\.cargo\registry\src\index.crates.io-1949cf8c6b5b557f\bevy_app-0.18.1\src\app.rs;529;3833852;0.002107;1;3833852;3833852;3833852;0.000000
system{name="bevy_light::check_dir_light_mesh_visibility"};C:\Users\Antoi\.cargo\registry\src\index.crates.io-1949cf8c6b5b557f\bevy_ecs-0.18.1\src\system\function_system.rs;52;4010397824;2.204129;37525;106872;465;6469759;66684.087478
plugin cleanup{plugin="bevy_render::sync_component::SyncComponentPlugin<bevy_post_process::motion_blur::MotionBlur>"};C:\Users\Antoi\.cargo\registry\src\index.crates.io-1949cf8c6b5b557f\bevy_app-0.18.1\src\app.rs;292;55;0.000000;1;55;55;55;0.000000
plugin cleanup{plugin="bevy_app::terminal_ctrl_c_handler::TerminalCtrlCHandlerPlugin"};C:\Users\Antoi\.cargo\registry\src\index.crates.io-1949cf8c6b5b557f\bevy_app-0.18.1\src\app.rs;292;56;0.000000;1;56;56;56;0.000000
asset loading{loader="bevy_image::image_loader::ImageLoader" asset="ui/menu_video/frame_0247.webp"};C:\Users\Antoi\.cargo\registry\src\index.crates.io-1949cf8c6b5b557f\bevy_asset-0.18.1\src\server\loaders.rs;332;15031390;0.008261;7;2147341;176;14991320;5663665.431246
plugin cleanup{plugin="bevy_render::sync_component::SyncComponentPlugin<bevy_light::probe::GeneratedEnvironmentMapLight>"};C:\Users\Antoi\.cargo\registry\src\index.crates.io-1949cf8c6b5b557f\bevy_app-0.18.1\src\app.rs;292;110;0.000000;1;110;110;110;0.000000
system{name="forgia_player::skybox_genome::force_regen_on_overlay_load"};C:\Users\Antoi\.cargo\registry\src\index.crates.io-1949cf8c6b5b557f\bevy_ecs-0.18.1\src\system\function_system.rs;52;10897723;0.005989;37525;290;107;7267;149.080689
system{name="bevy_audio::audio_output::update_listener_positions"};C:\Users\Antoi\.cargo\registry\src\index.crates.io-1949cf8c6b5b557f\bevy_ecs-0.18.1\src\system\function_system.rs;52;25091060;0.013790;37525;668;152;313732;1899.661325
plugin build{plugin="bevy_render::extract_component::ExtractComponentPlugin<bevy_hanabi::EffectVisibilityClass>"};C:\Users\Antoi\.cargo\registry\src\index.crates.io-1949cf8c6b5b557f\bevy_app-0.18.1\src\app.rs;529;364961;0.000201;1;364961;364961;364961;0.000000
system{name="bevy_water::water::update_global_wave_state"};C:\Users\Antoi\.cargo\registry\src\index.crates.io-1949cf8c6b5b557f\bevy_ecs-0.18.1\src\system\function_system.rs;52;15851449;0.008712;37525;422;87;44384;330.294656
system{name="bevy_audio::audio_output::update_emitter_positions"};C:\Users\Antoi\.cargo\registry\src\index.crates.io-1949cf8c6b5b557f\bevy_ecs-0.18.1\src\system\function_system.rs;52;17923866;0.009851;37525;477;108;40126;333.889604
plugin build{plugin="bevy_render::extract_component::ExtractComponentPlugin<bevy_pbr::fog::DistanceFog>"};C:\Users\Antoi\.cargo\registry\src\index.crates.io-1949cf8c6b5b557f\bevy_app-0.18.1\src\app.rs;529;14776;0.000008;1;14776;14776;14776;0.000000
system{name="bevy_render::render_asset::extract_render_asset<bevy_render::texture::gpu_image::GpuImage>"};C:\Users\Antoi\.cargo\registry\src\index.crates.io-1949cf8c6b5b557f\bevy_ecs-0.18.1\src\system\function_system.rs;52;10566064016;5.807146;37525;281573;394;53060498;840022.297290
plugin build{plugin="bevy_gizmos_render::pipeline_3d::LineGizmo3dPlugin"};C:\Users\Antoi\.cargo\registry\src\index.crates.io-1949cf8c6b5b557f\bevy_app-0.18.1\src\app.rs;529;39746;0.000022;1;39746;39746;39746;0.000000
system{name="forgia_mode_roguelite::toon_config::sys_write_toon_sensor"};C:\Users\Antoi\.cargo\registry\src\index.crates.io-1949cf8c6b5b557f\bevy_ecs-0.18.1\src\system\function_system.rs;52;11091042;0.006096;37525;295;87;117888;667.664086
system{name="bevy_core_pipeline::core_3d::extract_core_3d_camera_phases"};C:\Users\Antoi\.cargo\registry\src\index.crates.io-1949cf8c6b5b557f\bevy_ecs-0.18.1\src\system\function_system.rs;52;58654693;0.032237;37525;1563;733;297106;2084.529625
system{name="bevy_rapier3d::plugin::plugin::insert_default_context"};C:\Users\Antoi\.cargo\registry\src\index.crates.io-1949cf8c6b5b557f\bevy_ecs-0.18.1\src\system\function_system.rs;52;520587;0.000286;1;520587;520587;520587;0.000000
plugin cleanup{plugin="bevy_winit::cursor::WinitCursorPlugin"};C:\Users\Antoi\.cargo\registry\src\index.crates.io-1949cf8c6b5b557f\bevy_app-0.18.1\src\app.rs;292;56;0.000000;1;56;56;56;0.000000
plugin cleanup{plugin="leafwing_input_manager::plugin::InputManagerPlugin<forgia_input::PlayerAction>"};C:\Users\Antoi\.cargo\registry\src\index.crates.io-1949cf8c6b5b557f\bevy_app-0.18.1\src\app.rs;292;574;0.000000;1;574;574;574;0.000000
system_commands{name="bevy_ui::accessibility::button_changed"};C:\Users\Antoi\.cargo\registry\src\index.crates.io-1949cf8c6b5b557f\bevy_ecs-0.18.1\src\system\function_system.rs;54;5032572;0.002766;37525;134;51;27601;179.294675
plugin{tag="DebugTextPlugin"};C:\Users\Antoi\.cargo\registry\src\index.crates.io-1949cf8c6b5b557f\egui-0.33.3\src\plugin.rs;145;22743795;0.012500;150100;151;49;75205;350.319235
plugin build{plugin="bevy_core_pipeline::experimental::mip_generation::MipGenerationPlugin"};C:\Users\Antoi\.cargo\registry\src\index.crates.io-1949cf8c6b5b557f\bevy_app-0.18.1\src\app.rs;529;63557;0.000035;1;63557;63557;63557;0.000000
system{name="bevy_asset::assets::Assets<bevy_gltf::assets::GltfNode>::asset_events_condition"};C:\Users\Antoi\.cargo\registry\src\index.crates.io-1949cf8c6b5b557f\bevy_ecs-0.18.1\src\system\function_system.rs;52;4349353;0.002390;37525;115;53;41588;220.866542
plugin cleanup{plugin="bevy_pbr::deferred::DeferredPbrLightingPlugin"};C:\Users\Antoi\.cargo\registry\src\index.crates.io-1949cf8c6b5b557f\bevy_app-0.18.1\src\app.rs;292;57;0.000000;1;57;57;57;0.000000
plugin cleanup{plugin="bevy_sprite_render::mesh2d::mesh::Mesh2dRenderPlugin"};C:\Users\Antoi\.cargo\registry\src\index.crates.io-1949cf8c6b5b557f\bevy_app-0.18.1\src\app.rs;292;60;0.000000;1;60;60;60;0.000000
system_commands{name="forgia_viewmodel::attach::load_weapon_models"};C:\Users\Antoi\.cargo\registry\src\index.crates.io-1949cf8c6b5b557f\bevy_ecs-0.18.1\src\system\function_system.rs;54;3758;0.000002;1;3758;3758;3758;0.000000
system{name="bevy_audio::audio_output::play_queued_audio_system<bevy_audio::pitch::Pitch>"};C:\Users\Antoi\.cargo\registry\src\index.crates.io-1949cf8c6b5b557f\bevy_ecs-0.18.1\src\system\function_system.rs;52;31026411;0.017052;37525;826;227;241103;1572.960338
system{name="bevy_egui::input_system_is_enabled<<bevy_egui::EguiPlugin as bevy_app::plugin::Plugin>::build::{{closure}}>::{{closure}}"};C:\Users\Antoi\.cargo\registry\src\index.crates.io-1949cf8c6b5b557f\bevy_ecs-0.18.1\src\system\function_system.rs;52;38765120;0.021305;375250;103;52;252478;486.842703
system{name="forgia_viewmodel::pose::apply_viewmodel_sway_bob"};C:\Users\Antoi\.cargo\registry\src\index.crates.io-1949cf8c6b5b557f\bevy_ecs-0.18.1\src\system\function_system.rs;52;39659555;0.021797;33826;1172;435;91989;764.484563
plugin finish{plugin="forgia_fps::bourrasque::ForgiaBourrasquePlugin"};C:\Users\Antoi\.cargo\registry\src\index.crates.io-1949cf8c6b5b557f\bevy_app-0.18.1\src\app.rs;272;58;0.000000;1;58;58;58;0.000000
plugin finish{plugin="bevy_post_process::dof::DepthOfFieldPlugin"};C:\Users\Antoi\.cargo\registry\src\index.crates.io-1949cf8c6b5b557f\bevy_app-0.18.1\src\app.rs;272;55;0.000000;1;55;55;55;0.000000
system{name="bevy_gizmos::start_gizmo_context<bevy_gizmos::config::DefaultGizmoConfigGroup, bevy_time::fixed::Fixed>"};C:\Users\Antoi\.cargo\registry\src\index.crates.io-1949cf8c6b5b557f\bevy_ecs-0.18.1\src\system\function_system.rs;52;6152679;0.003382;37525;163;86;66689;383.482056
system_commands{name="bevy_anti_alias::taa::extract_taa_settings"};C:\Users\Antoi\.cargo\registry\src\index.crates.io-1949cf8c6b5b557f\bevy_ecs-0.18.1\src\system\function_system.rs;54;34857446;0.019158;37525;928;359;72228;702.585963
system{name="forgia_mode_roguelite::elements::sys_apply_elements_on_hit"};C:\Users\Antoi\.cargo\registry\src\index.crates.io-1949cf8c6b5b557f\bevy_ecs-0.18.1\src\system\function_system.rs;52;22436831;0.012331;33826;663;253;147433;948.805410
system{name="bevy_render::view::visibility::range::extract_visibility_ranges"};C:\Users\Antoi\.cargo\registry\src\index.crates.io-1949cf8c6b5b557f\bevy_ecs-0.18.1\src\system\function_system.rs;52;17649700;0.009700;37525;470;131;67780;476.459867
plugin finish{plugin="bevy_render::extract_component::UniformComponentPlugin<bevy_gizmos_render::LineGizmoUniform>"};C:\Users\Antoi\.cargo\registry\src\index.crates.io-1949cf8c6b5b557f\bevy_app-0.18.1\src\app.rs;272;160;0.000000;1;160;160;160;0.000000
system{name="forgia_mode_roguelite::hud::draw_zone_reward_cards"};C:\Users\Antoi\.cargo\registry\src\index.crates.io-1949cf8c6b5b557f\bevy_ecs-0.18.1\src\system\function_system.rs;52;13785921;0.007577;37525;367;98;32064;277.975656
plugin build{plugin="bevy_gltf::GltfPlugin"};C:\Users\Antoi\.cargo\registry\src\index.crates.io-1949cf8c6b5b557f\bevy_app-0.18.1\src\app.rs;529;3972456;0.002183;1;3972456;3972456;3972456;0.000000
system{name="bevy_diagnostic::entity_count_diagnostics_plugin::EntityCountDiagnosticsPlugin::diagnostic_system"};C:\Users\Antoi\.cargo\registry\src\index.crates.io-1949cf8c6b5b557f\bevy_ecs-0.18.1\src\system\function_system.rs;52;167488584;0.092052;37525;4463;473;213818;2973.165477
system{name="bevy_render::batching::gpu_preprocessing::collect_buffers_for_phase<bevy_core_pipeline::deferred::Opaque3dDeferred, bevy_pbr::render::mesh::MeshPipeline>"};C:\Users\Antoi\.cargo\registry\src\index.crates.io-1949cf8c6b5b557f\bevy_ecs-0.18.1\src\system\function_system.rs;52;32478897;0.017851;37525;865;273;56746;576.038064
plugin finish{plugin="bevy_render::mesh::MeshRenderAssetPlugin"};C:\Users\Antoi\.cargo\registry\src\index.crates.io-1949cf8c6b5b557f\bevy_app-0.18.1\src\app.rs;272;61;0.000000;1;61;61;61;0.000000
system{name="bevy_pbr::render::gpu_preprocess::write_mesh_culling_data_buffer"};C:\Users\Antoi\.cargo\registry\src\index.crates.io-1949cf8c6b5b557f\bevy_ecs-0.18.1\src\system\function_system.rs;52;307353548;0.168923;37525;8190;814;481574;9784.724572
plugin build{plugin="bevy_render::extract_component::ExtractComponentPlugin<bevy_anti_alias::smaa::Smaa>"};C:\Users\Antoi\.cargo\registry\src\index.crates.io-1949cf8c6b5b557f\bevy_app-0.18.1\src\app.rs;529;18346;0.000010;1;18346;18346;18346;0.000000
system{name="forgia_ui::weapon_preview::sys_clone_arm_materials"};C:\Users\Antoi\.cargo\registry\src\index.crates.io-1949cf8c6b5b557f\bevy_ecs-0.18.1\src\system\function_system.rs;52;13136040;0.007220;3699;3551;1918;69231;1602.730559
system_commands{name="bevy_camera::visibility::calculate_bounds"};C:\Users\Antoi\.cargo\registry\src\index.crates.io-1949cf8c6b5b557f\bevy_ecs-0.18.1\src\system\function_system.rs;54;4806894;0.002642;37525;128;52;245825;1582.001655
asset loading{loader="bevy_image::image_loader::ImageLoader" asset="embedded://bevy_anti_alias\\smaa\\SMAASearchLUT.ktx2"};C:\Users\Antoi\.cargo\registry\src\index.crates.io-1949cf8c6b5b557f\bevy_asset-0.18.1\src\server\loaders.rs;332;20683;0.000011;2;10341;91;20592;14496.396138
system{name="bevy_core_pipeline::oit::prepare_oit_buffers"};C:\Users\Antoi\.cargo\registry\src\index.crates.io-1949cf8c6b5b557f\bevy_ecs-0.18.1\src\system\function_system.rs;52;35245506;0.019371;37525;939;299;65814;623.640179
plugin finish{plugin="bevy_pbr::atmosphere::AtmospherePlugin"};C:\Users\Antoi\.cargo\registry\src\index.crates.io-1949cf8c6b5b557f\bevy_app-0.18.1\src\app.rs;272;443122;0.000244;1;443122;443122;443122;0.000000
plugin cleanup{plugin="forgia_mode_roguelite::loot_room::RogueliteLootRoomPlugin"};C:\Users\Antoi\.cargo\registry\src\index.crates.io-1949cf8c6b5b557f\bevy_app-0.18.1\src\app.rs;292;56;0.000000;1;56;56;56;0.000000
system{name="forgia_mode_roguelite::hud::draw_stage_notification"};C:\Users\Antoi\.cargo\registry\src\index.crates.io-1949cf8c6b5b557f\bevy_ecs-0.18.1\src\system\function_system.rs;52;4731340;0.002600;37525;126;56;78701;428.758131
system{name="forgia_mode_roguelite::elements::sys_reset_element_stats"};C:\Users\Antoi\.cargo\registry\src\index.crates.io-1949cf8c6b5b557f\bevy_ecs-0.18.1\src\system\function_system.rs;52;215;0.000000;1;215;215;215;0.000000
plugin cleanup{plugin="forgia_mode_roguelite::hub::HubPlugin"};C:\Users\Antoi\.cargo\registry\src\index.crates.io-1949cf8c6b5b557f\bevy_app-0.18.1\src\app.rs;292;56;0.000000;1;56;56;56;0.000000
asset loading{loader="bevy_image::image_loader::ImageLoader" asset="ui/menu_video/frame_0058.webp"};C:\Users\Antoi\.cargo\registry\src\index.crates.io-1949cf8c6b5b557f\bevy_asset-0.18.1\src\server\loaders.rs;332;15361095;0.008443;5;3072219;146;15318642;6845963.487299
system_commands{name="forgia_foliage::material_override::preload_bark_textures"};C:\Users\Antoi\.cargo\registry\src\index.crates.io-1949cf8c6b5b557f\bevy_ecs-0.18.1\src\system\function_system.rs;54;3684;0.000002;1;3684;3684;3684;0.000000
system_commands{name="forgia_worldgen::streaming::sys_stream_city"};C:\Users\Antoi\.cargo\registry\src\index.crates.io-1949cf8c6b5b557f\bevy_ecs-0.18.1\src\system\function_system.rs;54;2894536;0.001591;33826;85;50;40924;293.260653
system{name="bevy_winit::system::changed_cursor_options"};C:\Users\Antoi\.cargo\registry\src\index.crates.io-1949cf8c6b5b557f\bevy_ecs-0.18.1\src\system\function_system.rs;52;51081178;0.028074;37525;1361;219;1437896;16499.497159
remove_pair;C:\Users\Antoi\.cargo\registry\src\index.crates.io-1949cf8c6b5b557f\rapier3d-0.31.0\src\geometry\narrow_phase.rs;536;106213;0.000058;170;624;171;10589;791.532836
system{name="forgia_mode_roguelite::parcours_obstacles::sys_slide_obstacles"};C:\Users\Antoi\.cargo\registry\src\index.crates.io-1949cf8c6b5b557f\bevy_ecs-0.18.1\src\system\function_system.rs;52;9629944;0.005293;33826;284;77;93991;768.100077
asset loading{loader="bevy_shader::shader::ShaderLoader" asset="embedded://bevy_post_process\\bloom\\bloom.wgsl"};C:\Users\Antoi\.cargo\registry\src\index.crates.io-1949cf8c6b5b557f\bevy_asset-0.18.1\src\server\loaders.rs;332;671980;0.000369;2;335990;71;671909;475061.205659
system{name="bevy_picking::PickingSettings::hover_should_run"};C:\Users\Antoi\.cargo\registry\src\index.crates.io-1949cf8c6b5b557f\bevy_ecs-0.18.1\src\system\function_system.rs;52;3111467;0.001710;37525;82;56;10716;61.355605
system{name="forgia_ui::block_look_on"};C:\Users\Antoi\.cargo\registry\src\index.crates.io-1949cf8c6b5b557f\bevy_ecs-0.18.1\src\system\function_system.rs;52;131866;0.000072;1;131866;131866;131866;0.000000
plugin cleanup{plugin="bevy_render::extract_component::UniformComponentPlugin<bevy_pbr::deferred::PbrDeferredLightingDepthId>"};C:\Users\Antoi\.cargo\registry\src\index.crates.io-1949cf8c6b5b557f\bevy_app-0.18.1\src\app.rs;292;54;0.000000;1;54;54;54;0.000000
system_commands{name="bevy_egui::render::systems::queue_pipelines_system"};C:\Users\Antoi\.cargo\registry\src\index.crates.io-1949cf8c6b5b557f\bevy_ecs-0.18.1\src\system\function_system.rs;54;30546509;0.016788;37525;814;329;118362;948.449541
asset loading{loader="bevy_image::image_loader::ImageLoader" asset="ui/menu_video/frame_0213.webp"};C:\Users\Antoi\.cargo\registry\src\index.crates.io-1949cf8c6b5b557f\bevy_asset-0.18.1\src\server\loaders.rs;332;15522453;0.008531;6;2587075;118;15452184;6302599.669886
system{name="bevy_ui_render::gradient::queue_gradient"};C:\Users\Antoi\.cargo\registry\src\index.crates.io-1949cf8c6b5b557f\bevy_ecs-0.18.1\src\system\function_system.rs;52;25775192;0.014166;37525;686;187;82161;703.738572
system_commands{name="bevy_post_process::effect_stack::init_post_processing_pipeline"};C:\Users\Antoi\.cargo\registry\src\index.crates.io-1949cf8c6b5b557f\bevy_ecs-0.18.1\src\system\function_system.rs;54;4674;0.000003;1;4674;4674;4674;0.000000
asset loading{loader="bevy_shader::shader::ShaderLoader" asset="embedded://bevy_core_pipeline\\tonemapping\\tonemapping_shared.wgsl"};C:\Users\Antoi\.cargo\registry\src\index.crates.io-1949cf8c6b5b557f\bevy_asset-0.18.1\src\server\loaders.rs;332;976563;0.000537;2;488281;214;976349;690231.677854
system{name="bevy_core_pipeline::skybox::prepass::prepare_skybox_prepass_pipelines"};C:\Users\Antoi\.cargo\registry\src\index.crates.io-1949cf8c6b5b557f\bevy_ecs-0.18.1\src\system\function_system.rs;52;10367471;0.005698;37525;276;83;100882;567.093167
system{name="bevy_app::propagate::update_removed_limit<bevy_ui::ui_node::ComputedUiTargetCamera, (), bevy_ecs::hierarchy::ChildOf>"};C:\Users\Antoi\.cargo\registry\src\index.crates.io-1949cf8c6b5b557f\bevy_ecs-0.18.1\src\system\function_system.rs;52;15373635;0.008449;37525;409;62;9392;225.650559
asset loading{loader="bevy_shader::shader::ShaderLoader" asset="embedded://bevy_ui_render\\color_space.wgsl"};C:\Users\Antoi\.cargo\registry\src\index.crates.io-1949cf8c6b5b557f\bevy_asset-0.18.1\src\server\loaders.rs;332;486900;0.000268;2;243450;77;486823;344181.397315
plugin build{plugin="forgia_rpg_data::dialogue::ForgiaDialoguePlugin"};C:\Users\Antoi\.cargo\registry\src\index.crates.io-1949cf8c6b5b557f\bevy_app-0.18.1\src\app.rs;529;186022;0.000102;1;186022;186022;186022;0.000000
system{name="forgia_mode_roguelite::parcours_obstacles::sys_swing_hammers"};C:\Users\Antoi\.cargo\registry\src\index.crates.io-1949cf8c6b5b557f\bevy_ecs-0.18.1\src\system\function_system.rs;52;12540278;0.006892;33826;370;98;123039;712.895292
asset loading{loader="bevy_image::image_loader::ImageLoader" asset="ui/menu_video/frame_0235.webp"};C:\Users\Antoi\.cargo\registry\src\index.crates.io-1949cf8c6b5b557f\bevy_asset-0.18.1\src\server\loaders.rs;332;20812740;0.011439;6;3468790;170;20775944;8478741.153136
asset loading{loader="forgia_genome_core::GenomeLoader<forgia_viewmodel::genome::ViewmodelGenome>" asset="genomes/viewmodel_arena.toml"};C:\Users\Antoi\.cargo\registry\src\index.crates.io-1949cf8c6b5b557f\bevy_asset-0.18.1\src\server\loaders.rs;332;349257;0.000192;4;87314;148;305396;146759.407232
plugin cleanup{plugin="forgia_ui::weapon_preview::WeaponPreviewPlugin"};C:\Users\Antoi\.cargo\registry\src\index.crates.io-1949cf8c6b5b557f\bevy_app-0.18.1\src\app.rs;292;55;0.000000;1;55;55;55;0.000000
system{name="bevy_light::check_point_light_mesh_visibility"};C:\Users\Antoi\.cargo\registry\src\index.crates.io-1949cf8c6b5b557f\bevy_ecs-0.18.1\src\system\function_system.rs;52;79907469;0.043917;37525;2129;251;200541;1576.195015
system{name="bevy_asset::assets::Assets<bevy_animation::AnimationClip>::asset_events"};C:\Users\Antoi\.cargo\registry\src\index.crates.io-1949cf8c6b5b557f\bevy_ecs-0.18.1\src\system\function_system.rs;52;15505;0.000009;3;5168;683;9072;4224.639925
asset loading{loader="bevy_kira_audio::source::ogg_loader::OggLoader" asset="audio/roguelite/sfx/weakspot.ogg"};C:\Users\Antoi\.cargo\registry\src\index.crates.io-1949cf8c6b5b557f\bevy_asset-0.18.1\src\server\loaders.rs;332;795295;0.000437;4;198823;100;782069;388842.159298
system{name="bevy_gilrs::gilrs_system::gilrs_event_system"};C:\Users\Antoi\.cargo\registry\src\index.crates.io-1949cf8c6b5b557f\bevy_ecs-0.18.1\src\system\function_system.rs;52;58513856;0.032159;37525;1559;740;230806;1617.798784
system{name="forgia_mode_roguelite::render_quality::sys_init_render_genome"};C:\Users\Antoi\.cargo\registry\src\index.crates.io-1949cf8c6b5b557f\bevy_ecs-0.18.1\src\system\function_system.rs;52;262455;0.000144;1;262455;262455;262455;0.000000
plugin cleanup{plugin="bevy_core_pipeline::core_2d::Core2dPlugin"};C:\Users\Antoi\.cargo\registry\src\index.crates.io-1949cf8c6b5b557f\bevy_app-0.18.1\src\app.rs;292;57;0.000000;1;57;57;57;0.000000
system{name="forgia_mode_roguelite::decor::sys_load_decor_assets"};C:\Users\Antoi\.cargo\registry\src\index.crates.io-1949cf8c6b5b557f\bevy_ecs-0.18.1\src\system\function_system.rs;52;228425;0.000126;1;228425;228425;228425;0.000000
system{name="bevy_pbr::render::gpu_preprocess::prepare_preprocess_bind_groups"};C:\Users\Antoi\.cargo\registry\src\index.crates.io-1949cf8c6b5b557f\bevy_ecs-0.18.1\src\system\function_system.rs;52;2714431550;1.491861;37525;72336;7008;31949438;199490.440453
system{name="forgia_damage::load_hit_feedback"};C:\Users\Antoi\.cargo\registry\src\index.crates.io-1949cf8c6b5b557f\bevy_ecs-0.18.1\src\system\function_system.rs;52;17170;0.000009;1;17170;17170;17170;0.000000
par_for_each{query="(bevy_ecs::entity::Entity, &bevy_camera::visibility::InheritedVisibility, core::option::Option<&bevy_camera::visibility::render_layers::RenderLayers>, core::option::Option<&bevy_camera::primitives::Aabb>, core::option::Option<&bevy_transform::components::global_transform::GlobalTransform>, bevy_ecs::query::fetch::Has<bevy_camera::visibility::range::VisibilityRange>, bevy_ecs::query::fetch::Has<bevy_camera::visibility::NoFrustumCulling>)" filter="(bevy_ecs::query::filter::Without<bevy_light::NotShadowCaster>, bevy_ecs::query::filter::Without<bevy_light::directional_light::DirectionalLight>, bevy_ecs::query::filter::With<bevy_mesh::components::Mesh3d>)"};C:\Users\Antoi\.cargo\registry\src\index.crates.io-1949cf8c6b5b557f\bevy_ecs-0.18.1\src\query\state.rs;246;5437723986;2.988592;6022467;902;72;773565;831.243572
plugin build{plugin="bevy_app::propagate::HierarchyPropagatePlugin<bevy_ui::ui_node::ComputedUiRenderTargetInfo>"};C:\Users\Antoi\.cargo\registry\src\index.crates.io-1949cf8c6b5b557f\bevy_app-0.18.1\src\app.rs;529;263644;0.000145;1;263644;263644;263644;0.000000
asset loading{loader="bevy_image::image_loader::ImageLoader" asset="ui/menu_video/frame_0202.webp"};C:\Users\Antoi\.cargo\registry\src\index.crates.io-1949cf8c6b5b557f\bevy_asset-0.18.1\src\server\loaders.rs;332;17995074;0.009890;7;2570724;79;17935424;6775199.607291
system{name="bevy_ui_render::queue_uinodes"};C:\Users\Antoi\.cargo\registry\src\index.crates.io-1949cf8c6b5b557f\bevy_ecs-0.18.1\src\system\function_system.rs;52;29728145;0.016339;37525;792;275;100689;782.494848
asset loading{loader="bevy_image::image_loader::ImageLoader" asset="ui/menu_video/frame_0033.webp"};C:\Users\Antoi\.cargo\registry\src\index.crates.io-1949cf8c6b5b557f\bevy_asset-0.18.1\src\server\loaders.rs;332;16349459;0.008986;7;2335637;163;16309430;6161866.400825
system{name="bevy_pbr::decal::clustered::extract_clustered_decal"};C:\Users\Antoi\.cargo\registry\src\index.crates.io-1949cf8c6b5b557f\bevy_ecs-0.18.1\src\system\function_system.rs;52;22896076;0.012584;37525;610;180;20440;308.093172
update;C:\Users\Antoi\.cargo\registry\src\index.crates.io-1949cf8c6b5b557f\rapier3d-0.31.0\src\dynamics\solver\joint_constraint\joint_constraints_set.rs;328;3410665;0.001875;46004;74;46;23045;121.919427
plugin build{plugin="bevy_hanabi::plugin::HanabiPlugin"};C:\Users\Antoi\.cargo\registry\src\index.crates.io-1949cf8c6b5b557f\bevy_app-0.18.1\src\app.rs;529;4393615;0.002415;1;4393615;4393615;4393615;0.000000
system{name="bevy_hanabi::render::extract_effects"};C:\Users\Antoi\.cargo\registry\src\index.crates.io-1949cf8c6b5b557f\bevy_ecs-0.18.1\src\system\function_system.rs;52;1717949743;0.944191;37525;45781;31871;1396115;10994.683199
plugin cleanup{plugin="bevy_render::sync_component::SyncComponentPlugin<bevy_pbr::atmosphere::Atmosphere>"};C:\Users\Antoi\.cargo\registry\src\index.crates.io-1949cf8c6b5b557f\bevy_app-0.18.1\src\app.rs;292;56;0.000000;1;56;56;56;0.000000
plugin cleanup{plugin="bevy_camera::visibility::VisibilityPlugin"};C:\Users\Antoi\.cargo\registry\src\index.crates.io-1949cf8c6b5b557f\bevy_app-0.18.1\src\app.rs;292;61;0.000000;1;61;61;61;0.000000
asset loading{loader="bevy_image::image_loader::ImageLoader" asset="ui/menu_video/frame_0180.webp"};C:\Users\Antoi\.cargo\registry\src\index.crates.io-1949cf8c6b5b557f\bevy_asset-0.18.1\src\server\loaders.rs;332;15313578;0.008416;6;2552263;78;15271862;6231307.854068
system{name="forgia_mode_roguelite::kill_popup::draw_kill_popups"};C:\Users\Antoi\.cargo\registry\src\index.crates.io-1949cf8c6b5b557f\bevy_ecs-0.18.1\src\system\function_system.rs;52;17140149;0.009420;37525;456;153;93220;604.838222
system{name="bevy_asset::assets::Assets<forgia_genome_core::Genome<forgia_killfeed::tuning::KillfeedTuning>>::asset_events"};C:\Users\Antoi\.cargo\registry\src\index.crates.io-1949cf8c6b5b557f\bevy_ecs-0.18.1\src\system\function_system.rs;52;422;0.000000;1;422;422;422;0.000000
asset loading{loader="bevy_gltf::loader::GltfLoader" asset="models/environment/inferno/PedestalBig_001.glb"};C:\Users\Antoi\.cargo\registry\src\index.crates.io-1949cf8c6b5b557f\bevy_asset-0.18.1\src\server\loaders.rs;332;7042011;0.003870;4;1760502;172;7034439;3515958.042902
plugin build{plugin="forgia_mode_roguelite::trempe::RogueliteTrempePlugin"};C:\Users\Antoi\.cargo\registry\src\index.crates.io-1949cf8c6b5b557f\bevy_app-0.18.1\src\app.rs;529;18173;0.000010;1;18173;18173;18173;0.000000
solve_constraints;C:\Users\Antoi\.cargo\registry\src\index.crates.io-1949cf8c6b5b557f\rapier3d-0.31.0\src\dynamics\solver\velocity_solver.rs;149;163242926;0.089719;11501;14193;11298;108198;3661.190565
system{name="bevy_asset::assets::Assets<bevy_hanabi::asset::EffectAsset>::asset_events"};C:\Users\Antoi\.cargo\registry\src\index.crates.io-1949cf8c6b5b557f\bevy_ecs-0.18.1\src\system\function_system.rs;52;1210;0.000001;1;1210;1210;1210;0.000000
system{name="forgia_ui_lib::pause_menu::apply_settings_to_tuning"};C:\Users\Antoi\.cargo\registry\src\index.crates.io-1949cf8c6b5b557f\bevy_ecs-0.18.1\src\system\function_system.rs;52;5394878;0.002965;37525;143;57;68023;387.619008
plugin finish{plugin="leafwing_input_manager::plugin::CentralInputStorePlugin"};C:\Users\Antoi\.cargo\registry\src\index.crates.io-1949cf8c6b5b557f\bevy_app-0.18.1\src\app.rs;272;56;0.000000;1;56;56;56;0.000000
system{name="bevy_asset::assets::Assets<bevy_animation::graph::AnimationGraph>::track_assets"};C:\Users\Antoi\.cargo\registry\src\index.crates.io-1949cf8c6b5b557f\bevy_ecs-0.18.1\src\system\function_system.rs;52;45117292;0.024797;37525;1202;86;1051216;12717.563086
system{name="bevy_winit::accessibility::should_update_accessibility_nodes"};C:\Users\Antoi\.cargo\registry\src\index.crates.io-1949cf8c6b5b557f\bevy_ecs-0.18.1\src\system\function_system.rs;52;12871910;0.007074;37525;343;65;81447;683.515494
system{name="forgia_player::dash::dash_motion_system"};C:\Users\Antoi\.cargo\registry\src\index.crates.io-1949cf8c6b5b557f\bevy_ecs-0.18.1\src\system\function_system.rs;52;6100563;0.003353;10455;583;161;41686;664.614169
asset loading{loader="bevy_image::image_loader::ImageLoader" asset="ui/menu_video/frame_0228.webp"};C:\Users\Antoi\.cargo\registry\src\index.crates.io-1949cf8c6b5b557f\bevy_asset-0.18.1\src\server\loaders.rs;332;15087116;0.008292;6;2514519;149;15049509;6140869.550312
system{name="forgia_mode_roguelite::weapon_select::sys_hot_reload_weapon_cards"};C:\Users\Antoi\.cargo\registry\src\index.crates.io-1949cf8c6b5b557f\bevy_ecs-0.18.1\src\system\function_system.rs;52;14360564;0.007893;33826;424;78;117881;3566.535510
system{name="bevy_pbr::atmosphere::environment::prepare_atmosphere_probe_components"};C:\Users\Antoi\.cargo\registry\src\index.crates.io-1949cf8c6b5b557f\bevy_ecs-0.18.1\src\system\function_system.rs;52;18038594;0.009914;37525;480;138;204028;1270.404406
system{name="forgia_mode_roguelite::forge_shop::draw_forge_prompt"};C:\Users\Antoi\.cargo\registry\src\index.crates.io-1949cf8c6b5b557f\bevy_ecs-0.18.1\src\system\function_system.rs;52;9591676;0.005272;33826;283;81;82750;603.308682
system{name="bevy_core_pipeline::skybox::prepass::prepare_skybox_prepass_bind_groups"};C:\Users\Antoi\.cargo\registry\src\index.crates.io-1949cf8c6b5b557f\bevy_ecs-0.18.1\src\system\function_system.rs;52;9726642;0.005346;37525;259;84;161043;908.307942
system{name="bevy_ui_render::extract_uinode_images"};C:\Users\Antoi\.cargo\registry\src\index.crates.io-1949cf8c6b5b557f\bevy_ecs-0.18.1\src\system\function_system.rs;52;23486864;0.012908;37525;625;165;41015;418.303127
system{name="bevy_app::propagate::on_r_inserted<bevy_ui::ui_node::ComputedUiRenderTargetInfo, (), bevy_ecs::hierarchy::ChildOf>"};C:\Users\Antoi\.cargo\registry\src\index.crates.io-1949cf8c6b5b557f\bevy_ecs-0.18.1\src\system\function_system.rs;52;757191;0.000416;4446;170;60;207146;3115.160008
system{name="forgia_enemy_nameplate::update_defense_bars"};C:\Users\Antoi\.cargo\registry\src\index.crates.io-1949cf8c6b5b557f\bevy_ecs-0.18.1\src\system\function_system.rs;52;38800292;0.021325;37525;1033;118;89393;1303.555640
asset loading{loader="bevy_image::image_loader::ImageLoader" asset="ui/menu_video/frame_0082.webp"};C:\Users\Antoi\.cargo\registry\src\index.crates.io-1949cf8c6b5b557f\bevy_asset-0.18.1\src\server\loaders.rs;332;16812960;0.009240;6;2802160;76;16774331;6844939.841971
asset loading{loader="bevy_kira_audio::source::ogg_loader::OggLoader" asset="audio/roguelite/sfx/ding_gold.ogg"};C:\Users\Antoi\.cargo\registry\src\index.crates.io-1949cf8c6b5b557f\bevy_asset-0.18.1\src\server\loaders.rs;332;1322972;0.000727;4;330743;136;1313406;655113.316381
asset loading{loader="bevy_image::image_loader::ImageLoader" asset="ui/menu_video/frame_0026.webp"};C:\Users\Antoi\.cargo\registry\src\index.crates.io-1949cf8c6b5b557f\bevy_asset-0.18.1\src\server\loaders.rs;332;30057789;0.016520;14;2146984;86;15682749;5447073.896137
system{name="bevy_audio::audio_output::cleanup_finished_audio<bevy_audio::audio_source::AudioSource>"};C:\Users\Antoi\.cargo\registry\src\index.crates.io-1949cf8c6b5b557f\bevy_ecs-0.18.1\src\system\function_system.rs;52;20369447;0.011195;37525;542;156;101184;762.405724
system_commands{name="bevy_ui_render::extract_uinode_background_colors"};C:\Users\Antoi\.cargo\registry\src\index.crates.io-1949cf8c6b5b557f\bevy_ecs-0.18.1\src\system\function_system.rs;54;3372235;0.001853;37525;89;50;1212;23.830281
asset loading{loader="bevy_gltf::loader::GltfLoader" asset="models/environment/inferno/Vase_001.glb"};C:\Users\Antoi\.cargo\registry\src\index.crates.io-1949cf8c6b5b557f\bevy_asset-0.18.1\src\server\loaders.rs;332;478236442;0.262840;4;119559110;3205;478216689;239105052.374440
asset loading{loader="bevy_image::image_loader::ImageLoader" asset="ui/menu_video/frame_0124.webp"};C:\Users\Antoi\.cargo\registry\src\index.crates.io-1949cf8c6b5b557f\bevy_asset-0.18.1\src\server\loaders.rs;332;15536629;0.008539;5;3107325;100;15504933;6930475.679695
indexed_cpu_metadata;C:\Users\Antoi\.cargo\registry\src\index.crates.io-1949cf8c6b5b557f\bevy_render-0.18.1\src\batching\gpu_preprocessing.rs;2124;1009421024;0.554781;337725;2988;47;2697621;9510.965493
plugin finish{plugin="bevy_render::sync_component::SyncComponentPlugin<bevy_light::point_light::PointLight>"};C:\Users\Antoi\.cargo\registry\src\index.crates.io-1949cf8c6b5b557f\bevy_app-0.18.1\src\app.rs;272;53;0.000000;1;53;53;53;0.000000
asset loading{loader="bevy_image::image_loader::ImageLoader" asset="textures/vfx/kenney/twirl_01.png"};C:\Users\Antoi\.cargo\registry\src\index.crates.io-1949cf8c6b5b557f\bevy_asset-0.18.1\src\server\loaders.rs;332;539374;0.000296;4;134843;80;529323;263017.810159
system_commands{name="bevy_core_pipeline::oit::resolve::queue_oit_resolve_pipeline"};C:\Users\Antoi\.cargo\registry\src\index.crates.io-1949cf8c6b5b557f\bevy_ecs-0.18.1\src\system\function_system.rs;54;9603357;0.005278;37525;255;78;134220;871.533895
plugin cleanup{plugin="forgia_mode_roguelite::kill_popup::RogueliteKillPopupPlugin"};C:\Users\Antoi\.cargo\registry\src\index.crates.io-1949cf8c6b5b557f\bevy_app-0.18.1\src\app.rs;292;52;0.000000;1;52;52;52;0.000000
system{name="bevy_ecs::schedule::condition::common_conditions::resource_changed<bevy_water::water::WaterSettings>"};C:\Users\Antoi\.cargo\registry\src\index.crates.io-1949cf8c6b5b557f\bevy_ecs-0.18.1\src\system\function_system.rs;52;7607148;0.004181;75050;101;53;122602;729.955922
system{name="forgia_mode_roguelite::pipeline_warmup::sys_tick_warmup"};C:\Users\Antoi\.cargo\registry\src\index.crates.io-1949cf8c6b5b557f\bevy_ecs-0.18.1\src\system\function_system.rs;52;125889;0.000069;91;1383;204;90031;9401.576686
system{name="bevy_egui::render::systems::queue_pipelines_system"};C:\Users\Antoi\.cargo\registry\src\index.crates.io-1949cf8c6b5b557f\bevy_ecs-0.18.1\src\system\function_system.rs;52;58454594;0.032127;37525;1557;578;190800;1529.193928
system_commands{name="forgia_mode_roguelite::status_vfx::sys_attach_poison_vfx"};C:\Users\Antoi\.cargo\registry\src\index.crates.io-1949cf8c6b5b557f\bevy_ecs-0.18.1\src\system\function_system.rs;54;4633462;0.002547;33826;136;50;84101;771.966541
system_commands{name="bevy_pbr::ssr::prepare_ssr_settings"};C:\Users\Antoi\.cargo\registry\src\index.crates.io-1949cf8c6b5b557f\bevy_ecs-0.18.1\src\system\function_system.rs;54;102104490;0.056117;37525;2720;1252;127597;1443.864648
system_commands{name="forgia_rpg_data::dialogue::start_sessions"};C:\Users\Antoi\.cargo\registry\src\index.crates.io-1949cf8c6b5b557f\bevy_ecs-0.18.1\src\system\function_system.rs;54;2225189;0.001223;37525;59;50;11563;76.930665
plugin finish{plugin="forgia_mode_roguelite::boucherie_rocket::BoucherieRocketPlugin"};C:\Users\Antoi\.cargo\registry\src\index.crates.io-1949cf8c6b5b557f\bevy_app-0.18.1\src\app.rs;272;60;0.000000;1;60;60;60;0.000000
system{name="bevy_asset::assets::Assets<forgia_genome_core::Genome<forgia_stage::RoguelitePoisGenome>>::asset_events_condition"};C:\Users\Antoi\.cargo\registry\src\index.crates.io-1949cf8c6b5b557f\bevy_ecs-0.18.1\src\system\function_system.rs;52;4516905;0.002483;37525;120;56;32447;215.353906
system{name="bevy_pbr::render::light::extracted_light_removed"};C:\Users\Antoi\.cargo\registry\src\index.crates.io-1949cf8c6b5b557f\bevy_ecs-0.18.1\src\system\function_system.rs;52;2206;0.000001;32;68;56;187;27.053114
asset loading{loader="bevy_image::image_loader::ImageLoader" asset="ui/menu_video/frame_0254.webp"};C:\Users\Antoi\.cargo\registry\src\index.crates.io-1949cf8c6b5b557f\bevy_asset-0.18.1\src\server\loaders.rs;332;14775154;0.008120;6;2462525;95;14739727;6014578.299735
plugin build{plugin="bevy_render::extract_component::ExtractComponentPlugin<bevy_core_pipeline::skybox::Skybox>"};C:\Users\Antoi\.cargo\registry\src\index.crates.io-1949cf8c6b5b557f\bevy_app-0.18.1\src\app.rs;529;22168;0.000012;1;22168;22168;22168;0.000000
system{name="forgia_mode_roguelite::pipeline_warmup::on_warmup_scene_ready"};C:\Users\Antoi\.cargo\registry\src\index.crates.io-1949cf8c6b5b557f\bevy_ecs-0.18.1\src\system\function_system.rs;52;50196;0.000028;50;1003;224;4618;890.381688
plugin finish{plugin="bevy_render::extract_component::ExtractComponentPlugin<bevy_post_process::bloom::settings::Bloom>"};C:\Users\Antoi\.cargo\registry\src\index.crates.io-1949cf8c6b5b557f\bevy_app-0.18.1\src\app.rs;272;117;0.000000;1;117;117;117;0.000000
plugin cleanup{plugin="forgia_mode_roguelite::trempe::RogueliteTrempePlugin"};C:\Users\Antoi\.cargo\registry\src\index.crates.io-1949cf8c6b5b557f\bevy_app-0.18.1\src\app.rs;292;56;0.000000;1;56;56;56;0.000000
asset loading{loader="forgia_genome_core::GenomeLoader<forgia_damage::HitFeedbackTuning>" asset="genomes/damage_feedback/hit_feedback.toml"};C:\Users\Antoi\.cargo\registry\src\index.crates.io-1949cf8c6b5b557f\bevy_asset-0.18.1\src\server\loaders.rs;332;1481058;0.000814;4;370264;250;1420887;700683.315028
system{name="bevy_pbr::light_probe::gather_light_probes<bevy_light::probe::EnvironmentMapLight>"};C:\Users\Antoi\.cargo\registry\src\index.crates.io-1949cf8c6b5b557f\bevy_ecs-0.18.1\src\system\function_system.rs;52;55723400;0.030626;37525;1484;559;37873;580.778677
asset loading{loader="bevy_gltf::loader::GltfLoader" asset="models/environment/inferno/Gear_001.glb"};C:\Users\Antoi\.cargo\registry\src\index.crates.io-1949cf8c6b5b557f\bevy_asset-0.18.1\src\server\loaders.rs;332;6841940;0.003760;4;1710485;188;6821897;3407616.748305
asset loading{loader="bevy_shader::shader::ShaderLoader" asset="embedded://bevy_pbr\\render/pbr_prepass.wgsl"};C:\Users\Antoi\.cargo\registry\src\index.crates.io-1949cf8c6b5b557f\bevy_asset-0.18.1\src\server\loaders.rs;332;214402;0.000118;2;107201;80;214322;151491.971015
system_commands{name="forgia_enemy_nameplate::tick_lifetime_and_despawn"};C:\Users\Antoi\.cargo\registry\src\index.crates.io-1949cf8c6b5b557f\bevy_ecs-0.18.1\src\system\function_system.rs;54;4499879;0.002473;37525;119;58;74128;467.804544
plugin build{plugin="bevy_render::view::window::WindowRenderPlugin"};C:\Users\Antoi\.cargo\registry\src\index.crates.io-1949cf8c6b5b557f\bevy_app-0.18.1\src\app.rs;529;680367;0.000374;1;680367;680367;680367;0.000000
plugin build{plugin="forgia_crosshair::ForgiaCrosshairPlugin"};C:\Users\Antoi\.cargo\registry\src\index.crates.io-1949cf8c6b5b557f\bevy_app-0.18.1\src\app.rs;529;1050602;0.000577;1;1050602;1050602;1050602;0.000000
system{name="forgia_juice_screen_flash::ingest_flash_events"};C:\Users\Antoi\.cargo\registry\src\index.crates.io-1949cf8c6b5b557f\bevy_ecs-0.18.1\src\system\function_system.rs;52;26775947;0.014716;37525;713;177;134059;1305.529738
system{name="bevy_asset::assets::Assets<forgia_genome_core::Genome<forgia_ui_lib::hud::barks::BarkGenome>>::track_assets"};C:\Users\Antoi\.cargo\registry\src\index.crates.io-1949cf8c6b5b557f\bevy_ecs-0.18.1\src\system\function_system.rs;52;51921260;0.028536;37525;1383;130;975441;12942.252961
system{name="forgia_mode_roguelite::audio::sys_music_update"};C:\Users\Antoi\.cargo\registry\src\index.crates.io-1949cf8c6b5b557f\bevy_ecs-0.18.1\src\system\function_system.rs;52;10092440;0.005547;33826;298;106;26359;226.053278
plugin cleanup{plugin="bevy_animation::AnimationPlugin"};C:\Users\Antoi\.cargo\registry\src\index.crates.io-1949cf8c6b5b557f\bevy_app-0.18.1\src\app.rs;292;55;0.000000;1;55;55;55;0.000000
node{name="bevy_render::render_graph::node::ViewNodeRunner<bevy_post_process::dof::DepthOfFieldNode>"};C:\Users\Antoi\.cargo\registry\src\index.crates.io-1949cf8c6b5b557f\bevy_render-0.18.1\src\renderer\graph_runner.rs;240;8362811;0.004596;75050;111;59;13191;90.475609
plugin cleanup{plugin="bevy_render::extract_component::UniformComponentPlugin<bevy_anti_alias::contrast_adaptive_sharpening::CasUniform>"};C:\Users\Antoi\.cargo\registry\src\index.crates.io-1949cf8c6b5b557f\bevy_app-0.18.1\src\app.rs;292;55;0.000000;1;55;55;55;0.000000
system{name="bevy_asset::assets::Assets<bevy_audio::pitch::Pitch>::track_assets"};C:\Users\Antoi\.cargo\registry\src\index.crates.io-1949cf8c6b5b557f\bevy_ecs-0.18.1\src\system\function_system.rs;52;53826389;0.029583;37525;1434;88;1565439;16907.878531
system{name="bevy_asset::assets::Assets<forgia_genome_core::Genome<forgia_ui_lib::hud::barks::BarkGenome>>::asset_events"};C:\Users\Antoi\.cargo\registry\src\index.crates.io-1949cf8c6b5b557f\bevy_ecs-0.18.1\src\system\function_system.rs;52;693;0.000000;1;693;693;693;0.000000
system{name="forgia_worldgen::sys_worldgen_lod"};C:\Users\Antoi\.cargo\registry\src\index.crates.io-1949cf8c6b5b557f\bevy_ecs-0.18.1\src\system\function_system.rs;52;18761872;0.010312;37525;499;144;49104;410.607722
plugin build{plugin="bevy_render::sync_component::SyncComponentPlugin<bevy_camera::components::Camera3d>"};C:\Users\Antoi\.cargo\registry\src\index.crates.io-1949cf8c6b5b557f\bevy_app-0.18.1\src\app.rs;529;2857;0.000002;1;2857;2857;2857;0.000000
system{name="bevy_asset::assets::Assets<forgia_genome_core::Genome<forgia_ui_lib::hud_ammo::tuning::AmmoHudTuning>>::asset_events"};C:\Users\Antoi\.cargo\registry\src\index.crates.io-1949cf8c6b5b557f\bevy_ecs-0.18.1\src\system\function_system.rs;52;906;0.000000;1;906;906;906;0.000000
asset loading{loader="bevy_image::image_loader::ImageLoader" asset="ui/menu_video/frame_0346.webp"};C:\Users\Antoi\.cargo\registry\src\index.crates.io-1949cf8c6b5b557f\bevy_asset-0.18.1\src\server\loaders.rs;332;14448679;0.007941;7;2064097;170;14399453;5439383.481978
system{name="bevy_render::batching::gpu_preprocessing::collect_buffers_for_phase<bevy_core_pipeline::core_3d::Transmissive3d, bevy_pbr::render::mesh::MeshPipeline>"};C:\Users\Antoi\.cargo\registry\src\index.crates.io-1949cf8c6b5b557f\bevy_ecs-0.18.1\src\system\function_system.rs;52;30112366;0.016550;37525;802;297;74438;641.199713
plugin build{plugin="bevy_ui::picking_backend::UiPickingPlugin"};C:\Users\Antoi\.cargo\registry\src\index.crates.io-1949cf8c6b5b557f\bevy_app-0.18.1\src\app.rs;529;9675;0.000005;1;9675;9675;9675;0.000000
plugin cleanup{plugin="forgia_mode_roguelite::boss_portal::BossPortalPlugin"};C:\Users\Antoi\.cargo\registry\src\index.crates.io-1949cf8c6b5b557f\bevy_app-0.18.1\src\app.rs;292;5938;0.000003;1;5938;5938;5938;0.000000
system{name="bevy_gizmos_render::prepare_line_gizmo_bind_group"};C:\Users\Antoi\.cargo\registry\src\index.crates.io-1949cf8c6b5b557f\bevy_ecs-0.18.1\src\system\function_system.rs;52;11426107;0.006280;37525;304;102;129717;854.111736
plugin finish{plugin="bevy_render::render_asset::RenderAssetPlugin<bevy_render::texture::gpu_image::GpuImage>"};C:\Users\Antoi\.cargo\registry\src\index.crates.io-1949cf8c6b5b557f\bevy_app-0.18.1\src\app.rs;272;197;0.000000;1;197;197;197;0.000000
system_commands{name="bevy_gizmos_render::retained::extract_linegizmos"};C:\Users\Antoi\.cargo\registry\src\index.crates.io-1949cf8c6b5b557f\bevy_ecs-0.18.1\src\system\function_system.rs;54;34571838;0.019001;37525;921;411;95117;978.732691
system_commands{name="bevy_state::state_scoped::despawn_entities_on_exit_state<forgia_core::states::GameMode>"};C:\Users\Antoi\.cargo\registry\src\index.crates.io-1949cf8c6b5b557f\bevy_ecs-0.18.1\src\system\function_system.rs;54;2178511;0.001197;37526;58;50;6720;41.246495
system{name="bevy_core_pipeline::skybox::prepare_skybox_pipelines"};C:\Users\Antoi\.cargo\registry\src\index.crates.io-1949cf8c6b5b557f\bevy_ecs-0.18.1\src\system\function_system.rs;52;35650539;0.019594;37525;950;292;129824;1276.756460
transparent_main_pass_2d;C:\Users\Antoi\.cargo\registry\src\index.crates.io-1949cf8c6b5b557f\bevy_core_pipeline-0.18.1\src\core_2d\main_transparent_pass_2d_node.rs;86;44708829;0.024572;9420;4746;2090;259743;3250.153825
system{name="forgia_ai_arena_bot::bot_attack_cooldown"};C:\Users\Antoi\.cargo\registry\src\index.crates.io-1949cf8c6b5b557f\bevy_ecs-0.18.1\src\system\function_system.rs;52;15040310;0.008266;37525;400;80;37725;302.174940
solve;C:\Users\Antoi\.cargo\registry\src\index.crates.io-1949cf8c6b5b557f\rapier3d-0.31.0\src\dynamics\solver\joint_constraint\joint_constraints_set.rs;297;2689209;0.001478;46004;58;46;87031;406.458291
system_commands{name="bevy_pbr::atmosphere::resources::prepare_atmosphere_bind_groups"};C:\Users\Antoi\.cargo\registry\src\index.crates.io-1949cf8c6b5b557f\bevy_ecs-0.18.1\src\system\function_system.rs;54;4271940;0.002348;37525;113;52;11017;78.814217
system{name="forgia_mode_roguelite::hud::draw_currency_counters"};C:\Users\Antoi\.cargo\registry\src\index.crates.io-1949cf8c6b5b557f\bevy_ecs-0.18.1\src\system\function_system.rs;52;299587073;0.164654;33735;8880;5970;274880;3769.300655
system{name="bevy_time::time_system"};C:\Users\Antoi\.cargo\registry\src\index.crates.io-1949cf8c6b5b557f\bevy_ecs-0.18.1\src\system\function_system.rs;52;52529949;0.028871;37525;1399;657;97691;731.389298
plugin finish{plugin="bevy_render::sync_world::SyncWorldPlugin"};C:\Users\Antoi\.cargo\registry\src\index.crates.io-1949cf8c6b5b557f\bevy_app-0.18.1\src\app.rs;272;143;0.000000;1;143;143;143;0.000000
asset loading{loader="bevy_shader::shader::ShaderLoader" asset="embedded://bevy_sprite_render\\mesh2d\\mesh2d_functions.wgsl"};C:\Users\Antoi\.cargo\registry\src\index.crates.io-1949cf8c6b5b557f\bevy_asset-0.18.1\src\server\loaders.rs;332;76793;0.000042;2;38396;66;76727;54207.512957
plugin cleanup{plugin="bevy_render::view::window::screenshot::ScreenshotPlugin"};C:\Users\Antoi\.cargo\registry\src\index.crates.io-1949cf8c6b5b557f\bevy_app-0.18.1\src\app.rs;292;75;0.000000;1;75;75;75;0.000000
plugin build{plugin="forgia_ui_lib::hud::ForgiaUiHudPlugin"};C:\Users\Antoi\.cargo\registry\src\index.crates.io-1949cf8c6b5b557f\bevy_app-0.18.1\src\app.rs;529;5640477;0.003100;1;5640477;5640477;5640477;0.000000
system{name="forgia_ui::main_menu_ui"};C:\Users\Antoi\.cargo\registry\src\index.crates.io-1949cf8c6b5b557f\bevy_ecs-0.18.1\src\system\function_system.rs;52;263433901;0.144784;37525;7020;191;4663335;31393.535359
system{name="bevy_animation::trigger_untargeted_animation_events"};C:\Users\Antoi\.cargo\registry\src\index.crates.io-1949cf8c6b5b557f\bevy_ecs-0.18.1\src\system\function_system.rs;52;19822524;0.010895;37525;528;112;19495;351.292437
system{name="forgia_mode_roguelite::audio::sys_write_audio_sensor"};C:\Users\Antoi\.cargo\registry\src\index.crates.io-1949cf8c6b5b557f\bevy_ecs-0.18.1\src\system\function_system.rs;52;5826897;0.003202;37525;155;63;77616;585.701521
plugins{tag="on_end_pass"};C:\Users\Antoi\.cargo\registry\src\index.crates.io-1949cf8c6b5b557f\egui-0.33.3\src\plugin.rs;158;377449691;0.207448;37525;10058;5915;488130;5660.702559
asset loading{loader="bevy_image::image_loader::ImageLoader" asset="ui/menu_video/frame_0230.webp"};C:\Users\Antoi\.cargo\registry\src\index.crates.io-1949cf8c6b5b557f\bevy_asset-0.18.1\src\server\loaders.rs;332;14805631;0.008137;6;2467605;167;14769460;6026655.689850
system{name="bevy_asset::assets::Assets<bevy_sprite_render::mesh2d::color_material::ColorMaterial>::asset_events_condition"};C:\Users\Antoi\.cargo\registry\src\index.crates.io-1949cf8c6b5b557f\bevy_ecs-0.18.1\src\system\function_system.rs;52;4904177;0.002695;37525;130;56;88424;476.190114
system_commands{name="bevy_hanabi::spawn::tick_spawners"};C:\Users\Antoi\.cargo\registry\src\index.crates.io-1949cf8c6b5b557f\bevy_ecs-0.18.1\src\system\function_system.rs;54;3590112;0.001973;37525;95;50;87147;623.644224
system_commands{name="forgia_rpg_data::boons::load_boons_catalogue"};C:\Users\Antoi\.cargo\registry\src\index.crates.io-1949cf8c6b5b557f\bevy_ecs-0.18.1\src\system\function_system.rs;54;13672;0.000008;1;13672;13672;13672;0.000000
plugin cleanup{plugin="forgia_rpg_data::inventory::ForgiaInventoryPlugin"};C:\Users\Antoi\.cargo\registry\src\index.crates.io-1949cf8c6b5b557f\bevy_app-0.18.1\src\app.rs;292;58;0.000000;1;58;58;58;0.000000
plugin cleanup{plugin="bevy_app::propagate::HierarchyPropagatePlugin<bevy_ui::ui_node::ComputedUiTargetCamera>"};C:\Users\Antoi\.cargo\registry\src\index.crates.io-1949cf8c6b5b557f\bevy_app-0.18.1\src\app.rs;292;55;0.000000;1;55;55;55;0.000000
system{name="forgia_auto_rig::skinning::inject_skinning_for_rigged_meshes"};C:\Users\Antoi\.cargo\registry\src\index.crates.io-1949cf8c6b5b557f\bevy_ecs-0.18.1\src\system\function_system.rs;52;29195854;0.016046;37525;778;257;80844;782.517921
system_commands{name="forgia_juice_lib::knockback::sys_init_knockback_genome"};C:\Users\Antoi\.cargo\registry\src\index.crates.io-1949cf8c6b5b557f\bevy_ecs-0.18.1\src\system\function_system.rs;54;3188;0.000002;1;3188;3188;3188;0.000000
system{name="forgia_juice_lib::knockback::sys_tick_knockback"};C:\Users\Antoi\.cargo\registry\src\index.crates.io-1949cf8c6b5b557f\bevy_ecs-0.18.1\src\system\function_system.rs;52;21246432;0.011677;37525;566;200;61637;476.982446
plugin cleanup{plugin="forgia_ui_lib::hud::confidence::ConfidenceHudPlugin"};C:\Users\Antoi\.cargo\registry\src\index.crates.io-1949cf8c6b5b557f\bevy_app-0.18.1\src\app.rs;292;57;0.000000;1;57;57;57;0.000000
system{name="forgia_ui_lib::hud::energy::sys_energy_exhaustion_voiceline"};C:\Users\Antoi\.cargo\registry\src\index.crates.io-1949cf8c6b5b557f\bevy_ecs-0.18.1\src\system\function_system.rs;52;22623700;0.012434;37525;602;108;193927;1165.088751
plugin cleanup{plugin="forgia_viewmodel::vm_camera::ForgiaViewmodelCameraPlugin"};C:\Users\Antoi\.cargo\registry\src\index.crates.io-1949cf8c6b5b557f\bevy_app-0.18.1\src\app.rs;292;55;0.000000;1;55;55;55;0.000000
asset loading{loader="bevy_image::image_loader::ImageLoader" asset="textures/pbr/jolcham_oak_bark_01/jolcham_oak_bark_01_arm_2k.ktx2"};C:\Users\Antoi\.cargo\registry\src\index.crates.io-1949cf8c6b5b557f\bevy_asset-0.18.1\src\server\loaders.rs;332;120055627;0.065983;5;24011125;311;119985439;53651277.519553
plugin build{plugin="forgia_fps::ForgiaFpsPlugin"};C:\Users\Antoi\.cargo\registry\src\index.crates.io-1949cf8c6b5b557f\bevy_app-0.18.1\src\app.rs;529;7975591;0.004383;1;7975591;7975591;7975591;0.000000
system{name="bevy_pbr::lightmap::init_render_lightmaps"};C:\Users\Antoi\.cargo\registry\src\index.crates.io-1949cf8c6b5b557f\bevy_ecs-0.18.1\src\system\function_system.rs;52;3656;0.000002;1;3656;3656;3656;0.000000
system{name="forgia_mode_roguelite::meta_shop::sys_load_meta_shop"};C:\Users\Antoi\.cargo\registry\src\index.crates.io-1949cf8c6b5b557f\bevy_ecs-0.18.1\src\system\function_system.rs;52;21351471;0.011735;1;21351471;21351471;21351471;0.000000
plugin build{plugin="bevy_pbr::ssr::ScreenSpaceReflectionsPlugin"};C:\Users\Antoi\.cargo\registry\src\index.crates.io-1949cf8c6b5b557f\bevy_app-0.18.1\src\app.rs;529;641639;0.000353;1;641639;641639;641639;0.000000
compute_contacts;C:\Users\Antoi\.cargo\registry\src\index.crates.io-1949cf8c6b5b557f\rapier3d-0.31.0\src\geometry\narrow_phase.rs;806;36901913;0.020281;11501;3208;54;85617;1975.354429
node{name="bevy_pbr::render::gpu_preprocess::LatePrepassBuildIndirectParametersNode"};C:\Users\Antoi\.cargo\registry\src\index.crates.io-1949cf8c6b5b557f\bevy_render-0.18.1\src\renderer\graph_runner.rs;240;12114769;0.006658;75050;161;66;94816;359.221139
system{name="bevy_window::system::close_when_requested"};C:\Users\Antoi\.cargo\registry\src\index.crates.io-1949cf8c6b5b557f\bevy_ecs-0.18.1\src\system\function_system.rs;52;21463287;0.011796;37525;571;141;136013;998.270074
asset loading{loader="bevy_shader::shader::ShaderLoader" asset="embedded://bevy_core_pipeline\\deferred\\copy_deferred_lighting_id.wgsl"};C:\Users\Antoi\.cargo\registry\src\index.crates.io-1949cf8c6b5b557f\bevy_asset-0.18.1\src\server\loaders.rs;332;29425;0.000016;2;14712;60;29365;20721.764235
system{name="forgia_debug::console::draw_console_system"};C:\Users\Antoi\.cargo\registry\src\index.crates.io-1949cf8c6b5b557f\bevy_ecs-0.18.1\src\system\function_system.rs;52;17034222;0.009362;37525;453;138;84276;570.105581
system{name="bevy_pbr::atmosphere::resources::prepare_atmosphere_textures"};C:\Users\Antoi\.cargo\registry\src\index.crates.io-1949cf8c6b5b557f\bevy_ecs-0.18.1\src\system\function_system.rs;52;17673784;0.009714;37525;470;112;139681;855.322415
plugin finish{plugin="bevy_core_pipeline::upscaling::UpscalingPlugin"};C:\Users\Antoi\.cargo\registry\src\index.crates.io-1949cf8c6b5b557f\bevy_app-0.18.1\src\app.rs;272;68;0.000000;1;68;68;68;0.000000
system_commands{name="forgia_mode_roguelite::elements::sys_apply_elements_on_hit"};C:\Users\Antoi\.cargo\registry\src\index.crates.io-1949cf8c6b5b557f\bevy_ecs-0.18.1\src\system\function_system.rs;54;3800679;0.002089;33826;112;50;51036;425.495849
system{name="forgia_observability::lag_events_sensor::sys_track_lag_events"};C:\Users\Antoi\.cargo\registry\src\index.crates.io-1949cf8c6b5b557f\bevy_ecs-0.18.1\src\system\function_system.rs;52;10176510;0.005593;37525;271;75;26697;226.553486
system{name="forgia_mode_roguelite::kill_popup::sys_track_kill_popups"};C:\Users\Antoi\.cargo\registry\src\index.crates.io-1949cf8c6b5b557f\bevy_ecs-0.18.1\src\system\function_system.rs;52;13073337;0.007185;33826;386;102;35989;335.405535
asset loading{loader="bevy_shader::shader::ShaderLoader" asset="embedded://bevy_pbr\\render/parallax_mapping.wgsl"};C:\Users\Antoi\.cargo\registry\src\index.crates.io-1949cf8c6b5b557f\bevy_asset-0.18.1\src\server\loaders.rs;332;222582;0.000122;2;111291;72;222510;157287.418194
plugin finish{plugin="forgia_ui_lib::hud_ammo::ForgiaUiHudAmmoPlugin"};C:\Users\Antoi\.cargo\registry\src\index.crates.io-1949cf8c6b5b557f\bevy_app-0.18.1\src\app.rs;272;55;0.000000;1;55;55;55;0.000000
plugin cleanup{plugin="forgia_player::skybox_genome::SkyboxGenomePlugin"};C:\Users\Antoi\.cargo\registry\src\index.crates.io-1949cf8c6b5b557f\bevy_app-0.18.1\src\app.rs;292;55;0.000000;1;55;55;55;0.000000
plugin build{plugin="bevy_render::extract_component::ExtractComponentPlugin<bevy_post_process::motion_blur::MotionBlur>"};C:\Users\Antoi\.cargo\registry\src\index.crates.io-1949cf8c6b5b557f\bevy_app-0.18.1\src\app.rs;529;15419;0.000008;1;15419;15419;15419;0.000000
cast_shape;C:\Users\Antoi\.cargo\registry\src\index.crates.io-1949cf8c6b5b557f\rapier3d-0.31.0\src\pipeline\query_pipeline.rs;481;32356666;0.017783;10444;3098;356;269552;9101.924566
system_commands{name="bevy_pbr::medium::init_scattering_medium_sampler"};C:\Users\Antoi\.cargo\registry\src\index.crates.io-1949cf8c6b5b557f\bevy_ecs-0.18.1\src\system\function_system.rs;54;684;0.000000;1;684;684;684;0.000000
system{name="bevy_core_pipeline::blit::init_blit_pipeline"};C:\Users\Antoi\.cargo\registry\src\index.crates.io-1949cf8c6b5b557f\bevy_ecs-0.18.1\src\system\function_system.rs;52;7672;0.000004;1;7672;7672;7672;0.000000
plugin cleanup{plugin="bevy_post_process::PostProcessPlugin"};C:\Users\Antoi\.cargo\registry\src\index.crates.io-1949cf8c6b5b557f\bevy_app-0.18.1\src\app.rs;292;57;0.000000;1;57;57;57;0.000000
system{name="bevy_render::extract_component::extract_components<bevy_camera::components::Camera3d>"};C:\Users\Antoi\.cargo\registry\src\index.crates.io-1949cf8c6b5b557f\bevy_ecs-0.18.1\src\system\function_system.rs;52;23057945;0.012673;37525;614;225;56542;469.681548
plugin finish{plugin="bevy_render::extract_component::ExtractComponentPlugin<bevy_camera::components::Camera3d>"};C:\Users\Antoi\.cargo\registry\src\index.crates.io-1949cf8c6b5b557f\bevy_app-0.18.1\src\app.rs;272;52;0.000000;1;52;52;52;0.000000
plugin cleanup{plugin="bevy_render::sync_component::SyncComponentPlugin<bevy_pbr::deferred::PbrDeferredLightingDepthId>"};C:\Users\Antoi\.cargo\registry\src\index.crates.io-1949cf8c6b5b557f\bevy_app-0.18.1\src\app.rs;292;61;0.000000;1;61;61;61;0.000000
system{name="bevy_pbr::material::extract_mesh_materials<bevy_pbr::extended_material::ExtendedMaterial<bevy_pbr::pbr_material::StandardMaterial, bevy_water::water::material::WaterMaterial>>"};C:\Users\Antoi\.cargo\registry\src\index.crates.io-1949cf8c6b5b557f\bevy_ecs-0.18.1\src\system\function_system.rs;52;24779666;0.013619;37525;660;255;127107;756.817803
plugin cleanup{plugin="bevy_anti_alias::taa::TemporalAntiAliasPlugin"};C:\Users\Antoi\.cargo\registry\src\index.crates.io-1949cf8c6b5b557f\bevy_app-0.18.1\src\app.rs;292;55;0.000000;1;55;55;55;0.000000
system{name="bevy_rapier3d::plugin::systems::rigid_body::apply_rigid_body_user_changes"};C:\Users\Antoi\.cargo\registry\src\index.crates.io-1949cf8c6b5b557f\bevy_ecs-0.18.1\src\system\function_system.rs;52;66127096;0.036344;11501;5749;201;185950;3049.782939
plugin finish{plugin="forgia_effects::ForgiaEffectsPlugin"};C:\Users\Antoi\.cargo\registry\src\index.crates.io-1949cf8c6b5b557f\bevy_app-0.18.1\src\app.rs;272;194;0.000000;1;194;194;194;0.000000
plugin finish{plugin="forgia_foliage::ForgiaFoliagePlugin"};C:\Users\Antoi\.cargo\registry\src\index.crates.io-1949cf8c6b5b557f\bevy_app-0.18.1\src\app.rs;272;74;0.000000;1;74;74;74;0.000000
plugin cleanup{plugin="forgia_mode_roguelite::ftue::FtuePlugin"};C:\Users\Antoi\.cargo\registry\src\index.crates.io-1949cf8c6b5b557f\bevy_app-0.18.1\src\app.rs;292;55;0.000000;1;55;55;55;0.000000
non_indexed_cpu_metadata;C:\Users\Antoi\.cargo\registry\src\index.crates.io-1949cf8c6b5b557f\bevy_render-0.18.1\src\batching\gpu_preprocessing.rs;2131;45084812;0.024779;337725;133;47;77285;304.358087
system{name="forgia_worldgen::streaming::sys_toggle_streaming"};C:\Users\Antoi\.cargo\registry\src\index.crates.io-1949cf8c6b5b557f\bevy_ecs-0.18.1\src\system\function_system.rs;52;15158347;0.008331;33826;448;98;87201;557.443140
system{name="forgia_ui_lib::pause_menu::load_user_settings_at_boot"};C:\Users\Antoi\.cargo\registry\src\index.crates.io-1949cf8c6b5b557f\bevy_ecs-0.18.1\src\system\function_system.rs;52;32238902;0.017719;1;32238902;32238902;32238902;0.000000
plugin build{plugin="forgia_mode_fps_arena::wave::ArenaWavesPlugin"};C:\Users\Antoi\.cargo\registry\src\index.crates.io-1949cf8c6b5b557f\bevy_app-0.18.1\src\app.rs;529;2765094;0.001520;1;2765094;2765094;2765094;0.000000
system{name="forgia_level_presets::write_level_modules_sensor"};C:\Users\Antoi\.cargo\registry\src\index.crates.io-1949cf8c6b5b557f\bevy_ecs-0.18.1\src\system\function_system.rs;52;23808103;0.013085;37525;634;169;40119;596.156606
plugin cleanup{plugin="bevy_gizmos::GizmoPlugin"};C:\Users\Antoi\.cargo\registry\src\index.crates.io-1949cf8c6b5b557f\bevy_app-0.18.1\src\app.rs;292;55;0.000000;1;55;55;55;0.000000
plugin finish{plugin="forgia_anim_debug::bone_trace::BoneTracePlugin"};C:\Users\Antoi\.cargo\registry\src\index.crates.io-1949cf8c6b5b557f\bevy_app-0.18.1\src\app.rs;272;56;0.000000;1;56;56;56;0.000000
asset loading{loader="bevy_gltf::loader::GltfLoader" asset="models/kaykit/medieval_hexagon/buildings/red/building_church_red.gltf"};C:\Users\Antoi\.cargo\registry\src\index.crates.io-1949cf8c6b5b557f\bevy_asset-0.18.1\src\server\loaders.rs;332;508473;0.000279;8;63559;148;338198;113522.837504
plugin build{plugin="forgia_ui::ForgiaUiPlugin"};C:\Users\Antoi\.cargo\registry\src\index.crates.io-1949cf8c6b5b557f\bevy_app-0.18.1\src\app.rs;529;5408382;0.002972;1;5408382;5408382;5408382;0.000000
plugin finish{plugin="leafwing_input_manager::plugin::InputManagerPlugin<forgia_input::PlayerAction>"};C:\Users\Antoi\.cargo\registry\src\index.crates.io-1949cf8c6b5b557f\bevy_app-0.18.1\src\app.rs;272;56;0.000000;1;56;56;56;0.000000
system_commands{name="forgia_mode_roguelite::render_quality::sys_apply_ssao"};C:\Users\Antoi\.cargo\registry\src\index.crates.io-1949cf8c6b5b557f\bevy_ecs-0.18.1\src\system\function_system.rs;54;2990985;0.001644;33826;88;50;30502;181.715503
asset loading{loader="bevy_shader::shader::ShaderLoader" asset="embedded://bevy_ui_render\\ui.wgsl"};C:\Users\Antoi\.cargo\registry\src\index.crates.io-1949cf8c6b5b557f\bevy_asset-0.18.1\src\server\loaders.rs;332;404772;0.000222;2;202386;113;404659;286057.219902
system_commands{name="forgia_viewmodel::vm_camera::manage_viewmodel_camera"};C:\Users\Antoi\.cargo\registry\src\index.crates.io-1949cf8c6b5b557f\bevy_ecs-0.18.1\src\system\function_system.rs;54;3110933;0.001710;33826;91;50;95535;848.881471
system{name="bevy_asset::assets::Assets<forgia_genome_core::Genome<forgia_stage::RogueliteStagesGenome>>::asset_events"};C:\Users\Antoi\.cargo\registry\src\index.crates.io-1949cf8c6b5b557f\bevy_ecs-0.18.1\src\system\function_system.rs;52;598;0.000000;1;598;598;598;0.000000
system{name="bevy_gizmos::propagate_gizmos<bevy_gizmos::config::DefaultGizmoConfigGroup, bevy_time::fixed::Fixed>"};C:\Users\Antoi\.cargo\registry\src\index.crates.io-1949cf8c6b5b557f\bevy_ecs-0.18.1\src\system\function_system.rs;52;7929657;0.004358;37525;211;69;155447;811.099827
system{name="forgia_effects::damage_numbers::tick_numbers"};C:\Users\Antoi\.cargo\registry\src\index.crates.io-1949cf8c6b5b557f\bevy_ecs-0.18.1\src\system\function_system.rs;52;28680740;0.015763;37525;764;284;121344;998.521276
system_commands{name="bevy_render::render_asset::extract_render_asset<bevy_gizmos_render::GpuLineGizmo>"};C:\Users\Antoi\.cargo\registry\src\index.crates.io-1949cf8c6b5b557f\bevy_ecs-0.18.1\src\system\function_system.rs;54;39134047;0.021508;37525;1042;500;182857;974.993642
plugin finish{plugin="forgia_mode_roguelite::progress::PlayerProgressPlugin"};C:\Users\Antoi\.cargo\registry\src\index.crates.io-1949cf8c6b5b557f\bevy_app-0.18.1\src\app.rs;272;56;0.000000;1;56;56;56;0.000000
system{name="forgia_mode_roguelite::sensor::sys_update_roguelite_telemetry"};C:\Users\Antoi\.cargo\registry\src\index.crates.io-1949cf8c6b5b557f\bevy_ecs-0.18.1\src\system\function_system.rs;52;14489375;0.007963;37525;386;125;1920233;9926.499363
plugin cleanup{plugin="bevy_sprite_render::SpriteRenderPlugin"};C:\Users\Antoi\.cargo\registry\src\index.crates.io-1949cf8c6b5b557f\bevy_app-0.18.1\src\app.rs;292;55;0.000000;1;55;55;55;0.000000
plugin cleanup{plugin="bevy_sprite_render::mesh2d::material::Material2dPlugin<bevy_sprite_render::mesh2d::color_material::ColorMaterial>"};C:\Users\Antoi\.cargo\registry\src\index.crates.io-1949cf8c6b5b557f\bevy_app-0.18.1\src\app.rs;292;122;0.000000;1;122;122;122;0.000000
system_commands{name="bevy_light::cluster::assign::assign_objects_to_clusters"};C:\Users\Antoi\.cargo\registry\src\index.crates.io-1949cf8c6b5b557f\bevy_ecs-0.18.1\src\system\function_system.rs;54;7963433;0.004377;37525;212;71;44271;338.057516
plugin cleanup{plugin="forgia_mode_fps_arena::ForgiaModeFpsArenaPlugin"};C:\Users\Antoi\.cargo\registry\src\index.crates.io-1949cf8c6b5b557f\bevy_app-0.18.1\src\app.rs;292;56;0.000000;1;56;56;56;0.000000
transform propagation worker;C:\Users\Antoi\.cargo\registry\src\index.crates.io-1949cf8c6b5b557f\bevy_transform-0.18.1\src\systems.rs;438;29745733197;16.348360;977840;30419;60;62875869;931488.208908
system{name="forgia_audio::sys_write_volume_sensor"};C:\Users\Antoi\.cargo\registry\src\index.crates.io-1949cf8c6b5b557f\bevy_ecs-0.18.1\src\system\function_system.rs;52;11296212;0.006208;37525;301;83;46315;538.730318
asset loading{loader="bevy_shader::shader::ShaderLoader" asset="embedded://bevy_pbr\\deferred\\deferred_lighting.wgsl"};C:\Users\Antoi\.cargo\registry\src\index.crates.io-1949cf8c6b5b557f\bevy_asset-0.18.1\src\server\loaders.rs;332;164413;0.000090;2;82206;72;164341;116155.723841
system{name="bevy_sprite_render::mesh2d::material::specialize_material2d_meshes<bevy_sprite_render::mesh2d::color_material::ColorMaterial>"};C:\Users\Antoi\.cargo\registry\src\index.crates.io-1949cf8c6b5b557f\bevy_ecs-0.18.1\src\system\function_system.rs;52;19907632;0.010941;37525;530;138;30031;310.010230
system{name="bevy_state::state::transitions::run_exit<forgia_mode_roguelite::run::RunState>"};C:\Users\Antoi\.cargo\registry\src\index.crates.io-1949cf8c6b5b557f\bevy_ecs-0.18.1\src\system\function_system.rs;52;3446423;0.001894;37526;91;56;470034;2426.143684
system_commands{name="bevy_render::extract_component::extract_components<forgia_postprocess::toon::ToonSettings>"};C:\Users\Antoi\.cargo\registry\src\index.crates.io-1949cf8c6b5b557f\bevy_ecs-0.18.1\src\system\function_system.rs;54;35443541;0.019480;37525;944;206;57234;537.081099
plugin{tag="LabelSelectionState"};C:\Users\Antoi\.cargo\registry\src\index.crates.io-1949cf8c6b5b557f\egui-0.33.3\src\plugin.rs;145;47012738;0.025838;150100;313;49;138195;865.987953
plugin build{plugin="bevy_render::extract_component::UniformComponentPlugin<bevy_pbr::atmosphere::GpuAtmosphereSettings>"};C:\Users\Antoi\.cargo\registry\src\index.crates.io-1949cf8c6b5b557f\bevy_app-0.18.1\src\app.rs;529;4593;0.000003;1;4593;4593;4593;0.000000
asset loading{loader="bevy_shader::shader::ShaderLoader" asset="embedded://bevy_sprite_render\\render\\sprite.wgsl"};C:\Users\Antoi\.cargo\registry\src\index.crates.io-1949cf8c6b5b557f\bevy_asset-0.18.1\src\server\loaders.rs;332;104112;0.000057;2;52056;116;103996;73454.252430
plugin finish{plugin="bevy_render::sync_component::SyncComponentPlugin<bevy_light::volumetric::FogVolume>"};C:\Users\Antoi\.cargo\registry\src\index.crates.io-1949cf8c6b5b557f\bevy_app-0.18.1\src\app.rs;272;116;0.000000;1;116;116;116;0.000000
schedule{name=FixedUpdate};C:\Users\Antoi\.cargo\registry\src\index.crates.io-1949cf8c6b5b557f\bevy_ecs-0.18.1\src\schedule\schedule.rs;532;4526950418;2.488028;11501;393613;152147;54413780;677506.239995
plugin cleanup{plugin="forgia_juice_lib::recoil::ForgiaJuiceRecoilPlugin"};C:\Users\Antoi\.cargo\registry\src\index.crates.io-1949cf8c6b5b557f\bevy_app-0.18.1\src\app.rs;292;58;0.000000;1;58;58;58;0.000000
system{name="bevy_rapier3d::plugin::systems::step_simulation<()>"};C:\Users\Antoi\.cargo\registry\src\index.crates.io-1949cf8c6b5b557f\bevy_ecs-0.18.1\src\system\function_system.rs;52;640701438;0.352132;11501;55708;16551;1742413;32874.007447
system{name="forgia_ui_lib::pause_menu::write_pause_menu_sensor"};C:\Users\Antoi\.cargo\registry\src\index.crates.io-1949cf8c6b5b557f\bevy_ecs-0.18.1\src\system\function_system.rs;52;23575232;0.012957;37525;628;139;340318;1904.764097
asset loading{loader="bevy_image::image_loader::ImageLoader" asset="ui/menu_video/frame_0281.webp"};C:\Users\Antoi\.cargo\registry\src\index.crates.io-1949cf8c6b5b557f\bevy_asset-0.18.1\src\server\loaders.rs;332;16325955;0.008973;6;2720992;156;16287907;6646405.892502
system{name="bevy_render::extract_component::prepare_uniform_components<bevy_anti_alias::contrast_adaptive_sharpening::CasUniform>"};C:\Users\Antoi\.cargo\registry\src\index.crates.io-1949cf8c6b5b557f\bevy_ecs-0.18.1\src\system\function_system.rs;52;26300896;0.014455;37525;700;231;101239;872.872623
plugin build{plugin="bevy_audio::AudioPlugin"};C:\Users\Antoi\.cargo\registry\src\index.crates.io-1949cf8c6b5b557f\bevy_app-0.18.1\src\app.rs;529;40242861;0.022118;1;40242861;40242861;40242861;0.000000
system_commands{name="forgia_fps::despawn_dead_cubes"};C:\Users\Antoi\.cargo\registry\src\index.crates.io-1949cf8c6b5b557f\bevy_ecs-0.18.1\src\system\function_system.rs;54;10738933;0.005902;33826;317;58;271738;3720.006650
system_commands{name="<forgia_core::states::GameMode as bevy_state::state::state_set::StateSet>::register_sub_state_systems_in_schedule<forgia_mode_roguelite::run::RunState>::{{closure}}"};C:\Users\Antoi\.cargo\registry\src\index.crates.io-1949cf8c6b5b557f\bevy_ecs-0.18.1\src\system\function_system.rs;54;9863573;0.005421;37526;262;55;39549;333.211147
asset loading{loader="bevy_image::image_loader::ImageLoader" asset="ui/menu_video/frame_0311.webp"};C:\Users\Antoi\.cargo\registry\src\index.crates.io-1949cf8c6b5b557f\bevy_asset-0.18.1\src\server\loaders.rs;332;26749061;0.014701;5;5349812;198;26693431;11931449.698446
system{name="bevy_render::render_asset::extract_render_asset<bevy_gizmos_render::GpuLineGizmo>"};C:\Users\Antoi\.cargo\registry\src\index.crates.io-1949cf8c6b5b557f\bevy_ecs-0.18.1\src\system\function_system.rs;52;45469137;0.024990;37525;1211;565;49626;561.495048
system{name="forgia_rpg_data::shop::open_shop_sessions"};C:\Users\Antoi\.cargo\registry\src\index.crates.io-1949cf8c6b5b557f\bevy_ecs-0.18.1\src\system\function_system.rs;52;10391868;0.005711;37525;276;78;24759;214.716145
plugin cleanup{plugin="forgia_mode_roguelite::head_hitbox::RogueliteHeadHitboxPlugin"};C:\Users\Antoi\.cargo\registry\src\index.crates.io-1949cf8c6b5b557f\bevy_app-0.18.1\src\app.rs;292;54;0.000000;1;54;54;54;0.000000
system_commands{name="bevy_pbr::atmosphere::resources::prepare_atmosphere_uniforms"};C:\Users\Antoi\.cargo\registry\src\index.crates.io-1949cf8c6b5b557f\bevy_ecs-0.18.1\src\system\function_system.rs;54;8204910;0.004509;37525;218;84;13674;146.205503
asset loading{loader="bevy_image::image_loader::ImageLoader" asset="ui/menu_video/frame_0011.webp"};C:\Users\Antoi\.cargo\registry\src\index.crates.io-1949cf8c6b5b557f\bevy_asset-0.18.1\src\server\loaders.rs;332;47903948;0.026328;18;2661330;97;17043298;6114156.022446
system{name="forgia_mode_roguelite::hud::draw_minimap"};C:\Users\Antoi\.cargo\registry\src\index.crates.io-1949cf8c6b5b557f\bevy_ecs-0.18.1\src\system\function_system.rs;52;144645048;0.079497;33735;4287;2289;1040186;6117.894984
plugin cleanup{plugin="forgia_rpg_data::boons::ForgiaBoonsPlugin"};C:\Users\Antoi\.cargo\registry\src\index.crates.io-1949cf8c6b5b557f\bevy_app-0.18.1\src\app.rs;292;73;0.000000;1;73;73;73;0.000000
system{name="forgia_rpg_data::dialogue::start_sessions"};C:\Users\Antoi\.cargo\registry\src\index.crates.io-1949cf8c6b5b557f\bevy_ecs-0.18.1\src\system\function_system.rs;52;15057478;0.008276;37525;401;96;19242;173.419771
plugin build{plugin="bevy_sprite::picking_backend::SpritePickingPlugin"};C:\Users\Antoi\.cargo\registry\src\index.crates.io-1949cf8c6b5b557f\bevy_app-0.18.1\src\app.rs;529;18693;0.000010;1;18693;18693;18693;0.000000
asset loading{loader="bevy_image::image_loader::ImageLoader" asset="ui/menu_video/frame_0185.webp"};C:\Users\Antoi\.cargo\registry\src\index.crates.io-1949cf8c6b5b557f\bevy_asset-0.18.1\src\server\loaders.rs;332;14860630;0.008167;6;2476771;86;14814909;6044432.717187
system_commands{name="bevy_hanabi::render::extract_effects"};C:\Users\Antoi\.cargo\registry\src\index.crates.io-1949cf8c6b5b557f\bevy_ecs-0.18.1\src\system\function_system.rs;54;121408767;0.066727;37525;3235;2209;326337;2082.057586
plugin cleanup{plugin="bevy_core_pipeline::skybox::SkyboxPlugin"};C:\Users\Antoi\.cargo\registry\src\index.crates.io-1949cf8c6b5b557f\bevy_app-0.18.1\src\app.rs;292;55;0.000000;1;55;55;55;0.000000
asset loading{loader="bevy_gltf::loader::GltfLoader" asset="models/kaykit/dungeon/floor_rocks.glb"};C:\Users\Antoi\.cargo\registry\src\index.crates.io-1949cf8c6b5b557f\bevy_asset-0.18.1\src\server\loaders.rs;332;30522009;0.016775;4;7630502;186;30516046;15257029.291471
asset loading{loader="bevy_image::image_loader::ImageLoader" asset="ui/menu_video/frame_0271.webp"};C:\Users\Antoi\.cargo\registry\src\index.crates.io-1949cf8c6b5b557f\bevy_asset-0.18.1\src\server\loaders.rs;332;16407241;0.009017;6;2734540;109;16368664;6679332.261045
asset loading{loader="bevy_gltf::loader::GltfLoader" asset="models/environment/inferno/Box_001.glb"};C:\Users\Antoi\.cargo\registry\src\index.crates.io-1949cf8c6b5b557f\bevy_asset-0.18.1\src\server\loaders.rs;332;161524059;0.088774;5;32304811;81;161485358;72214121.543862
system{name="bevy_render::erased_render_asset::prepare_erased_assets<bevy_pbr::mesh_material::MeshMaterial3d<bevy_pbr::extended_material::ExtendedMaterial<bevy_pbr::pbr_material::StandardMaterial, bevy_water::water::material::WaterMaterial>>>"};C:\Users\Antoi\.cargo\registry\src\index.crates.io-1949cf8c6b5b557f\bevy_ecs-0.18.1\src\system\function_system.rs;52;13135940636;7.219559;37525;350058;265686;4775200;85749.747707
plugin cleanup{plugin="bevy_render::extract_resource::ExtractResourcePlugin<bevy_render::texture::manual_texture_view::ManualTextureViews>"};C:\Users\Antoi\.cargo\registry\src\index.crates.io-1949cf8c6b5b557f\bevy_app-0.18.1\src\app.rs;292;61;0.000000;1;61;61;61;0.000000
asset loading{loader="bevy_shader::shader::ShaderLoader" asset="embedded://bevy_pbr\\atmosphere\\bruneton_functions.wgsl"};C:\Users\Antoi\.cargo\registry\src\index.crates.io-1949cf8c6b5b557f\bevy_asset-0.18.1\src\server\loaders.rs;332;244859;0.000135;2;122429;59;244800;173058.020736
system_commands{name="forgia_mode_roguelite::poi::sys_reconcile_poi_anchors"};C:\Users\Antoi\.cargo\registry\src\index.crates.io-1949cf8c6b5b557f\bevy_ecs-0.18.1\src\system\function_system.rs;54;3094603;0.001701;33826;91;50;244693;1401.858197
plugin finish{plugin="forgia_rpg_data::xp_curves::ForgiaXpCurvesPlugin"};C:\Users\Antoi\.cargo\registry\src\index.crates.io-1949cf8c6b5b557f\bevy_app-0.18.1\src\app.rs;272;55;0.000000;1;55;55;55;0.000000
asset loading{loader="bevy_image::image_loader::ImageLoader" asset="ui/menu_video/frame_0010.webp"};C:\Users\Antoi\.cargo\registry\src\index.crates.io-1949cf8c6b5b557f\bevy_asset-0.18.1\src\server\loaders.rs;332;48232005;0.026508;20;2411600;95;16996193;5879033.779305
system{name="forgia_viewmodel::genome::load_viewmodel_genome"};C:\Users\Antoi\.cargo\registry\src\index.crates.io-1949cf8c6b5b557f\bevy_ecs-0.18.1\src\system\function_system.rs;52;926834;0.000509;1;926834;926834;926834;0.000000
system{name="bevy_water::water::setup_water"};C:\Users\Antoi\.cargo\registry\src\index.crates.io-1949cf8c6b5b557f\bevy_ecs-0.18.1\src\system\function_system.rs;52;65045;0.000036;1;65045;65045;65045;0.000000
system_commands{name="bevy_core_pipeline::skybox::init_skybox_pipeline"};C:\Users\Antoi\.cargo\registry\src\index.crates.io-1949cf8c6b5b557f\bevy_ecs-0.18.1\src\system\function_system.rs;54;525;0.000000;1;525;525;525;0.000000
system{name="bevy_asset::assets::Assets<bevy_kira_audio::instance::AudioInstance>::asset_events"};C:\Users\Antoi\.cargo\registry\src\index.crates.io-1949cf8c6b5b557f\bevy_ecs-0.18.1\src\system\function_system.rs;52;121936;0.000067;193;631;445;1863;205.191996
system{name="forgia_water::sync_sea_level_resource"};C:\Users\Antoi\.cargo\registry\src\index.crates.io-1949cf8c6b5b557f\bevy_ecs-0.18.1\src\system\function_system.rs;52;6749542;0.003710;37525;179;73;65257;373.396782
system_commands{name="bevy_render::extract_component::prepare_uniform_components<bevy_pbr::atmosphere::resources::GpuAtmosphere>"};C:\Users\Antoi\.cargo\registry\src\index.crates.io-1949cf8c6b5b557f\bevy_ecs-0.18.1\src\system\function_system.rs;54;3402645;0.001870;37525;90;51;31875;215.387080
system{name="bevy_hanabi::time::effect_simulation_time_system"};C:\Users\Antoi\.cargo\registry\src\index.crates.io-1949cf8c6b5b557f\bevy_ecs-0.18.1\src\system\function_system.rs;52;14472507;0.007954;37525;385;97;85249;696.253600
system{name="bevy_asset::assets::Assets<bevy_image::texture_atlas::TextureAtlasLayout>::track_assets"};C:\Users\Antoi\.cargo\registry\src\index.crates.io-1949cf8c6b5b557f\bevy_ecs-0.18.1\src\system\function_system.rs;52;22603401;0.012423;37525;602;150;1188366;7808.829113
system{name="bevy_asset::assets::Assets<bevy_gltf::assets::GltfMesh>::asset_events"};C:\Users\Antoi\.cargo\registry\src\index.crates.io-1949cf8c6b5b557f\bevy_ecs-0.18.1\src\system\function_system.rs;52;25431;0.000014;16;1589;330;11137;2611.916882
plugin build{plugin="bevy_camera::projection::CameraProjectionPlugin"};C:\Users\Antoi\.cargo\registry\src\index.crates.io-1949cf8c6b5b557f\bevy_app-0.18.1\src\app.rs;529;901107;0.000495;1;901107;901107;901107;0.000000
plugin cleanup{plugin="bevy_render::render_phase::BinnedRenderPhasePlugin<bevy_core_pipeline::core_3d::AlphaMask3d, bevy_pbr::render::mesh::MeshPipeline>"};C:\Users\Antoi\.cargo\registry\src\index.crates.io-1949cf8c6b5b557f\bevy_app-0.18.1\src\app.rs;292;63;0.000000;1;63;63;63;0.000000
node{name="bevy_pbr::render::gpu_preprocess::MainBuildIndirectParametersNode"};C:\Users\Antoi\.cargo\registry\src\index.crates.io-1949cf8c6b5b557f\bevy_render-0.18.1\src\renderer\graph_runner.rs;240;118386850;0.065066;75050;1577;101;479697;1949.611713
plugin finish{plugin="bevy_render::experimental::occlusion_culling::OcclusionCullingPlugin"};C:\Users\Antoi\.cargo\registry\src\index.crates.io-1949cf8c6b5b557f\bevy_app-0.18.1\src\app.rs;272;58;0.000000;1;58;58;58;0.000000
system{name="bevy_input::gamepad::gamepad_connection_system"};C:\Users\Antoi\.cargo\registry\src\index.crates.io-1949cf8c6b5b557f\bevy_ecs-0.18.1\src\system\function_system.rs;52;16523289;0.009081;37525;440;129;42487;289.493388
plugin cleanup{plugin="bevy_render::view::ViewPlugin"};C:\Users\Antoi\.cargo\registry\src\index.crates.io-1949cf8c6b5b557f\bevy_app-0.18.1\src\app.rs;292;57;0.000000;1;57;57;57;0.000000
plugin cleanup{plugin="bevy_render::sync_component::SyncComponentPlugin<bevy_post_process::effect_stack::ChromaticAberration>"};C:\Users\Antoi\.cargo\registry\src\index.crates.io-1949cf8c6b5b557f\bevy_app-0.18.1\src\app.rs;292;54;0.000000;1;54;54;54;0.000000
asset loading{loader="bevy_shader::shader::ShaderLoader" asset="embedded://bevy_pbr\\render\\skinning.wgsl"};C:\Users\Antoi\.cargo\registry\src\index.crates.io-1949cf8c6b5b557f\bevy_asset-0.18.1\src\server\loaders.rs;332;165577;0.000091;2;82788;209;165368;116785.048876
system{name="forgia_mode_roguelite::enemy_anim::sys_update_enemy_anim"};C:\Users\Antoi\.cargo\registry\src\index.crates.io-1949cf8c6b5b557f\bevy_ecs-0.18.1\src\system\function_system.rs;52;26107171;0.014349;33826;771;179;61060;679.245627
system{name="forgia_foliage::init_proc_meshes"};C:\Users\Antoi\.cargo\registry\src\index.crates.io-1949cf8c6b5b557f\bevy_ecs-0.18.1\src\system\function_system.rs;52;494727;0.000272;1;494727;494727;494727;0.000000
system_commands{name="bevy_picking::input::touch_pick_events"};C:\Users\Antoi\.cargo\registry\src\index.crates.io-1949cf8c6b5b557f\bevy_ecs-0.18.1\src\system\function_system.rs;54;3080850;0.001693;37525;82;50;7895;76.019132
system{name="forgia_player::load_player_movement_tuning"};C:\Users\Antoi\.cargo\registry\src\index.crates.io-1949cf8c6b5b557f\bevy_ecs-0.18.1\src\system\function_system.rs;52;509646;0.000280;1;509646;509646;509646;0.000000
plugin build{plugin="bevy_render::extract_component::ExtractComponentPlugin<bevy_render::view::Hdr>"};C:\Users\Antoi\.cargo\registry\src\index.crates.io-1949cf8c6b5b557f\bevy_app-0.18.1\src\app.rs;529;14252;0.000008;1;14252;14252;14252;0.000000
plugin finish{plugin="bevy_render::render_asset::RenderAssetPlugin<bevy_sprite_render::mesh2d::material::PreparedMaterial2d<bevy_sprite_render::mesh2d::color_material::ColorMaterial>>"};C:\Users\Antoi\.cargo\registry\src\index.crates.io-1949cf8c6b5b557f\bevy_app-0.18.1\src\app.rs;272;53;0.000000;1;53;53;53;0.000000
plugin finish{plugin="bevy_kira_audio::AudioPlugin"};C:\Users\Antoi\.cargo\registry\src\index.crates.io-1949cf8c6b5b557f\bevy_app-0.18.1\src\app.rs;272;56;0.000000;1;56;56;56;0.000000
asset loading{loader="bevy_image::image_loader::ImageLoader" asset="ui/menu_video/frame_0029.webp"};C:\Users\Antoi\.cargo\registry\src\index.crates.io-1949cf8c6b5b557f\bevy_asset-0.18.1\src\server\loaders.rs;332;31491241;0.017308;12;2624270;121;16613360;6122446.982587
plugin finish{plugin="bevy_render::extract_component::UniformComponentPlugin<bevy_post_process::bloom::downsampling_pipeline::BloomUniforms>"};C:\Users\Antoi\.cargo\registry\src\index.crates.io-1949cf8c6b5b557f\bevy_app-0.18.1\src\app.rs;272;60;0.000000;1;60;60;60;0.000000
system{name="forgia_fps::bourrasque::sys_update_stats"};C:\Users\Antoi\.cargo\registry\src\index.crates.io-1949cf8c6b5b557f\bevy_ecs-0.18.1\src\system\function_system.rs;52;10874230;0.005977;37525;289;112;78247;663.010175
system{name="bevy_render::extract_component::extract_components<bevy_pbr::atmosphere::Atmosphere>"};C:\Users\Antoi\.cargo\registry\src\index.crates.io-1949cf8c6b5b557f\bevy_ecs-0.18.1\src\system\function_system.rs;52;9714538;0.005339;37525;258;86;13155;292.833643
system{name="bevy_pbr::decal::clustered::prepare_decals"};C:\Users\Antoi\.cargo\registry\src\index.crates.io-1949cf8c6b5b557f\bevy_ecs-0.18.1\src\system\function_system.rs;52;13171831;0.007239;37525;351;100;129517;717.191745
system{name="bevy_pbr::material::extract_mesh_materials<bevy_pbr::pbr_material::StandardMaterial>"};C:\Users\Antoi\.cargo\registry\src\index.crates.io-1949cf8c6b5b557f\bevy_ecs-0.18.1\src\system\function_system.rs;52;104788093;0.057592;37525;2792;273;842736;4705.984306
plugin build{plugin="bevy_render::mesh::allocator::MeshAllocatorPlugin"};C:\Users\Antoi\.cargo\registry\src\index.crates.io-1949cf8c6b5b557f\bevy_app-0.18.1\src\app.rs;529;6652;0.000004;1;6652;6652;6652;0.000000
plugin finish{plugin="bevy_ui_render::box_shadow::BoxShadowPlugin"};C:\Users\Antoi\.cargo\registry\src\index.crates.io-1949cf8c6b5b557f\bevy_app-0.18.1\src\app.rs;272;54;0.000000;1;54;54;54;0.000000
system{name="forgia_viewmodel::attach::load_weapon_models"};C:\Users\Antoi\.cargo\registry\src\index.crates.io-1949cf8c6b5b557f\bevy_ecs-0.18.1\src\system\function_system.rs;52;14686;0.000008;1;14686;14686;14686;0.000000
plugin cleanup{plugin="forgia_ui_lib::damage_direction::ForgiaUiDamageDirectionPlugin"};C:\Users\Antoi\.cargo\registry\src\index.crates.io-1949cf8c6b5b557f\bevy_app-0.18.1\src\app.rs;292;56;0.000000;1;56;56;56;0.000000
plugin finish{plugin="forgia_audio::biome::ForgiaAudioBiomePlugin"};C:\Users\Antoi\.cargo\registry\src\index.crates.io-1949cf8c6b5b557f\bevy_app-0.18.1\src\app.rs;272;60;0.000000;1;60;60;60;0.000000
plugin finish{plugin="bevy_render::extract_component::ExtractComponentPlugin<bevy_post_process::motion_blur::MotionBlur>"};C:\Users\Antoi\.cargo\registry\src\index.crates.io-1949cf8c6b5b557f\bevy_app-0.18.1\src\app.rs;272;57;0.000000;1;57;57;57;0.000000
plugin build{plugin="bevy_pbr::ssao::ScreenSpaceAmbientOcclusionPlugin"};C:\Users\Antoi\.cargo\registry\src\index.crates.io-1949cf8c6b5b557f\bevy_app-0.18.1\src\app.rs;529;187226;0.000103;1;187226;187226;187226;0.000000
system{name="forgia_ui::menu_video::menu_video_sensor"};C:\Users\Antoi\.cargo\registry\src\index.crates.io-1949cf8c6b5b557f\bevy_ecs-0.18.1\src\system\function_system.rs;52;19668153;0.010810;37525;524;125;883860;8098.437096
system{name="bevy_rapier3d::plugin::systems::collider::update_colliding_entities"};C:\Users\Antoi\.cargo\registry\src\index.crates.io-1949cf8c6b5b557f\bevy_ecs-0.18.1\src\system\function_system.rs;52;3543076;0.001947;11501;308;83;2153;97.054153
asset loading{loader="bevy_image::image_loader::ImageLoader" asset="ui/menu_video/frame_0018.webp"};C:\Users\Antoi\.cargo\registry\src\index.crates.io-1949cf8c6b5b557f\bevy_asset-0.18.1\src\server\loaders.rs;332;30433790;0.016727;12;2536149;74;15233265;5902223.675534
system{name="forgia_mode_roguelite::enemy_anim::sys_wire_enemy_anim"};C:\Users\Antoi\.cargo\registry\src\index.crates.io-1949cf8c6b5b557f\bevy_ecs-0.18.1\src\system\function_system.rs;52;17827072;0.009798;33826;527;197;70479;587.793966
plugin finish{plugin="bevy_render::extract_component::ExtractComponentPlugin<bevy_pbr::atmosphere::environment::AtmosphereEnvironmentMap>"};C:\Users\Antoi\.cargo\registry\src\index.crates.io-1949cf8c6b5b557f\bevy_app-0.18.1\src\app.rs;272;62;0.000000;1;62;62;62;0.000000
system{name="bevy_pbr::light_probe::generate::prepare_generated_environment_map_intermediate_textures"};C:\Users\Antoi\.cargo\registry\src\index.crates.io-1949cf8c6b5b557f\bevy_ecs-0.18.1\src\system\function_system.rs;52;14575674;0.008011;37525;388;92;52965;422.613853
plugin build{plugin="bevy_render::extract_component::ExtractComponentPlugin<bevy_render::experimental::occlusion_culling::OcclusionCulling>"};C:\Users\Antoi\.cargo\registry\src\index.crates.io-1949cf8c6b5b557f\bevy_app-0.18.1\src\app.rs;529;146767;0.000081;1;146767;146767;146767;0.000000
system{name="forgia_mode_roguelite::status_vfx::sys_init_status_vfx_pool"};C:\Users\Antoi\.cargo\registry\src\index.crates.io-1949cf8c6b5b557f\bevy_ecs-0.18.1\src\system\function_system.rs;52;142156;0.000078;1;142156;142156;142156;0.000000
system{name="forgia_mode_roguelite::hud::sys_track_boss_enrage_banner"};C:\Users\Antoi\.cargo\registry\src\index.crates.io-1949cf8c6b5b557f\bevy_ecs-0.18.1\src\system\function_system.rs;52;8575161;0.004713;33826;253;97;49145;410.977358
system{name="bevy_render::extract_component::extract_components<bevy_pbr::atmosphere::environment::AtmosphereEnvironmentMap>"};C:\Users\Antoi\.cargo\registry\src\index.crates.io-1949cf8c6b5b557f\bevy_ecs-0.18.1\src\system\function_system.rs;52;8908636;0.004896;37525;237;97;389675;2015.583783
system{name="bevy_rapier3d::render::debug_render_scene"};C:\Users\Antoi\.cargo\registry\src\index.crates.io-1949cf8c6b5b557f\bevy_ecs-0.18.1\src\system\function_system.rs;52;43232558;0.023761;37525;1152;409;33601;457.571745
system{name="forgia_player::player_floor_safety_net"};C:\Users\Antoi\.cargo\registry\src\index.crates.io-1949cf8c6b5b557f\bevy_ecs-0.18.1\src\system\function_system.rs;52;4879986;0.002682;10455;466;86;7772;192.029457
system_commands{name="forgia_mode_roguelite::boucherie_rocket::sys_fly_rockets"};C:\Users\Antoi\.cargo\registry\src\index.crates.io-1949cf8c6b5b557f\bevy_ecs-0.18.1\src\system\function_system.rs;54;3455841;0.001899;33826;102;51;80825;468.381802
plugin build{plugin="bevy_render::sync_component::SyncComponentPlugin<bevy_light::point_light::PointLight>"};C:\Users\Antoi\.cargo\registry\src\index.crates.io-1949cf8c6b5b557f\bevy_app-0.18.1\src\app.rs;529;7742;0.000004;1;7742;7742;7742;0.000000
plugin cleanup{plugin="forgia_ui_lib::hud::ForgiaUiHudPlugin"};C:\Users\Antoi\.cargo\registry\src\index.crates.io-1949cf8c6b5b557f\bevy_app-0.18.1\src\app.rs;292;56;0.000000;1;56;56;56;0.000000
system{name="bevy_state::state::transitions::run_enter<forgia_mode_roguelite::run::RunState>"};C:\Users\Antoi\.cargo\registry\src\index.crates.io-1949cf8c6b5b557f\bevy_ecs-0.18.1\src\system\function_system.rs;52;3162847;0.001738;37526;84;59;260589;1362.472936
system{name="bevy_asset::assets::Assets<bevy_pbr::extended_material::ExtendedMaterial<bevy_pbr::pbr_material::StandardMaterial, bevy_water::water::material::WaterMaterial>>::asset_events"};C:\Users\Antoi\.cargo\registry\src\index.crates.io-1949cf8c6b5b557f\bevy_ecs-0.18.1\src\system\function_system.rs;52;41213830;0.022651;37525;1098;516;202528;1410.629670
plugin build{plugin="bevy_render::sync_component::SyncComponentPlugin<bevy_post_process::bloom::settings::Bloom>"};C:\Users\Antoi\.cargo\registry\src\index.crates.io-1949cf8c6b5b557f\bevy_app-0.18.1\src\app.rs;529;372893;0.000205;1;372893;372893;372893;0.000000
node{name="bevy_pbr::atmosphere::environment::EnvironmentNode"};C:\Users\Antoi\.cargo\registry\src\index.crates.io-1949cf8c6b5b557f\bevy_render-0.18.1\src\renderer\graph_runner.rs;240;33173400;0.018232;75050;442;90;94740;466.585877
plugin cleanup{plugin="bevy_render::extract_component::ExtractComponentPlugin<bevy_pbr::atmosphere::Atmosphere>"};C:\Users\Antoi\.cargo\registry\src\index.crates.io-1949cf8c6b5b557f\bevy_app-0.18.1\src\app.rs;292;120;0.000000;1;120;120;120;0.000000
system{name="bevy_rapier3d::plugin::systems::collider::init_colliders"};C:\Users\Antoi\.cargo\registry\src\index.crates.io-1949cf8c6b5b557f\bevy_ecs-0.18.1\src\system\function_system.rs;52;18461108;0.010146;11501;1605;146;1678242;27872.333166
asset loading{loader="bevy_image::image_loader::ImageLoader" asset="ui/menu_video/frame_0267.webp"};C:\Users\Antoi\.cargo\registry\src\index.crates.io-1949cf8c6b5b557f\bevy_asset-0.18.1\src\server\loaders.rs;332;15790191;0.008678;6;2631698;397;15754486;6428829.124330
plugin cleanup{plugin="bevy_core_pipeline::oit::OrderIndependentTransparencyPlugin"};C:\Users\Antoi\.cargo\registry\src\index.crates.io-1949cf8c6b5b557f\bevy_app-0.18.1\src\app.rs;292;57;0.000000;1;57;57;57;0.000000
plugin finish{plugin="bevy_sprite_render::mesh2d::material::Material2dPlugin<bevy_sprite_render::tilemap_chunk::tilemap_chunk_material::TilemapChunkMaterial>"};C:\Users\Antoi\.cargo\registry\src\index.crates.io-1949cf8c6b5b557f\bevy_app-0.18.1\src\app.rs;272;55;0.000000;1;55;55;55;0.000000
asset loading{loader="forgia_genome_core::GenomeLoader<forgia_stage::RoguelitePoisGenome>" asset="genomes/roguelite_pois.toml"};C:\Users\Antoi\.cargo\registry\src\index.crates.io-1949cf8c6b5b557f\bevy_asset-0.18.1\src\server\loaders.rs;332;749201;0.000412;5;149840;411;387740;162051.723005
asset loading{loader="bevy_image::image_loader::ImageLoader" asset="ui/menu_video/frame_0054.webp"};C:\Users\Antoi\.cargo\registry\src\index.crates.io-1949cf8c6b5b557f\bevy_asset-0.18.1\src\server\loaders.rs;332;15220267;0.008365;4;3805066;121;15190212;7590103.980868
run_graph{name="Core3d" debug_group="Camera -1 (81v0)"};C:\Users\Antoi\.cargo\registry\src\index.crates.io-1949cf8c6b5b557f\bevy_render-0.18.1\src\renderer\graph_runner.rs;119;656222021;0.360662;3699;177405;124131;2724752;66556.143303
asset loading{loader="bevy_image::image_loader::ImageLoader" asset="ui/menu_video/frame_0223.webp"};C:\Users\Antoi\.cargo\registry\src\index.crates.io-1949cf8c6b5b557f\bevy_asset-0.18.1\src\server\loaders.rs;332;15600705;0.008574;6;2600117;168;15556753;6347432.366728
asset loading{loader="bevy_gltf::loader::GltfLoader" asset="models/weapons/forgia/bourrasque.glb"};C:\Users\Antoi\.cargo\registry\src\index.crates.io-1949cf8c6b5b557f\bevy_asset-0.18.1\src\server\loaders.rs;332;346661988;0.190527;5;69332397;253;343340159;153181721.124647
system{name="bevy_pbr::render::light::extract_lights"};C:\Users\Antoi\.cargo\registry\src\index.crates.io-1949cf8c6b5b557f\bevy_ecs-0.18.1\src\system\function_system.rs;52;1018571720;0.559811;37525;27143;1491;601336;12402.484903
plugin cleanup{plugin="bevy_ui_render::color_space::ColorSpacePlugin"};C:\Users\Antoi\.cargo\registry\src\index.crates.io-1949cf8c6b5b557f\bevy_app-0.18.1\src\app.rs;292;55;0.000000;1;55;55;55;0.000000
system{name="forgia_mode_roguelite::coffre_sensor::sys_write_coffre_sensor"};C:\Users\Antoi\.cargo\registry\src\index.crates.io-1949cf8c6b5b557f\bevy_ecs-0.18.1\src\system\function_system.rs;52;12502388;0.006871;37525;333;101;71331;475.094696
plugin finish{plugin="bevy_core_pipeline::fullscreen_material::FullscreenMaterialPlugin<forgia_postprocess::toon::ToonSettings>"};C:\Users\Antoi\.cargo\registry\src\index.crates.io-1949cf8c6b5b557f\bevy_app-0.18.1\src\app.rs;272;120;0.000000;1;120;120;120;0.000000
system_commands{name="bevy_anti_alias::smaa::prepare_smaa_textures"};C:\Users\Antoi\.cargo\registry\src\index.crates.io-1949cf8c6b5b557f\bevy_ecs-0.18.1\src\system\function_system.rs;54;3428252;0.001884;37525;91;50;89673;477.744278
system{name="forgia_mode_roguelite::elements::sys_reset_element_unlocks"};C:\Users\Antoi\.cargo\registry\src\index.crates.io-1949cf8c6b5b557f\bevy_ecs-0.18.1\src\system\function_system.rs;52;1038718;0.000571;1;1038718;1038718;1038718;0.000000
system{name="bevy_transform::systems::sync_simple_transforms"};C:\Users\Antoi\.cargo\registry\src\index.crates.io-1949cf8c6b5b557f\bevy_ecs-0.18.1\src\system\function_system.rs;52;1931312587;1.061456;49027;39392;20001;5886248;44593.632761
asset loading{loader="bevy_image::image_loader::ImageLoader" asset="ui/menu_video/frame_0065.webp"};C:\Users\Antoi\.cargo\registry\src\index.crates.io-1949cf8c6b5b557f\bevy_asset-0.18.1\src\server\loaders.rs;332;16802076;0.009234;5;3360415;137;16758770;7489913.010687
asset loading{loader="bevy_image::image_loader::ImageLoader" asset="ui/menu_video/frame_0359.webp"};C:\Users\Antoi\.cargo\registry\src\index.crates.io-1949cf8c6b5b557f\bevy_asset-0.18.1\src\server\loaders.rs;332;24991477;0.013735;7;3570211;176;24914328;9411874.771954
system{name="bevy_state::condition::in_state<forgia_core::states::AppMode>::{{closure}}"};C:\Users\Antoi\.cargo\registry\src\index.crates.io-1949cf8c6b5b557f\bevy_ecs-0.18.1\src\system\function_system.rs;52;23729504;0.013042;274176;86;52;133265;506.186072
asset loading{loader="bevy_image::image_loader::ImageLoader" asset="ui/menu_video/frame_0060.webp"};C:\Users\Antoi\.cargo\registry\src\index.crates.io-1949cf8c6b5b557f\bevy_asset-0.18.1\src\server\loaders.rs;332;15814513;0.008692;5;3162902;95;15774065;7049858.419263
system{name="bevy_asset::assets::Assets<forgia_genome_core::Genome<forgia_mode_fps_arena::ArenaBotsGenome>>::asset_events_condition"};C:\Users\Antoi\.cargo\registry\src\index.crates.io-1949cf8c6b5b557f\bevy_ecs-0.18.1\src\system\function_system.rs;52;4301086;0.002364;37525;114;54;8122;77.168921
system_commands{name="bevy_pbr::render::light::extract_shadow_filtering_method"};C:\Users\Antoi\.cargo\registry\src\index.crates.io-1949cf8c6b5b557f\bevy_ecs-0.18.1\src\system\function_system.rs;54;17189079;0.009447;37525;458;156;28738;264.184775
system{name="bevy_picking::backend::ray::RayMap::repopulate"};C:\Users\Antoi\.cargo\registry\src\index.crates.io-1949cf8c6b5b557f\bevy_ecs-0.18.1\src\system\function_system.rs;52;72956976;0.040097;37525;1944;510;99981;1069.408877
system{name="forgia_mode_roguelite::run::sys_collect_soul_wisps"};C:\Users\Antoi\.cargo\registry\src\index.crates.io-1949cf8c6b5b557f\bevy_ecs-0.18.1\src\system\function_system.rs;52;23844890;0.013105;33826;704;235;172683;1807.743314
asset loading{loader="bevy_shader::shader::ShaderLoader" asset="embedded://bevy_pbr\\render/pbr_transmission.wgsl"};C:\Users\Antoi\.cargo\registry\src\index.crates.io-1949cf8c6b5b557f\bevy_asset-0.18.1\src\server\loaders.rs;332;436118;0.000240;2;218059;163;435955;308151.478387
system{name="forgia_ui_lib::hud_ammo::tuning::load_ammo_hud_tuning"};C:\Users\Antoi\.cargo\registry\src\index.crates.io-1949cf8c6b5b557f\bevy_ecs-0.18.1\src\system\function_system.rs;52;929686;0.000511;1;929686;929686;929686;0.000000
asset loading{loader="bevy_image::image_loader::ImageLoader" asset="ui/menu_video/frame_0184.webp"};C:\Users\Antoi\.cargo\registry\src\index.crates.io-1949cf8c6b5b557f\bevy_asset-0.18.1\src\server\loaders.rs;332;14967488;0.008226;6;2494581;143;14928391;6091300.997588
system_commands{name="bevy_pbr::prepass::init_prepass_view_bind_group"};C:\Users\Antoi\.cargo\registry\src\index.crates.io-1949cf8c6b5b557f\bevy_ecs-0.18.1\src\system\function_system.rs;54;1225;0.000001;1;1225;1225;1225;0.000000
plugin finish{plugin="forgia_viewmodel::vm_camera::ForgiaViewmodelCameraPlugin"};C:\Users\Antoi\.cargo\registry\src\index.crates.io-1949cf8c6b5b557f\bevy_app-0.18.1\src\app.rs;272;56;0.000000;1;56;56;56;0.000000
system_commands{name="bevy_render::extract_component::extract_components<bevy_post_process::motion_blur::MotionBlur>"};C:\Users\Antoi\.cargo\registry\src\index.crates.io-1949cf8c6b5b557f\bevy_ecs-0.18.1\src\system\function_system.rs;54;29890396;0.016428;37525;796;242;92607;623.307799
system_commands{name="bevy_pbr::light_probe::generate::extract_generated_environment_map_entities"};C:\Users\Antoi\.cargo\registry\src\index.crates.io-1949cf8c6b5b557f\bevy_ecs-0.18.1\src\system\function_system.rs;54;3672658;0.002019;37525;97;52;4381;32.832341
par_for_each{query="&mut bevy_camera::visibility::ViewVisibility" filter="()"};C:\Users\Antoi\.cargo\registry\src\index.crates.io-1949cf8c6b5b557f\bevy_ecs-0.18.1\src\query\state.rs;246;2618795056;1.439299;8931653;293;51;173532;468.293368
system{name="bevy_anti_alias::smaa::prepare_smaa_pipelines"};C:\Users\Antoi\.cargo\registry\src\index.crates.io-1949cf8c6b5b557f\bevy_ecs-0.18.1\src\system\function_system.rs;52;14465833;0.007950;37525;385;87;57222;460.037144
system_commands{name="bevy_render::extract_component::extract_components<bevy_pbr::atmosphere::GpuAtmosphereSettings>"};C:\Users\Antoi\.cargo\registry\src\index.crates.io-1949cf8c6b5b557f\bevy_ecs-0.18.1\src\system\function_system.rs;54;19966340;0.010974;37525;532;137;85340;555.078050
plugin build{plugin="bevy_gizmos::light::LightGizmoPlugin"};C:\Users\Antoi\.cargo\registry\src\index.crates.io-1949cf8c6b5b557f\bevy_app-0.18.1\src\app.rs;529;32060;0.000018;1;32060;32060;32060;0.000000
asset loading{loader="bevy_shader::shader::ShaderLoader" asset="embedded://bevy_pbr\\atmosphere\\aerial_view_lut.wgsl"};C:\Users\Antoi\.cargo\registry\src\index.crates.io-1949cf8c6b5b557f\bevy_asset-0.18.1\src\server\loaders.rs;332;333492;0.000183;2;166746;146;333346;235607.979491
plugin build{plugin="bevy_winit::accessibility::AccessKitPlugin"};C:\Users\Antoi\.cargo\registry\src\index.crates.io-1949cf8c6b5b557f\bevy_app-0.18.1\src\app.rs;529;31285;0.000017;1;31285;31285;31285;0.000000
system{name="forgia_player::skybox_genome::regen_skybox_image"};C:\Users\Antoi\.cargo\registry\src\index.crates.io-1949cf8c6b5b557f\bevy_ecs-0.18.1\src\system\function_system.rs;52;22019985;0.012102;37525;586;100;3579830;28652.043051
system{name="forgia_damage::sync_hit_feedback"};C:\Users\Antoi\.cargo\registry\src\index.crates.io-1949cf8c6b5b557f\bevy_ecs-0.18.1\src\system\function_system.rs;52;20664713;0.011357;37525;550;156;162216;867.332228
system{name="forgia_ai_arena_bot::tactical::bot_tactical_movement"};C:\Users\Antoi\.cargo\registry\src\index.crates.io-1949cf8c6b5b557f\bevy_ecs-0.18.1\src\system\function_system.rs;52;269408468;0.148068;37525;7179;125;385692;14808.555036
system{name="forgia_skeleton_template::update_skeleton_registry_load_state"};C:\Users\Antoi\.cargo\registry\src\index.crates.io-1949cf8c6b5b557f\bevy_ecs-0.18.1\src\system\function_system.rs;52;17170353;0.009437;37525;457;97;39241;293.836934
asset loading{loader="bevy_gltf::loader::GltfLoader" asset="models/characters/Gobli.glb"};C:\Users\Antoi\.cargo\registry\src\index.crates.io-1949cf8c6b5b557f\bevy_asset-0.18.1\src\server\loaders.rs;332;74225965;0.040795;13;5709689;258;59114339;16523692.957120
system{name="forgia_player::skybox_genome::sync_palette_from_genome"};C:\Users\Antoi\.cargo\registry\src\index.crates.io-1949cf8c6b5b557f\bevy_ecs-0.18.1\src\system\function_system.rs;52;14940896;0.008212;37525;398;98;328235;1959.141895
asset loading{loader="bevy_image::image_loader::ImageLoader" asset="textures-v1/terrain/grass/diff.jpg"};C:\Users\Antoi\.cargo\registry\src\index.crates.io-1949cf8c6b5b557f\bevy_asset-0.18.1\src\server\loaders.rs;332;28185502;0.015491;4;7046375;224;28177385;14087339.955100
system{name="forgia_mode_roguelite::mushrooms::sys_write_mushroom_sensor"};C:\Users\Antoi\.cargo\registry\src\index.crates.io-1949cf8c6b5b557f\bevy_ecs-0.18.1\src\system\function_system.rs;52;10898899;0.005990;33826;322;101;45849;373.404663
schedule{name=Update};C:\Users\Antoi\.cargo\registry\src\index.crates.io-1949cf8c6b5b557f\bevy_ecs-0.18.1\src\schedule\schedule.rs;532;23121421141;12.707615;37525;616160;221085;44443605;368305.052047
plugin finish{plugin="bevy_mesh::MeshPlugin"};C:\Users\Antoi\.cargo\registry\src\index.crates.io-1949cf8c6b5b557f\bevy_app-0.18.1\src\app.rs;272;56;0.000000;1;56;56;56;0.000000
system{name="forgia_rpg_data::boons::sync_boons_catalogue"};C:\Users\Antoi\.cargo\registry\src\index.crates.io-1949cf8c6b5b557f\bevy_ecs-0.18.1\src\system\function_system.rs;52;15094413;0.008296;37525;402;157;206607;1423.266689
system{name="forgia_mode_roguelite::boucherie_rocket::sys_reset_stats"};C:\Users\Antoi\.cargo\registry\src\index.crates.io-1949cf8c6b5b557f\bevy_ecs-0.18.1\src\system\function_system.rs;52;186;0.000000;1;186;186;186;0.000000
system{name="forgia_ui::reset_menu_page"};C:\Users\Antoi\.cargo\registry\src\index.crates.io-1949cf8c6b5b557f\bevy_ecs-0.18.1\src\system\function_system.rs;52;453;0.000000;1;453;453;453;0.000000
plugin finish{plugin="bevy_diagnostic::DiagnosticsPlugin"};C:\Users\Antoi\.cargo\registry\src\index.crates.io-1949cf8c6b5b557f\bevy_app-0.18.1\src\app.rs;272;56;0.000000;1;56;56;56;0.000000
system_commands{name="bevy_state::state_scoped::despawn_entities_on_exit_state<forgia_core::states::WorldMode>"};C:\Users\Antoi\.cargo\registry\src\index.crates.io-1949cf8c6b5b557f\bevy_ecs-0.18.1\src\system\function_system.rs;54;2156230;0.001185;37526;57;50;13232;101.183682
system{name="forgia_ui::sys_menu_enclume"};C:\Users\Antoi\.cargo\registry\src\index.crates.io-1949cf8c6b5b557f\bevy_ecs-0.18.1\src\system\function_system.rs;52;21317589;0.011716;37525;568;93;770301;4754.675144
plugin cleanup{plugin="forgia_mode_roguelite::hud::RogueliteHudPlugin"};C:\Users\Antoi\.cargo\registry\src\index.crates.io-1949cf8c6b5b557f\bevy_app-0.18.1\src\app.rs;292;56;0.000000;1;56;56;56;0.000000
system{name="bevy_ecs::schedule::condition::common_conditions::any_with_component<forgia_camera_orbit::OrbitCamera>"};C:\Users\Antoi\.cargo\registry\src\index.crates.io-1949cf8c6b5b557f\bevy_ecs-0.18.1\src\system\function_system.rs;52;11262904;0.006190;37525;300;61;85131;642.350907
system_commands{name="bevy_rapier3d::plugin::systems::collider::init_async_colliders"};C:\Users\Antoi\.cargo\registry\src\index.crates.io-1949cf8c6b5b557f\bevy_ecs-0.18.1\src\system\function_system.rs;54;1163382;0.000639;11501;101;59;88201;848.879379
system{name="forgia_observability::lifecycle_sensor::obs_nameplate_inserted"};C:\Users\Antoi\.cargo\registry\src\index.crates.io-1949cf8c6b5b557f\bevy_ecs-0.18.1\src\system\function_system.rs;52;2942;0.000002;40;73;58;279;38.218669
system_commands{name="bevy_ui_render::gradient::init_gradient_pipeline"};C:\Users\Antoi\.cargo\registry\src\index.crates.io-1949cf8c6b5b557f\bevy_ecs-0.18.1\src\system\function_system.rs;54;807;0.000000;1;807;807;807;0.000000
plugin build{plugin="bevy_core_pipeline::oit::resolve::OitResolvePlugin"};C:\Users\Antoi\.cargo\registry\src\index.crates.io-1949cf8c6b5b557f\bevy_app-0.18.1\src\app.rs;529;5387;0.000003;1;5387;5387;5387;0.000000
system_commands{name="bevy_pbr::volumetric_fog::render::init_volumetric_fog_pipeline"};C:\Users\Antoi\.cargo\registry\src\index.crates.io-1949cf8c6b5b557f\bevy_ecs-0.18.1\src\system\function_system.rs;54;4003;0.000002;1;4003;4003;4003;0.000000
system{name="bevy_pbr::prepass::init_prepass_view_bind_group"};C:\Users\Antoi\.cargo\registry\src\index.crates.io-1949cf8c6b5b557f\bevy_ecs-0.18.1\src\system\function_system.rs;52;257765;0.000142;1;257765;257765;257765;0.000000
plugin finish{plugin="bevy_render::sync_component::SyncComponentPlugin<bevy_render::gpu_readback::Readback>"};C:\Users\Antoi\.cargo\registry\src\index.crates.io-1949cf8c6b5b557f\bevy_app-0.18.1\src\app.rs;272;61;0.000000;1;61;61;61;0.000000
plugin finish{plugin="bevy_image::image::ImagePlugin"};C:\Users\Antoi\.cargo\registry\src\index.crates.io-1949cf8c6b5b557f\bevy_app-0.18.1\src\app.rs;272;146;0.000000;1;146;146;146;0.000000
system{name="bevy_water::water::sync_wave_direction_settings"};C:\Users\Antoi\.cargo\registry\src\index.crates.io-1949cf8c6b5b557f\bevy_ecs-0.18.1\src\system\function_system.rs;52;1152;0.000001;1;1152;1152;1152;0.000000
plugin cleanup{plugin="forgia_ai_arena_bot::ForgiaAiArenaBotPlugin"};C:\Users\Antoi\.cargo\registry\src\index.crates.io-1949cf8c6b5b557f\bevy_app-0.18.1\src\app.rs;292;56;0.000000;1;56;56;56;0.000000
system_commands{name="forgia_mode_roguelite::poi::sys_init_poi_genome"};C:\Users\Antoi\.cargo\registry\src\index.crates.io-1949cf8c6b5b557f\bevy_ecs-0.18.1\src\system\function_system.rs;54;3877;0.000002;1;3877;3877;3877;0.000000
system{name="bevy_picking::window::update_window_hits"};C:\Users\Antoi\.cargo\registry\src\index.crates.io-1949cf8c6b5b557f\bevy_ecs-0.18.1\src\system\function_system.rs;52;26283368;0.014445;37525;700;170;105843;964.375755
asset loading{loader="bevy_image::image_loader::ImageLoader" asset="ui/menu_video/frame_0253.webp"};C:\Users\Antoi\.cargo\registry\src\index.crates.io-1949cf8c6b5b557f\bevy_asset-0.18.1\src\server\loaders.rs;332;15956788;0.008770;8;1994598;163;15921801;5627441.840460
system{name="bevy_core_pipeline::core_3d::extract_camera_prepass_phase"};C:\Users\Antoi\.cargo\registry\src\index.crates.io-1949cf8c6b5b557f\bevy_ecs-0.18.1\src\system\function_system.rs;52;60506965;0.033255;37525;1612;643;286530;1740.139231
plugin build{plugin="forgia_juice_lib::knockback::ForgiaJuiceKnockbackPlugin"};C:\Users\Antoi\.cargo\registry\src\index.crates.io-1949cf8c6b5b557f\bevy_app-0.18.1\src\app.rs;529;1124965;0.000618;1;1124965;1124965;1124965;0.000000
system{name="forgia_mode_roguelite::trempe::sys_sync_trempe_current"};C:\Users\Antoi\.cargo\registry\src\index.crates.io-1949cf8c6b5b557f\bevy_ecs-0.18.1\src\system\function_system.rs;52;9783407;0.005377;33826;289;99;10061;164.314255
plugin finish{plugin="bevy_pbr::medium::ScatteringMediumPlugin"};C:\Users\Antoi\.cargo\registry\src\index.crates.io-1949cf8c6b5b557f\bevy_app-0.18.1\src\app.rs;272;53;0.000000;1;53;53;53;0.000000
system_commands{name="forgia_damage::apply_damage"};C:\Users\Antoi\.cargo\registry\src\index.crates.io-1949cf8c6b5b557f\bevy_ecs-0.18.1\src\system\function_system.rs;54;3497962;0.001922;37525;93;50;86268;688.685214
plugin cleanup{plugin="forgia_asset_registry::ForgiaAssetRegistryPlugin"};C:\Users\Antoi\.cargo\registry\src\index.crates.io-1949cf8c6b5b557f\bevy_app-0.18.1\src\app.rs;292;58;0.000000;1;58;58;58;0.000000
asset loading{loader="bevy_shader::shader::ShaderLoader" asset="embedded://bevy_pbr\\deferred/pbr_deferred_types.wgsl"};C:\Users\Antoi\.cargo\registry\src\index.crates.io-1949cf8c6b5b557f\bevy_asset-0.18.1\src\server\loaders.rs;332;164405;0.000090;2;82202;52;164353;116178.351258
system{name="forgia_mode_roguelite::elements::sys_sync_weapon_affinities"};C:\Users\Antoi\.cargo\registry\src\index.crates.io-1949cf8c6b5b557f\bevy_ecs-0.18.1\src\system\function_system.rs;52;10105470;0.005554;33826;298;103;96173;562.698477
system{name="forgia_effects::mesh_fader::apply_material_fader_alpha"};C:\Users\Antoi\.cargo\registry\src\index.crates.io-1949cf8c6b5b557f\bevy_ecs-0.18.1\src\system\function_system.rs;52;21364456;0.011742;37525;569;135;84690;606.270776
system{name="bevy_animation::transition::advance_transitions"};C:\Users\Antoi\.cargo\registry\src\index.crates.io-1949cf8c6b5b557f\bevy_ecs-0.18.1\src\system\function_system.rs;52;22148055;0.012173;37525;590;91;147930;947.497728
system{name="bevy_egui::input::write_egui_wants_input_system"};C:\Users\Antoi\.cargo\registry\src\index.crates.io-1949cf8c6b5b557f\bevy_ecs-0.18.1\src\system\function_system.rs;52;70329406;0.038653;37525;1874;636;79883;709.457099
plugin finish{plugin="bevy_pbr::light_probe::LightProbePlugin"};C:\Users\Antoi\.cargo\registry\src\index.crates.io-1949cf8c6b5b557f\bevy_app-0.18.1\src\app.rs;272;102;0.000000;1;102;102;102;0.000000
system_commands{name="forgia_mode_roguelite::decor::sys_load_decor_assets"};C:\Users\Antoi\.cargo\registry\src\index.crates.io-1949cf8c6b5b557f\bevy_ecs-0.18.1\src\system\function_system.rs;54;2854;0.000002;1;2854;2854;2854;0.000000
system_commands{name="bevy_app::propagate::update_source<bevy_ui::ui_node::ComputedUiRenderTargetInfo, (), bevy_ecs::hierarchy::ChildOf>"};C:\Users\Antoi\.cargo\registry\src\index.crates.io-1949cf8c6b5b557f\bevy_ecs-0.18.1\src\system\function_system.rs;54;18841408;0.010355;37525;502;72;75503;623.052131
plugin finish{plugin="forgia_mode_roguelite::atmosphere::RogueliteAtmospherePlugin"};C:\Users\Antoi\.cargo\registry\src\index.crates.io-1949cf8c6b5b557f\bevy_app-0.18.1\src\app.rs;272;55;0.000000;1;55;55;55;0.000000
plugin cleanup{plugin="bevy_image::image::ImagePlugin"};C:\Users\Antoi\.cargo\registry\src\index.crates.io-1949cf8c6b5b557f\bevy_app-0.18.1\src\app.rs;292;55;0.000000;1;55;55;55;0.000000
system{name="forgia_mode_roguelite::status_vfx::sys_attach_poison_vfx"};C:\Users\Antoi\.cargo\registry\src\index.crates.io-1949cf8c6b5b557f\bevy_ecs-0.18.1\src\system\function_system.rs;52;13420223;0.007376;33826;396;122;42985;438.306416
system{name="forgia_mode_roguelite::hub::draw_hub_chrome"};C:\Users\Antoi\.cargo\registry\src\index.crates.io-1949cf8c6b5b557f\bevy_ecs-0.18.1\src\system\function_system.rs;52;4431705;0.002436;91;48700;33489;266384;26821.516576
system{name="bevy_render::extract_component::extract_components<bevy_hanabi::EffectVisibilityClass>"};C:\Users\Antoi\.cargo\registry\src\index.crates.io-1949cf8c6b5b557f\bevy_ecs-0.18.1\src\system\function_system.rs;52;11804950;0.006488;37525;314;114;47067;398.084527
plugin cleanup{plugin="bevy_gltf::GltfPlugin"};C:\Users\Antoi\.cargo\registry\src\index.crates.io-1949cf8c6b5b557f\bevy_app-0.18.1\src\app.rs;292;58;0.000000;1;58;58;58;0.000000
system_commands{name="forgia_effects::weapon_vfx::sys_hot_reload_vfx_genome"};C:\Users\Antoi\.cargo\registry\src\index.crates.io-1949cf8c6b5b557f\bevy_ecs-0.18.1\src\system\function_system.rs;54;3049779;0.001676;37525;81;50;80649;477.091867
plugin cleanup{plugin="bevy_render::render_phase::BinnedRenderPhasePlugin<bevy_core_pipeline::deferred::AlphaMask3dDeferred, bevy_pbr::render::mesh::MeshPipeline>"};C:\Users\Antoi\.cargo\registry\src\index.crates.io-1949cf8c6b5b557f\bevy_app-0.18.1\src\app.rs;292;56;0.000000;1;56;56;56;0.000000
system{name="bevy_winit::cursor::update_cursors"};C:\Users\Antoi\.cargo\registry\src\index.crates.io-1949cf8c6b5b557f\bevy_ecs-0.18.1\src\system\function_system.rs;52;21558875;0.011849;37525;574;182;38176;338.518092
system{name="forgia_mode_roguelite::merchant::sys_merchant_proximity"};C:\Users\Antoi\.cargo\registry\src\index.crates.io-1949cf8c6b5b557f\bevy_ecs-0.18.1\src\system\function_system.rs;52;27423662;0.015072;33826;810;350;152308;1343.628713
plugin build{plugin="bevy_render::sync_component::SyncComponentPlugin<bevy_light::ShadowFilteringMethod>"};C:\Users\Antoi\.cargo\registry\src\index.crates.io-1949cf8c6b5b557f\bevy_app-0.18.1\src\app.rs;529;1199;0.000001;1;1199;1199;1199;0.000000
plugin cleanup{plugin="forgia_ui_lib::inventory_panel::ForgiaUiInventoryPlugin"};C:\Users\Antoi\.cargo\registry\src\index.crates.io-1949cf8c6b5b557f\bevy_app-0.18.1\src\app.rs;292;55;0.000000;1;55;55;55;0.000000
asset loading{loader="bevy_image::image_loader::ImageLoader" asset="ui/menu_video/frame_0110.webp"};C:\Users\Antoi\.cargo\registry\src\index.crates.io-1949cf8c6b5b557f\bevy_asset-0.18.1\src\server\loaders.rs;332;16063826;0.008829;6;2677304;85;16012862;6533066.820675
plugin cleanup{plugin="bevy_render::extract_component::ExtractComponentPlugin<bevy_camera::camera::CameraMainTextureUsages>"};C:\Users\Antoi\.cargo\registry\src\index.crates.io-1949cf8c6b5b557f\bevy_app-0.18.1\src\app.rs;292;59;0.000000;1;59;59;59;0.000000
plugin finish{plugin="forgia_viewmodel::fade::ForgiaViewmodelFadePlugin"};C:\Users\Antoi\.cargo\registry\src\index.crates.io-1949cf8c6b5b557f\bevy_app-0.18.1\src\app.rs;272;72;0.000000;1;72;72;72;0.000000
system{name="forgia_mode_roguelite::elements::sys_hot_reload_element_genome"};C:\Users\Antoi\.cargo\registry\src\index.crates.io-1949cf8c6b5b557f\bevy_ecs-0.18.1\src\system\function_system.rs;52;20389940;0.011206;33826;602;83;164432;4832.375306
plugin cleanup{plugin="bevy_render::render_asset::RenderAssetPlugin<bevy_render::mesh::RenderMesh, bevy_render::texture::gpu_image::GpuImage>"};C:\Users\Antoi\.cargo\registry\src\index.crates.io-1949cf8c6b5b557f\bevy_app-0.18.1\src\app.rs;292;123;0.000000;1;123;123;123;0.000000
check_conditions{name="bevy_gizmos::end_gizmo_context<bevy_gizmos::config::DefaultGizmoConfigGroup, bevy_time::fixed::Fixed>"};C:\Users\Antoi\.cargo\registry\src\index.crates.io-1949cf8c6b5b557f\bevy_ecs-0.18.1\src\schedule\executor\single_threaded.rs;83;2807357;0.001543;37525;74;55;86475;586.842105
system{name="bevy_light::spot_light::update_spot_light_frusta"};C:\Users\Antoi\.cargo\registry\src\index.crates.io-1949cf8c6b5b557f\bevy_ecs-0.18.1\src\system\function_system.rs;52;23263546;0.012786;37525;619;200;34293;267.590282
plugin finish{plugin="forgia_juice_lib::fov_punch::ForgiaJuiceFovPunchPlugin"};C:\Users\Antoi\.cargo\registry\src\index.crates.io-1949cf8c6b5b557f\bevy_app-0.18.1\src\app.rs;272;55;0.000000;1;55;55;55;0.000000
plugin build{plugin="bevy_render::render_asset::RenderAssetPlugin<bevy_gizmos_render::GpuLineGizmo>"};C:\Users\Antoi\.cargo\registry\src\index.crates.io-1949cf8c6b5b557f\bevy_app-0.18.1\src\app.rs;529;178177;0.000098;1;178177;178177;178177;0.000000
system{name="forgia_qa_core::plugin::install_record_sink"};C:\Users\Antoi\.cargo\registry\src\index.crates.io-1949cf8c6b5b557f\bevy_ecs-0.18.1\src\system\function_system.rs;52;764553;0.000420;1;764553;764553;764553;0.000000
plugin finish{plugin="bevy_anti_alias::contrast_adaptive_sharpening::CasPlugin"};C:\Users\Antoi\.cargo\registry\src\index.crates.io-1949cf8c6b5b557f\bevy_app-0.18.1\src\app.rs;272;68;0.000000;1;68;68;68;0.000000
plugin finish{plugin="bevy_core_pipeline::core_3d::Core3dPlugin"};C:\Users\Antoi\.cargo\registry\src\index.crates.io-1949cf8c6b5b557f\bevy_app-0.18.1\src\app.rs;272;56;0.000000;1;56;56;56;0.000000
system{name="leafwing_input_manager::user_input::updating::input_is_enabled<bevy_input::keyboard::KeyCode>"};C:\Users\Antoi\.cargo\registry\src\index.crates.io-1949cf8c6b5b557f\bevy_ecs-0.18.1\src\system\function_system.rs;52;2834193;0.001558;37525;75;53;2583;27.313779
asset loading{loader="bevy_shader::shader::ShaderLoader" asset="embedded://bevy_sprite_render\\mesh2d\\mesh2d_view_types.wgsl"};C:\Users\Antoi\.cargo\registry\src\index.crates.io-1949cf8c6b5b557f\bevy_asset-0.18.1\src\server\loaders.rs;332;23647;0.000013;2;11823;83;23564;16603.574344
asset loading{loader="bevy_gltf::loader::GltfLoader" asset="models/kaykit/hexagon/red/building_mine_red.gltf"};C:\Users\Antoi\.cargo\registry\src\index.crates.io-1949cf8c6b5b557f\bevy_asset-0.18.1\src\server\loaders.rs;332;342945;0.000188;7;48992;72;261465;96101.662201
plugin cleanup{plugin="forgia_mode_roguelite::enemy_anim::ForgiaRogueliteEnemyAnimPlugin"};C:\Users\Antoi\.cargo\registry\src\index.crates.io-1949cf8c6b5b557f\bevy_app-0.18.1\src\app.rs;292;55;0.000000;1;55;55;55;0.000000
plugin build{plugin="bevy_render::sync_component::SyncComponentPlugin<bevy_core_pipeline::tonemapping::Tonemapping>"};C:\Users\Antoi\.cargo\registry\src\index.crates.io-1949cf8c6b5b557f\bevy_app-0.18.1\src\app.rs;529;10067;0.000006;1;10067;10067;10067;0.000000
plugin cleanup;C:\Users\Antoi\.cargo\registry\src\index.crates.io-1949cf8c6b5b557f\bevy_app-0.18.1\src\app.rs;284;452172;0.000249;1;452172;452172;452172;0.000000
system{name="bevy_asset::assets::Assets<bevy_scene::scene::Scene>::asset_events_condition"};C:\Users\Antoi\.cargo\registry\src\index.crates.io-1949cf8c6b5b557f\bevy_ecs-0.18.1\src\system\function_system.rs;52;3740607;0.002056;37525;99;57;40678;229.258228
plugin cleanup{plugin="forgia_mode_roguelite::boucherie_rocket::BoucherieRocketPlugin"};C:\Users\Antoi\.cargo\registry\src\index.crates.io-1949cf8c6b5b557f\bevy_app-0.18.1\src\app.rs;292;55;0.000000;1;55;55;55;0.000000
system{name="bevy_pbr::render::light::add_light_view_entities"};C:\Users\Antoi\.cargo\registry\src\index.crates.io-1949cf8c6b5b557f\bevy_ecs-0.18.1\src\system\function_system.rs;52;9080;0.000005;95;95;56;1550;153.035353
asset loading{loader="bevy_image::image_loader::ImageLoader" asset="ui/menu_video/frame_0334.webp"};C:\Users\Antoi\.cargo\registry\src\index.crates.io-1949cf8c6b5b557f\bevy_asset-0.18.1\src\server\loaders.rs;332;16186126;0.008896;5;3237225;163;16139542;7212620.847990
plugin cleanup{plugin="bevy_render::extract_component::ExtractComponentPlugin<bevy_pbr::atmosphere::environment::AtmosphereEnvironmentMap>"};C:\Users\Antoi\.cargo\registry\src\index.crates.io-1949cf8c6b5b557f\bevy_app-0.18.1\src\app.rs;292;56;0.000000;1;56;56;56;0.000000
plugin build{plugin="bevy_render::sync_component::SyncComponentPlugin<bevy_render::view::Hdr>"};C:\Users\Antoi\.cargo\registry\src\index.crates.io-1949cf8c6b5b557f\bevy_app-0.18.1\src\app.rs;529;4690;0.000003;1;4690;4690;4690;0.000000
system{name="bevy_ui::widget::text::measure_text_system"};C:\Users\Antoi\.cargo\registry\src\index.crates.io-1949cf8c6b5b557f\bevy_ecs-0.18.1\src\system\function_system.rs;52;20748241;0.011403;37525;552;179;133442;779.705610
system{name="bevy_render::camera::sort_cameras"};C:\Users\Antoi\.cargo\registry\src\index.crates.io-1949cf8c6b5b557f\bevy_ecs-0.18.1\src\system\function_system.rs;52;107473907;0.059068;37525;2864;1356;138794;1721.033875
system{name="forgia_game::color_grading::sys_hot_reload"};C:\Users\Antoi\.cargo\registry\src\index.crates.io-1949cf8c6b5b557f\bevy_ecs-0.18.1\src\system\function_system.rs;52;16283885;0.008950;37525;433;61;87481;3730.611555
plugin finish{plugin="bevy_render::extract_component::ExtractComponentPlugin<bevy_pbr::atmosphere::Atmosphere>"};C:\Users\Antoi\.cargo\registry\src\index.crates.io-1949cf8c6b5b557f\bevy_app-0.18.1\src\app.rs;272;72;0.000000;1;72;72;72;0.000000
system{name="forgia_stage::floor_merge::sys_drain_merge_spawn_queue"};C:\Users\Antoi\.cargo\registry\src\index.crates.io-1949cf8c6b5b557f\bevy_ecs-0.18.1\src\system\function_system.rs;52;17436454;0.009583;37525;464;128;77064;634.869185
system{name="forgia_mode_roguelite::hub::reset_hub_tab"};C:\Users\Antoi\.cargo\registry\src\index.crates.io-1949cf8c6b5b557f\bevy_ecs-0.18.1\src\system\function_system.rs;52;183;0.000000;1;183;183;183;0.000000
write_current_input_buffers;C:\Users\Antoi\.cargo\registry\src\index.crates.io-1949cf8c6b5b557f\bevy_render-0.18.1\src\batching\gpu_preprocessing.rs;2026;428243481;0.235364;37525;11412;119;1642933;15345.755199
asset loading{loader="bevy_image::image_loader::ImageLoader" asset="ui/menu_video/frame_0116.webp"};C:\Users\Antoi\.cargo\registry\src\index.crates.io-1949cf8c6b5b557f\bevy_asset-0.18.1\src\server\loaders.rs;332;15710280;0.008634;6;2618380;149;15658197;6388186.001589
asset loading{loader="bevy_image::image_loader::ImageLoader" asset="ui/menu_video/frame_0351.webp"};C:\Users\Antoi\.cargo\registry\src\index.crates.io-1949cf8c6b5b557f\bevy_asset-0.18.1\src\server\loaders.rs;332;14368388;0.007897;6;2394731;156;14322463;5843374.646510
par_for_each{query="bevy_ecs::entity::Entity" filter="(bevy_ecs::query::filter::Or<(bevy_ecs::query::filter::Changed<bevy_mesh::components::Mesh3d>, bevy_asset::asset_changed::AssetChanged<bevy_mesh::components::Mesh3d>, bevy_ecs::query::filter::Changed<bevy_pbr::mesh_material::MeshMaterial3d<bevy_pbr::extended_material::ExtendedMaterial<bevy_pbr::pbr_material::StandardMaterial, bevy_water::water::material::WaterMaterial>>>, bevy_asset::asset_changed::AssetChanged<bevy_pbr::mesh_material::MeshMaterial3d<bevy_pbr::extended_material::ExtendedMaterial<bevy_pbr::pbr_material::StandardMaterial, bevy_water::water::material::WaterMaterial>>>)>, bevy_ecs::query::filter::With<bevy_pbr::mesh_material::MeshMaterial3d<bevy_pbr::extended_material::ExtendedMaterial<bevy_pbr::pbr_material::StandardMaterial, bevy_water::water::material::WaterMaterial>>>)"};C:\Users\Antoi\.cargo\registry\src\index.crates.io-1949cf8c6b5b557f\bevy_ecs-0.18.1\src\query\state.rs;246;238763611;0.131225;675450;353;63;279721;686.209370
system{name="bevy_sprite_render::mesh2d::material::check_entities_needing_specialization<bevy_sprite_render::tilemap_chunk::tilemap_chunk_material::TilemapChunkMaterial>"};C:\Users\Antoi\.cargo\registry\src\index.crates.io-1949cf8c6b5b557f\bevy_ecs-0.18.1\src\system\function_system.rs;52;74486119;0.040938;37525;1984;355;183437;1742.961768
plugin finish{plugin="bevy_core_pipeline::blit::BlitPlugin"};C:\Users\Antoi\.cargo\registry\src\index.crates.io-1949cf8c6b5b557f\bevy_app-0.18.1\src\app.rs;272;52;0.000000;1;52;52;52;0.000000
system{name="bevy_pbr::atmosphere::resources::prepare_atmosphere_uniforms"};C:\Users\Antoi\.cargo\registry\src\index.crates.io-1949cf8c6b5b557f\bevy_ecs-0.18.1\src\system\function_system.rs;52;14696211;0.008077;37525;391;129;32030;282.217194
plugin build{plugin="bevy_render::render_phase::SortedRenderPhasePlugin<bevy_core_pipeline::core_3d::Transparent3d, bevy_pbr::render::mesh::MeshPipeline>"};C:\Users\Antoi\.cargo\registry\src\index.crates.io-1949cf8c6b5b557f\bevy_app-0.18.1\src\app.rs;529;42462;0.000023;1;42462;42462;42462;0.000000
node{name="bevy_egui::render::RunEguiSubgraphOnEguiViewNode"};C:\Users\Antoi\.cargo\registry\src\index.crates.io-1949cf8c6b5b557f\bevy_render-0.18.1\src\renderer\graph_runner.rs;240;503949405;0.276972;112575;4476;1910;167679;1799.533887
plugin finish{plugin="bevy_hanabi::plugin::HanabiPlugin"};C:\Users\Antoi\.cargo\registry\src\index.crates.io-1949cf8c6b5b557f\bevy_app-0.18.1\src\app.rs;272;12419464;0.006826;1;12419464;12419464;12419464;0.000000
system_commands{name="forgia_game::color_grading::sys_apply"};C:\Users\Antoi\.cargo\registry\src\index.crates.io-1949cf8c6b5b557f\bevy_ecs-0.18.1\src\system\function_system.rs;54;4022397;0.002211;37525;107;50;128190;864.766848
asset loading{loader="bevy_shader::shader::ShaderLoader" asset="embedded://bevy_pbr\\render\\reset_indirect_batch_sets.wgsl"};C:\Users\Antoi\.cargo\registry\src\index.crates.io-1949cf8c6b5b557f\bevy_asset-0.18.1\src\server\loaders.rs;332;136809;0.000075;2;68404;105;136704;96590.079206
asset loading{loader="bevy_gltf::loader::GltfLoader" asset="models/weapons/forgia/boucherie.glb"};C:\Users\Antoi\.cargo\registry\src\index.crates.io-1949cf8c6b5b557f\bevy_asset-0.18.1\src\server\loaders.rs;332;505188121;0.277653;5;101037624;162;504541899;225565917.016583
system{name="bevy_gizmos_render::pipeline_2d::queue_line_and_joint_gizmos_2d"};C:\Users\Antoi\.cargo\registry\src\index.crates.io-1949cf8c6b5b557f\bevy_ecs-0.18.1\src\system\function_system.rs;52;61367072;0.033728;37525;1635;564;83836;979.732149
plugin finish{plugin="bevy_pbr::lightmap::LightmapPlugin"};C:\Users\Antoi\.cargo\registry\src\index.crates.io-1949cf8c6b5b557f\bevy_app-0.18.1\src\app.rs;272;55;0.000000;1;55;55;55;0.000000
system{name="bevy_render::batching::gpu_preprocessing::collect_buffers_for_phase<bevy_core_pipeline::prepass::AlphaMask3dPrepass, bevy_pbr::render::mesh::MeshPipeline>"};C:\Users\Antoi\.cargo\registry\src\index.crates.io-1949cf8c6b5b557f\bevy_ecs-0.18.1\src\system\function_system.rs;52;27125702;0.014908;37525;722;253;141792;931.251986
system{name="bevy_asset::assets::Assets<bevy_gltf::assets::GltfMesh>::track_assets"};C:\Users\Antoi\.cargo\registry\src\index.crates.io-1949cf8c6b5b557f\bevy_ecs-0.18.1\src\system\function_system.rs;52;51508059;0.028309;37525;1372;117;1066609;14316.857760
system{name="bevy_hanabi::render::prepare_gpu_resources"};C:\Users\Antoi\.cargo\registry\src\index.crates.io-1949cf8c6b5b557f\bevy_ecs-0.18.1\src\system\function_system.rs;52;527064450;0.289676;37525;14045;7488;466928;5611.633025
system_commands{name="bevy_core_pipeline::oit::prepare_oit_buffers"};C:\Users\Antoi\.cargo\registry\src\index.crates.io-1949cf8c6b5b557f\bevy_ecs-0.18.1\src\system\function_system.rs;54;4125909;0.002268;37525;109;51;8260;51.617704
plugin cleanup{plugin="bevy_ui::picking_backend::UiPickingPlugin"};C:\Users\Antoi\.cargo\registry\src\index.crates.io-1949cf8c6b5b557f\bevy_app-0.18.1\src\app.rs;292;59;0.000000;1;59;59;59;0.000000
system_commands{name="bevy_pbr::ssao::prepare_ssao_textures"};C:\Users\Antoi\.cargo\registry\src\index.crates.io-1949cf8c6b5b557f\bevy_ecs-0.18.1\src\system\function_system.rs;54;3302115;0.001815;37525;87;50;9901;75.667621
system{name="bevy_app::task_pool_plugin::tick_global_task_pools"};C:\Users\Antoi\.cargo\registry\src\index.crates.io-1949cf8c6b5b557f\bevy_ecs-0.18.1\src\system\function_system.rs;52;97229100;0.053437;37525;2591;2074;111854;1987.872775
plugin finish{plugin="bevy_text::TextPlugin"};C:\Users\Antoi\.cargo\registry\src\index.crates.io-1949cf8c6b5b557f\bevy_app-0.18.1\src\app.rs;272;55;0.000000;1;55;55;55;0.000000
plugin build{plugin="bevy_render::extract_component::UniformComponentPlugin<bevy_core_pipeline::skybox::SkyboxUniforms>"};C:\Users\Antoi\.cargo\registry\src\index.crates.io-1949cf8c6b5b557f\bevy_app-0.18.1\src\app.rs;529;192063;0.000106;1;192063;192063;192063;0.000000
plugin finish{plugin="bevy_render::view::window::WindowRenderPlugin"};C:\Users\Antoi\.cargo\registry\src\index.crates.io-1949cf8c6b5b557f\bevy_app-0.18.1\src\app.rs;272;186;0.000000;1;186;186;186;0.000000
system_commands{name="forgia_ui::weapon_preview::sys_calibrate_previews"};C:\Users\Antoi\.cargo\registry\src\index.crates.io-1949cf8c6b5b557f\bevy_ecs-0.18.1\src\system\function_system.rs;54;411954;0.000226;3699;111;59;13151;302.240663
asset loading{loader="bevy_image::image_loader::ImageLoader" asset="ui/menu_video/frame_0360.webp"};C:\Users\Antoi\.cargo\registry\src\index.crates.io-1949cf8c6b5b557f\bevy_asset-0.18.1\src\server\loaders.rs;332;18359191;0.010090;6;3059865;78;18280430;7456535.609173
system_commands{name="bevy_post_process::msaa_writeback::prepare_msaa_writeback_pipelines"};C:\Users\Antoi\.cargo\registry\src\index.crates.io-1949cf8c6b5b557f\bevy_ecs-0.18.1\src\system\function_system.rs;54;64680769;0.035549;37525;1723;408;237705;1466.279400
asset loading{loader="bevy_shader::shader::ShaderLoader" asset="embedded://bevy_pbr\\render/pbr_fragment.wgsl"};C:\Users\Antoi\.cargo\registry\src\index.crates.io-1949cf8c6b5b557f\bevy_asset-0.18.1\src\server\loaders.rs;332;1218091;0.000669;2;609045;167;1217924;861084.232538
node{name="bevy_render::render_graph::node::ViewNodeRunner<bevy_core_pipeline::deferred::node::EarlyDeferredGBufferPrepassNode>"};C:\Users\Antoi\.cargo\registry\src\index.crates.io-1949cf8c6b5b557f\bevy_render-0.18.1\src\renderer\graph_runner.rs;240;13724881;0.007543;75050;182;54;44474;206.874079
system{name="bevy_state::state_scoped::despawn_entities_on_exit_state<forgia_core::states::AppMode>"};C:\Users\Antoi\.cargo\registry\src\index.crates.io-1949cf8c6b5b557f\bevy_ecs-0.18.1\src\system\function_system.rs;52;14005284;0.007697;37526;373;93;19951;205.319911
plugin finish{plugin="bevy_render::extract_component::ExtractComponentPlugin<bevy_camera::camera::CameraMainTextureUsages>"};C:\Users\Antoi\.cargo\registry\src\index.crates.io-1949cf8c6b5b557f\bevy_app-0.18.1\src\app.rs;272;56;0.000000;1;56;56;56;0.000000
asset loading{loader="bevy_gltf::loader::GltfLoader" asset="models/kaykit/hexagon/red/building_home_A_red.gltf"};C:\Users\Antoi\.cargo\registry\src\index.crates.io-1949cf8c6b5b557f\bevy_asset-0.18.1\src\server\loaders.rs;332;377287;0.000207;7;53898;174;270426;99679.784769
plugin cleanup{plugin="forgia_mode_roguelite::ForgiaModeRoguelitePlugin"};C:\Users\Antoi\.cargo\registry\src\index.crates.io-1949cf8c6b5b557f\bevy_app-0.18.1\src\app.rs;292;77;0.000000;1;77;77;77;0.000000
plugin cleanup{plugin="forgia_worldgen::ForgiaWorldgenPlugin"};C:\Users\Antoi\.cargo\registry\src\index.crates.io-1949cf8c6b5b557f\bevy_app-0.18.1\src\app.rs;292;56;0.000000;1;56;56;56;0.000000
system{name="forgia_mode_roguelite::intro_dialogue::sys_advance_intro"};C:\Users\Antoi\.cargo\registry\src\index.crates.io-1949cf8c6b5b557f\bevy_ecs-0.18.1\src\system\function_system.rs;52;11130436;0.006117;33826;329;97;76072;477.407370
plugin finish{plugin="bevy_render::sync_component::SyncComponentPlugin<bevy_pbr::ssr::ScreenSpaceReflections>"};C:\Users\Antoi\.cargo\registry\src\index.crates.io-1949cf8c6b5b557f\bevy_app-0.18.1\src\app.rs;272;83;0.000000;1;83;83;83;0.000000
plugin cleanup{plugin="forgia_ui::ForgiaUiPlugin"};C:\Users\Antoi\.cargo\registry\src\index.crates.io-1949cf8c6b5b557f\bevy_app-0.18.1\src\app.rs;292;55;0.000000;1;55;55;55;0.000000
plugin build{plugin="forgia_mode_roguelite::kill_popup::RogueliteKillPopupPlugin"};C:\Users\Antoi\.cargo\registry\src\index.crates.io-1949cf8c6b5b557f\bevy_app-0.18.1\src\app.rs;529;18879;0.000010;1;18879;18879;18879;0.000000
asset loading{loader="bevy_image::image_loader::ImageLoader" asset="ui/menu_video/frame_0087.webp"};C:\Users\Antoi\.cargo\registry\src\index.crates.io-1949cf8c6b5b557f\bevy_asset-0.18.1\src\server\loaders.rs;332;15865065;0.008719;6;2644177;149;15825124;6457321.198386
asset loading{loader="bevy_image::image_loader::ImageLoader" asset="ui/menu_video/frame_0129.webp"};C:\Users\Antoi\.cargo\registry\src\index.crates.io-1949cf8c6b5b557f\bevy_asset-0.18.1\src\server\loaders.rs;332;16186406;0.008896;7;2312343;171;16141443;6098062.309414
system{name="bevy_state::state::freely_mutable_state::apply_state_transition<forgia_core::states::GameMode>"};C:\Users\Antoi\.cargo\registry\src\index.crates.io-1949cf8c6b5b557f\bevy_ecs-0.18.1\src\system\function_system.rs;52;7466442;0.004104;37526;198;64;41166;321.742823
plugin cleanup{plugin="bevy_rapier3d::plugin::plugin::RapierPhysicsPlugin"};C:\Users\Antoi\.cargo\registry\src\index.crates.io-1949cf8c6b5b557f\bevy_app-0.18.1\src\app.rs;292;122;0.000000;1;122;122;122;0.000000
plugin finish{plugin="forgia_ai_arena_bot::ForgiaAiArenaBotPlugin"};C:\Users\Antoi\.cargo\registry\src\index.crates.io-1949cf8c6b5b557f\bevy_app-0.18.1\src\app.rs;272;56;0.000000;1;56;56;56;0.000000
plugin finish{plugin="forgia_player::ForgiaPlayerPlugin"};C:\Users\Antoi\.cargo\registry\src\index.crates.io-1949cf8c6b5b557f\bevy_app-0.18.1\src\app.rs;272;53;0.000000;1;53;53;53;0.000000
system{name="bevy_asset::assets::Assets<forgia_genome_core::Genome<forgia_fps::FpsTuning>>::asset_events_condition"};C:\Users\Antoi\.cargo\registry\src\index.crates.io-1949cf8c6b5b557f\bevy_ecs-0.18.1\src\system\function_system.rs;52;4434041;0.002437;37525;118;52;1086001;5606.273219
asset loading{loader="bevy_kira_audio::source::ogg_loader::OggLoader" asset="audio/roguelite/sfx/hurt.ogg"};C:\Users\Antoi\.cargo\registry\src\index.crates.io-1949cf8c6b5b557f\bevy_asset-0.18.1\src\server\loaders.rs;332;8781496;0.004826;4;2195374;310;8766265;4380597.163228
node{name="bevy_pbr::render::gpu_preprocess::LateGpuPreprocessNode"};C:\Users\Antoi\.cargo\registry\src\index.crates.io-1949cf8c6b5b557f\bevy_render-0.18.1\src\renderer\graph_runner.rs;240;101761549;0.055929;75050;1355;312;356274;1980.000462
node{name="bevy_render::render_graph::node::ViewNodeRunner<bevy_anti_alias::taa::TemporalAntiAliasNode>"};C:\Users\Antoi\.cargo\registry\src\index.crates.io-1949cf8c6b5b557f\bevy_render-0.18.1\src\renderer\graph_runner.rs;240;15569936;0.008557;75050;207;64;43998;257.203525
plugin cleanup{plugin="bevy_render::sync_component::SyncComponentPlugin<bevy_core_pipeline::skybox::Skybox>"};C:\Users\Antoi\.cargo\registry\src\index.crates.io-1949cf8c6b5b557f\bevy_app-0.18.1\src\app.rs;292;56;0.000000;1;56;56;56;0.000000
system{name="bevy_render::batching::gpu_preprocessing::batch_and_prepare_binned_render_phase<bevy_core_pipeline::deferred::AlphaMask3dDeferred, bevy_pbr::render::mesh::MeshPipeline>"};C:\Users\Antoi\.cargo\registry\src\index.crates.io-1949cf8c6b5b557f\bevy_ecs-0.18.1\src\system\function_system.rs;52;23881859;0.013126;37525;636;238;70152;608.514665
system{name="bevy_asset::assets::Assets<bevy_gltf::assets::GltfSkin>::asset_events"};C:\Users\Antoi\.cargo\registry\src\index.crates.io-1949cf8c6b5b557f\bevy_ecs-0.18.1\src\system\function_system.rs;52;4773;0.000003;5;954;369;1760;663.580251
system{name="forgia_mode_roguelite::loot_room::sys_collect_level_items"};C:\Users\Antoi\.cargo\registry\src\index.crates.io-1949cf8c6b5b557f\bevy_ecs-0.18.1\src\system\function_system.rs;52;16992504;0.009339;33826;502;152;82480;600.511285
system{name="bevy_state::state::transitions::last_transition<forgia_core::states::WorldMode>"};C:\Users\Antoi\.cargo\registry\src\index.crates.io-1949cf8c6b5b557f\bevy_ecs-0.18.1\src\system\function_system.rs;52;8227638;0.004522;112578;73;53;78426;420.305669
system_commands{name="forgia_mode_roguelite::boss_portal::sys_calibrate_portal"};C:\Users\Antoi\.cargo\registry\src\index.crates.io-1949cf8c6b5b557f\bevy_ecs-0.18.1\src\system\function_system.rs;54;3932511;0.002161;33826;116;51;72716;490.903895
system{name="bevy_render::render_phase::sweep_old_entities<bevy_core_pipeline::core_2d::AlphaMask2d>"};C:\Users\Antoi\.cargo\registry\src\index.crates.io-1949cf8c6b5b557f\bevy_ecs-0.18.1\src\system\function_system.rs;52;15292911;0.008405;37525;407;157;80688;483.471109
system{name="forgia_mode_roguelite::trempe::sys_init_trempe"};C:\Users\Antoi\.cargo\registry\src\index.crates.io-1949cf8c6b5b557f\bevy_ecs-0.18.1\src\system\function_system.rs;52;182596;0.000100;1;182596;182596;182596;0.000000
system{name="bevy_asset::assets::Assets<forgia_genome_core::Genome<forgia_stage::RoguelitePoisGenome>>::track_assets"};C:\Users\Antoi\.cargo\registry\src\index.crates.io-1949cf8c6b5b557f\bevy_ecs-0.18.1\src\system\function_system.rs;52;53163164;0.029219;37525;1416;105;1077826;13895.700999
system{name="bevy_asset::assets::Assets<bevy_kira_audio::instance::AudioInstance>::asset_events_condition"};C:\Users\Antoi\.cargo\registry\src\index.crates.io-1949cf8c6b5b557f\bevy_ecs-0.18.1\src\system\function_system.rs;52;3079066;0.001692;37525;82;52;9787;68.930768
system{name="forgia_mode_roguelite::elements::sys_tick_element_status"};C:\Users\Antoi\.cargo\registry\src\index.crates.io-1949cf8c6b5b557f\bevy_ecs-0.18.1\src\system\function_system.rs;52;11759677;0.006463;10455;1124;204;154528;1809.434801
asset loading{loader="bevy_gltf::loader::GltfLoader" asset="models/environment/portal/portal_open.glb"};C:\Users\Antoi\.cargo\registry\src\index.crates.io-1949cf8c6b5b557f\bevy_asset-0.18.1\src\server\loaders.rs;332;625599298;0.343832;5;125119859;102;605220898;268529557.546405
plugin cleanup{plugin="forgia_foliage::ForgiaFoliagePlugin"};C:\Users\Antoi\.cargo\registry\src\index.crates.io-1949cf8c6b5b557f\bevy_app-0.18.1\src\app.rs;292;55;0.000000;1;55;55;55;0.000000
plugin build{plugin="bevy_core_pipeline::fullscreen_material::FullscreenMaterialPlugin<forgia_postprocess::toon::ToonSettings>"};C:\Users\Antoi\.cargo\registry\src\index.crates.io-1949cf8c6b5b557f\bevy_app-0.18.1\src\app.rs;529;801328;0.000440;1;801328;801328;801328;0.000000
system{name="bevy_kira_audio::audio_output::update_instance_states<forgia_audio::SfxChannel>"};C:\Users\Antoi\.cargo\registry\src\index.crates.io-1949cf8c6b5b557f\bevy_ecs-0.18.1\src\system\function_system.rs;52;9358944;0.005144;37525;249;68;41379;276.148489
plugin build{plugin="bevy_render::render_phase::BinnedRenderPhasePlugin<bevy_pbr::render::light::Shadow, bevy_pbr::render::mesh::MeshPipeline>"};C:\Users\Antoi\.cargo\registry\src\index.crates.io-1949cf8c6b5b557f\bevy_app-0.18.1\src\app.rs;529;302233;0.000166;1;302233;302233;302233;0.000000
system{name="bevy_sprite::picking_backend::sprite_picking"};C:\Users\Antoi\.cargo\registry\src\index.crates.io-1949cf8c6b5b557f\bevy_ecs-0.18.1\src\system\function_system.rs;52;79214474;0.043537;37525;2110;655;101441;1186.978136
asset loading{loader="bevy_image::image_loader::ImageLoader" asset="ui/menu_video/frame_0229.webp"};C:\Users\Antoi\.cargo\registry\src\index.crates.io-1949cf8c6b5b557f\bevy_asset-0.18.1\src\server\loaders.rs;332;15498333;0.008518;7;2214047;142;15446654;5835036.156171
asset loading{loader="bevy_shader::shader::ShaderLoader" asset="embedded://bevy_core_pipeline\\skybox\\skybox.wgsl"};C:\Users\Antoi\.cargo\registry\src\index.crates.io-1949cf8c6b5b557f\bevy_asset-0.18.1\src\server\loaders.rs;332;149389;0.000082;2;74694;77;149312;105525.080493
system{name="forgia_mode_roguelite::hud::draw_wave_counter"};C:\Users\Antoi\.cargo\registry\src\index.crates.io-1949cf8c6b5b557f\bevy_ecs-0.18.1\src\system\function_system.rs;52;252566943;0.138812;33735;7486;3871;167184;4198.846685
system{name="forgia_fps::fire_allowed"};C:\Users\Antoi\.cargo\registry\src\index.crates.io-1949cf8c6b5b557f\bevy_ecs-0.18.1\src\system\function_system.rs;52;1024732;0.000563;11501;89;56;921;30.857399
asset loading{loader="bevy_image::image_loader::ImageLoader" asset="ui/menu_video/frame_0023.webp"};C:\Users\Antoi\.cargo\registry\src\index.crates.io-1949cf8c6b5b557f\bevy_asset-0.18.1\src\server\loaders.rs;332;31207523;0.017152;9;3467502;158;16745289;6884690.759931
plugin cleanup{plugin="bevy_transform::plugins::TransformPlugin"};C:\Users\Antoi\.cargo\registry\src\index.crates.io-1949cf8c6b5b557f\bevy_app-0.18.1\src\app.rs;292;124;0.000000;1;124;124;124;0.000000
plugin cleanup{plugin="bevy_render::render_phase::BinnedRenderPhasePlugin<bevy_core_pipeline::deferred::Opaque3dDeferred, bevy_pbr::render::mesh::MeshPipeline>"};C:\Users\Antoi\.cargo\registry\src\index.crates.io-1949cf8c6b5b557f\bevy_app-0.18.1\src\app.rs;292;60;0.000000;1;60;60;60;0.000000
plugin finish{plugin="forgia_mode_roguelite::intro_dialogue::IntroDialoguePlugin"};C:\Users\Antoi\.cargo\registry\src\index.crates.io-1949cf8c6b5b557f\bevy_app-0.18.1\src\app.rs;272;55;0.000000;1;55;55;55;0.000000
asset loading{loader="bevy_gltf::loader::GltfLoader" asset="models/environment/inferno/GoldPileSmall_001.glb"};C:\Users\Antoi\.cargo\registry\src\index.crates.io-1949cf8c6b5b557f\bevy_asset-0.18.1\src\server\loaders.rs;332;31080646;0.017082;4;7770161;169;31074547;15536257.069986
system{name="forgia_viewmodel::arms::spawn_arms"};C:\Users\Antoi\.cargo\registry\src\index.crates.io-1949cf8c6b5b557f\bevy_ecs-0.18.1\src\system\function_system.rs;52;24456911;0.013442;33826;723;236;585460;3374.668748
system_commands{name="bevy_pbr::ssr::init_screen_space_reflections_pipeline"};C:\Users\Antoi\.cargo\registry\src\index.crates.io-1949cf8c6b5b557f\bevy_ecs-0.18.1\src\system\function_system.rs;54;2310;0.000001;1;2310;2310;2310;0.000000
plugin cleanup{plugin="forgia_viewmodel::attach::ForgiaViewmodelAttachPlugin"};C:\Users\Antoi\.cargo\registry\src\index.crates.io-1949cf8c6b5b557f\bevy_app-0.18.1\src\app.rs;292;56;0.000000;1;56;56;56;0.000000
run_graph{name="Core2d" debug_group="Camera 10 (8v0)"};C:\Users\Antoi\.cargo\registry\src\index.crates.io-1949cf8c6b5b557f\bevy_render-0.18.1\src\renderer\graph_runner.rs;119;3333780806;1.832258;37525;88841;53758;69158454;357774.966348
system{name="bevy_camera::visibility::calculate_bounds"};C:\Users\Antoi\.cargo\registry\src\index.crates.io-1949cf8c6b5b557f\bevy_ecs-0.18.1\src\system\function_system.rs;52;6096538020;3.350679;37525;162466;59920;7115607;68971.441497
system{name="forgia_mode_roguelite::enemy_anim::sys_load_enemy_gltf"};C:\Users\Antoi\.cargo\registry\src\index.crates.io-1949cf8c6b5b557f\bevy_ecs-0.18.1\src\system\function_system.rs;52;317079;0.000174;1;317079;317079;317079;0.000000
system{name="forgia_mode_roguelite::enemy_rig_debug::sys_draw_enemy_bones"};C:\Users\Antoi\.cargo\registry\src\index.crates.io-1949cf8c6b5b557f\bevy_ecs-0.18.1\src\system\function_system.rs;52;20911362;0.011493;33826;618;185;119425;993.128768
system{name="bevy_render::batching::sort_binned_render_phase<bevy_core_pipeline::deferred::Opaque3dDeferred>"};C:\Users\Antoi\.cargo\registry\src\index.crates.io-1949cf8c6b5b557f\bevy_ecs-0.18.1\src\system\function_system.rs;52;6276690;0.003450;37525;167;66;12676;110.215144
plugin build{plugin="forgia_mode_roguelite::head_hitbox::RogueliteHeadHitboxPlugin"};C:\Users\Antoi\.cargo\registry\src\index.crates.io-1949cf8c6b5b557f\bevy_app-0.18.1\src\app.rs;529;10338;0.000006;1;10338;10338;10338;0.000000
system{name="bevy_asset::assets::Assets<bevy_shader::shader::Shader>::asset_events"};C:\Users\Antoi\.cargo\registry\src\index.crates.io-1949cf8c6b5b557f\bevy_ecs-0.18.1\src\system\function_system.rs;52;9770;0.000005;2;4885;1418;8352;4903.078421
system_commands{name="bevy_pbr::light_probe::gather_light_probes<bevy_light::probe::EnvironmentMapLight>"};C:\Users\Antoi\.cargo\registry\src\index.crates.io-1949cf8c6b5b557f\bevy_ecs-0.18.1\src\system\function_system.rs;54;17837440;0.009804;37525;475;202;86767;524.713064
asset loading{loader="bevy_image::image_loader::ImageLoader" asset="ui/menu_video/frame_0096.webp"};C:\Users\Antoi\.cargo\registry\src\index.crates.io-1949cf8c6b5b557f\bevy_asset-0.18.1\src\server\loaders.rs;332;16823652;0.009246;5;3364730;153;16770942;7494307.738228
plugin build{plugin="bevy_render::sync_component::SyncComponentPlugin<bevy_core_pipeline::oit::OrderIndependentTransparencySettings>"};C:\Users\Antoi\.cargo\registry\src\index.crates.io-1949cf8c6b5b557f\bevy_app-0.18.1\src\app.rs;529;2813;0.000002;1;2813;2813;2813;0.000000
system{name="forgia_effects::effects_tick"};C:\Users\Antoi\.cargo\registry\src\index.crates.io-1949cf8c6b5b557f\bevy_ecs-0.18.1\src\system\function_system.rs;52;5168053;0.002840;37525;137;57;121241;646.412270
plugin cleanup{plugin="bevy_render::extract_component::ExtractComponentPlugin<bevy_render::gpu_readback::Readback>"};C:\Users\Antoi\.cargo\registry\src\index.crates.io-1949cf8c6b5b557f\bevy_app-0.18.1\src\app.rs;292;104;0.000000;1;104;104;104;0.000000
plugin cleanup{plugin="forgia_combat::ForgiaCombatPlugin"};C:\Users\Antoi\.cargo\registry\src\index.crates.io-1949cf8c6b5b557f\bevy_app-0.18.1\src\app.rs;292;55;0.000000;1;55;55;55;0.000000
asset loading{loader="bevy_image::image_loader::ImageLoader" asset="ui/menu_video/frame_0030.webp"};C:\Users\Antoi\.cargo\registry\src\index.crates.io-1949cf8c6b5b557f\bevy_asset-0.18.1\src\server\loaders.rs;332;31626292;0.017382;12;2635524;137;16521450;6148136.847647
system{name="forgia_viewmodel::pose::apply_ads_viewmodel"};C:\Users\Antoi\.cargo\registry\src\index.crates.io-1949cf8c6b5b557f\bevy_ecs-0.18.1\src\system\function_system.rs;52;38403706;0.021107;33826;1135;460;94943;951.785497
system{name="bevy_asset::assets::Assets<forgia_genome_core::Genome<forgia_enemy_nameplate::tuning::EnemyNameplateTuning>>::asset_events"};C:\Users\Antoi\.cargo\registry\src\index.crates.io-1949cf8c6b5b557f\bevy_ecs-0.18.1\src\system\function_system.rs;52;1099;0.000001;1;1099;1099;1099;0.000000
system{name="bevy_ui::widget::viewport::viewport_picking"};C:\Users\Antoi\.cargo\registry\src\index.crates.io-1949cf8c6b5b557f\bevy_ecs-0.18.1\src\system\function_system.rs;52;58762874;0.032296;37525;1565;535;65392;970.376192
plugin build{plugin="bevy_core_pipeline::oit::OrderIndependentTransparencyPlugin"};C:\Users\Antoi\.cargo\registry\src\index.crates.io-1949cf8c6b5b557f\bevy_app-0.18.1\src\app.rs;529;110104;0.000061;1;110104;110104;110104;0.000000
plugin cleanup{plugin="bevy_ui::UiPlugin"};C:\Users\Antoi\.cargo\registry\src\index.crates.io-1949cf8c6b5b557f\bevy_app-0.18.1\src\app.rs;292;56;0.000000;1;56;56;56;0.000000
asset loading{loader="bevy_image::image_loader::ImageLoader" asset="ui/menu_video/frame_0336.webp"};C:\Users\Antoi\.cargo\registry\src\index.crates.io-1949cf8c6b5b557f\bevy_asset-0.18.1\src\server\loaders.rs;332;15340412;0.008431;6;2556735;86;15297048;6241455.841171
system{name="forgia_rpg_data::boons::sys_handle_open_coffre"};C:\Users\Antoi\.cargo\registry\src\index.crates.io-1949cf8c6b5b557f\bevy_ecs-0.18.1\src\system\function_system.rs;52;19454999;0.010693;37525;518;170;162377;1414.220818
system_commands{name="bevy_render::extract_component::extract_components<bevy_render::view::Msaa>"};C:\Users\Antoi\.cargo\registry\src\index.crates.io-1949cf8c6b5b557f\bevy_ecs-0.18.1\src\system\function_system.rs;54;52355176;0.028775;37525;1395;589;234375;1651.178962
plugin cleanup{plugin="bevy_render::view::visibility::range::RenderVisibilityRangePlugin"};C:\Users\Antoi\.cargo\registry\src\index.crates.io-1949cf8c6b5b557f\bevy_app-0.18.1\src\app.rs;292;54;0.000000;1;54;54;54;0.000000
asset loading{loader="bevy_image::image_loader::ImageLoader" asset="ui/menu_video/frame_0050.webp"};C:\Users\Antoi\.cargo\registry\src\index.crates.io-1949cf8c6b5b557f\bevy_asset-0.18.1\src\server\loaders.rs;332;15541933;0.008542;6;2590322;191;15497858;6323378.457475
plugin build{plugin="bevy_render::render_phase::BinnedRenderPhasePlugin<bevy_core_pipeline::prepass::AlphaMask3dPrepass, bevy_pbr::render::mesh::MeshPipeline>"};C:\Users\Antoi\.cargo\registry\src\index.crates.io-1949cf8c6b5b557f\bevy_app-0.18.1\src\app.rs;529;51403;0.000028;1;51403;51403;51403;0.000000
system_commands{name="bevy_pbr::light_probe::gather_light_probes<bevy_light::probe::IrradianceVolume>"};C:\Users\Antoi\.cargo\registry\src\index.crates.io-1949cf8c6b5b557f\bevy_ecs-0.18.1\src\system\function_system.rs;54;39501127;0.021710;37525;1052;400;453053;2585.499594
plugin build{plugin="bevy_render::render_asset::RenderAssetPlugin<bevy_sprite_render::mesh2d::material::PreparedMaterial2d<bevy_sprite_render::mesh2d::color_material::ColorMaterial>>"};C:\Users\Antoi\.cargo\registry\src\index.crates.io-1949cf8c6b5b557f\bevy_app-0.18.1\src\app.rs;529;224575;0.000123;1;224575;224575;224575;0.000000
system{name="forgia_mode_roguelite::render_quality::sys_hot_reload_render_genome"};C:\Users\Antoi\.cargo\registry\src\index.crates.io-1949cf8c6b5b557f\bevy_ecs-0.18.1\src\system\function_system.rs;52;13662758;0.007509;33826;403;79;114317;2374.725715
plugin finish{plugin="bevy_render::sync_component::SyncComponentPlugin<bevy_pbr::fog::DistanceFog>"};C:\Users\Antoi\.cargo\registry\src\index.crates.io-1949cf8c6b5b557f\bevy_app-0.18.1\src\app.rs;272;61;0.000000;1;61;61;61;0.000000
asset loading{loader="bevy_gltf::loader::GltfLoader" asset="models/environment/inferno/RockBig_003.glb"};C:\Users\Antoi\.cargo\registry\src\index.crates.io-1949cf8c6b5b557f\bevy_asset-0.18.1\src\server\loaders.rs;332;8640690;0.004749;4;2160172;171;8621714;4307698.310996
asset loading{loader="bevy_image::image_loader::ImageLoader" asset="ui/menu_video/frame_0146.webp"};C:\Users\Antoi\.cargo\registry\src\index.crates.io-1949cf8c6b5b557f\bevy_asset-0.18.1\src\server\loaders.rs;332;15329112;0.008425;6;2554852;77;15286049;6236990.082418
plugin finish{plugin="bevy_camera::visibility::VisibilityPlugin"};C:\Users\Antoi\.cargo\registry\src\index.crates.io-1949cf8c6b5b557f\bevy_app-0.18.1\src\app.rs;272;61;0.000000;1;61;61;61;0.000000
plugin build{plugin="forgia_effects::damage_numbers::ForgiaDamageNumbersPlugin"};C:\Users\Antoi\.cargo\registry\src\index.crates.io-1949cf8c6b5b557f\bevy_app-0.18.1\src\app.rs;529;193902;0.000107;1;193902;193902;193902;0.000000
plugin build{plugin="forgia_damage::ForgiaDamagePlugin"};C:\Users\Antoi\.cargo\registry\src\index.crates.io-1949cf8c6b5b557f\bevy_app-0.18.1\src\app.rs;529;2301735;0.001265;1;2301735;2301735;2301735;0.000000
system_commands{name="forgia_mode_roguelite::enemy_anim::sys_load_enemy_gltf"};C:\Users\Antoi\.cargo\registry\src\index.crates.io-1949cf8c6b5b557f\bevy_ecs-0.18.1\src\system\function_system.rs;54;574;0.000000;1;574;574;574;0.000000
plugin build{plugin="forgia_mode_fps_arena::ForgiaModeFpsArenaPlugin"};C:\Users\Antoi\.cargo\registry\src\index.crates.io-1949cf8c6b5b557f\bevy_app-0.18.1\src\app.rs;529;6131810;0.003370;1;6131810;6131810;6131810;0.000000
asset loading{loader="bevy_shader::shader::ShaderLoader" asset="embedded://bevy_sprite_render\\render/sprite_view_bindings.wgsl"};C:\Users\Antoi\.cargo\registry\src\index.crates.io-1949cf8c6b5b557f\bevy_asset-0.18.1\src\server\loaders.rs;332;36192;0.000020;2;18096;119;36073;25423.317211
system{name="forgia_mode_roguelite::boucherie_rocket::sys_write_boucherie_sensor"};C:\Users\Antoi\.cargo\registry\src\index.crates.io-1949cf8c6b5b557f\bevy_ecs-0.18.1\src\system\function_system.rs;52;10460287;0.005749;37525;278;80;197263;1027.721247
system{name="bevy_pbr::render::mesh::check_views_need_specialization"};C:\Users\Antoi\.cargo\registry\src\index.crates.io-1949cf8c6b5b557f\bevy_ecs-0.18.1\src\system\function_system.rs;52;62666019;0.034441;37525;1669;753;204421;1222.239939
asset loading{loader="bevy_shader::shader::ShaderLoader" asset="embedded://bevy_pbr\\render/pbr_prepass_functions.wgsl"};C:\Users\Antoi\.cargo\registry\src\index.crates.io-1949cf8c6b5b557f\bevy_asset-0.18.1\src\server\loaders.rs;332;173706;0.000095;2;86853;56;173650;122749.494573
plugin cleanup{plugin="forgia_effects::hitmarker::ForgiaHitmarkerPlugin"};C:\Users\Antoi\.cargo\registry\src\index.crates.io-1949cf8c6b5b557f\bevy_app-0.18.1\src\app.rs;292;55;0.000000;1;55;55;55;0.000000
system_commands{name="bevy_pbr::ssao::prepare_ssao_bind_groups"};C:\Users\Antoi\.cargo\registry\src\index.crates.io-1949cf8c6b5b557f\bevy_ecs-0.18.1\src\system\function_system.rs;54;3539508;0.001945;37525;94;53;54268;292.497080
plugin build{plugin="forgia_mode_roguelite::weapon_select::WeaponSelectPlugin"};C:\Users\Antoi\.cargo\registry\src\index.crates.io-1949cf8c6b5b557f\bevy_app-0.18.1\src\app.rs;529;55044;0.000030;1;55044;55044;55044;0.000000
system{name="forgia_mode_roguelite::pipeline_warmup::sys_write_warmup_sensor"};C:\Users\Antoi\.cargo\registry\src\index.crates.io-1949cf8c6b5b557f\bevy_ecs-0.18.1\src\system\function_system.rs;52;10463270;0.005751;37525;278;69;55817;371.783215
system_commands{name="forgia_game::color_grading::sys_init"};C:\Users\Antoi\.cargo\registry\src\index.crates.io-1949cf8c6b5b557f\bevy_ecs-0.18.1\src\system\function_system.rs;54;18044;0.000010;1;18044;18044;18044;0.000000
asset loading{loader="bevy_shader::shader::ShaderLoader" asset="embedded://bevy_pbr\\render/rgb9e5.wgsl"};C:\Users\Antoi\.cargo\registry\src\index.crates.io-1949cf8c6b5b557f\bevy_asset-0.18.1\src\server\loaders.rs;332;101025;0.000056;2;50512;53;100972;71360.509254
system_commands{name="bevy_pbr::cluster::prepare_clusters"};C:\Users\Antoi\.cargo\registry\src\index.crates.io-1949cf8c6b5b557f\bevy_ecs-0.18.1\src\system\function_system.rs;54;295742124;0.162541;37525;7881;3749;632316;4383.729805
plugin cleanup{plugin="bevy_winit::accessibility::AccessKitPlugin"};C:\Users\Antoi\.cargo\registry\src\index.crates.io-1949cf8c6b5b557f\bevy_app-0.18.1\src\app.rs;292;65;0.000000;1;65;65;65;0.000000
system{name="bevy_asset::assets::Assets<forgia_genome_core::Genome<forgia_mode_fps_arena::ArenaBotsGenome>>::asset_events"};C:\Users\Antoi\.cargo\registry\src\index.crates.io-1949cf8c6b5b557f\bevy_ecs-0.18.1\src\system\function_system.rs;52;2699;0.000001;1;2699;2699;2699;0.000000
plugin finish{plugin="forgia_ui_lib::hud::confidence::ConfidenceHudPlugin"};C:\Users\Antoi\.cargo\registry\src\index.crates.io-1949cf8c6b5b557f\bevy_app-0.18.1\src\app.rs;272;56;0.000000;1;56;56;56;0.000000
asset loading{loader="bevy_image::image_loader::ImageLoader" asset="ui/menu_video/frame_0324.webp"};C:\Users\Antoi\.cargo\registry\src\index.crates.io-1949cf8c6b5b557f\bevy_asset-0.18.1\src\server\loaders.rs;332;15822005;0.008696;6;2637000;154;15749964;6424023.197465
system_commands{name="bevy_state::state_scoped::despawn_entities_on_exit_state<forgia_mode_roguelite::run::RunState>"};C:\Users\Antoi\.cargo\registry\src\index.crates.io-1949cf8c6b5b557f\bevy_ecs-0.18.1\src\system\function_system.rs;54;2574721;0.001415;37526;68;50;88866;525.718892
plugin cleanup{plugin="bevy_ui_render::box_shadow::BoxShadowPlugin"};C:\Users\Antoi\.cargo\registry\src\index.crates.io-1949cf8c6b5b557f\bevy_app-0.18.1\src\app.rs;292;57;0.000000;1;57;57;57;0.000000
system{name="bevy_ui::update::propagate_ui_target_cameras"};C:\Users\Antoi\.cargo\registry\src\index.crates.io-1949cf8c6b5b557f\bevy_ecs-0.18.1\src\system\function_system.rs;52;67988992;0.037367;37525;1811;683;116257;1128.769302
node{name="bevy_render::render_graph::node::ViewNodeRunner<bevy_pbr::atmosphere::node::AtmosphereLutsNode>"};C:\Users\Antoi\.cargo\registry\src\index.crates.io-1949cf8c6b5b557f\bevy_render-0.18.1\src\renderer\graph_runner.rs;240;19056211;0.010473;75050;253;61;85717;341.472661
plugin build{plugin="forgia_viewmodel::attach::ForgiaViewmodelAttachPlugin"};C:\Users\Antoi\.cargo\registry\src\index.crates.io-1949cf8c6b5b557f\bevy_app-0.18.1\src\app.rs;529;32576;0.000018;1;32576;32576;32576;0.000000
plugin cleanup{plugin="bevy_render::extract_component::ExtractComponentPlugin<bevy_camera::components::Camera2d>"};C:\Users\Antoi\.cargo\registry\src\index.crates.io-1949cf8c6b5b557f\bevy_app-0.18.1\src\app.rs;292;163;0.000000;1;163;163;163;0.000000
asset loading{loader="bevy_image::image_loader::ImageLoader" asset="ui/menu_video/frame_0149.webp"};C:\Users\Antoi\.cargo\registry\src\index.crates.io-1949cf8c6b5b557f\bevy_asset-0.18.1\src\server\loaders.rs;332;15982203;0.008784;7;2283171;168;15938065;6021244.791011
asset loading{loader="bevy_shader::shader::ShaderLoader" asset="embedded://bevy_pbr\\prepass\\prepass.wgsl"};C:\Users\Antoi\.cargo\registry\src\index.crates.io-1949cf8c6b5b557f\bevy_asset-0.18.1\src\server\loaders.rs;332;297518;0.000164;2;148759;84;297434;210258.201386
system_commands{name="bevy_core_pipeline::skybox::prepass::prepare_skybox_prepass_pipelines"};C:\Users\Antoi\.cargo\registry\src\index.crates.io-1949cf8c6b5b557f\bevy_ecs-0.18.1\src\system\function_system.rs;54;3115088;0.001712;37525;83;50;8847;65.435733
plugin build{plugin="bevy_render::extract_component::ExtractComponentPlugin<bevy_pbr::deferred::PbrDeferredLightingDepthId>"};C:\Users\Antoi\.cargo\registry\src\index.crates.io-1949cf8c6b5b557f\bevy_app-0.18.1\src\app.rs;529;8986;0.000005;1;8986;8986;8986;0.000000
system{name="forgia_mode_roguelite::meta_shop::sys_lobby_cleanup"};C:\Users\Antoi\.cargo\registry\src\index.crates.io-1949cf8c6b5b557f\bevy_ecs-0.18.1\src\system\function_system.rs;52;972;0.000001;1;972;972;972;0.000000
plugin finish{plugin="bevy_render::render_phase::BinnedRenderPhasePlugin<bevy_core_pipeline::prepass::AlphaMask3dPrepass, bevy_pbr::render::mesh::MeshPipeline>"};C:\Users\Antoi\.cargo\registry\src\index.crates.io-1949cf8c6b5b557f\bevy_app-0.18.1\src\app.rs;272;67;0.000000;1;67;67;67;0.000000
asset loading{loader="bevy_gltf::loader::GltfLoader" asset="models/kaykit/hexagon/neutral/building_scaffolding.gltf"};C:\Users\Antoi\.cargo\registry\src\index.crates.io-1949cf8c6b5b557f\bevy_asset-0.18.1\src\server\loaders.rs;332;256310;0.000141;7;36615;58;189525;68246.555340
asset loading{loader="bevy_image::image_loader::ImageLoader" asset="ui/menu_video/frame_0353.webp"};C:\Users\Antoi\.cargo\registry\src\index.crates.io-1949cf8c6b5b557f\bevy_asset-0.18.1\src\server\loaders.rs;332;16517946;0.009078;6;2752991;104;16465713;6717837.855576
system{name="bevy_gizmos::clear_gizmo_context<bevy_gizmos::config::DefaultGizmoConfigGroup, bevy_time::fixed::Fixed>"};C:\Users\Antoi\.cargo\registry\src\index.crates.io-1949cf8c6b5b557f\bevy_ecs-0.18.1\src\system\function_system.rs;52;1923453;0.001057;11501;167;58;80208;759.857076
asset loading{loader="bevy_image::image_loader::ImageLoader" asset="ui/menu_video/frame_0349.webp"};C:\Users\Antoi\.cargo\registry\src\index.crates.io-1949cf8c6b5b557f\bevy_asset-0.18.1\src\server\loaders.rs;332;14980115;0.008233;6;2496685;181;14931948;6092014.541584
system_commands{name="bevy_render::extract_component::prepare_uniform_components<bevy_gizmos_render::LineGizmoUniform>"};C:\Users\Antoi\.cargo\registry\src\index.crates.io-1949cf8c6b5b557f\bevy_ecs-0.18.1\src\system\function_system.rs;54;3135641;0.001723;37525;83;50;1092;27.993154
system{name="bevy_core_pipeline::experimental::mip_generation::init_depth_pyramid_dummy_texture"};C:\Users\Antoi\.cargo\registry\src\index.crates.io-1949cf8c6b5b557f\bevy_ecs-0.18.1\src\system\function_system.rs;52;82445;0.000045;1;82445;82445;82445;0.000000
system_commands{name="bevy_render::extract_component::extract_components<bevy_anti_alias::smaa::Smaa>"};C:\Users\Antoi\.cargo\registry\src\index.crates.io-1949cf8c6b5b557f\bevy_ecs-0.18.1\src\system\function_system.rs;54;19506335;0.010721;37525;519;174;40640;276.732124
plugin cleanup{plugin="forgia_secondary_motion::ForgiaSecondaryMotionPlugin"};C:\Users\Antoi\.cargo\registry\src\index.crates.io-1949cf8c6b5b557f\bevy_app-0.18.1\src\app.rs;292;55;0.000000;1;55;55;55;0.000000
system{name="bevy_egui::input::write_file_dnd_messages_system"};C:\Users\Antoi\.cargo\registry\src\index.crates.io-1949cf8c6b5b557f\bevy_ecs-0.18.1\src\system\function_system.rs;52;15399675;0.008464;37525;410;161;20054;181.068833
asset loading{loader="bevy_image::image_loader::ImageLoader" asset="ui/menu_video/frame_0111.webp"};C:\Users\Antoi\.cargo\registry\src\index.crates.io-1949cf8c6b5b557f\bevy_asset-0.18.1\src\server\loaders.rs;332;15669651;0.008612;6;2611608;85;15609521;6367659.957228
plugin cleanup{plugin="forgia_fps::score::ArenaScorePlugin"};C:\Users\Antoi\.cargo\registry\src\index.crates.io-1949cf8c6b5b557f\bevy_app-0.18.1\src\app.rs;292;56;0.000000;1;56;56;56;0.000000
plugin finish{plugin="forgia_ui_lib::hud::wave_counter::WaveCounterPlugin"};C:\Users\Antoi\.cargo\registry\src\index.crates.io-1949cf8c6b5b557f\bevy_app-0.18.1\src\app.rs;272;54;0.000000;1;54;54;54;0.000000
plugin finish{plugin="forgia_effects::hitmarker::ForgiaHitmarkerPlugin"};C:\Users\Antoi\.cargo\registry\src\index.crates.io-1949cf8c6b5b557f\bevy_app-0.18.1\src\app.rs;272;55;0.000000;1;55;55;55;0.000000
system{name="bevy_asset::assets::Assets<bevy_animation::graph::AnimationGraph>::asset_events"};C:\Users\Antoi\.cargo\registry\src\index.crates.io-1949cf8c6b5b557f\bevy_ecs-0.18.1\src\system\function_system.rs;52;1377;0.000001;1;1377;1377;1377;0.000000
system{name="bevy_sprite_render::render::prepare_sprite_view_bind_groups"};C:\Users\Antoi\.cargo\registry\src\index.crates.io-1949cf8c6b5b557f\bevy_ecs-0.18.1\src\system\function_system.rs;52;991196618;0.544765;37525;26414;6908;20952379;110340.442971
plugin cleanup{plugin="bevy_render::render_asset::RenderAssetPlugin<bevy_render::texture::gpu_image::GpuImage>"};C:\Users\Antoi\.cargo\registry\src\index.crates.io-1949cf8c6b5b557f\bevy_app-0.18.1\src\app.rs;292;104;0.000000;1;104;104;104;0.000000
plugin finish{plugin="forgia_ui_lib::theme::ForgeThemePlugin"};C:\Users\Antoi\.cargo\registry\src\index.crates.io-1949cf8c6b5b557f\bevy_app-0.18.1\src\app.rs;272;55;0.000000;1;55;55;55;0.000000
system_commands{name="bevy_sprite_render::mesh2d::mesh::init_batched_instance_buffer"};C:\Users\Antoi\.cargo\registry\src\index.crates.io-1949cf8c6b5b557f\bevy_ecs-0.18.1\src\system\function_system.rs;54;844;0.000000;1;844;844;844;0.000000
plugin cleanup{plugin="forgia_ui_lib::hud::coffre_forgeron::CoffreForgeronPlugin"};C:\Users\Antoi\.cargo\registry\src\index.crates.io-1949cf8c6b5b557f\bevy_app-0.18.1\src\app.rs;292;56;0.000000;1;56;56;56;0.000000
asset loading{loader="bevy_gltf::loader::GltfLoader" asset="models/weapons/forgia/pepin.glb"};C:\Users\Antoi\.cargo\registry\src\index.crates.io-1949cf8c6b5b557f\bevy_asset-0.18.1\src\server\loaders.rs;332;522753812;0.287307;4;130688453;152;522741612;261368772.681847
update;C:\Users\Antoi\.cargo\registry\src\index.crates.io-1949cf8c6b5b557f\rapier3d-0.31.0\src\dynamics\solver\contact_constraint\contact_constraints_set.rs;569;2962962;0.001628;46004;64;46;15093;91.329459
plugin finish{plugin="bevy_ui::UiPlugin"};C:\Users\Antoi\.cargo\registry\src\index.crates.io-1949cf8c6b5b557f\bevy_app-0.18.1\src\app.rs;272;55;0.000000;1;55;55;55;0.000000
plugin cleanup{plugin="bevy_render::extract_component::UniformComponentPlugin<bevy_pbr::atmosphere::resources::GpuAtmosphere>"};C:\Users\Antoi\.cargo\registry\src\index.crates.io-1949cf8c6b5b557f\bevy_app-0.18.1\src\app.rs;292;55;0.000000;1;55;55;55;0.000000
system{name="forgia_rpg::register_sample_dialogues"};C:\Users\Antoi\.cargo\registry\src\index.crates.io-1949cf8c6b5b557f\bevy_ecs-0.18.1\src\system\function_system.rs;52;3470473;0.001907;1;3470473;3470473;3470473;0.000000
plugin finish{plugin="bevy_render::sync_component::SyncComponentPlugin<bevy_pbr::deferred::PbrDeferredLightingDepthId>"};C:\Users\Antoi\.cargo\registry\src\index.crates.io-1949cf8c6b5b557f\bevy_app-0.18.1\src\app.rs;272;62;0.000000;1;62;62;62;0.000000
system{name="bevy_render::render_phase::sweep_old_entities<bevy_core_pipeline::deferred::AlphaMask3dDeferred>"};C:\Users\Antoi\.cargo\registry\src\index.crates.io-1949cf8c6b5b557f\bevy_ecs-0.18.1\src\system\function_system.rs;52;6929279;0.003808;37525;184;58;82503;446.950425
asset loading{loader="bevy_image::image_loader::ImageLoader" asset="ui/menu_video/frame_0357.webp"};C:\Users\Antoi\.cargo\registry\src\index.crates.io-1949cf8c6b5b557f\bevy_asset-0.18.1\src\server\loaders.rs;332;14857036;0.008165;5;2971407;190;14791858;6607856.637718
asset loading{loader="bevy_shader::shader::ShaderLoader" asset="embedded://bevy_pbr\\atmosphere\\sky_view_lut.wgsl"};C:\Users\Antoi\.cargo\registry\src\index.crates.io-1949cf8c6b5b557f\bevy_asset-0.18.1\src\server\loaders.rs;332;169494;0.000093;2;84747;146;169348;119643.881590
asset loading{loader="bevy_shader::shader::ShaderLoader" asset="embedded://bevy_ui_render\\gradient.wgsl"};C:\Users\Antoi\.cargo\registry\src\index.crates.io-1949cf8c6b5b557f\bevy_asset-0.18.1\src\server\loaders.rs;332;612248;0.000336;2;306124;110;612138;432769.149076
system{name="bevy_audio::audio_output::audio_output_available"};C:\Users\Antoi\.cargo\registry\src\index.crates.io-1949cf8c6b5b557f\bevy_ecs-0.18.1\src\system\function_system.rs;52;7136236;0.003922;37525;190;58;5890;100.507991
system_commands{name="bevy_pbr::atmosphere::resources::prepare_atmosphere_textures"};C:\Users\Antoi\.cargo\registry\src\index.crates.io-1949cf8c6b5b557f\bevy_ecs-0.18.1\src\system\function_system.rs;54;3108977;0.001709;37525;82;49;5672;46.658812
system{name="bevy_state::state::transitions::run_enter<forgia_core::states::AppMode>"};C:\Users\Antoi\.cargo\registry\src\index.crates.io-1949cf8c6b5b557f\bevy_ecs-0.18.1\src\system\function_system.rs;52;5367962;0.002950;37526;143;55;1701115;9010.799214
plugin finish{plugin="forgia_viewmodel::arms::ForgiaViewmodelArmsPlugin"};C:\Users\Antoi\.cargo\registry\src\index.crates.io-1949cf8c6b5b557f\bevy_app-0.18.1\src\app.rs;272;58;0.000000;1;58;58;58;0.000000
system{name="forgia_mode_roguelite::enemy_anim::sys_build_enemy_anim_graphs"};C:\Users\Antoi\.cargo\registry\src\index.crates.io-1949cf8c6b5b557f\bevy_ecs-0.18.1\src\system\function_system.rs;52;9455499;0.005197;33826;279;94;684538;3746.686449
asset loading{loader="bevy_image::image_loader::ImageLoader" asset="ui/menu_video/frame_0112.webp"};C:\Users\Antoi\.cargo\registry\src\index.crates.io-1949cf8c6b5b557f\bevy_asset-0.18.1\src\server\loaders.rs;332;15333415;0.008427;7;2190487;155;15278397;5771231.425034
asset loading{loader="bevy_image::image_loader::ImageLoader" asset="ui/menu_video/frame_0188.webp"};C:\Users\Antoi\.cargo\registry\src\index.crates.io-1949cf8c6b5b557f\bevy_asset-0.18.1\src\server\loaders.rs;332;14729613;0.008095;7;2104230;151;14676939;5544048.587181
system{name="forgia_mode_roguelite::hub::on_armes_tab"};C:\Users\Antoi\.cargo\registry\src\index.crates.io-1949cf8c6b5b557f\bevy_ecs-0.18.1\src\system\function_system.rs;52;3913609;0.002151;37525;104;55;119777;620.512878
asset loading{loader="bevy_image::image_loader::ImageLoader" asset="ui/menu_video/frame_0322.webp"};C:\Users\Antoi\.cargo\registry\src\index.crates.io-1949cf8c6b5b557f\bevy_asset-0.18.1\src\server\loaders.rs;332;15956211;0.008770;7;2279458;152;15903119;6007477.214917
asset loading{loader="bevy_image::image_loader::ImageLoader" asset="ui/menu_video/frame_0286.webp"};C:\Users\Antoi\.cargo\registry\src\index.crates.io-1949cf8c6b5b557f\bevy_asset-0.18.1\src\server\loaders.rs;332;16236454;0.008924;6;2706075;128;16188132;6604836.431130
asset loading{loader="bevy_image::image_loader::ImageLoader" asset="ui/menu_video/frame_0333.webp"};C:\Users\Antoi\.cargo\registry\src\index.crates.io-1949cf8c6b5b557f\bevy_asset-0.18.1\src\server\loaders.rs;332;14518022;0.007979;6;2419670;94;14481025;5908836.490072
system{name="forgia_mode_roguelite::weapon_select::sys_show_crosshair_off_lobby"};C:\Users\Antoi\.cargo\registry\src\index.crates.io-1949cf8c6b5b557f\bevy_ecs-0.18.1\src\system\function_system.rs;52;246;0.000000;1;246;246;246;0.000000
asset loading{loader="bevy_gltf::loader::GltfLoader" asset="models/environment/inferno/ChestBig_001.glb"};C:\Users\Antoi\.cargo\registry\src\index.crates.io-1949cf8c6b5b557f\bevy_asset-0.18.1\src\server\loaders.rs;332;50831597;0.027937;5;10166319;127;50751205;22687649.655728
system{name="bevy_pbr::atmosphere::environment::init_atmosphere_probe_layout"};C:\Users\Antoi\.cargo\registry\src\index.crates.io-1949cf8c6b5b557f\bevy_ecs-0.18.1\src\system\function_system.rs;52;6312;0.000003;1;6312;6312;6312;0.000000
system{name="bevy_ui::focus::ui_focus_system"};C:\Users\Antoi\.cargo\registry\src\index.crates.io-1949cf8c6b5b557f\bevy_ecs-0.18.1\src\system\function_system.rs;52;81815532;0.044966;37525;2180;1095;209015;1652.995773
system{name="bevy_rapier3d::plugin::systems::remove::sync_removals"};C:\Users\Antoi\.cargo\registry\src\index.crates.io-1949cf8c6b5b557f\bevy_ecs-0.18.1\src\system\function_system.rs;52;88375839;0.048572;49026;1802;163;3359113;15229.939560
asset loading{loader="bevy_image::image_loader::ImageLoader" asset="ui/menu_video/frame_0167.webp"};C:\Users\Antoi\.cargo\registry\src\index.crates.io-1949cf8c6b5b557f\bevy_asset-0.18.1\src\server\loaders.rs;332;16306042;0.008962;7;2329434;160;16253298;6139853.045752
plugin cleanup{plugin="bevy_diagnostic::frame_time_diagnostics_plugin::FrameTimeDiagnosticsPlugin"};C:\Users\Antoi\.cargo\registry\src\index.crates.io-1949cf8c6b5b557f\bevy_app-0.18.1\src\app.rs;292;123;0.000000;1;123;123;123;0.000000
system{name="bevy_asset::assets::Assets<bevy_text::font::Font>::track_assets"};C:\Users\Antoi\.cargo\registry\src\index.crates.io-1949cf8c6b5b557f\bevy_ecs-0.18.1\src\system\function_system.rs;52;53248387;0.029266;37525;1419;144;975685;13830.607022
plugin cleanup{plugin="bevy_render::extract_component::ExtractComponentPlugin<bevy_post_process::effect_stack::ChromaticAberration>"};C:\Users\Antoi\.cargo\registry\src\index.crates.io-1949cf8c6b5b557f\bevy_app-0.18.1\src\app.rs;292;61;0.000000;1;61;61;61;0.000000
system_commands{name="forgia_auto_rig::skinning::inject_skinning_for_rigged_meshes"};C:\Users\Antoi\.cargo\registry\src\index.crates.io-1949cf8c6b5b557f\bevy_ecs-0.18.1\src\system\function_system.rs;54;14121882;0.007761;37525;376;74;90414;878.791461
system_commands{name="forgia_mode_roguelite::shockwave::sys_apply_knockback"};C:\Users\Antoi\.cargo\registry\src\index.crates.io-1949cf8c6b5b557f\bevy_ecs-0.18.1\src\system\function_system.rs;54;2822380;0.001551;33826;83;50;84214;523.575297
system{name="forgia_qa_replay::player::advance_replay_cursor_system"};C:\Users\Antoi\.cargo\registry\src\index.crates.io-1949cf8c6b5b557f\bevy_ecs-0.18.1\src\system\function_system.rs;52;7084447;0.003894;37525;188;77;28653;249.613726
system_commands{name="forgia_juice_lib::knockback::sys_tick_knockback"};C:\Users\Antoi\.cargo\registry\src\index.crates.io-1949cf8c6b5b557f\bevy_ecs-0.18.1\src\system\function_system.rs;54;3086064;0.001696;37525;82;50;32818;308.363853
asset loading{loader="bevy_gltf::loader::GltfLoader" asset="models/kaykit/hexagon/red/building_tavern_red.gltf"};C:\Users\Antoi\.cargo\registry\src\index.crates.io-1949cf8c6b5b557f\bevy_asset-0.18.1\src\server\loaders.rs;332;495022;0.000272;7;70717;97;369415;135331.403181
system{name="forgia_mode_roguelite::defense::sys_attach_player_defense"};C:\Users\Antoi\.cargo\registry\src\index.crates.io-1949cf8c6b5b557f\bevy_ecs-0.18.1\src\system\function_system.rs;52;18728001;0.010293;33826;553;160;431157;2490.893272
system{name="forgia_prefab::write_prefab_sensor"};C:\Users\Antoi\.cargo\registry\src\index.crates.io-1949cf8c6b5b557f\bevy_ecs-0.18.1\src\system\function_system.rs;52;11174363;0.006141;37525;297;90;66356;395.864552
plugin cleanup{plugin="bevy_core_pipeline::fullscreen_material::FullscreenMaterialPlugin<forgia_postprocess::toon::ToonSettings>"};C:\Users\Antoi\.cargo\registry\src\index.crates.io-1949cf8c6b5b557f\bevy_app-0.18.1\src\app.rs;292;122;0.000000;1;122;122;122;0.000000
plugin build{plugin="forgia_rpg_data::inventory::ForgiaInventoryPlugin"};C:\Users\Antoi\.cargo\registry\src\index.crates.io-1949cf8c6b5b557f\bevy_app-0.18.1\src\app.rs;529;450803;0.000248;1;450803;450803;450803;0.000000
system{name="bevy_render::batching::gpu_preprocessing::batch_and_prepare_binned_render_phase<bevy_core_pipeline::prepass::AlphaMask3dPrepass, bevy_pbr::render::mesh::MeshPipeline>"};C:\Users\Antoi\.cargo\registry\src\index.crates.io-1949cf8c6b5b557f\bevy_ecs-0.18.1\src\system\function_system.rs;52;23766657;0.013062;37525;633;229;89799;744.801827
asset loading{loader="bevy_image::image_loader::ImageLoader" asset="embedded://bevy_anti_alias\\smaa\\SMAAAreaLUT.ktx2"};C:\Users\Antoi\.cargo\registry\src\index.crates.io-1949cf8c6b5b557f\bevy_asset-0.18.1\src\server\loaders.rs;332;673455;0.000370;2;336727;206;673249;475913.269331
schedule{name=FixedMain};C:\Users\Antoi\.cargo\registry\src\index.crates.io-1949cf8c6b5b557f\bevy_ecs-0.18.1\src\schedule\schedule.rs;532;5127958915;2.818344;11501;445870;194206;54466929;683562.833284
system_commands{name="bevy_state::state::freely_mutable_state::apply_state_transition<forgia_core::states::WorldMode>"};C:\Users\Antoi\.cargo\registry\src\index.crates.io-1949cf8c6b5b557f\bevy_ecs-0.18.1\src\system\function_system.rs;54;6954820;0.003822;37526;185;57;186565;1074.597423
asset loading{loader="bevy_shader::shader::ShaderLoader" asset="embedded://bevy_pbr\\ssao\\spatial_denoise.wgsl"};C:\Users\Antoi\.cargo\registry\src\index.crates.io-1949cf8c6b5b557f\bevy_asset-0.18.1\src\server\loaders.rs;332;342002;0.000188;2;171001;204;341798;241543.433813
system{name="forgia_mode_roguelite::hud::draw_portal_overlay"};C:\Users\Antoi\.cargo\registry\src\index.crates.io-1949cf8c6b5b557f\bevy_ecs-0.18.1\src\system\function_system.rs;52;26137908;0.014365;37525;696;163;524831;3911.388290
system{name="forgia_observability::fps_feel_sensor::sys_write_fps_feel_sensor"};C:\Users\Antoi\.cargo\registry\src\index.crates.io-1949cf8c6b5b557f\bevy_ecs-0.18.1\src\system\function_system.rs;52;9484774;0.005213;37525;252;78;39244;293.207253
system{name="bevy_pbr::prepass::extract_camera_previous_view_data"};C:\Users\Antoi\.cargo\registry\src\index.crates.io-1949cf8c6b5b557f\bevy_ecs-0.18.1\src\system\function_system.rs;52;30723797;0.016886;37525;818;296;1387591;7173.857238
system{name="bevy_anti_alias::fxaa::prepare_fxaa_pipelines"};C:\Users\Antoi\.cargo\registry\src\index.crates.io-1949cf8c6b5b557f\bevy_ecs-0.18.1\src\system\function_system.rs;52;19182864;0.010543;37525;511;162;63397;433.327144
asset loading{loader="bevy_image::image_loader::ImageLoader" asset="ui/menu_video/frame_0097.webp"};C:\Users\Antoi\.cargo\registry\src\index.crates.io-1949cf8c6b5b557f\bevy_asset-0.18.1\src\server\loaders.rs;332;16975029;0.009330;6;2829171;105;16921647;6903878.265057
system{name="bevy_core_pipeline::core_3d::prepare_prepass_textures"};C:\Users\Antoi\.cargo\registry\src\index.crates.io-1949cf8c6b5b557f\bevy_ecs-0.18.1\src\system\function_system.rs;52;48464530;0.026636;37525;1291;482;128197;1448.059843
asset loading{loader="bevy_gltf::loader::GltfLoader" asset="models/environment/inferno/StairsMiddle_001.glb"};C:\Users\Antoi\.cargo\registry\src\index.crates.io-1949cf8c6b5b557f\bevy_asset-0.18.1\src\server\loaders.rs;332;6408067;0.003522;4;1602016;797;6389551;3191694.133742
asset loading{loader="bevy_image::image_loader::ImageLoader" asset="ui/menu_video/frame_0168.webp"};C:\Users\Antoi\.cargo\registry\src\index.crates.io-1949cf8c6b5b557f\bevy_asset-0.18.1\src\server\loaders.rs;332;17637805;0.009694;7;2519686;197;17588584;6644761.280821
asset loading{loader="bevy_image::image_loader::ImageLoader" asset="textures/vfx/kenney/smoke_01.png"};C:\Users\Antoi\.cargo\registry\src\index.crates.io-1949cf8c6b5b557f\bevy_asset-0.18.1\src\server\loaders.rs;332;892261;0.000490;4;223065;240;881846;439210.681664
plugin build{plugin="forgia_mode_roguelite::enemy_scaling::RogueliteEnemyScalingPlugin"};C:\Users\Antoi\.cargo\registry\src\index.crates.io-1949cf8c6b5b557f\bevy_app-0.18.1\src\app.rs;529;18356;0.000010;1;18356;18356;18356;0.000000
system_commands{name="forgia_mode_roguelite::element_vfx::sys_init_element_bursts"};C:\Users\Antoi\.cargo\registry\src\index.crates.io-1949cf8c6b5b557f\bevy_ecs-0.18.1\src\system\function_system.rs;54;5921197;0.003254;1;5921197;5921197;5921197;0.000000
plugin build{plugin="bevy_render::render_asset::RenderAssetPlugin<bevy_pbr::medium::GpuScatteringMedium>"};C:\Users\Antoi\.cargo\registry\src\index.crates.io-1949cf8c6b5b557f\bevy_app-0.18.1\src\app.rs;529;217221;0.000119;1;217221;217221;217221;0.000000
asset loading{loader="bevy_image::image_loader::ImageLoader" asset="ui/menu_video/frame_0045.webp"};C:\Users\Antoi\.cargo\registry\src\index.crates.io-1949cf8c6b5b557f\bevy_asset-0.18.1\src\server\loaders.rs;332;17874755;0.009824;8;2234344;152;17830930;6301973.455165
asset loading{loader="bevy_gltf::loader::GltfLoader" asset="models/kaykit/medieval_hexagon/buildings/red/building_well_red.gltf"};C:\Users\Antoi\.cargo\registry\src\index.crates.io-1949cf8c6b5b557f\bevy_asset-0.18.1\src\server\loaders.rs;332;444374;0.000244;12;37031;145;286409;82032.452303
system{name="bevy_render::extract_resource::extract_resource<bevy_core_pipeline::tonemapping::TonemappingLuts>"};C:\Users\Antoi\.cargo\registry\src\index.crates.io-1949cf8c6b5b557f\bevy_ecs-0.18.1\src\system\function_system.rs;52;9069843;0.004985;37525;241;82;21140;170.032690
plugin build{plugin="forgia_effects::mesh_fader::MeshFaderPlugin"};C:\Users\Antoi\.cargo\registry\src\index.crates.io-1949cf8c6b5b557f\bevy_app-0.18.1\src\app.rs;529;14633;0.000008;1;14633;14633;14633;0.000000
plugin build{plugin="bevy_render::sync_world::SyncWorldPlugin"};C:\Users\Antoi\.cargo\registry\src\index.crates.io-1949cf8c6b5b557f\bevy_app-0.18.1\src\app.rs;529;392158;0.000216;1;392158;392158;392158;0.000000
plugin build{plugin="bevy_render::sync_component::SyncComponentPlugin<bevy_pbr::atmosphere::environment::AtmosphereEnvironmentMap>"};C:\Users\Antoi\.cargo\registry\src\index.crates.io-1949cf8c6b5b557f\bevy_app-0.18.1\src\app.rs;529;2024;0.000001;1;2024;2024;2024;0.000000
system_commands{name="bevy_render::extract_component::extract_components<bevy_render::experimental::occlusion_culling::OcclusionCulling>"};C:\Users\Antoi\.cargo\registry\src\index.crates.io-1949cf8c6b5b557f\bevy_ecs-0.18.1\src\system\function_system.rs;54;18052316;0.009922;37525;481;191;56118;385.451793
system{name="forgia_juice_screen_flash::load_screen_flash_tuning"};C:\Users\Antoi\.cargo\registry\src\index.crates.io-1949cf8c6b5b557f\bevy_ecs-0.18.1\src\system\function_system.rs;52;7185;0.000004;1;7185;7185;7185;0.000000
asset loading{loader="bevy_image::image_loader::ImageLoader" asset="ui/menu_video/frame_0009.webp"};C:\Users\Antoi\.cargo\registry\src\index.crates.io-1949cf8c6b5b557f\bevy_asset-0.18.1\src\server\loaders.rs;332;47481044;0.026096;17;2793002;133;16992999;6206017.875892
system{name="bevy_render::extract_component::prepare_uniform_components<bevy_pbr::deferred::PbrDeferredLightingDepthId>"};C:\Users\Antoi\.cargo\registry\src\index.crates.io-1949cf8c6b5b557f\bevy_ecs-0.18.1\src\system\function_system.rs;52;13408326;0.007369;37525;357;112;79235;514.846620
plugin finish{plugin="bevy_render::extract_component::ExtractComponentPlugin<bevy_pbr::atmosphere::GpuAtmosphereSettings>"};C:\Users\Antoi\.cargo\registry\src\index.crates.io-1949cf8c6b5b557f\bevy_app-0.18.1\src\app.rs;272;55;0.000000;1;55;55;55;0.000000
system{name="forgia_mode_roguelite::identity::sys_write_identity_sensor"};C:\Users\Antoi\.cargo\registry\src\index.crates.io-1949cf8c6b5b557f\bevy_ecs-0.18.1\src\system\function_system.rs;52;9713096;0.005338;37525;258;81;9118;206.099569
system{name="bevy_ui::widget::image::update_image_content_size_system"};C:\Users\Antoi\.cargo\registry\src\index.crates.io-1949cf8c6b5b557f\bevy_ecs-0.18.1\src\system\function_system.rs;52;15902781;0.008740;37525;423;122;70585;449.902433
plugin finish{plugin="bevy_asset::AssetPlugin"};C:\Users\Antoi\.cargo\registry\src\index.crates.io-1949cf8c6b5b557f\bevy_app-0.18.1\src\app.rs;272;52;0.000000;1;52;52;52;0.000000
asset loading{loader="bevy_image::image_loader::ImageLoader" asset="ui/menu_video/frame_0205.webp"};C:\Users\Antoi\.cargo\registry\src\index.crates.io-1949cf8c6b5b557f\bevy_asset-0.18.1\src\server\loaders.rs;332;15351261;0.008437;7;2193037;94;15312797;5785272.988757
function_scope{egui::context::Context::begin_pass};C:\Users\Antoi\.cargo\registry\src\index.crates.io-1949cf8c6b5b557f\egui-0.33.3\src\context.rs;876;1949584506;1.071499;37525;51954;25217;4533553;33725.520522
plugin build{plugin="bevy_asset::AssetPlugin"};C:\Users\Antoi\.cargo\registry\src\index.crates.io-1949cf8c6b5b557f\bevy_app-0.18.1\src\app.rs;529;384097022;0.211101;1;384097022;384097022;384097022;0.000000
plugin finish{plugin="forgia_viewmodel::ForgiaViewmodelPlugin"};C:\Users\Antoi\.cargo\registry\src\index.crates.io-1949cf8c6b5b557f\bevy_app-0.18.1\src\app.rs;272;56;0.000000;1;56;56;56;0.000000
system_commands{name="bevy_sprite_render::render::prepare_sprite_view_bind_groups"};C:\Users\Antoi\.cargo\registry\src\index.crates.io-1949cf8c6b5b557f\bevy_ecs-0.18.1\src\system\function_system.rs;54;173289697;0.095241;37525;4617;2136;616535;3758.429761
plugin finish{plugin="bevy_render::sync_component::SyncComponentPlugin<bevy_post_process::dof::DepthOfField>"};C:\Users\Antoi\.cargo\registry\src\index.crates.io-1949cf8c6b5b557f\bevy_app-0.18.1\src\app.rs;272;55;0.000000;1;55;55;55;0.000000
system{name="bevy_asset::assets::Assets<forgia_genome_core::Genome<forgia_fps::FpsTuning>>::track_assets"};C:\Users\Antoi\.cargo\registry\src\index.crates.io-1949cf8c6b5b557f\bevy_ecs-0.18.1\src\system\function_system.rs;52;47165168;0.025922;37525;1256;114;976561;12737.343325
system{name="forgia_asset_registry::save_dirty_registry"};C:\Users\Antoi\.cargo\registry\src\index.crates.io-1949cf8c6b5b557f\bevy_ecs-0.18.1\src\system\function_system.rs;52;11046717;0.006071;37525;294;85;98105;521.478890
system{name="bevy_state::state_scoped::despawn_entities_on_exit_state<forgia_core::states::WorldMode>"};C:\Users\Antoi\.cargo\registry\src\index.crates.io-1949cf8c6b5b557f\bevy_ecs-0.18.1\src\system\function_system.rs;52;11529368;0.006337;37526;307;79;46834;314.895772
plugin build{plugin="forgia_ui_lib::inventory_panel::ForgiaUiInventoryPlugin"};C:\Users\Antoi\.cargo\registry\src\index.crates.io-1949cf8c6b5b557f\bevy_app-0.18.1\src\app.rs;529;4573;0.000003;1;4573;4573;4573;0.000000
present_frames;C:\Users\Antoi\.cargo\registry\src\index.crates.io-1949cf8c6b5b557f\bevy_render-0.18.1\src\renderer\mod.rs;83;1472955471;0.809542;37525;39252;3000;1012641;11665.023940
plugin finish{plugin="bevy_water::water::WaterPlugin"};C:\Users\Antoi\.cargo\registry\src\index.crates.io-1949cf8c6b5b557f\bevy_app-0.18.1\src\app.rs;272;53;0.000000;1;53;53;53;0.000000
asset loading{loader="bevy_image::image_loader::ImageLoader" asset="ui/menu_video/frame_0200.webp"};C:\Users\Antoi\.cargo\registry\src\index.crates.io-1949cf8c6b5b557f\bevy_asset-0.18.1\src\server\loaders.rs;332;15282913;0.008400;5;3056582;96;15236152;6808592.986538
system{name="forgia_mode_roguelite::toon_config::sys_apply_toon_settings"};C:\Users\Antoi\.cargo\registry\src\index.crates.io-1949cf8c6b5b557f\bevy_ecs-0.18.1\src\system\function_system.rs;52;20711566;0.011383;33826;612;243;93972;761.250074
system{name="bevy_sprite_render::mesh2d::mesh::init_mesh_2d_pipeline"};C:\Users\Antoi\.cargo\registry\src\index.crates.io-1949cf8c6b5b557f\bevy_ecs-0.18.1\src\system\function_system.rs;52;8088;0.000004;1;8088;8088;8088;0.000000
system{name="bevy_asset::assets::Assets<bevy_asset::folder::LoadedFolder>::asset_events_condition"};C:\Users\Antoi\.cargo\registry\src\index.crates.io-1949cf8c6b5b557f\bevy_ecs-0.18.1\src\system\function_system.rs;52;3657533;0.002010;37525;97;53;44341;240.150270
system{name="bevy_egui::input::write_egui_input_system"};C:\Users\Antoi\.cargo\registry\src\index.crates.io-1949cf8c6b5b557f\bevy_ecs-0.18.1\src\system\function_system.rs;52;41826031;0.022988;37525;1114;498;124206;1076.869232
plugin finish{plugin="bevy_render::sync_component::SyncComponentPlugin<bevy_light::cluster::ClusteredDecal>"};C:\Users\Antoi\.cargo\registry\src\index.crates.io-1949cf8c6b5b557f\bevy_app-0.18.1\src\app.rs;272;58;0.000000;1;58;58;58;0.000000
system{name="bevy_gizmos::end_gizmo_context<bevy_gizmos::aabb::AabbGizmoConfigGroup, bevy_time::fixed::Fixed>"};C:\Users\Antoi\.cargo\registry\src\index.crates.io-1949cf8c6b5b557f\bevy_ecs-0.18.1\src\system\function_system.rs;52;3392576;0.001865;37525;90;59;92631;479.395445
system{name="bevy_asset::assets::Assets<bevy_pbr::extended_material::ExtendedMaterial<bevy_pbr::pbr_material::StandardMaterial, bevy_water::water::material::WaterMaterial>>::track_assets"};C:\Users\Antoi\.cargo\registry\src\index.crates.io-1949cf8c6b5b557f\bevy_ecs-0.18.1\src\system\function_system.rs;52;88227375;0.048490;37525;2351;223;1171881;19554.146889
plugin build{plugin="forgia_mode_roguelite::intro_dialogue::IntroDialoguePlugin"};C:\Users\Antoi\.cargo\registry\src\index.crates.io-1949cf8c6b5b557f\bevy_app-0.18.1\src\app.rs;529;16321;0.000009;1;16321;16321;16321;0.000000
system{name="forgia_mode_roguelite::ultimate_vfx::sys_init_ultimate_vfx_assets"};C:\Users\Antoi\.cargo\registry\src\index.crates.io-1949cf8c6b5b557f\bevy_ecs-0.18.1\src\system\function_system.rs;52;72824;0.000040;1;72824;72824;72824;0.000000
system{name="forgia_mode_roguelite::loot_room::sys_setup"};C:\Users\Antoi\.cargo\registry\src\index.crates.io-1949cf8c6b5b557f\bevy_ecs-0.18.1\src\system\function_system.rs;52;325589;0.000179;1;325589;325589;325589;0.000000
system_commands{name="bevy_core_pipeline::core_2d::prepare_core_2d_depth_textures"};C:\Users\Antoi\.cargo\registry\src\index.crates.io-1949cf8c6b5b557f\bevy_ecs-0.18.1\src\system\function_system.rs;54;74751268;0.041084;37525;1992;874;127199;1196.592142
system{name="bevy_pbr::volumetric_fog::render::init_volumetric_fog_pipeline"};C:\Users\Antoi\.cargo\registry\src\index.crates.io-1949cf8c6b5b557f\bevy_ecs-0.18.1\src\system\function_system.rs;52;13645;0.000007;1;13645;13645;13645;0.000000
system{name="forgia_fps::ammo_systems::cancel_reload_on_weapon_switch"};C:\Users\Antoi\.cargo\registry\src\index.crates.io-1949cf8c6b5b557f\bevy_ecs-0.18.1\src\system\function_system.rs;52;6897257;0.003791;33826;203;70;11801;139.813931
system{name="bevy_asset::assets::Assets<forgia_genome_core::Genome<forgia_fps::pepin::PepinTuning>>::asset_events"};C:\Users\Antoi\.cargo\registry\src\index.crates.io-1949cf8c6b5b557f\bevy_ecs-0.18.1\src\system\function_system.rs;52;403;0.000000;1;403;403;403;0.000000
system_commands{name="forgia_mode_roguelite::boss_portal::sys_reconcile_boss_gate"};C:\Users\Antoi\.cargo\registry\src\index.crates.io-1949cf8c6b5b557f\bevy_ecs-0.18.1\src\system\function_system.rs;54;3720399;0.002045;33826;109;50;252267;1669.623611
asset loading{loader="bevy_image::image_loader::ImageLoader" asset="ui/menu_video/frame_0066.webp"};C:\Users\Antoi\.cargo\registry\src\index.crates.io-1949cf8c6b5b557f\bevy_asset-0.18.1\src\server\loaders.rs;332;16667459;0.009160;6;2777909;102;16617744;6780110.965908
system{name="forgia_mode_roguelite::ultimate_vfx::sys_spawn_ultimate_vfx"};C:\Users\Antoi\.cargo\registry\src\index.crates.io-1949cf8c6b5b557f\bevy_ecs-0.18.1\src\system\function_system.rs;52;17897630;0.009837;33826;529;179;139441;831.044547
system{name="forgia_mode_roguelite::hud::draw_boss_enrage_banner"};C:\Users\Antoi\.cargo\registry\src\index.crates.io-1949cf8c6b5b557f\bevy_ecs-0.18.1\src\system\function_system.rs;52;14514653;0.007977;37525;386;117;111966;735.304435
system{name="bevy_render::render_asset::prepare_assets<bevy_render::texture::gpu_image::GpuImage>"};C:\Users\Antoi\.cargo\registry\src\index.crates.io-1949cf8c6b5b557f\bevy_ecs-0.18.1\src\system\function_system.rs;52;6522234358;3.584643;37525;173810;236;46477938;553482.108893
system{name="bevy_render::render_phase::sweep_old_entities<bevy_core_pipeline::core_3d::Opaque3d>"};C:\Users\Antoi\.cargo\registry\src\index.crates.io-1949cf8c6b5b557f\bevy_ecs-0.18.1\src\system\function_system.rs;52;34636749;0.019036;37525;923;115;86741;1398.342262
plugin cleanup{plugin="bevy_a11y::AccessibilityPlugin"};C:\Users\Antoi\.cargo\registry\src\index.crates.io-1949cf8c6b5b557f\bevy_app-0.18.1\src\app.rs;292;53;0.000000;1;53;53;53;0.000000
plugin cleanup{plugin="forgia_player::ForgiaPlayerPlugin"};C:\Users\Antoi\.cargo\registry\src\index.crates.io-1949cf8c6b5b557f\bevy_app-0.18.1\src\app.rs;292;55;0.000000;1;55;55;55;0.000000
system_commands{name="forgia_damage::load_hit_feedback"};C:\Users\Antoi\.cargo\registry\src\index.crates.io-1949cf8c6b5b557f\bevy_ecs-0.18.1\src\system\function_system.rs;54;1607;0.000001;1;1607;1607;1607;0.000000
system_commands{name="bevy_pbr::light_probe::generate::prepare_generated_environment_map_bind_groups"};C:\Users\Antoi\.cargo\registry\src\index.crates.io-1949cf8c6b5b557f\bevy_ecs-0.18.1\src\system\function_system.rs;54;3687013;0.002026;37525;98;50;5368;48.073127
plugin build{plugin="forgia_game::cyber_city::CyberCityDemoPlugin"};C:\Users\Antoi\.cargo\registry\src\index.crates.io-1949cf8c6b5b557f\bevy_app-0.18.1\src\app.rs;529;172882;0.000095;1;172882;172882;172882;0.000000
system_commands{name="bevy_render::globals::extract_time"};C:\Users\Antoi\.cargo\registry\src\index.crates.io-1949cf8c6b5b557f\bevy_ecs-0.18.1\src\system\function_system.rs;54;18495627;0.010165;37525;492;210;97917;737.144484
system{name="forgia_mode_roguelite::ftue::sys_write_ftue_sensor"};C:\Users\Antoi\.cargo\registry\src\index.crates.io-1949cf8c6b5b557f\bevy_ecs-0.18.1\src\system\function_system.rs;52;5627486;0.003093;37525;149;64;135082;745.641939
node{name="bevy_render::render_graph::node::ViewNodeRunner<bevy_pbr::volumetric_fog::render::VolumetricFogNode>"};C:\Users\Antoi\.cargo\registry\src\index.crates.io-1949cf8c6b5b557f\bevy_render-0.18.1\src\renderer\graph_runner.rs;240;13856534;0.007616;75050;184;62;91312;424.138702
system{name="bevy_asset::assets::Assets<bevy_image::texture_atlas::TextureAtlasLayout>::asset_events"};C:\Users\Antoi\.cargo\registry\src\index.crates.io-1949cf8c6b5b557f\bevy_ecs-0.18.1\src\system\function_system.rs;52;8354;0.000005;14;596;430;858;128.390630
system{name="bevy_sprite_render::mesh2d::material::extract_mesh_materials_2d<bevy_sprite_render::mesh2d::color_material::ColorMaterial>"};C:\Users\Antoi\.cargo\registry\src\index.crates.io-1949cf8c6b5b557f\bevy_ecs-0.18.1\src\system\function_system.rs;52;15032038;0.008262;37525;400;102;14494;507.634515
asset loading{loader="bevy_image::image_loader::ImageLoader" asset="ui/menu_video/frame_0335.webp"};C:\Users\Antoi\.cargo\registry\src\index.crates.io-1949cf8c6b5b557f\bevy_asset-0.18.1\src\server\loaders.rs;332;26564248;0.014600;6;4427374;298;26518338;10822319.038232
system{name="bevy_asset::assets::Assets<forgia_genome_core::Genome<forgia_ui_lib::damage_direction::tuning::DamageDirTuning>>::track_assets"};C:\Users\Antoi\.cargo\registry\src\index.crates.io-1949cf8c6b5b557f\bevy_ecs-0.18.1\src\system\function_system.rs;52;57496946;0.031601;37525;1532;107;738169;12490.086411
system{name="bevy_pbr::atmosphere::resources::write_atmosphere_buffer"};C:\Users\Antoi\.cargo\registry\src\index.crates.io-1949cf8c6b5b557f\bevy_ecs-0.18.1\src\system\function_system.rs;52;15415173;0.008472;37525;410;101;255124;1457.156029
plugin build{plugin="bevy_render::render_asset::RenderAssetPlugin<bevy_render::storage::GpuShaderStorageBuffer>"};C:\Users\Antoi\.cargo\registry\src\index.crates.io-1949cf8c6b5b557f\bevy_app-0.18.1\src\app.rs;529;56124;0.000031;1;56124;56124;56124;0.000000
system_commands{name="bevy_post_process::dof::prepare_depth_of_field_view_bind_group_layouts"};C:\Users\Antoi\.cargo\registry\src\index.crates.io-1949cf8c6b5b557f\bevy_ecs-0.18.1\src\system\function_system.rs;54;3364030;0.001849;37525;89;50;132272;712.199614
system{name="forgia_ui_lib::damage_direction::tuning::load_damage_dir_tuning"};C:\Users\Antoi\.cargo\registry\src\index.crates.io-1949cf8c6b5b557f\bevy_ecs-0.18.1\src\system\function_system.rs;52;7557;0.000004;1;7557;7557;7557;0.000000
asset loading{loader="bevy_image::image_loader::ImageLoader" asset="ui/menu_video/frame_0284.webp"};C:\Users\Antoi\.cargo\registry\src\index.crates.io-1949cf8c6b5b557f\bevy_asset-0.18.1\src\server\loaders.rs;332;14265002;0.007840;7;2037857;193;14220666;5372116.609404
plugin finish{plugin="bevy_render::extract_component::ExtractComponentPlugin<bevy_camera::components::Camera2d>"};C:\Users\Antoi\.cargo\registry\src\index.crates.io-1949cf8c6b5b557f\bevy_app-0.18.1\src\app.rs;272;107;0.000000;1;107;107;107;0.000000
asset loading{loader="bevy_image::image_loader::ImageLoader" asset="ui/menu_video/frame_0314.webp"};C:\Users\Antoi\.cargo\registry\src\index.crates.io-1949cf8c6b5b557f\bevy_asset-0.18.1\src\server\loaders.rs;332;17813193;0.009790;6;2968865;104;17772702;7252371.977734
system{name="bevy_ui::widget::text::text_system"};C:\Users\Antoi\.cargo\registry\src\index.crates.io-1949cf8c6b5b557f\bevy_ecs-0.18.1\src\system\function_system.rs;52;29304900;0.016106;37525;780;204;159977;949.862748
plugin build{plugin="forgia_fps::pepin::ForgiaPepinPlugin"};C:\Users\Antoi\.cargo\registry\src\index.crates.io-1949cf8c6b5b557f\bevy_app-0.18.1\src\app.rs;529;350211;0.000192;1;350211;350211;350211;0.000000
plugin cleanup{plugin="bevy_pbr::material::MaterialPlugin<bevy_pbr::extended_material::ExtendedMaterial<bevy_pbr::pbr_material::StandardMaterial, bevy_water::water::material::WaterMaterial>>"};C:\Users\Antoi\.cargo\registry\src\index.crates.io-1949cf8c6b5b557f\bevy_app-0.18.1\src\app.rs;292;128;0.000000;1;128;128;128;0.000000
system{name="bevy_render::erased_render_asset::extract_erased_render_asset<bevy_pbr::mesh_material::MeshMaterial3d<bevy_pbr::extended_material::ExtendedMaterial<bevy_pbr::pbr_material::StandardMaterial, bevy_pbr::decal::forward::ForwardDecalMaterialExt>>>"};C:\Users\Antoi\.cargo\registry\src\index.crates.io-1949cf8c6b5b557f\bevy_ecs-0.18.1\src\system\function_system.rs;52;37572339;0.020650;37525;1001;360;25251;346.536934
asset loading{loader="bevy_image::image_loader::ImageLoader" asset="ui/menu_video/frame_0109.webp"};C:\Users\Antoi\.cargo\registry\src\index.crates.io-1949cf8c6b5b557f\bevy_asset-0.18.1\src\server\loaders.rs;332;15745830;0.008654;6;2624305;79;15710720;6411009.874980
system_commands{name="forgia_mode_roguelite::boss_portal::sys_ground_portal"};C:\Users\Antoi\.cargo\registry\src\index.crates.io-1949cf8c6b5b557f\bevy_ecs-0.18.1\src\system\function_system.rs;54;4060567;0.002232;33826;120;50;31078;239.399718
system{name="bevy_render::extract_component::extract_components<bevy_post_process::motion_blur::MotionBlur>"};C:\Users\Antoi\.cargo\registry\src\index.crates.io-1949cf8c6b5b557f\bevy_ecs-0.18.1\src\system\function_system.rs;52;10616936;0.005835;37525;282;108;35166;294.190036
system_commands{name="forgia_mode_roguelite::ultimate_apply::sys_tick_ultimate_freeze"};C:\Users\Antoi\.cargo\registry\src\index.crates.io-1949cf8c6b5b557f\bevy_ecs-0.18.1\src\system\function_system.rs;54;2733131;0.001502;33826;80;49;83331;563.155879
system{name="forgia_ui::weapon_preview::sys_retint_arm_materials"};C:\Users\Antoi\.cargo\registry\src\index.crates.io-1949cf8c6b5b557f\bevy_ecs-0.18.1\src\system\function_system.rs;52;1971281;0.001083;3699;532;120;8036;325.730592
plugin finish{plugin="bevy_render::render_phase::BinnedRenderPhasePlugin<bevy_pbr::render::light::Shadow, bevy_pbr::render::mesh::MeshPipeline>"};C:\Users\Antoi\.cargo\registry\src\index.crates.io-1949cf8c6b5b557f\bevy_app-0.18.1\src\app.rs;272;64;0.000000;1;64;64;64;0.000000
system{name="forgia_effects::arena_feedback::arena_feedback_sensor_export"};C:\Users\Antoi\.cargo\registry\src\index.crates.io-1949cf8c6b5b557f\bevy_ecs-0.18.1\src\system\function_system.rs;52;12323401;0.006773;37525;328;90;81897;645.642824
plugin build{plugin="bevy_render::extract_component::ExtractComponentPlugin<bevy_core_pipeline::tonemapping::Tonemapping>"};C:\Users\Antoi\.cargo\registry\src\index.crates.io-1949cf8c6b5b557f\bevy_app-0.18.1\src\app.rs;529;20303;0.000011;1;20303;20303;20303;0.000000
asset loading{loader="bevy_image::image_loader::ImageLoader" asset="ui/menu_video/frame_0355.webp"};C:\Users\Antoi\.cargo\registry\src\index.crates.io-1949cf8c6b5b557f\bevy_asset-0.18.1\src\server\loaders.rs;332;14444724;0.007939;8;1805590;243;14391334;5085410.967017
asset loading{loader="bevy_image::image_loader::ImageLoader" asset="ui/menu_video/frame_0326.webp"};C:\Users\Antoi\.cargo\registry\src\index.crates.io-1949cf8c6b5b557f\bevy_asset-0.18.1\src\server\loaders.rs;332;15256143;0.008385;7;2179449;96;15200568;5741778.955675
system{name="forgia_worldgen::spawn::sys_spawn_drain"};C:\Users\Antoi\.cargo\registry\src\index.crates.io-1949cf8c6b5b557f\bevy_ecs-0.18.1\src\system\function_system.rs;52;14594238;0.008021;37525;388;126;30475;285.703452
system{name="forgia_mode_roguelite::boucherie_rocket::sys_draw_trajectory_preview"};C:\Users\Antoi\.cargo\registry\src\index.crates.io-1949cf8c6b5b557f\bevy_ecs-0.18.1\src\system\function_system.rs;52;25348248;0.013931;33826;749;228;77515;604.799858
system{name="bevy_rapier3d::plugin::systems::rigid_body::apply_initial_rigid_body_impulses"};C:\Users\Antoi\.cargo\registry\src\index.crates.io-1949cf8c6b5b557f\bevy_ecs-0.18.1\src\system\function_system.rs;52;6499610;0.003572;11501;565;67;52048;523.029760
check_conditions{name="bevy_app::main_schedule::FixedMain::run_fixed_main"};C:\Users\Antoi\.cargo\registry\src\index.crates.io-1949cf8c6b5b557f\bevy_ecs-0.18.1\src\schedule\executor\single_threaded.rs;83;3044164;0.001673;11501;264;64;4100;172.859653
node{name="bevy_anti_alias::contrast_adaptive_sharpening::node::CasNode"};C:\Users\Antoi\.cargo\registry\src\index.crates.io-1949cf8c6b5b557f\bevy_render-0.18.1\src\renderer\graph_runner.rs;240;35244516;0.019371;112575;313;67;45788;277.179988
system{name="bevy_ecs::schedule::condition::common_conditions::any_with_component<forgia_secondary_motion::spring_bone::SpringBoneChain>"};C:\Users\Antoi\.cargo\registry\src\index.crates.io-1949cf8c6b5b557f\bevy_ecs-0.18.1\src\system\function_system.rs;52;15722064;0.008641;37525;418;96;106156;698.085514
system{name="bevy_hanabi::render::prepare_effect_metadata"};C:\Users\Antoi\.cargo\registry\src\index.crates.io-1949cf8c6b5b557f\bevy_ecs-0.18.1\src\system\function_system.rs;52;94058905;0.051695;37525;2506;1219;407329;3119.431494
plugin build{plugin="forgia_viewmodel::fade::ForgiaViewmodelFadePlugin"};C:\Users\Antoi\.cargo\registry\src\index.crates.io-1949cf8c6b5b557f\bevy_app-0.18.1\src\app.rs;529;12178;0.000007;1;12178;12178;12178;0.000000
asset loading{loader="bevy_image::image_loader::ImageLoader" asset="ui/menu_video/frame_0303.webp"};C:\Users\Antoi\.cargo\registry\src\index.crates.io-1949cf8c6b5b557f\bevy_asset-0.18.1\src\server\loaders.rs;332;15540000;0.008541;8;1942500;124;15482128;5470842.454455
system{name="bevy_camera::visibility::reset_view_visibility"};C:\Users\Antoi\.cargo\registry\src\index.crates.io-1949cf8c6b5b557f\bevy_ecs-0.18.1\src\system\function_system.rs;52;4191774330;2.303814;37525;111706;41143;7127989;55653.849522
schedule{name=Startup};C:\Users\Antoi\.cargo\registry\src\index.crates.io-1949cf8c6b5b557f\bevy_ecs-0.18.1\src\schedule\schedule.rs;532;46905282;0.025779;1;46905282;46905282;46905282;0.000000
system_commands{name="bevy_render::view::window::screenshot::init_screenshot_to_screen_pipeline"};C:\Users\Antoi\.cargo\registry\src\index.crates.io-1949cf8c6b5b557f\bevy_ecs-0.18.1\src\system\function_system.rs;54;2830;0.000002;1;2830;2830;2830;0.000000
plugin finish{plugin="bevy_image::texture_atlas::TextureAtlasPlugin"};C:\Users\Antoi\.cargo\registry\src\index.crates.io-1949cf8c6b5b557f\bevy_app-0.18.1\src\app.rs;272;55;0.000000;1;55;55;55;0.000000
system{name="bevy_sprite_render::texture_slice::computed_slices::compute_slices_on_asset_event"};C:\Users\Antoi\.cargo\registry\src\index.crates.io-1949cf8c6b5b557f\bevy_ecs-0.18.1\src\system\function_system.rs;52;24882048;0.013675;37525;663;157;179900;1042.980448
system{name="forgia_mode_roguelite::hub::on_enclume_tab"};C:\Users\Antoi\.cargo\registry\src\index.crates.io-1949cf8c6b5b557f\bevy_ecs-0.18.1\src\system\function_system.rs;52;3756837;0.002065;37525;100;53;5864;52.072608
system_commands{name="forgia_mode_roguelite::weapon_select::sys_calibrate_preview"};C:\Users\Antoi\.cargo\registry\src\index.crates.io-1949cf8c6b5b557f\bevy_ecs-0.18.1\src\system\function_system.rs;54;20641;0.000011;91;226;53;12438;1294.401634
system{name="forgia_juice_lib::knockback::sys_init_knockback_genome"};C:\Users\Antoi\.cargo\registry\src\index.crates.io-1949cf8c6b5b557f\bevy_ecs-0.18.1\src\system\function_system.rs;52;995502;0.000547;1;995502;995502;995502;0.000000
system{name="forgia_ui_lib::damage_direction::tuning::sync_damage_dir_tuning"};C:\Users\Antoi\.cargo\registry\src\index.crates.io-1949cf8c6b5b557f\bevy_ecs-0.18.1\src\system\function_system.rs;52;12740516;0.007002;37525;339;103;263073;1679.491420
system{name="forgia_ui::spawn_menu_camera_permanent"};C:\Users\Antoi\.cargo\registry\src\index.crates.io-1949cf8c6b5b557f\bevy_ecs-0.18.1\src\system\function_system.rs;52;1032572;0.000568;1;1032572;1032572;1032572;0.000000
asset loading{loader="bevy_image::image_loader::ImageLoader" asset="ui/menu_video/frame_0210.webp"};C:\Users\Antoi\.cargo\registry\src\index.crates.io-1949cf8c6b5b557f\bevy_asset-0.18.1\src\server\loaders.rs;332;15189938;0.008348;6;2531656;100;15151904;6182636.146250
plugin cleanup{plugin="forgia_anim_debug::bone_trace::BoneTracePlugin"};C:\Users\Antoi\.cargo\registry\src\index.crates.io-1949cf8c6b5b557f\bevy_app-0.18.1\src\app.rs;292;56;0.000000;1;56;56;56;0.000000
system{name="bevy_render::batching::gpu_preprocessing::batch_and_prepare_sorted_render_phase<bevy_core_pipeline::core_3d::Transparent3d, bevy_pbr::render::mesh::MeshPipeline>"};C:\Users\Antoi\.cargo\registry\src\index.crates.io-1949cf8c6b5b557f\bevy_ecs-0.18.1\src\system\function_system.rs;52;81249044;0.044655;37525;2165;361;143697;1532.067001
plugin finish{plugin="forgia_audio::ForgiaAudioCorePlugin"};C:\Users\Antoi\.cargo\registry\src\index.crates.io-1949cf8c6b5b557f\bevy_app-0.18.1\src\app.rs;272;75;0.000000;1;75;75;75;0.000000
system{name="bevy_state::state::transitions::run_exit<forgia_core::states::WorldMode>"};C:\Users\Antoi\.cargo\registry\src\index.crates.io-1949cf8c6b5b557f\bevy_ecs-0.18.1\src\system\function_system.rs;52;3491550;0.001919;37526;93;54;82828;428.875950
system{name="leafwing_input_manager::systems::update_action_state<forgia_input::PlayerAction>"};C:\Users\Antoi\.cargo\registry\src\index.crates.io-1949cf8c6b5b557f\bevy_ecs-0.18.1\src\system\function_system.rs;52;1093117286;0.600781;75050;14565;101;183727;6900.388504
system{name="bevy_animation::transition::expire_completed_transitions"};C:\Users\Antoi\.cargo\registry\src\index.crates.io-1949cf8c6b5b557f\bevy_ecs-0.18.1\src\system\function_system.rs;52;18247620;0.010029;37525;486;95;643851;5244.352867
plugin build{plugin="forgia_ui_lib::damage_direction::ForgiaUiDamageDirectionPlugin"};C:\Users\Antoi\.cargo\registry\src\index.crates.io-1949cf8c6b5b557f\bevy_app-0.18.1\src\app.rs;529;304676;0.000167;1;304676;304676;304676;0.000000
system_commands{name="forgia_mode_roguelite::mushrooms::sys_init_mushroom_genome"};C:\Users\Antoi\.cargo\registry\src\index.crates.io-1949cf8c6b5b557f\bevy_ecs-0.18.1\src\system\function_system.rs;54;17162;0.000009;1;17162;17162;17162;0.000000
system_commands{name="forgia_effects::weapon_vfx::tracer::setup_tracer_resources"};C:\Users\Antoi\.cargo\registry\src\index.crates.io-1949cf8c6b5b557f\bevy_ecs-0.18.1\src\system\function_system.rs;54;3054;0.000002;1;3054;3054;3054;0.000000
system{name="forgia_damage::apply_damage"};C:\Users\Antoi\.cargo\registry\src\index.crates.io-1949cf8c6b5b557f\bevy_ecs-0.18.1\src\system\function_system.rs;52;18927389;0.010403;37525;504;124;55737;359.309536
plugin finish{plugin="forgia_worldgen::ForgiaWorldgenPlugin"};C:\Users\Antoi\.cargo\registry\src\index.crates.io-1949cf8c6b5b557f\bevy_app-0.18.1\src\app.rs;272;56;0.000000;1;56;56;56;0.000000
plugin finish{plugin="bevy_render::render_phase::BinnedRenderPhasePlugin<bevy_core_pipeline::core_3d::Opaque3d, bevy_pbr::render::mesh::MeshPipeline>"};C:\Users\Antoi\.cargo\registry\src\index.crates.io-1949cf8c6b5b557f\bevy_app-0.18.1\src\app.rs;272;243;0.000000;1;243;243;243;0.000000
system_commands{name="forgia_mode_roguelite::run::sys_collect_soul_wisps"};C:\Users\Antoi\.cargo\registry\src\index.crates.io-1949cf8c6b5b557f\bevy_ecs-0.18.1\src\system\function_system.rs;54;2942797;0.001617;33826;86;51;27432;219.674473
system_commands{name="bevy_pbr::volumetric_fog::render::prepare_volumetric_fog_uniforms"};C:\Users\Antoi\.cargo\registry\src\index.crates.io-1949cf8c6b5b557f\bevy_ecs-0.18.1\src\system\function_system.rs;54;3846926;0.002114;37525;102;50;71980;373.149480
system_commands{name="bevy_render::extract_component::prepare_uniform_components<bevy_core_pipeline::skybox::SkyboxUniforms>"};C:\Users\Antoi\.cargo\registry\src\index.crates.io-1949cf8c6b5b557f\bevy_ecs-0.18.1\src\system\function_system.rs;54;46848351;0.025748;37525;1248;486;80193;711.057886
system{name="bevy_egui::output::process_output_system"};C:\Users\Antoi\.cargo\registry\src\index.crates.io-1949cf8c6b5b557f\bevy_ecs-0.18.1\src\system\function_system.rs;52;5729218844;3.148799;37525;152677;21786;1239479;46770.572305
system{name="bevy_hanabi::render::property::allocate_properties"};C:\Users\Antoi\.cargo\registry\src\index.crates.io-1949cf8c6b5b557f\bevy_ecs-0.18.1\src\system\function_system.rs;52;26068207;0.014327;37525;694;198;217613;1300.278925
system_commands{name="bevy_pbr::deferred::init_deferred_lighting_layout"};C:\Users\Antoi\.cargo\registry\src\index.crates.io-1949cf8c6b5b557f\bevy_ecs-0.18.1\src\system\function_system.rs;54;3332;0.000002;1;3332;3332;3332;0.000000
asset loading{loader="bevy_shader::shader::ShaderLoader" asset="embedded://bevy_pbr\\render/shadows.wgsl"};C:\Users\Antoi\.cargo\registry\src\index.crates.io-1949cf8c6b5b557f\bevy_asset-0.18.1\src\server\loaders.rs;332;399262;0.000219;2;199631;87;399175;282197.831090
system{name="forgia_effects::weapon_vfx::tracer::tick_bullets_in_flight"};C:\Users\Antoi\.cargo\registry\src\index.crates.io-1949cf8c6b5b557f\bevy_ecs-0.18.1\src\system\function_system.rs;52;16031951;0.008811;37525;427;114;78287;454.513427
asset loading{loader="bevy_shader::shader::ShaderLoader" asset="embedded://bevy_post_process\\effect_stack\\chromatic_aberration.wgsl"};C:\Users\Antoi\.cargo\registry\src\index.crates.io-1949cf8c6b5b557f\bevy_asset-0.18.1\src\server\loaders.rs;332;142252;0.000078;2;71126;98;142154;100448.760908
plugin cleanup{plugin="bevy_gizmos::global::GlobalGizmosPlugin"};C:\Users\Antoi\.cargo\registry\src\index.crates.io-1949cf8c6b5b557f\bevy_app-0.18.1\src\app.rs;292;55;0.000000;1;55;55;55;0.000000
system{name="bevy_winit::accessibility::poll_receivers"};C:\Users\Antoi\.cargo\registry\src\index.crates.io-1949cf8c6b5b557f\bevy_ecs-0.18.1\src\system\function_system.rs;52;14974827;0.008230;37525;399;144;10891;200.439830
plugin finish{plugin="bevy_anti_alias::smaa::SmaaPlugin"};C:\Users\Antoi\.cargo\registry\src\index.crates.io-1949cf8c6b5b557f\bevy_app-0.18.1\src\app.rs;272;56;0.000000;1;56;56;56;0.000000
plugin build{plugin="bevy_winit::WinitPlugin"};C:\Users\Antoi\.cargo\registry\src\index.crates.io-1949cf8c6b5b557f\bevy_app-0.18.1\src\app.rs;529;7080886;0.003892;1;7080886;7080886;7080886;0.000000
system{name="forgia_mode_roguelite::elements::sys_enforce_always_on"};C:\Users\Antoi\.cargo\registry\src\index.crates.io-1949cf8c6b5b557f\bevy_ecs-0.18.1\src\system\function_system.rs;52;8862524;0.004871;33826;262;98;91150;526.222880
plugin finish{plugin="bevy_render::sync_component::SyncComponentPlugin<bevy_anti_alias::fxaa::Fxaa>"};C:\Users\Antoi\.cargo\registry\src\index.crates.io-1949cf8c6b5b557f\bevy_app-0.18.1\src\app.rs;272;56;0.000000;1;56;56;56;0.000000
plugin build{plugin="bevy_pbr::material::MaterialsPlugin"};C:\Users\Antoi\.cargo\registry\src\index.crates.io-1949cf8c6b5b557f\bevy_app-0.18.1\src\app.rs;529;5498559;0.003022;1;5498559;5498559;5498559;0.000000
system{name="bevy_hanabi::spawn::tick_spawners"};C:\Users\Antoi\.cargo\registry\src\index.crates.io-1949cf8c6b5b557f\bevy_ecs-0.18.1\src\system\function_system.rs;52;143940741;0.079110;37525;3835;1195;236327;2474.874670
plugin build{plugin="bevy_egui::EguiPlugin"};C:\Users\Antoi\.cargo\registry\src\index.crates.io-1949cf8c6b5b557f\bevy_app-0.18.1\src\app.rs;529;3806808;0.002092;1;3806808;3806808;3806808;0.000000
system{name="bevy_asset::assets::Assets<bevy_audio::audio_source::AudioSource>::asset_events_condition"};C:\Users\Antoi\.cargo\registry\src\index.crates.io-1949cf8c6b5b557f\bevy_ecs-0.18.1\src\system\function_system.rs;52;3649344;0.002006;37525;97;53;5127;64.332057
system{name="bevy_sprite_render::render::init_sprite_pipeline"};C:\Users\Antoi\.cargo\registry\src\index.crates.io-1949cf8c6b5b557f\bevy_ecs-0.18.1\src\system\function_system.rs;52;23151;0.000013;1;23151;23151;23151;0.000000
plugin finish{plugin="bevy_render::storage::StoragePlugin"};C:\Users\Antoi\.cargo\registry\src\index.crates.io-1949cf8c6b5b557f\bevy_app-0.18.1\src\app.rs;272;57;0.000000;1;57;57;57;0.000000
system{name="forgia_mode_roguelite::poi::sys_hot_reload_poi_genome"};C:\Users\Antoi\.cargo\registry\src\index.crates.io-1949cf8c6b5b557f\bevy_ecs-0.18.1\src\system\function_system.rs;52;14329181;0.007875;33826;423;76;141720;3376.051497
system{name="forgia_mode_roguelite::intro_dialogue::sys_write_intro_sensor"};C:\Users\Antoi\.cargo\registry\src\index.crates.io-1949cf8c6b5b557f\bevy_ecs-0.18.1\src\system\function_system.rs;52;8148710;0.004479;33826;240;82;77545;710.401160
system{name="bevy_picking::pointer::PointerInput::receive"};C:\Users\Antoi\.cargo\registry\src\index.crates.io-1949cf8c6b5b557f\bevy_ecs-0.18.1\src\system\function_system.rs;52;21588565;0.011865;37525;575;163;106480;649.558309
asset loading{loader="bevy_gltf::loader::GltfLoader" asset="models/kaykit/hexagon/red/building_tower_catapult_red.gltf"};C:\Users\Antoi\.cargo\registry\src\index.crates.io-1949cf8c6b5b557f\bevy_asset-0.18.1\src\server\loaders.rs;332;361546;0.000199;7;51649;70;240080;88014.004371
system_commands{name="bevy_core_pipeline::experimental::mip_generation::prepare_view_depth_pyramids"};C:\Users\Antoi\.cargo\registry\src\index.crates.io-1949cf8c6b5b557f\bevy_ecs-0.18.1\src\system\function_system.rs;54;7659268;0.004210;37525;204;57;9494;138.716651
plugin finish{plugin="bevy_core_pipeline::core_2d::Core2dPlugin"};C:\Users\Antoi\.cargo\registry\src\index.crates.io-1949cf8c6b5b557f\bevy_app-0.18.1\src\app.rs;272;54;0.000000;1;54;54;54;0.000000
system_commands{name="bevy_pbr::ssr::prepare_ssr_pipelines"};C:\Users\Antoi\.cargo\registry\src\index.crates.io-1949cf8c6b5b557f\bevy_ecs-0.18.1\src\system\function_system.rs;54;3935946;0.002163;37525;104;51;48689;252.438453
plugin build{plugin="bevy_render::view::window::screenshot::ScreenshotPlugin"};C:\Users\Antoi\.cargo\registry\src\index.crates.io-1949cf8c6b5b557f\bevy_app-0.18.1\src\app.rs;529;649293;0.000357;1;649293;649293;649293;0.000000
asset loading{loader="bevy_gltf::loader::GltfLoader" asset="models/environment/inferno/RockMid_003.glb"};C:\Users\Antoi\.cargo\registry\src\index.crates.io-1949cf8c6b5b557f\bevy_asset-0.18.1\src\server\loaders.rs;332;7023001;0.003860;4;1755750;595;7011860;3504074.311833
system{name="bevy_render::batching::no_gpu_preprocessing::batch_and_prepare_binned_render_phase<bevy_core_pipeline::core_2d::AlphaMask2d, bevy_sprite_render::mesh2d::mesh::Mesh2dPipeline>"};C:\Users\Antoi\.cargo\registry\src\index.crates.io-1949cf8c6b5b557f\bevy_ecs-0.18.1\src\system\function_system.rs;52;11297513;0.006209;37525;301;95;73806;477.265866
asset loading{loader="bevy_image::image_loader::ImageLoader" asset="ui/menu_video/frame_0233.webp"};C:\Users\Antoi\.cargo\registry\src\index.crates.io-1949cf8c6b5b557f\bevy_asset-0.18.1\src\server\loaders.rs;332;19019529;0.010453;6;3169921;107;18983069;7746830.499126
asset loading{loader="bevy_image::image_loader::ImageLoader" asset="ui/menu_video/frame_0091.webp"};C:\Users\Antoi\.cargo\registry\src\index.crates.io-1949cf8c6b5b557f\bevy_asset-0.18.1\src\server\loaders.rs;332;15731811;0.008646;6;2621968;81;15698937;6406382.418017
plugin finish{plugin="forgia_mode_fps_arena::wave::ArenaWavesPlugin"};C:\Users\Antoi\.cargo\registry\src\index.crates.io-1949cf8c6b5b557f\bevy_app-0.18.1\src\app.rs;272;56;0.000000;1;56;56;56;0.000000
node{name="bevy_render::render_graph::node::ViewNodeRunner<bevy_core_pipeline::deferred::copy_lighting_id::CopyDeferredLightingIdNode>"};C:\Users\Antoi\.cargo\registry\src\index.crates.io-1949cf8c6b5b557f\bevy_render-0.18.1\src\renderer\graph_runner.rs;240;15809523;0.008689;75050;210;54;51214;248.333323
plugin cleanup{plugin="bevy_render::sync_component::SyncComponentPlugin<bevy_camera::components::Camera2d>"};C:\Users\Antoi\.cargo\registry\src\index.crates.io-1949cf8c6b5b557f\bevy_app-0.18.1\src\app.rs;292;55;0.000000;1;55;55;55;0.000000
system{name="bevy_picking::PickingSettings::window_picking_should_run"};C:\Users\Antoi\.cargo\registry\src\index.crates.io-1949cf8c6b5b557f\bevy_ecs-0.18.1\src\system\function_system.rs;52;3702297;0.002035;37525;98;53;12999;101.375119
system_commands{name="forgia_mode_roguelite::stations::sys_use_health_stations"};C:\Users\Antoi\.cargo\registry\src\index.crates.io-1949cf8c6b5b557f\bevy_ecs-0.18.1\src\system\function_system.rs;54;4263650;0.002343;33826;126;53;126055;839.407909
system{name="bevy_render::render_resource::pipeline_cache::PipelineCache::process_pipeline_queue_system"};C:\Users\Antoi\.cargo\registry\src\index.crates.io-1949cf8c6b5b557f\bevy_ecs-0.18.1\src\system\function_system.rs;52;19061190;0.010476;37525;507;202;26835;391.152693
system{name="bevy_render::view::window::screenshot::trigger_screenshots"};C:\Users\Antoi\.cargo\registry\src\index.crates.io-1949cf8c6b5b557f\bevy_ecs-0.18.1\src\system\function_system.rs;52;22010747;0.012097;37525;586;118;56701;444.443034
plugin cleanup{plugin="bevy_render::sync_component::SyncComponentPlugin<bevy_anti_alias::taa::TemporalAntiAliasing>"};C:\Users\Antoi\.cargo\registry\src\index.crates.io-1949cf8c6b5b557f\bevy_app-0.18.1\src\app.rs;292;123;0.000000;1;123;123;123;0.000000
system{name="bevy_render::gpu_readback::sync_readbacks"};C:\Users\Antoi\.cargo\registry\src\index.crates.io-1949cf8c6b5b557f\bevy_ecs-0.18.1\src\system\function_system.rs;52;19052041;0.010471;37525;507;191;31167;454.372700
asset loading{loader="bevy_image::image_loader::ImageLoader" asset="ui/menu_video/frame_0265.webp"};C:\Users\Antoi\.cargo\registry\src\index.crates.io-1949cf8c6b5b557f\bevy_asset-0.18.1\src\server\loaders.rs;332;15358159;0.008441;7;2194022;157;15305691;5781704.890264
plugin build{plugin="bevy_render::extract_component::ExtractComponentPlugin<bevy_pbr::atmosphere::Atmosphere>"};C:\Users\Antoi\.cargo\registry\src\index.crates.io-1949cf8c6b5b557f\bevy_app-0.18.1\src\app.rs;529;15715;0.000009;1;15715;15715;15715;0.000000
system{name="bevy_render::view::window::need_surface_configuration"};C:\Users\Antoi\.cargo\registry\src\index.crates.io-1949cf8c6b5b557f\bevy_ecs-0.18.1\src\system\function_system.rs;52;16001288;0.008794;37525;426;150;80120;528.743749
plugin finish{plugin="bevy_anti_alias::taa::TemporalAntiAliasPlugin"};C:\Users\Antoi\.cargo\registry\src\index.crates.io-1949cf8c6b5b557f\bevy_app-0.18.1\src\app.rs;272;59;0.000000;1;59;59;59;0.000000
system{name="bevy_render::batching::gpu_preprocessing::collect_buffers_for_phase<bevy_core_pipeline::core_3d::Opaque3d, bevy_pbr::render::mesh::MeshPipeline>"};C:\Users\Antoi\.cargo\registry\src\index.crates.io-1949cf8c6b5b557f\bevy_ecs-0.18.1\src\system\function_system.rs;52;59969102;0.032959;37525;1598;766;120302;1043.040252
asset loading{loader="bevy_image::image_loader::ImageLoader" asset="ui/menu_video/frame_0338.webp"};C:\Users\Antoi\.cargo\registry\src\index.crates.io-1949cf8c6b5b557f\bevy_asset-0.18.1\src\server\loaders.rs;332;14558152;0.008001;6;2426358;221;14520952;5925118.988138
node{name="bevy_render::render_graph::node::ViewNodeRunner<bevy_core_pipeline::core_2d::main_transparent_pass_2d_node::MainTransparentPass2dNode>"};C:\Users\Antoi\.cargo\registry\src\index.crates.io-1949cf8c6b5b557f\bevy_render-0.18.1\src\renderer\graph_runner.rs;240;27221269;0.014961;37525;725;394;85641;641.684085
solve_character_collision_impulses;C:\Users\Antoi\.cargo\registry\src\index.crates.io-1949cf8c6b5b557f\rapier3d-0.31.0\src\control\character_controller.rs;823;1149628;0.000632;10454;109;49;11656;338.176904
system{name="bevy_app::propagate::propagate_output<bevy_ui::ui_node::ComputedUiTargetCamera, ()>"};C:\Users\Antoi\.cargo\registry\src\index.crates.io-1949cf8c6b5b557f\bevy_ecs-0.18.1\src\system\function_system.rs;52;25513190;0.014022;37525;679;229;68049;536.617365
system{name="bevy_anti_alias::contrast_adaptive_sharpening::init_cas_pipeline"};C:\Users\Antoi\.cargo\registry\src\index.crates.io-1949cf8c6b5b557f\bevy_ecs-0.18.1\src\system\function_system.rs;52;13931;0.000008;1;13931;13931;13931;0.000000
system{name="bevy_asset::assets::Assets<bevy_kira_audio::source::AudioSource>::asset_events_condition"};C:\Users\Antoi\.cargo\registry\src\index.crates.io-1949cf8c6b5b557f\bevy_ecs-0.18.1\src\system\function_system.rs;52;3322261;0.001826;37525;88;53;1364;43.318426
system_commands{name="forgia_mode_roguelite::mushrooms::sys_reconcile_mushrooms"};C:\Users\Antoi\.cargo\registry\src\index.crates.io-1949cf8c6b5b557f\bevy_ecs-0.18.1\src\system\function_system.rs;54;2881527;0.001584;33826;85;50;207377;1213.774042
system{name="bevy_render::view::prepare_view_attachments"};C:\Users\Antoi\.cargo\registry\src\index.crates.io-1949cf8c6b5b557f\bevy_ecs-0.18.1\src\system\function_system.rs;52;74369005;0.040873;37525;1981;881;135868;1278.684984
plugin finish{plugin="bevy_post_process::motion_blur::MotionBlurPlugin"};C:\Users\Antoi\.cargo\registry\src\index.crates.io-1949cf8c6b5b557f\bevy_app-0.18.1\src\app.rs;272;53;0.000000;1;53;53;53;0.000000
asset loading{loader="bevy_image::image_loader::ImageLoader" asset="ui/menu_video/frame_0285.webp"};C:\Users\Antoi\.cargo\registry\src\index.crates.io-1949cf8c6b5b557f\bevy_asset-0.18.1\src\server\loaders.rs;332;13882873;0.007630;7;1983267;126;13847096;5231458.753527
plugin cleanup{plugin="bevy_render::mesh::MeshRenderAssetPlugin"};C:\Users\Antoi\.cargo\registry\src\index.crates.io-1949cf8c6b5b557f\bevy_app-0.18.1\src\app.rs;292;76;0.000000;1;76;76;76;0.000000
plugin build{plugin="forgia_effects::pipeline_ready::PipelinesReadyPlugin"};C:\Users\Antoi\.cargo\registry\src\index.crates.io-1949cf8c6b5b557f\bevy_app-0.18.1\src\app.rs;529;1882888;0.001035;1;1882888;1882888;1882888;0.000000
schedule{name=First};C:\Users\Antoi\.cargo\registry\src\index.crates.io-1949cf8c6b5b557f\bevy_ecs-0.18.1\src\schedule\schedule.rs;532;2074907749;1.140377;37525;55294;20580;4917136;74257.653603
system{name="bevy_asset::assets::Assets<bevy_gltf::assets::Gltf>::asset_events_condition"};C:\Users\Antoi\.cargo\registry\src\index.crates.io-1949cf8c6b5b557f\bevy_ecs-0.18.1\src\system\function_system.rs;52;3119728;0.001715;37525;83;53;9461;69.273331
system{name="bevy_core_pipeline::fullscreen_material::extract_on_add<forgia_postprocess::toon::ToonSettings>"};C:\Users\Antoi\.cargo\registry\src\index.crates.io-1949cf8c6b5b557f\bevy_ecs-0.18.1\src\system\function_system.rs;52;365135129;0.200680;37525;9730;4966;2004543;11748.166650
system{name="forgia_mode_roguelite::sys_toggle_collider_debug"};C:\Users\Antoi\.cargo\registry\src\index.crates.io-1949cf8c6b5b557f\bevy_ecs-0.18.1\src\system\function_system.rs;52;12986325;0.007137;37525;346;127;50639;391.326926
asset loading{loader="bevy_image::image_loader::ImageLoader" asset="ui/menu_video/frame_0206.webp"};C:\Users\Antoi\.cargo\registry\src\index.crates.io-1949cf8c6b5b557f\bevy_asset-0.18.1\src\server\loaders.rs;332;16823329;0.009246;7;2403332;199;16780265;6339634.077231
system_commands{name="bevy_rapier3d::plugin::systems::multiple_rapier_contexts::on_change_context"};C:\Users\Antoi\.cargo\registry\src\index.crates.io-1949cf8c6b5b557f\bevy_ecs-0.18.1\src\system\function_system.rs;54;1739956;0.000956;11501;151;59;55409;522.313363
system{name="forgia_ui_lib::hud::barks::sys_draw_bark"};C:\Users\Antoi\.cargo\registry\src\index.crates.io-1949cf8c6b5b557f\bevy_ecs-0.18.1\src\system\function_system.rs;52;95410057;0.052438;37525;2542;75;958051;8540.299446
asset loading{loader="bevy_gltf::loader::GltfLoader" asset="models/environment/inferno/ColumnBigBroken_002.glb"};C:\Users\Antoi\.cargo\registry\src\index.crates.io-1949cf8c6b5b557f\bevy_asset-0.18.1\src\server\loaders.rs;332;433554280;0.238283;4;108388570;101;433546981;216772274.019572
system{name="bevy_asset::assets::Assets<bevy_audio::audio_source::AudioSource>::track_assets"};C:\Users\Antoi\.cargo\registry\src\index.crates.io-1949cf8c6b5b557f\bevy_ecs-0.18.1\src\system\function_system.rs;52;58889745;0.032366;37525;1569;156;1105184;15278.455012
system{name="bevy_pbr::render::morph::no_automatic_morph_batching"};C:\Users\Antoi\.cargo\registry\src\index.crates.io-1949cf8c6b5b557f\bevy_ecs-0.18.1\src\system\function_system.rs;52;9809467;0.005391;37525;261;87;153510;1134.682945
plugin cleanup{plugin="bevy_app::task_pool_plugin::TaskPoolPlugin"};C:\Users\Antoi\.cargo\registry\src\index.crates.io-1949cf8c6b5b557f\bevy_app-0.18.1\src\app.rs;292;57;0.000000;1;57;57;57;0.000000
plugin cleanup{plugin="bevy_input::InputPlugin"};C:\Users\Antoi\.cargo\registry\src\index.crates.io-1949cf8c6b5b557f\bevy_app-0.18.1\src\app.rs;292;67;0.000000;1;67;67;67;0.000000
plugin build{plugin="bevy_render::view::ViewPlugin"};C:\Users\Antoi\.cargo\registry\src\index.crates.io-1949cf8c6b5b557f\bevy_app-0.18.1\src\app.rs;529;2016188;0.001108;1;2016188;2016188;2016188;0.000000
system{name="bevy_render::globals::prepare_globals_buffer"};C:\Users\Antoi\.cargo\registry\src\index.crates.io-1949cf8c6b5b557f\bevy_ecs-0.18.1\src\system\function_system.rs;52;414841383;0.227998;37525;11055;1209;29426187;152509.416382
asset loading{loader="bevy_image::image_loader::ImageLoader" asset="ui/menu_video/frame_0282.webp"};C:\Users\Antoi\.cargo\registry\src\index.crates.io-1949cf8c6b5b557f\bevy_asset-0.18.1\src\server\loaders.rs;332;15233660;0.008372;7;2176237;157;15198742;5742386.895914
asset loading{loader="bevy_image::image_loader::ImageLoader" asset="ui/menu_video/frame_0361.webp"};C:\Users\Antoi\.cargo\registry\src\index.crates.io-1949cf8c6b5b557f\bevy_asset-0.18.1\src\server\loaders.rs;332;15713841;0.008636;8;1964230;173;15654633;5531762.658983
system{name="forgia_effects::hitmarker::draw_white_flash"};C:\Users\Antoi\.cargo\registry\src\index.crates.io-1949cf8c6b5b557f\bevy_ecs-0.18.1\src\system\function_system.rs;52;10037885;0.005517;37525;267;72;48527;341.319514
system_commands{name="forgia_enemy_nameplate::cleanup_registry_on_target_removed"};C:\Users\Antoi\.cargo\registry\src\index.crates.io-1949cf8c6b5b557f\bevy_ecs-0.18.1\src\system\function_system.rs;54;4798593;0.002637;37525;127;54;90232;761.070177
plugin build{plugin="bevy_render::extract_component::ExtractComponentPlugin<bevy_post_process::effect_stack::ChromaticAberration>"};C:\Users\Antoi\.cargo\registry\src\index.crates.io-1949cf8c6b5b557f\bevy_app-0.18.1\src\app.rs;529;14305;0.000008;1;14305;14305;14305;0.000000
system{name="forgia_fps::pepin::sys_reset_confidence"};C:\Users\Antoi\.cargo\registry\src\index.crates.io-1949cf8c6b5b557f\bevy_ecs-0.18.1\src\system\function_system.rs;52;250;0.000000;1;250;250;250;0.000000
plugin build{plugin="bevy_pbr::render::fog::FogPlugin"};C:\Users\Antoi\.cargo\registry\src\index.crates.io-1949cf8c6b5b557f\bevy_app-0.18.1\src\app.rs;529;36951;0.000020;1;36951;36951;36951;0.000000
asset loading{loader="bevy_image::image_loader::ImageLoader" asset="ui/menu_video/frame_0100.webp"};C:\Users\Antoi\.cargo\registry\src\index.crates.io-1949cf8c6b5b557f\bevy_asset-0.18.1\src\server\loaders.rs;332;17058046;0.009375;6;2843007;198;17009667;6940220.390013
plugin finish{plugin="bevy_render::extract_component::ExtractComponentPlugin<bevy_pbr::fog::DistanceFog>"};C:\Users\Antoi\.cargo\registry\src\index.crates.io-1949cf8c6b5b557f\bevy_app-0.18.1\src\app.rs;272;767;0.000000;1;767;767;767;0.000000
plugin build{plugin="bevy_core_pipeline::CorePipelinePlugin"};C:\Users\Antoi\.cargo\registry\src\index.crates.io-1949cf8c6b5b557f\bevy_app-0.18.1\src\app.rs;529;25360699;0.013938;1;25360699;25360699;25360699;0.000000
system{name="bevy_rapier3d::plugin::systems::multiple_rapier_contexts::on_add_entity_with_parent"};C:\Users\Antoi\.cargo\registry\src\index.crates.io-1949cf8c6b5b557f\bevy_ecs-0.18.1\src\system\function_system.rs;52;20087964;0.011040;11501;1746;94;71808;1261.946868
node{name="bevy_pbr::render::light::LateShadowPassNode"};C:\Users\Antoi\.cargo\registry\src\index.crates.io-1949cf8c6b5b557f\bevy_render-0.18.1\src\renderer\graph_runner.rs;240;24017576;0.013200;75050;320;78;14342;220.888335
system{name="bevy_ui::widget::viewport::update_viewport_render_target_size"};C:\Users\Antoi\.cargo\registry\src\index.crates.io-1949cf8c6b5b557f\bevy_ecs-0.18.1\src\system\function_system.rs;52;17540628;0.009640;37525;467;114;11999;199.903573
asset loading{loader="bevy_shader::shader::ShaderLoader" asset="embedded://bevy_pbr\\render\\mesh_bindings.wgsl"};C:\Users\Antoi\.cargo\registry\src\index.crates.io-1949cf8c6b5b557f\bevy_asset-0.18.1\src\server\loaders.rs;332;58031;0.000032;2;29015;172;57859;40790.868892
system{name="bevy_ui::stack::ui_stack_system"};C:\Users\Antoi\.cargo\registry\src\index.crates.io-1949cf8c6b5b557f\bevy_ecs-0.18.1\src\system\function_system.rs;52;46698925;0.025666;37525;1244;412;142719;1539.787776
system{name="bevy_asset::assets::Assets<forgia_genome_core::Genome<forgia_stage::authored::ArenaLayoutsGenome>>::asset_events"};C:\Users\Antoi\.cargo\registry\src\index.crates.io-1949cf8c6b5b557f\bevy_ecs-0.18.1\src\system\function_system.rs;52;637;0.000000;1;637;637;637;0.000000
asset loading{loader="bevy_image::image_loader::ImageLoader" asset="ui/menu_video/frame_0242.webp"};C:\Users\Antoi\.cargo\registry\src\index.crates.io-1949cf8c6b5b557f\bevy_asset-0.18.1\src\server\loaders.rs;332;15187848;0.008347;8;1898481;155;15099873;5334178.442749
plugin build{plugin="bevy_core_pipeline::deferred::copy_lighting_id::CopyDeferredLightingIdPlugin"};C:\Users\Antoi\.cargo\registry\src\index.crates.io-1949cf8c6b5b557f\bevy_app-0.18.1\src\app.rs;529;118191;0.000065;1;118191;118191;118191;0.000000
system{name="forgia_mode_roguelite::element_vfx::sys_spawn_reaction_vfx"};C:\Users\Antoi\.cargo\registry\src\index.crates.io-1949cf8c6b5b557f\bevy_ecs-0.18.1\src\system\function_system.rs;52;16278507;0.008947;33826;481;169;76685;460.061962
system{name="bevy_render::extract_component::extract_components<bevy_render::view::Msaa>"};C:\Users\Antoi\.cargo\registry\src\index.crates.io-1949cf8c6b5b557f\bevy_ecs-0.18.1\src\system\function_system.rs;52;28176515;0.015486;37525;750;234;80520;676.671871
system{name="forgia_mode_roguelite::forge_shop::sys_animate_gobli"};C:\Users\Antoi\.cargo\registry\src\index.crates.io-1949cf8c6b5b557f\bevy_ecs-0.18.1\src\system\function_system.rs;52;21254538;0.011682;33826;628;274;101936;946.342714
plugin build{plugin="bevy_render::sync_component::SyncComponentPlugin<bevy_post_process::effect_stack::ChromaticAberration>"};C:\Users\Antoi\.cargo\registry\src\index.crates.io-1949cf8c6b5b557f\bevy_app-0.18.1\src\app.rs;529;4196;0.000002;1;4196;4196;4196;0.000000
system{name="bevy_egui::render::systems::prepare_egui_transforms_system"};C:\Users\Antoi\.cargo\registry\src\index.crates.io-1949cf8c6b5b557f\bevy_ecs-0.18.1\src\system\function_system.rs;52;415403793;0.228307;37525;11070;1649;450345;14039.099612
plugin build{plugin="bevy_text::TextPlugin"};C:\Users\Antoi\.cargo\registry\src\index.crates.io-1949cf8c6b5b557f\bevy_app-0.18.1\src\app.rs;529;1962944;0.001079;1;1962944;1962944;1962944;0.000000
plugin build{plugin="bevy_render::render_phase::BinnedRenderPhasePlugin<bevy_core_pipeline::deferred::Opaque3dDeferred, bevy_pbr::render::mesh::MeshPipeline>"};C:\Users\Antoi\.cargo\registry\src\index.crates.io-1949cf8c6b5b557f\bevy_app-0.18.1\src\app.rs;529;355746;0.000196;1;355746;355746;355746;0.000000
plugin build{plugin="bevy_image::image::ImagePlugin"};C:\Users\Antoi\.cargo\registry\src\index.crates.io-1949cf8c6b5b557f\bevy_app-0.18.1\src\app.rs;529;555517;0.000305;1;555517;555517;555517;0.000000
plugin finish{plugin="forgia_viewmodel::attach::ForgiaViewmodelAttachPlugin"};C:\Users\Antoi\.cargo\registry\src\index.crates.io-1949cf8c6b5b557f\bevy_app-0.18.1\src\app.rs;272;55;0.000000;1;55;55;55;0.000000
system_commands{name="forgia_mode_roguelite::run::sys_stage_dispatch"};C:\Users\Antoi\.cargo\registry\src\index.crates.io-1949cf8c6b5b557f\bevy_ecs-0.18.1\src\system\function_system.rs;54;2611253;0.001435;33826;77;50;33893;200.126566
plugin cleanup{plugin="bevy_render::sync_component::SyncComponentPlugin<bevy_camera::camera::CameraMainTextureUsages>"};C:\Users\Antoi\.cargo\registry\src\index.crates.io-1949cf8c6b5b557f\bevy_app-0.18.1\src\app.rs;292;56;0.000000;1;56;56;56;0.000000
system{name="forgia_mode_roguelite::status_vfx::sys_attach_burn_vfx"};C:\Users\Antoi\.cargo\registry\src\index.crates.io-1949cf8c6b5b557f\bevy_ecs-0.18.1\src\system\function_system.rs;52;17785829;0.009775;33826;525;169;135157;795.611368
asset loading{loader="bevy_image::image_loader::ImageLoader" asset="ui/menu_video/frame_0330.webp"};C:\Users\Antoi\.cargo\registry\src\index.crates.io-1949cf8c6b5b557f\bevy_asset-0.18.1\src\server\loaders.rs;332;16257837;0.008935;6;2709639;158;16221675;6619520.576515
plugin finish{plugin="bevy_app::task_pool_plugin::TaskPoolPlugin"};C:\Users\Antoi\.cargo\registry\src\index.crates.io-1949cf8c6b5b557f\bevy_app-0.18.1\src\app.rs;272;512;0.000000;1;512;512;512;0.000000
system{name="bevy_asset::assets::Assets<forgia_genome_core::Genome<forgia_skeleton_template::SkeletonTemplate>>::asset_events_condition"};C:\Users\Antoi\.cargo\registry\src\index.crates.io-1949cf8c6b5b557f\bevy_ecs-0.18.1\src\system\function_system.rs;52;3397014;0.001867;37525;90;53;121722;629.858497
system{name="forgia_worldgen::sys_worldgen_input"};C:\Users\Antoi\.cargo\registry\src\index.crates.io-1949cf8c6b5b557f\bevy_ecs-0.18.1\src\system\function_system.rs;52;29058895;0.015971;33826;859;316;35526;426.946022
system_commands{name="bevy_render::camera::extract_cameras"};C:\Users\Antoi\.cargo\registry\src\index.crates.io-1949cf8c6b5b557f\bevy_ecs-0.18.1\src\system\function_system.rs;54;276202164;0.151802;37525;7360;3169;157575;2512.646786
plugin build{plugin="forgia_juice_lib::fov_punch::ForgiaJuiceFovPunchPlugin"};C:\Users\Antoi\.cargo\registry\src\index.crates.io-1949cf8c6b5b557f\bevy_app-0.18.1\src\app.rs;529;9259;0.000005;1;9259;9259;9259;0.000000
system_commands{name="bevy_input::gamepad::gamepad_connection_system"};C:\Users\Antoi\.cargo\registry\src\index.crates.io-1949cf8c6b5b557f\bevy_ecs-0.18.1\src\system\function_system.rs;54;4327032;0.002378;37525;115;52;8818;85.676505
plugin cleanup{plugin="bevy_pbr::light_probe::LightProbePlugin"};C:\Users\Antoi\.cargo\registry\src\index.crates.io-1949cf8c6b5b557f\bevy_app-0.18.1\src\app.rs;292;55;0.000000;1;55;55;55;0.000000
asset loading{loader="bevy_shader::shader::ShaderLoader" asset="embedded://bevy_core_pipeline\\blit\\blit.wgsl"};C:\Users\Antoi\.cargo\registry\src\index.crates.io-1949cf8c6b5b557f\bevy_asset-0.18.1\src\server\loaders.rs;332;90905;0.000050;2;45452;63;90842;64190.446493
plugin cleanup{plugin="bevy_diagnostic::frame_count_diagnostics_plugin::FrameCountPlugin"};C:\Users\Antoi\.cargo\registry\src\index.crates.io-1949cf8c6b5b557f\bevy_app-0.18.1\src\app.rs;292;55;0.000000;1;55;55;55;0.000000
system{name="forgia_mode_roguelite::merchant::sys_ground_merchant"};C:\Users\Antoi\.cargo\registry\src\index.crates.io-1949cf8c6b5b557f\bevy_ecs-0.18.1\src\system\function_system.rs;52;14406358;0.007918;33826;425;132;50990;349.975457
asset loading{loader="bevy_shader::shader::ShaderLoader" asset="embedded://bevy_pbr\\render\\mesh_preprocess.wgsl"};C:\Users\Antoi\.cargo\registry\src\index.crates.io-1949cf8c6b5b557f\bevy_asset-0.18.1\src\server\loaders.rs;332;611473;0.000336;2;305736;109;611364;432222.555535
asset loading{loader="bevy_shader::shader::ShaderLoader" asset="embedded://bevy_pbr\\render/pbr_functions.wgsl"};C:\Users\Antoi\.cargo\registry\src\index.crates.io-1949cf8c6b5b557f\bevy_asset-0.18.1\src\server\loaders.rs;332;1720625;0.000946;2;860312;91;1720534;1216536.911945
plugin build{plugin="bevy_gizmos::aabb::AabbGizmoPlugin"};C:\Users\Antoi\.cargo\registry\src\index.crates.io-1949cf8c6b5b557f\bevy_app-0.18.1\src\app.rs;529;59888;0.000033;1;59888;59888;59888;0.000000
system{name="forgia_viewmodel::vm_camera::update_viewmodel_camera_fov"};C:\Users\Antoi\.cargo\registry\src\index.crates.io-1949cf8c6b5b557f\bevy_ecs-0.18.1\src\system\function_system.rs;52;15008485;0.008249;33826;443;141;32369;245.842869
system_commands{name="forgia_mode_roguelite::enemy_anim::sys_build_enemy_anim_graphs"};C:\Users\Antoi\.cargo\registry\src\index.crates.io-1949cf8c6b5b557f\bevy_ecs-0.18.1\src\system\function_system.rs;54;2772499;0.001524;33826;81;50;76881;502.180924
system{name="bevy_gizmos::collect_requested_gizmos<bevy_gizmos::config::DefaultGizmoConfigGroup, bevy_time::fixed::Fixed>"};C:\Users\Antoi\.cargo\registry\src\index.crates.io-1949cf8c6b5b557f\bevy_ecs-0.18.1\src\system\function_system.rs;52;2508944;0.001379;11501;218;71;6553;103.737172
system_commands{name="forgia_mode_roguelite::elements::sys_init_element_genome"};C:\Users\Antoi\.cargo\registry\src\index.crates.io-1949cf8c6b5b557f\bevy_ecs-0.18.1\src\system\function_system.rs;54;9816;0.000005;1;9816;9816;9816;0.000000
system{name="bevy_ui_render::extract_viewport_nodes"};C:\Users\Antoi\.cargo\registry\src\index.crates.io-1949cf8c6b5b557f\bevy_ecs-0.18.1\src\system\function_system.rs;52;38564049;0.021195;37525;1027;483;56137;577.112234
system_commands{name="bevy_audio::audio_output::play_queued_audio_system<bevy_audio::pitch::Pitch>"};C:\Users\Antoi\.cargo\registry\src\index.crates.io-1949cf8c6b5b557f\bevy_ecs-0.18.1\src\system\function_system.rs;54;3581537;0.001968;37525;95;50;92135;476.834799
plugin finish{plugin="bevy_app::terminal_ctrl_c_handler::TerminalCtrlCHandlerPlugin"};C:\Users\Antoi\.cargo\registry\src\index.crates.io-1949cf8c6b5b557f\bevy_app-0.18.1\src\app.rs;272;52;0.000000;1;52;52;52;0.000000
system{name="forgia_mode_roguelite::loot_room::sys_collide_demo_incremental"};C:\Users\Antoi\.cargo\registry\src\index.crates.io-1949cf8c6b5b557f\bevy_ecs-0.18.1\src\system\function_system.rs;52;16098859;0.008848;33826;475;149;139791;833.989774
system{name="bevy_ui::update::update_clipping_system"};C:\Users\Antoi\.cargo\registry\src\index.crates.io-1949cf8c6b5b557f\bevy_ecs-0.18.1\src\system\function_system.rs;52;21419615;0.011772;37525;570;127;123842;829.758278
system{name="bevy_post_process::motion_blur::pipeline::init_motion_blur_pipeline"};C:\Users\Antoi\.cargo\registry\src\index.crates.io-1949cf8c6b5b557f\bevy_ecs-0.18.1\src\system\function_system.rs;52;22282;0.000012;1;22282;22282;22282;0.000000
system_commands{name="forgia_mode_roguelite::run::sys_start_run"};C:\Users\Antoi\.cargo\registry\src\index.crates.io-1949cf8c6b5b557f\bevy_ecs-0.18.1\src\system\function_system.rs;54;2451477;0.001347;33826;72;50;176611;1109.739930
schedule{name=PostStartup};C:\Users\Antoi\.cargo\registry\src\index.crates.io-1949cf8c6b5b557f\bevy_ecs-0.18.1\src\schedule\schedule.rs;532;12177378;0.006693;1;12177378;12177378;12177378;0.000000
system{name="forgia_mode_roguelite::poi::sys_lava_tick"};C:\Users\Antoi\.cargo\registry\src\index.crates.io-1949cf8c6b5b557f\bevy_ecs-0.18.1\src\system\function_system.rs;52;13464829;0.007400;33826;398;140;72642;512.489568
system_commands{name="bevy_water::water::setup_water"};C:\Users\Antoi\.cargo\registry\src\index.crates.io-1949cf8c6b5b557f\bevy_ecs-0.18.1\src\system\function_system.rs;54;1061796;0.000584;1;1061796;1061796;1061796;0.000000
system{name="bevy_asset::assets::Assets<bevy_gltf::assets::GltfNode>::asset_events"};C:\Users\Antoi\.cargo\registry\src\index.crates.io-1949cf8c6b5b557f\bevy_ecs-0.18.1\src\system\function_system.rs;52;66885;0.000037;14;4777;435;48469;12624.009515
system{name="forgia_player::despawn_player"};C:\Users\Antoi\.cargo\registry\src\index.crates.io-1949cf8c6b5b557f\bevy_ecs-0.18.1\src\system\function_system.rs;52;168107;0.000092;1;168107;168107;168107;0.000000
system{name="bevy_water::water::apply_wave_direction"};C:\Users\Antoi\.cargo\registry\src\index.crates.io-1949cf8c6b5b557f\bevy_ecs-0.18.1\src\system\function_system.rs;52;54071700;0.029718;37525;1440;494;78251;983.302314
system_commands{name="forgia_effects::lifetime_tick"};C:\Users\Antoi\.cargo\registry\src\index.crates.io-1949cf8c6b5b557f\bevy_ecs-0.18.1\src\system\function_system.rs;54;3369880;0.001852;37525;89;51;94558;578.508217
system{name="forgia_level_presets::load_level_modules_genome"};C:\Users\Antoi\.cargo\registry\src\index.crates.io-1949cf8c6b5b557f\bevy_ecs-0.18.1\src\system\function_system.rs;52;2070740;0.001138;1;2070740;2070740;2070740;0.000000
plugin build{plugin="bevy_pbr::lightmap::LightmapPlugin"};C:\Users\Antoi\.cargo\registry\src\index.crates.io-1949cf8c6b5b557f\bevy_app-0.18.1\src\app.rs;529;188389;0.000104;1;188389;188389;188389;0.000000
system{name="bevy_sprite_render::mesh2d::mesh::load_mesh2d_bindings"};C:\Users\Antoi\.cargo\registry\src\index.crates.io-1949cf8c6b5b557f\bevy_ecs-0.18.1\src\system\function_system.rs;52;27245;0.000015;1;27245;27245;27245;0.000000
plugin finish{plugin="bevy_render::texture::TexturePlugin"};C:\Users\Antoi\.cargo\registry\src\index.crates.io-1949cf8c6b5b557f\bevy_app-0.18.1\src\app.rs;272;5129927;0.002819;1;5129927;5129927;5129927;0.000000
asset loading{loader="bevy_image::image_loader::ImageLoader" asset="ui/menu_video/frame_0225.webp"};C:\Users\Antoi\.cargo\registry\src\index.crates.io-1949cf8c6b5b557f\bevy_asset-0.18.1\src\server\loaders.rs;332;16014529;0.008802;6;2669088;175;15965343;6513811.078862
plugin build{plugin="bevy_render::extract_component::ExtractComponentPlugin<bevy_pbr::ssr::ScreenSpaceReflections>"};C:\Users\Antoi\.cargo\registry\src\index.crates.io-1949cf8c6b5b557f\bevy_app-0.18.1\src\app.rs;529;16730;0.000009;1;16730;16730;16730;0.000000
asset loading{loader="bevy_gltf::loader::GltfLoader" asset="models/environment/platformer/one_file_assets.glb"};C:\Users\Antoi\.cargo\registry\src\index.crates.io-1949cf8c6b5b557f\bevy_asset-0.18.1\src\server\loaders.rs;332;97264667;0.053457;5;19452933;541;97250076;43489924.967085
system_commands{name="bevy_core_pipeline::core_3d::prepare_core_3d_depth_textures"};C:\Users\Antoi\.cargo\registry\src\index.crates.io-1949cf8c6b5b557f\bevy_ecs-0.18.1\src\system\function_system.rs;54;31661852;0.017401;37525;843;336;931017;4950.715138
system{name="bevy_render::render_asset::extract_render_asset<bevy_render::mesh::RenderMesh>"};C:\Users\Antoi\.cargo\registry\src\index.crates.io-1949cf8c6b5b557f\bevy_ecs-0.18.1\src\system\function_system.rs;52;48342959;0.026569;37525;1288;331;9542306;57277.236902
plugin finish{plugin="bevy_core_pipeline::oit::OrderIndependentTransparencyPlugin"};C:\Users\Antoi\.cargo\registry\src\index.crates.io-1949cf8c6b5b557f\bevy_app-0.18.1\src\app.rs;272;59;0.000000;1;59;59;59;0.000000
system_commands{name="bevy_pbr::render::mesh::prepare_mesh_bind_groups"};C:\Users\Antoi\.cargo\registry\src\index.crates.io-1949cf8c6b5b557f\bevy_ecs-0.18.1\src\system\function_system.rs;54;231726562;0.127358;37525;6175;1451;2030781;10700.742530
plugin build{plugin="forgia_ui_lib::hud_ammo::ForgiaUiHudAmmoPlugin"};C:\Users\Antoi\.cargo\registry\src\index.crates.io-1949cf8c6b5b557f\bevy_app-0.18.1\src\app.rs;529;503969;0.000277;1;503969;503969;503969;0.000000
system_commands{name="forgia_viewmodel::attach::auto_scale_viewmodel"};C:\Users\Antoi\.cargo\registry\src\index.crates.io-1949cf8c6b5b557f\bevy_ecs-0.18.1\src\system\function_system.rs;54;3682911;0.002024;33826;108;50;20177;176.537461
asset loading{loader="bevy_image::image_loader::ImageLoader" asset="ui/menu_video/frame_0343.webp"};C:\Users\Antoi\.cargo\registry\src\index.crates.io-1949cf8c6b5b557f\bevy_asset-0.18.1\src\server\loaders.rs;332;14691878;0.008075;6;2448646;101;14653249;5979012.075792
system{name="forgia_terrain::terrain_material::init_terrain_material"};C:\Users\Antoi\.cargo\registry\src\index.crates.io-1949cf8c6b5b557f\bevy_ecs-0.18.1\src\system\function_system.rs;52;407548;0.000224;1;407548;407548;407548;0.000000
system_commands{name="forgia_mode_roguelite::loot_room::sys_mark_demo_meshes"};C:\Users\Antoi\.cargo\registry\src\index.crates.io-1949cf8c6b5b557f\bevy_ecs-0.18.1\src\system\function_system.rs;54;3828019;0.002104;33826;113;51;70997;421.399652
system{name="forgia_killfeed::tick_killfeed"};C:\Users\Antoi\.cargo\registry\src\index.crates.io-1949cf8c6b5b557f\bevy_ecs-0.18.1\src\system\function_system.rs;52;15281620;0.008399;37525;407;109;126596;856.677036
system{name="bevy_render::extract_component::prepare_uniform_components<bevy_post_process::dof::DepthOfFieldUniform>"};C:\Users\Antoi\.cargo\registry\src\index.crates.io-1949cf8c6b5b557f\bevy_ecs-0.18.1\src\system\function_system.rs;52;13859624;0.007617;37525;369;113;80365;596.347059
asset loading{loader="bevy_shader::shader::ShaderLoader" asset="embedded://bevy_pbr\\render\\forward_io.wgsl"};C:\Users\Antoi\.cargo\registry\src\index.crates.io-1949cf8c6b5b557f\bevy_asset-0.18.1\src\server\loaders.rs;332;73599;0.000040;2;36799;83;73516;51924.972268
plugin finish{plugin="bevy_render::view::window::screenshot::ScreenshotPlugin"};C:\Users\Antoi\.cargo\registry\src\index.crates.io-1949cf8c6b5b557f\bevy_app-0.18.1\src\app.rs;272;95;0.000000;1;95;95;95;0.000000
system{name="bevy_pbr::material::prepare_material_bind_groups"};C:\Users\Antoi\.cargo\registry\src\index.crates.io-1949cf8c6b5b557f\bevy_ecs-0.18.1\src\system\function_system.rs;52;11845869355;6.510532;37525;315679;183040;32971739;268143.975362
asset loading{loader="bevy_image::image_loader::ImageLoader" asset="ui/menu_video/frame_0309.webp"};C:\Users\Antoi\.cargo\registry\src\index.crates.io-1949cf8c6b5b557f\bevy_asset-0.18.1\src\server\loaders.rs;332;15649919;0.008601;6;2608319;143;15612654;6370799.279151
system{name="bevy_render::extract_component::prepare_uniform_components<bevy_core_pipeline::skybox::SkyboxUniforms>"};C:\Users\Antoi\.cargo\registry\src\index.crates.io-1949cf8c6b5b557f\bevy_ecs-0.18.1\src\system\function_system.rs;52;339657356;0.186677;37525;9051;2628;735873;7392.864883
system{name="bevy_gizmos_render::pipeline_3d::queue_line_joint_gizmos_3d"};C:\Users\Antoi\.cargo\registry\src\index.crates.io-1949cf8c6b5b557f\bevy_ecs-0.18.1\src\system\function_system.rs;52;42210220;0.023199;37525;1124;469;116298;823.669325
asset loading{loader="bevy_image::image_loader::ImageLoader" asset="ui/menu_video/frame_0279.webp"};C:\Users\Antoi\.cargo\registry\src\index.crates.io-1949cf8c6b5b557f\bevy_asset-0.18.1\src\server\loaders.rs;332;15323881;0.008422;6;2553980;157;15286812;6237791.398757
system{name="bevy_rapier3d::plugin::systems::character_controller::update_character_controls"};C:\Users\Antoi\.cargo\registry\src\index.crates.io-1949cf8c6b5b557f\bevy_ecs-0.18.1\src\system\function_system.rs;52;247495170;0.136024;11501;21519;99;762678;26980.425519
plugin build{plugin="bevy_render::render_phase::BinnedRenderPhasePlugin<bevy_core_pipeline::deferred::AlphaMask3dDeferred, bevy_pbr::render::mesh::MeshPipeline>"};C:\Users\Antoi\.cargo\registry\src\index.crates.io-1949cf8c6b5b557f\bevy_app-0.18.1\src\app.rs;529;24758;0.000014;1;24758;24758;24758;0.000000
system_commands{name="bevy_gizmos_render::pipeline_3d::init_line_gizmo_pipelines"};C:\Users\Antoi\.cargo\registry\src\index.crates.io-1949cf8c6b5b557f\bevy_ecs-0.18.1\src\system\function_system.rs;54;10537;0.000006;1;10537;10537;10537;0.000000
system{name="bevy_render::batching::sort_binned_render_phase<bevy_core_pipeline::prepass::Opaque3dPrepass>"};C:\Users\Antoi\.cargo\registry\src\index.crates.io-1949cf8c6b5b557f\bevy_ecs-0.18.1\src\system\function_system.rs;52;6693017;0.003679;37525;178;67;24109;187.198256
plugin cleanup{plugin="forgia_stage::graph::ForgiaStageGraphPlugin"};C:\Users\Antoi\.cargo\registry\src\index.crates.io-1949cf8c6b5b557f\bevy_app-0.18.1\src\app.rs;292;74;0.000000;1;74;74;74;0.000000
system{name="forgia_foliage::material_override::preload_bark_textures"};C:\Users\Antoi\.cargo\registry\src\index.crates.io-1949cf8c6b5b557f\bevy_ecs-0.18.1\src\system\function_system.rs;52;225305;0.000124;1;225305;225305;225305;0.000000
system{name="bevy_asset::assets::Assets<bevy_pbr::pbr_material::StandardMaterial>::asset_events"};C:\Users\Antoi\.cargo\registry\src\index.crates.io-1949cf8c6b5b557f\bevy_ecs-0.18.1\src\system\function_system.rs;52;26741149;0.014697;22237;1202;266;52130;710.015150
system{name="forgia_mode_roguelite::ultimate_vfx::sys_refresh_ultimate_vfx_materials"};C:\Users\Antoi\.cargo\registry\src\index.crates.io-1949cf8c6b5b557f\bevy_ecs-0.18.1\src\system\function_system.rs;52;10815745;0.005944;33826;319;82;97411;686.745475
system{name="bevy_state::state::transitions::run_enter<forgia_core::states::GameMode>"};C:\Users\Antoi\.cargo\registry\src\index.crates.io-1949cf8c6b5b557f\bevy_ecs-0.18.1\src\system\function_system.rs;52;5115454;0.002811;37526;136;60;1740158;8992.526650
asset loading{loader="forgia_genome_core::GenomeLoader<forgia_rpg_data::boons::BoonsCatalogue>" asset="genomes/roguelite_boons.toml"};C:\Users\Antoi\.cargo\registry\src\index.crates.io-1949cf8c6b5b557f\bevy_asset-0.18.1\src\server\loaders.rs;332;1733814;0.000953;4;433453;155;1675703;828343.832394
system_commands{name="bevy_render::globals::extract_frame_count"};C:\Users\Antoi\.cargo\registry\src\index.crates.io-1949cf8c6b5b557f\bevy_ecs-0.18.1\src\system\function_system.rs;54;14550686;0.007997;37525;387;164;35121;218.923411
plugin cleanup{plugin="bevy_hanabi::plugin::HanabiPlugin"};C:\Users\Antoi\.cargo\registry\src\index.crates.io-1949cf8c6b5b557f\bevy_app-0.18.1\src\app.rs;292;55;0.000000;1;55;55;55;0.000000
schedule{name=StateTransition};C:\Users\Antoi\.cargo\registry\src\index.crates.io-1949cf8c6b5b557f\bevy_ecs-0.18.1\src\schedule\schedule.rs;532;2796548432;1.536993;37526;74522;42226;7924381;70341.229059
system{name="bevy_state::state::transitions::run_transition<forgia_mode_roguelite::run::RunState>"};C:\Users\Antoi\.cargo\registry\src\index.crates.io-1949cf8c6b5b557f\bevy_ecs-0.18.1\src\system\function_system.rs;52;2936417;0.001614;37526;78;58;6592;38.898652
system{name="forgia_mode_roguelite::hub::on_forge_tab"};C:\Users\Antoi\.cargo\registry\src\index.crates.io-1949cf8c6b5b557f\bevy_ecs-0.18.1\src\system\function_system.rs;52;3308351;0.001818;37525;88;53;15469;84.380600
system{name="bevy_winit::system::changed_windows"};C:\Users\Antoi\.cargo\registry\src\index.crates.io-1949cf8c6b5b557f\bevy_ecs-0.18.1\src\system\function_system.rs;52;32302664;0.017754;37525;860;277;2287969;11838.769094
asset loading{loader="bevy_image::image_loader::ImageLoader" asset="ui/menu_video/frame_0130.webp"};C:\Users\Antoi\.cargo\registry\src\index.crates.io-1949cf8c6b5b557f\bevy_asset-0.18.1\src\server\loaders.rs;332;15963749;0.008774;6;2660624;160;15930370;6500823.598227
asset loading{loader="bevy_image::image_loader::ImageLoader" asset="ui/menu_video/frame_0227.webp"};C:\Users\Antoi\.cargo\registry\src\index.crates.io-1949cf8c6b5b557f\bevy_asset-0.18.1\src\server\loaders.rs;332;15284351;0.008400;6;2547391;236;15236519;6216380.314993
plugin cleanup{plugin="forgia_audio::ForgiaAudioCorePlugin"};C:\Users\Antoi\.cargo\registry\src\index.crates.io-1949cf8c6b5b557f\bevy_app-0.18.1\src\app.rs;292;56;0.000000;1;56;56;56;0.000000
plugin finish{plugin="bevy_render::mesh::allocator::MeshAllocatorPlugin"};C:\Users\Antoi\.cargo\registry\src\index.crates.io-1949cf8c6b5b557f\bevy_app-0.18.1\src\app.rs;272;3890;0.000002;1;3890;3890;3890;0.000000
plugin build{plugin="forgia_ui_lib::theme::ForgeThemePlugin"};C:\Users\Antoi\.cargo\registry\src\index.crates.io-1949cf8c6b5b557f\bevy_app-0.18.1\src\app.rs;529;1538658;0.000846;1;1538658;1538658;1538658;0.000000
system{name="forgia_mode_roguelite::enemy_scaling::sys_init_enemy_scaling"};C:\Users\Antoi\.cargo\registry\src\index.crates.io-1949cf8c6b5b557f\bevy_ecs-0.18.1\src\system\function_system.rs;52;219667;0.000121;1;219667;219667;219667;0.000000
plugin build{plugin="forgia_effects::arena_feedback::ArenaFeedbackPlugin"};C:\Users\Antoi\.cargo\registry\src\index.crates.io-1949cf8c6b5b557f\bevy_app-0.18.1\src\app.rs;529;177684;0.000098;1;177684;177684;177684;0.000000
plugin finish{plugin="bevy_render::sync_component::SyncComponentPlugin<bevy_light::ShadowFilteringMethod>"};C:\Users\Antoi\.cargo\registry\src\index.crates.io-1949cf8c6b5b557f\bevy_app-0.18.1\src\app.rs;272;55;0.000000;1;55;55;55;0.000000
asset loading{loader="bevy_image::image_loader::ImageLoader" asset="ui/menu_video/frame_0156.webp"};C:\Users\Antoi\.cargo\registry\src\index.crates.io-1949cf8c6b5b557f\bevy_asset-0.18.1\src\server\loaders.rs;332;15870389;0.008722;6;2645064;119;15832452;6460476.023371
system{name="bevy_gizmos_render::pipeline_3d::init_line_gizmo_pipelines"};C:\Users\Antoi\.cargo\registry\src\index.crates.io-1949cf8c6b5b557f\bevy_ecs-0.18.1\src\system\function_system.rs;52;280052;0.000154;1;280052;280052;280052;0.000000
system{name="forgia_ui_lib::hud::energy::draw_energy_label_overlay"};C:\Users\Antoi\.cargo\registry\src\index.crates.io-1949cf8c6b5b557f\bevy_ecs-0.18.1\src\system\function_system.rs;52;126715847;0.069643;37434;3385;73;146090;2114.674793
system{name="bevy_pbr::prepass::update_mesh_previous_global_transforms"};C:\Users\Antoi\.cargo\registry\src\index.crates.io-1949cf8c6b5b557f\bevy_ecs-0.18.1\src\system\function_system.rs;52;1691762116;0.929798;37525;45083;11112;3222674;78636.303909
system{name="forgia_mode_roguelite::coffre_sensor::sys_track_coffre_picks"};C:\Users\Antoi\.cargo\registry\src\index.crates.io-1949cf8c6b5b557f\bevy_ecs-0.18.1\src\system\function_system.rs;52;13447589;0.007391;37525;358;107;42577;340.977575
asset loading{loader="forgia_genome_core::GenomeLoader<forgia_skeleton_template::SkeletonTemplate>" asset="genomes/skeleton_humanoid.toml"};C:\Users\Antoi\.cargo\registry\src\index.crates.io-1949cf8c6b5b557f\bevy_asset-0.18.1\src\server\loaders.rs;332;283200;0.000156;4;70800;136;212183;96074.690573
asset loading{loader="bevy_image::image_loader::ImageLoader" asset="ui/menu_video/frame_0083.webp"};C:\Users\Antoi\.cargo\registry\src\index.crates.io-1949cf8c6b5b557f\bevy_asset-0.18.1\src\server\loaders.rs;332;14566655;0.008006;7;2080950;78;14520139;5485168.324447
asset loading{loader="bevy_gltf::loader::GltfLoader" asset="models/kaykit/hexagon/red/building_castle_red.gltf"};C:\Users\Antoi\.cargo\registry\src\index.crates.io-1949cf8c6b5b557f\bevy_asset-0.18.1\src\server\loaders.rs;332;475212;0.000261;7;67887;129;310980;113562.642175
system{name="bevy_light::cascade::clear_directional_light_cascades"};C:\Users\Antoi\.cargo\registry\src\index.crates.io-1949cf8c6b5b557f\bevy_ecs-0.18.1\src\system\function_system.rs;52;56243336;0.030912;37525;1498;218;137495;1434.103600
system{name="bevy_post_process::dof::configure_depth_of_field_view_targets"};C:\Users\Antoi\.cargo\registry\src\index.crates.io-1949cf8c6b5b557f\bevy_ecs-0.18.1\src\system\function_system.rs;52;13069191;0.007183;37525;348;78;105557;561.798799
system_commands{name="bevy_render::extract_component::prepare_uniform_components<forgia_postprocess::toon::ToonSettings>"};C:\Users\Antoi\.cargo\registry\src\index.crates.io-1949cf8c6b5b557f\bevy_ecs-0.18.1\src\system\function_system.rs;54;38891972;0.021375;37525;1036;50;608278;3201.970806
plugin build{plugin="bevy_pbr::deferred::DeferredPbrLightingPlugin"};C:\Users\Antoi\.cargo\registry\src\index.crates.io-1949cf8c6b5b557f\bevy_app-0.18.1\src\app.rs;529;46429;0.000026;1;46429;46429;46429;0.000000
asset loading{loader="bevy_image::image_loader::ImageLoader" asset="ui/menu_video/frame_0056.webp"};C:\Users\Antoi\.cargo\registry\src\index.crates.io-1949cf8c6b5b557f\bevy_asset-0.18.1\src\server\loaders.rs;332;15358059;0.008441;5;3071611;156;15305020;6838691.220416
system{name="forgia_mode_roguelite::decor::sys_reconcile_decor"};C:\Users\Antoi\.cargo\registry\src\index.crates.io-1949cf8c6b5b557f\bevy_ecs-0.18.1\src\system\function_system.rs;52;31599050;0.017367;33826;934;361;163520;1232.264285
system_commands{name="forgia_player::despawn_player"};C:\Users\Antoi\.cargo\registry\src\index.crates.io-1949cf8c6b5b557f\bevy_ecs-0.18.1\src\system\function_system.rs;54;101;0.000000;1;101;101;101;0.000000
plugin finish{plugin="forgia_fps::score::ArenaScorePlugin"};C:\Users\Antoi\.cargo\registry\src\index.crates.io-1949cf8c6b5b557f\bevy_app-0.18.1\src\app.rs;272;56;0.000000;1;56;56;56;0.000000
plugin finish{plugin="bevy_render::erased_render_asset::ErasedRenderAssetPlugin<bevy_pbr::mesh_material::MeshMaterial3d<bevy_pbr::extended_material::ExtendedMaterial<bevy_pbr::pbr_material::StandardMaterial, bevy_water::water::material::WaterMaterial>>>"};C:\Users\Antoi\.cargo\registry\src\index.crates.io-1949cf8c6b5b557f\bevy_app-0.18.1\src\app.rs;272;16561;0.000009;1;16561;16561;16561;0.000000
asset loading{loader="bevy_shader::shader::ShaderLoader" asset="embedded://bevy_post_process\\effect_stack\\post_process.wgsl"};C:\Users\Antoi\.cargo\registry\src\index.crates.io-1949cf8c6b5b557f\bevy_asset-0.18.1\src\server\loaders.rs;332;57555;0.000032;2;28777;144;57411;40493.884044
system{name="bevy_asset::assets::Assets<bevy_gltf::assets::Gltf>::asset_events"};C:\Users\Antoi\.cargo\registry\src\index.crates.io-1949cf8c6b5b557f\bevy_ecs-0.18.1\src\system\function_system.rs;52;10735;0.000006;14;766;451;1840;373.672728
system{name="forgia_observability::inventory_sensor::sys_write_inventory_sensor"};C:\Users\Antoi\.cargo\registry\src\index.crates.io-1949cf8c6b5b557f\bevy_ecs-0.18.1\src\system\function_system.rs;52;18541996;0.010191;37525;494;120;37079;371.131526
plugin build{plugin="bevy_light::LightPlugin"};C:\Users\Antoi\.cargo\registry\src\index.crates.io-1949cf8c6b5b557f\bevy_app-0.18.1\src\app.rs;529;2164583;0.001190;1;2164583;2164583;2164583;0.000000
system_commands{name="forgia_rpg_data::dialogue::end_sessions"};C:\Users\Antoi\.cargo\registry\src\index.crates.io-1949cf8c6b5b557f\bevy_ecs-0.18.1\src\system\function_system.rs;54;3194447;0.001756;37525;85;50;78817;522.748584
system{name="forgia_fps::ammo_systems::tick_ammo_reload"};C:\Users\Antoi\.cargo\registry\src\index.crates.io-1949cf8c6b5b557f\bevy_ecs-0.18.1\src\system\function_system.rs;52;5535419;0.003042;10455;529;107;18274;308.666116
system{name="forgia_enemy_nameplate::update_hp_fill"};C:\Users\Antoi\.cargo\registry\src\index.crates.io-1949cf8c6b5b557f\bevy_ecs-0.18.1\src\system\function_system.rs;52;29530888;0.016230;37525;786;121;150763;1186.937153
system{name="bevy_hanabi::render::prepare_indirect_pipeline"};C:\Users\Antoi\.cargo\registry\src\index.crates.io-1949cf8c6b5b557f\bevy_ecs-0.18.1\src\system\function_system.rs;52;6928427;0.003808;37525;184;63;9754;125.575889
plugin finish{plugin="bevy_animation::AnimationPlugin"};C:\Users\Antoi\.cargo\registry\src\index.crates.io-1949cf8c6b5b557f\bevy_app-0.18.1\src\app.rs;272;56;0.000000;1;56;56;56;0.000000
system{name="forgia_observability::health_sensor::sys_write_health_sensor"};C:\Users\Antoi\.cargo\registry\src\index.crates.io-1949cf8c6b5b557f\bevy_ecs-0.18.1\src\system\function_system.rs;52;12135433;0.006670;37525;323;106;60211;517.412548
system_commands{name="bevy_pbr::volumetric_fog::render::extract_volumetric_fog"};C:\Users\Antoi\.cargo\registry\src\index.crates.io-1949cf8c6b5b557f\bevy_ecs-0.18.1\src\system\function_system.rs;54;4302981;0.002365;37525;114;51;27310;145.189385
plugin build{plugin="forgia_prefab::ForgiaPrefabPlugin"};C:\Users\Antoi\.cargo\registry\src\index.crates.io-1949cf8c6b5b557f\bevy_app-0.18.1\src\app.rs;529;464234;0.000255;1;464234;464234;464234;0.000000
function_scope{egui::hit_test::hit_test};C:\Users\Antoi\.cargo\registry\src\index.crates.io-1949cf8c6b5b557f\egui-0.33.3\src\hit_test.rs;49;94653825;0.052022;36479;2594;931;134743;3259.625455
plugin cleanup{plugin="bevy_app::panic_handler::PanicHandlerPlugin"};C:\Users\Antoi\.cargo\registry\src\index.crates.io-1949cf8c6b5b557f\bevy_app-0.18.1\src\app.rs;292;55;0.000000;1;55;55;55;0.000000
system{name="forgia_mode_roguelite::merchant::sys_merchant_keyboard"};C:\Users\Antoi\.cargo\registry\src\index.crates.io-1949cf8c6b5b557f\bevy_ecs-0.18.1\src\system\function_system.rs;52;8674417;0.004767;33826;256;80;118848;791.600288
asset loading{loader="bevy_image::image_loader::ImageLoader" asset="ui/menu_video/frame_0095.webp"};C:\Users\Antoi\.cargo\registry\src\index.crates.io-1949cf8c6b5b557f\bevy_asset-0.18.1\src\server\loaders.rs;332;17180802;0.009443;6;2863467;157;17138188;6993159.990412
system{name="forgia_core::hud_visibility::gameplay_hud_visible"};C:\Users\Antoi\.cargo\registry\src\index.crates.io-1949cf8c6b5b557f\bevy_ecs-0.18.1\src\system\function_system.rs;52;16429906;0.009030;187625;87;52;72501;210.513264
plugin cleanup{plugin="bevy_ui_render::UiRenderPlugin"};C:\Users\Antoi\.cargo\registry\src\index.crates.io-1949cf8c6b5b557f\bevy_app-0.18.1\src\app.rs;292;57;0.000000;1;57;57;57;0.000000
system{name="bevy_animation::advance_animations"};C:\Users\Antoi\.cargo\registry\src\index.crates.io-1949cf8c6b5b557f\bevy_ecs-0.18.1\src\system\function_system.rs;52;206350225;0.113411;37525;5499;636;481601;12669.778564
system_commands{name="bevy_pbr::light_probe::generate::initialize_generated_environment_map_resources"};C:\Users\Antoi\.cargo\registry\src\index.crates.io-1949cf8c6b5b557f\bevy_ecs-0.18.1\src\system\function_system.rs;54;9605;0.000005;1;9605;9605;9605;0.000000
plugin finish{plugin="bevy_app::propagate::HierarchyPropagatePlugin<bevy_ui::ui_node::ComputedUiRenderTargetInfo>"};C:\Users\Antoi\.cargo\registry\src\index.crates.io-1949cf8c6b5b557f\bevy_app-0.18.1\src\app.rs;272;58;0.000000;1;58;58;58;0.000000
plugin cleanup{plugin="bevy_core_pipeline::experimental::mip_generation::MipGenerationPlugin"};C:\Users\Antoi\.cargo\registry\src\index.crates.io-1949cf8c6b5b557f\bevy_app-0.18.1\src\app.rs;292;59;0.000000;1;59;59;59;0.000000
system{name="bevy_asset::assets::Assets<bevy_pbr::extended_material::ExtendedMaterial<bevy_pbr::pbr_material::StandardMaterial, bevy_pbr::decal::forward::ForwardDecalMaterialExt>>::track_assets"};C:\Users\Antoi\.cargo\registry\src\index.crates.io-1949cf8c6b5b557f\bevy_ecs-0.18.1\src\system\function_system.rs;52;43540406;0.023930;37525;1160;106;1174073;13601.278680
system{name="bevy_pbr::prepass::specialize_prepass_material_meshes"};C:\Users\Antoi\.cargo\registry\src\index.crates.io-1949cf8c6b5b557f\bevy_ecs-0.18.1\src\system\function_system.rs;52;36480531;0.020050;37525;972;304;95910;910.571950
asset loading{loader="bevy_gltf::loader::GltfLoader" asset="models/environment/inferno/Mound_008.glb"};C:\Users\Antoi\.cargo\registry\src\index.crates.io-1949cf8c6b5b557f\bevy_asset-0.18.1\src\server\loaders.rs;332;7760067;0.004265;4;1940016;349;7743132;3868746.137251
system{name="bevy_pbr::prepass::init_prepass_pipeline"};C:\Users\Antoi\.cargo\registry\src\index.crates.io-1949cf8c6b5b557f\bevy_ecs-0.18.1\src\system\function_system.rs;52;15567;0.000009;1;15567;15567;15567;0.000000
system{name="leafwing_input_manager::systems::swap_to_update<forgia_input::PlayerAction>"};C:\Users\Antoi\.cargo\registry\src\index.crates.io-1949cf8c6b5b557f\bevy_ecs-0.18.1\src\system\function_system.rs;52;13355739;0.007340;37525;355;72;92491;1332.977133
plugin cleanup{plugin="bevy_render::mesh::allocator::MeshAllocatorPlugin"};C:\Users\Antoi\.cargo\registry\src\index.crates.io-1949cf8c6b5b557f\bevy_app-0.18.1\src\app.rs;292;56;0.000000;1;56;56;56;0.000000
system{name="bevy_ui::accessibility::image_changed"};C:\Users\Antoi\.cargo\registry\src\index.crates.io-1949cf8c6b5b557f\bevy_ecs-0.18.1\src\system\function_system.rs;52;24266409;0.013337;37525;646;173;63286;502.914499
system{name="bevy_picking::hover::generate_hovermap"};C:\Users\Antoi\.cargo\registry\src\index.crates.io-1949cf8c6b5b557f\bevy_ecs-0.18.1\src\system\function_system.rs;52;125767179;0.069122;37525;3351;1049;97701;1530.351737
system{name="forgia_mode_roguelite::parcours_obstacles::sys_rotate_obstacles"};C:\Users\Antoi\.cargo\registry\src\index.crates.io-1949cf8c6b5b557f\bevy_ecs-0.18.1\src\system\function_system.rs;52;10254791;0.005636;33826;303;96;9914;157.980105
main_opaque_pass_3d;C:\Users\Antoi\.cargo\registry\src\index.crates.io-1949cf8c6b5b557f\bevy_core_pipeline-0.18.1\src\core_3d\main_opaque_pass_3d_node.rs;76;5431029180;2.984913;75050;72365;23875;1293925;25590.598443
asset loading{loader="bevy_image::image_loader::ImageLoader" asset="ui/menu_video/frame_0117.webp"};C:\Users\Antoi\.cargo\registry\src\index.crates.io-1949cf8c6b5b557f\bevy_asset-0.18.1\src\server\loaders.rs;332;16038524;0.008815;7;2291217;205;16002477;6046099.767263
plugin finish{plugin="forgia_game::cyber_city::CyberCityDemoPlugin"};C:\Users\Antoi\.cargo\registry\src\index.crates.io-1949cf8c6b5b557f\bevy_app-0.18.1\src\app.rs;272;56;0.000000;1;56;56;56;0.000000
system{name="bevy_asset::assets::Assets<forgia_genome_core::Genome<forgia_fps::pepin::PepinTuning>>::asset_events_condition"};C:\Users\Antoi\.cargo\registry\src\index.crates.io-1949cf8c6b5b557f\bevy_ecs-0.18.1\src\system\function_system.rs;52;3382425;0.001859;37525;90;53;8904;74.416811
plugin cleanup{plugin="bevy_audio::AudioPlugin"};C:\Users\Antoi\.cargo\registry\src\index.crates.io-1949cf8c6b5b557f\bevy_app-0.18.1\src\app.rs;292;55;0.000000;1;55;55;55;0.000000
asset loading{loader="bevy_kira_audio::source::ogg_loader::OggLoader" asset="audio/roguelite/weapons/bourrasque.ogg"};C:\Users\Antoi\.cargo\registry\src\index.crates.io-1949cf8c6b5b557f\bevy_asset-0.18.1\src\server\loaders.rs;332;1027237;0.000565;4;256809;190;1009733;501977.474366
system_commands{name="forgia_mode_roguelite::decor::sys_calibrate_decor"};C:\Users\Antoi\.cargo\registry\src\index.crates.io-1949cf8c6b5b557f\bevy_ecs-0.18.1\src\system\function_system.rs;54;4665243;0.002564;33826;137;51;136289;1082.115777
plugin build{plugin="bevy_animation::AnimationPlugin"};C:\Users\Antoi\.cargo\registry\src\index.crates.io-1949cf8c6b5b557f\bevy_app-0.18.1\src\app.rs;529;1316100;0.000723;1;1316100;1316100;1316100;0.000000
asset loading{loader="bevy_gltf::loader::GltfLoader" asset="models/kaykit/hexagon/red/building_lumbermill_red.gltf"};C:\Users\Antoi\.cargo\registry\src\index.crates.io-1949cf8c6b5b557f\bevy_asset-0.18.1\src\server\loaders.rs;332;439825;0.000242;8;54978;84;337661;115711.802055
plugin build{plugin="forgia_auto_rig::ForgiaAutoRigPlugin"};C:\Users\Antoi\.cargo\registry\src\index.crates.io-1949cf8c6b5b557f\bevy_app-0.18.1\src\app.rs;529;679504;0.000373;1;679504;679504;679504;0.000000
system{name="forgia_worldgen::sensor::sys_write_worldgen_sensor"};C:\Users\Antoi\.cargo\registry\src\index.crates.io-1949cf8c6b5b557f\bevy_ecs-0.18.1\src\system\function_system.rs;52;12152370;0.006679;37525;323;86;125850;979.721897
system{name="forgia_mode_roguelite::merchant::sys_write_merchant_sensor"};C:\Users\Antoi\.cargo\registry\src\index.crates.io-1949cf8c6b5b557f\bevy_ecs-0.18.1\src\system\function_system.rs;52;8953270;0.004921;37525;238;84;14095;217.304917
plugin finish{plugin="forgia_skeleton_template::SkeletonTemplatePlugin"};C:\Users\Antoi\.cargo\registry\src\index.crates.io-1949cf8c6b5b557f\bevy_app-0.18.1\src\app.rs;272;56;0.000000;1;56;56;56;0.000000
plugin cleanup{plugin="bevy_render::extract_resource::ExtractResourcePlugin<bevy_camera::clear_color::ClearColor>"};C:\Users\Antoi\.cargo\registry\src\index.crates.io-1949cf8c6b5b557f\bevy_app-0.18.1\src\app.rs;292;111;0.000000;1;111;111;111;0.000000
system{name="bevy_render::extract_component::extract_components<bevy_pbr::fog::DistanceFog>"};C:\Users\Antoi\.cargo\registry\src\index.crates.io-1949cf8c6b5b557f\bevy_ecs-0.18.1\src\system\function_system.rs;52;27384573;0.015051;37525;729;101;89192;612.991525
system{name="bevy_egui::input::process_ime_system"};C:\Users\Antoi\.cargo\registry\src\index.crates.io-1949cf8c6b5b557f\bevy_ecs-0.18.1\src\system\function_system.rs;52;55300743;0.030393;37525;1473;568;91349;1280.707883
plugin build{plugin="bevy_app::propagate::HierarchyPropagatePlugin<bevy_ui::ui_node::ComputedUiTargetCamera>"};C:\Users\Antoi\.cargo\registry\src\index.crates.io-1949cf8c6b5b557f\bevy_app-0.18.1\src\app.rs;529;3062984;0.001683;1;3062984;3062984;3062984;0.000000
system{name="bevy_render::extract_component::extract_components<bevy_pbr::deferred::PbrDeferredLightingDepthId>"};C:\Users\Antoi\.cargo\registry\src\index.crates.io-1949cf8c6b5b557f\bevy_ecs-0.18.1\src\system\function_system.rs;52;8380615;0.004606;37525;223;94;10658;156.236193
asset loading{loader="bevy_image::image_loader::ImageLoader" asset="ui/menu_video/frame_0219.webp"};C:\Users\Antoi\.cargo\registry\src\index.crates.io-1949cf8c6b5b557f\bevy_asset-0.18.1\src\server\loaders.rs;332;17020281;0.009354;6;2836713;236;16963639;6920756.966793
plugin finish{plugin="bevy_camera::CameraPlugin"};C:\Users\Antoi\.cargo\registry\src\index.crates.io-1949cf8c6b5b557f\bevy_app-0.18.1\src\app.rs;272;58;0.000000;1;58;58;58;0.000000
system{name="forgia_water::sys_write_water_sensor"};C:\Users\Antoi\.cargo\registry\src\index.crates.io-1949cf8c6b5b557f\bevy_ecs-0.18.1\src\system\function_system.rs;52;16191944;0.008899;37525;431;139;80548;532.048211
system{name="bevy_hanabi::render::clear_previous_frame_resizes"};C:\Users\Antoi\.cargo\registry\src\index.crates.io-1949cf8c6b5b557f\bevy_ecs-0.18.1\src\system\function_system.rs;52;17689238;0.009722;37525;471;208;342471;1845.818438
schedule{name=RenderStartup};C:\Users\Antoi\.cargo\registry\src\index.crates.io-1949cf8c6b5b557f\bevy_ecs-0.18.1\src\schedule\schedule.rs;532;3516018;0.001932;1;3516018;3516018;3516018;0.000000
plugin build{plugin="bevy_render::gpu_readback::GpuReadbackPlugin"};C:\Users\Antoi\.cargo\registry\src\index.crates.io-1949cf8c6b5b557f\bevy_app-0.18.1\src\app.rs;529;182512;0.000100;1;182512;182512;182512;0.000000
system{name="forgia_ai_arena_bot::setup_bot_fireball_assets"};C:\Users\Antoi\.cargo\registry\src\index.crates.io-1949cf8c6b5b557f\bevy_ecs-0.18.1\src\system\function_system.rs;52;455393;0.000250;1;455393;455393;455393;0.000000
system{name="bevy_core_pipeline::skybox::init_skybox_pipeline"};C:\Users\Antoi\.cargo\registry\src\index.crates.io-1949cf8c6b5b557f\bevy_ecs-0.18.1\src\system\function_system.rs;52;7377;0.000004;1;7377;7377;7377;0.000000
asset loading{loader="bevy_image::image_loader::ImageLoader" asset="ui/menu_video/frame_0191.webp"};C:\Users\Antoi\.cargo\registry\src\index.crates.io-1949cf8c6b5b557f\bevy_asset-0.18.1\src\server\loaders.rs;332;15600102;0.008574;7;2228586;166;15546408;5872614.911609
plugin cleanup{plugin="forgia_ui_lib::hud::energy::EnergyOverlayPlugin"};C:\Users\Antoi\.cargo\registry\src\index.crates.io-1949cf8c6b5b557f\bevy_app-0.18.1\src\app.rs;292;58;0.000000;1;58;58;58;0.000000
system{name="bevy_pbr::atmosphere::resources::queue_render_sky_pipelines"};C:\Users\Antoi\.cargo\registry\src\index.crates.io-1949cf8c6b5b557f\bevy_ecs-0.18.1\src\system\function_system.rs;52;10470673;0.005755;37525;279;108;99727;604.448496
system{name="bevy_asset::assets::Assets<bevy_gltf::assets::GltfMesh>::asset_events_condition"};C:\Users\Antoi\.cargo\registry\src\index.crates.io-1949cf8c6b5b557f\bevy_ecs-0.18.1\src\system\function_system.rs;52;4645086;0.002553;37525;123;54;10048;89.250897
asset loading{loader="bevy_shader::shader::ShaderLoader" asset="shaders/post_process/toon.wgsl"};C:\Users\Antoi\.cargo\registry\src\index.crates.io-1949cf8c6b5b557f\bevy_asset-0.18.1\src\server\loaders.rs;332;130735;0.000072;4;32683;74;108864;51063.069261
system{name="forgia_mode_roguelite::elements::sys_init_element_genome"};C:\Users\Antoi\.cargo\registry\src\index.crates.io-1949cf8c6b5b557f\bevy_ecs-0.18.1\src\system\function_system.rs;52;2185538;0.001201;1;2185538;2185538;2185538;0.000000
asset loading{loader="bevy_image::image_loader::ImageLoader" asset="ui/menu_video/frame_0277.webp"};C:\Users\Antoi\.cargo\registry\src\index.crates.io-1949cf8c6b5b557f\bevy_asset-0.18.1\src\server\loaders.rs;332;15346241;0.008434;8;1918280;139;15300953;5407419.008924
system_commands{name="bevy_ui_render::ui_texture_slice_pipeline::prepare_ui_slices"};C:\Users\Antoi\.cargo\registry\src\index.crates.io-1949cf8c6b5b557f\bevy_ecs-0.18.1\src\system\function_system.rs;54;20364977;0.011193;37525;542;176;56207;343.713496
system{name="bevy_asset::assets::Assets<bevy_pbr::extended_material::ExtendedMaterial<bevy_pbr::pbr_material::StandardMaterial, bevy_pbr::decal::forward::ForwardDecalMaterialExt>>::asset_events_condition"};C:\Users\Antoi\.cargo\registry\src\index.crates.io-1949cf8c6b5b557f\bevy_ecs-0.18.1\src\system\function_system.rs;52;4877242;0.002681;37525;129;53;30141;190.488002
system{name="bevy_render::render_asset::extract_render_asset<bevy_render::storage::GpuShaderStorageBuffer>"};C:\Users\Antoi\.cargo\registry\src\index.crates.io-1949cf8c6b5b557f\bevy_ecs-0.18.1\src\system\function_system.rs;52;35538572;0.019532;37525;947;480;166063;1125.031568
plugin finish{plugin="bevy_render::extract_component::ExtractComponentPlugin<bevy_core_pipeline::skybox::Skybox>"};C:\Users\Antoi\.cargo\registry\src\index.crates.io-1949cf8c6b5b557f\bevy_app-0.18.1\src\app.rs;272;103;0.000000;1;103;103;103;0.000000
system{name="bevy_pbr::material::check_entities_needing_specialization<bevy_pbr::extended_material::ExtendedMaterial<bevy_pbr::pbr_material::StandardMaterial, bevy_water::water::material::WaterMaterial>>"};C:\Users\Antoi\.cargo\registry\src\index.crates.io-1949cf8c6b5b557f\bevy_ecs-0.18.1\src\system\function_system.rs;52;2566823465;1.410735;37525;68403;10672;62690678;649928.605922
plugin finish{plugin="bevy_render::extract_component::ExtractComponentPlugin<bevy_core_pipeline::tonemapping::Tonemapping>"};C:\Users\Antoi\.cargo\registry\src\index.crates.io-1949cf8c6b5b557f\bevy_app-0.18.1\src\app.rs;272;60;0.000000;1;60;60;60;0.000000
asset loading{loader="bevy_image::image_loader::ImageLoader" asset="ui/menu_video/frame_0008.webp"};C:\Users\Antoi\.cargo\registry\src\index.crates.io-1949cf8c6b5b557f\bevy_asset-0.18.1\src\server\loaders.rs;332;30687362;0.016866;14;2191954;127;15862303;5564602.606544
system{name="bevy_pbr::material::sweep_entities_needing_specialization<bevy_pbr::extended_material::ExtendedMaterial<bevy_pbr::pbr_material::StandardMaterial, bevy_pbr::decal::forward::ForwardDecalMaterialExt>>"};C:\Users\Antoi\.cargo\registry\src\index.crates.io-1949cf8c6b5b557f\bevy_ecs-0.18.1\src\system\function_system.rs;52;14141172;0.007772;37525;376;94;23362;296.837429
system{name="forgia_ui::menu_video::setup_menu_video"};C:\Users\Antoi\.cargo\registry\src\index.crates.io-1949cf8c6b5b557f\bevy_ecs-0.18.1\src\system\function_system.rs;52;4043597;0.002222;1;4043597;4043597;4043597;0.000000
